When, Who, What, Added, Removed
2007-01-26 09:08:48 EST,pwebster@ca.ibm.com,Assignee,pwebster@ca.ibm.com,Platform-UI-Inbox@eclipse.org
2007-01-26 09:08:48 EST,pwebster@ca.ibm.com,Summary,[MPE] Breaked contract of SelectionProvider,Breaked contract of SelectionProvider
2007-02-18 10:44:09 EST,pwebster@ca.ibm.com,Target Milestone,3.3 M6,---
2007-03-15 21:09:38 EDT,pwebster@ca.ibm.com,CC,pwebster@ca.ibm.com,
2007-03-15 21:09:38 EDT,pwebster@ca.ibm.com,Assignee,platform-ua-inbox@eclipse.org,pwebster@ca.ibm.com
2007-03-15 21:09:38 EDT,pwebster@ca.ibm.com,Component,User Assistance,UI
2007-04-19 15:00:00 EDT,cgold@us.ibm.com,Status,RESOLVED,NEW
2007-04-19 15:00:00 EDT,cgold@us.ibm.com,Resolution,FIXED,---
2007-04-19 15:00:00 EDT,cgold@us.ibm.com,Target Milestone,3.3 M7,3.3 M6
