When, Who, What, Added, Removed
2007-01-26 18:53:55 EST,raghunathan.srinivasan@oracle.com,CC,raghunathan.srinivasan@oracle.com,
2007-01-26 18:53:55 EST,raghunathan.srinivasan@oracle.com,Assignee,cameron.bateman@oracle.com,jsf.ui-inbox@eclipse.org
2007-02-23 13:06:42 EST,mat.fuessel@gmx.net,Summary,better icons and descriptions for content assist etc.,icons in content assist not very helpful
2007-02-23 13:09:49 EST,mat.fuessel@gmx.net,Attachment #57591                Attachment is obsolete,1,0
2007-03-15 02:18:23 EDT,raghunathan.srinivasan@oracle.com,Target Milestone,2.0 RC1,---
2007-04-11 10:46:38 EDT,jlanuti@us.ibm.com,Target Milestone,2.0 RC0,2.0 RC1
2007-04-13 17:28:42 EDT,raghunathan.srinivasan@oracle.com,Target Milestone,---,2.0 RC0
2007-04-22 05:47:51 EDT,mat.fuessel@gmx.net,Attachment #59689                Attachment is obsolete,1,0
2007-04-22 05:55:03 EDT,mat.fuessel@gmx.net,Attachment #59692                Attachment is obsolete,1,0
2007-07-24 22:15:01 EDT,raghunathan.srinivasan@oracle.com,Target Milestone,3.0,---
2008-02-06 15:23:56 EST,raghunathan.srinivasan@oracle.com,Target Milestone,3.0 M6,3.0
2008-03-24 13:49:15 EDT,cameron.bateman@oracle.com,Status,RESOLVED,NEW
2008-03-24 13:49:15 EDT,cameron.bateman@oracle.com,Resolution,FIXED,---
2008-04-24 00:47:10 EDT,david_williams@us.ibm.com,Keywords,contributed,
2008-06-18 18:38:04 EDT,cameron.bateman@oracle.com,Status,CLOSED,RESOLVED
2008-10-29 10:12:36 EDT,bjorn.freeman-benson@eclipse.org,Attachment #64523                Flags,iplog+,
2008-10-29 10:12:36 EDT,bjorn.freeman-benson@eclipse.org,Attachment #64525                Flags,iplog+,
