When, Who, What, Added, Removed
2007-01-26 09:42:20 EST,pwebster@ca.ibm.com,CC,pwebster@ca.ibm.com,
2007-01-26 09:42:20 EST,pwebster@ca.ibm.com,Assignee,curtispd@ca.ibm.com,Platform-UI-Inbox@eclipse.org
2007-01-26 09:42:20 EST,pwebster@ca.ibm.com,Component,User Assistance,UI
2007-01-26 10:41:49 EST,markus_keller@ch.ibm.com,CC,markus_keller@ch.ibm.com,
2007-01-26 11:19:30 EST,curtispd@ca.ibm.com,Target Milestone,3.3 M5,---
2007-01-29 13:55:14 EST,curtispd@ca.ibm.com,Status,RESOLVED,NEW
2007-01-29 13:55:14 EST,curtispd@ca.ibm.com,Resolution,FIXED,---
