When, Who, What, Added, Removed
2007-01-29 04:08:07 EST,qwang@actuate.com,Assignee,cchen@actuate.com,Birt-ReportDesigner-inbox@eclipse.org
2007-01-29 04:08:23 EST,qwang@actuate.com,Target Milestone,2.2.0 M6,---
2007-01-30 02:56:18 EST,cchen@actuate.com,Priority,P4,P3
2007-02-02 06:54:38 EST,qwang@actuate.com,Status,RESOLVED,NEW
2007-02-02 06:54:38 EST,qwang@actuate.com,Resolution,FIXED,---
2007-02-02 06:54:38 EST,qwang@actuate.com,Target Milestone,2.2.0 M5,2.2.0 M6
2007-02-06 01:22:14 EST,lchen@actuate.com,Status,CLOSED,RESOLVED
