When, Who, What, Added, Removed
2007-01-26 08:28:31 EST,markus_keller@ch.ibm.com,Assignee,tobias_widmer@ch.ibm.com,jdt-ui-inbox@eclipse.org
2007-01-26 08:28:31 EST,markus_keller@ch.ibm.com,Summary,[pull up] Pulling Up Methods to an interface ignores other implementations of that interface,Pulling Up Methods to an interface ignores other implementations of that interface
2007-01-26 08:28:31 EST,markus_keller@ch.ibm.com,Target Milestone,3.3,---
2007-02-16 04:07:04 EST,aeschli@gmail.com,Priority,P2,P3
2007-04-25 09:49:54 EDT,tobias_widmer@ch.ibm.com,Status,RESOLVED,NEW
2007-04-25 09:49:54 EDT,tobias_widmer@ch.ibm.com,Resolution,FIXED,---
2007-04-25 09:49:54 EDT,tobias_widmer@ch.ibm.com,Target Milestone,3.3 M7,3.3
2007-05-02 11:05:28 EDT,benno.baumgartner@comerge.net,Status,VERIFIED,RESOLVED
