When, Who, What, Added, Removed
2007-01-26 09:19:31 EST,pwebster@ca.ibm.com,Assignee,Boris_Bokowski@ca.ibm.com,Platform-UI-Inbox@eclipse.org
2007-01-26 09:19:31 EST,pwebster@ca.ibm.com,Summary,[DataBinding] Javadoc warnings in N20070126-0010,Javadoc warnings in N20070126-0010
2007-01-26 09:20:50 EST,pwebster@ca.ibm.com,CC,kmoir@ca.ibm.com,
2007-01-30 17:03:26 EST,bokowski@google.com,Attachment #57593                Attachment is obsolete,1,0
2007-01-31 09:54:20 EST,bokowski@google.com,Depends on,172315,
2007-01-31 10:32:27 EST,bokowski@google.com,Status,RESOLVED,NEW
2007-01-31 10:32:27 EST,bokowski@google.com,Resolution,FIXED,---
2007-01-31 10:32:27 EST,bokowski@google.com,Target Milestone,3.3 M5,---
2007-06-05 16:26:19 EDT,Tod_Creasey@ca.ibm.com,Keywords,contributed,
2007-06-06 15:20:31 EDT,Kevin_McGuire@ca.ibm.com,Keywords,,contributed
