When, Who, What, Added, Removed
2007-01-31 01:45:49 EST,ywang@actuate.com,Status,RESOLVED,NEW
2007-01-31 01:45:49 EST,ywang@actuate.com,Resolution,INVALID,---
2007-01-31 02:37:16 EST,xwang@actuate.com,Status,REOPENED,RESOLVED
2007-01-31 02:37:16 EST,xwang@actuate.com,Resolution,---,INVALID
2007-01-31 07:39:49 EST,dmichonneau@actuate.com,Assignee,ywang@actuate.com,Birt-Chart-inbox@eclipse.org
2007-01-31 07:39:49 EST,dmichonneau@actuate.com,Status,NEW,REOPENED
2007-01-31 07:39:49 EST,dmichonneau@actuate.com,Target Milestone,2.2.0 M5,---
2007-02-06 04:56:50 EST,dmichonneau@actuate.com,Target Milestone,2.2.0 M6,2.2.0 M5
2007-04-02 03:33:36 EDT,ywang@actuate.com,Status,ASSIGNED,NEW
2007-04-02 03:33:36 EDT,ywang@actuate.com,Priority,P5,P3
2007-04-02 12:20:45 EDT,dmichonneau@actuate.com,Assignee,nli@actuate.com,ywang@actuate.com
2007-04-02 12:20:45 EDT,dmichonneau@actuate.com,Status,NEW,ASSIGNED
2007-04-02 12:20:45 EDT,dmichonneau@actuate.com,Priority,P3,P5
2007-04-03 00:05:25 EDT,nli@actuate.com,Status,RESOLVED,NEW
2007-04-03 00:05:25 EDT,nli@actuate.com,Resolution,FIXED,---
2007-04-03 22:00:13 EDT,xwang@actuate.com,Status,CLOSED,RESOLVED
