When, Who, What, Added, Removed
2007-01-26 09:18:31 EST,pwebster@ca.ibm.com,CC,Szymon.Brandys@pl.ibm.com,
2007-01-26 09:18:31 EST,pwebster@ca.ibm.com,Assignee,kim_horne@ca.ibm.com,Platform-UI-Inbox@eclipse.org
2007-01-26 09:18:31 EST,pwebster@ca.ibm.com,Summary,[ErrorHandling] Package without source in the javadoc log,Package without source in the javadoc log
2009-06-25 05:15:09 EDT,krzysztof.daniel@gmail.com,CC,krzysztof_daniel@pl.ibm.com,
2009-06-25 07:44:33 EDT,Szymon.Brandys@pl.ibm.com,Status,RESOLVED,NEW
2009-06-25 07:44:33 EDT,Szymon.Brandys@pl.ibm.com,Resolution,FIXED,---
2009-06-25 07:44:33 EDT,Szymon.Brandys@pl.ibm.com,Target Milestone,3.3,---
