When, Who, What, Added, Removed
2007-01-28 21:42:16 EST,lzhu@actuate.com,Assignee,mwu@actuate.com,Birt-Data-inbox@eclipse.org
2007-01-28 21:42:16 EST,lzhu@actuate.com,Target Milestone,2.2.0 M6,---
2007-01-29 05:17:28 EST,mwu@actuate.com,Status,RESOLVED,NEW
2007-01-29 05:17:28 EST,mwu@actuate.com,Resolution,FIXED,---
2007-01-31 02:52:08 EST,xwang@actuate.com,Status,CLOSED,RESOLVED
2007-03-23 04:22:22 EDT,xwang@actuate.com,Status,REOPENED,CLOSED
2007-03-23 04:22:22 EDT,xwang@actuate.com,Resolution,---,FIXED
2007-03-25 22:23:02 EDT,mwu@actuate.com,Status,RESOLVED,REOPENED
2007-03-25 22:23:02 EDT,mwu@actuate.com,Resolution,FIXED,---
2007-03-28 04:25:50 EDT,xwang@actuate.com,Status,CLOSED,RESOLVED
2009-07-23 05:49:49 EDT,bluesoldier@gmail.com,Whiteboard,Autoed,
