When, Who, What, Added, Removed
2007-01-26 09:22:55 EST,Tod_Creasey@ca.ibm.com,Assignee,krzysztof.michalski@pl.ibm.com,Platform-UI-Inbox@eclipse.org
2007-01-26 09:39:34 EST,krzysztof.michalski@pl.ibm.com,Assignee,Tomasz.Zarna@pl.ibm.com,krzysztof.michalski@pl.ibm.com
2007-01-31 09:45:43 EST,tomasz.zarna@tasktop.com,Blocks,171368,
2007-02-16 12:04:12 EST,tomasz.zarna@tasktop.com,Attachment #58121                Attachment is obsolete,1,0
2007-02-20 11:28:31 EST,tomasz.zarna@tasktop.com,Attachment #59166                Attachment is obsolete,1,0
2007-02-20 12:31:19 EST,Tod_Creasey@ca.ibm.com,Status,RESOLVED,NEW
2007-02-20 12:31:19 EST,Tod_Creasey@ca.ibm.com,Resolution,FIXED,---
2007-02-20 12:31:19 EST,Tod_Creasey@ca.ibm.com,Target Milestone,3.3 M6,---
2007-03-22 10:07:42 EDT,tomasz.zarna@tasktop.com,Status,VERIFIED,RESOLVED
2007-06-05 16:32:31 EDT,Tod_Creasey@ca.ibm.com,Keywords,contributed,
