When, Who, What, Added, Removed
2007-01-26 09:33:45 EST,baumanbr@us.ibm.com,Assignee,baumanbr@us.ibm.com,pde-ui-inbox@eclipse.org
2007-08-27 11:48:23 EDT,caniszczyk@gmail.com,CC,zx@us.ibm.com,
2007-08-27 11:48:23 EDT,caniszczyk@gmail.com,Keywords,bugday,
2008-02-06 00:04:05 EST,baumanbr@us.ibm.com,Assignee,pde-ui-inbox@eclipse.org,baumanbr@us.ibm.com
2008-02-09 12:39:00 EST,benjamin@eclipse.org,CC,benjamin.cabe@anyware-tech.com,
2008-02-10 19:01:36 EST,caniszczyk@gmail.com,Status,RESOLVED,NEW
2008-02-10 19:01:36 EST,caniszczyk@gmail.com,Resolution,FIXED,---
2008-02-11 05:33:32 EST,markus_keller@ch.ibm.com,Status,REOPENED,RESOLVED
2008-02-11 05:33:32 EST,markus_keller@ch.ibm.com,Resolution,---,FIXED
2008-02-11 10:17:08 EST,baumanbr@us.ibm.com,CC,baumanbr@us.ibm.com,
2008-02-11 10:17:08 EST,baumanbr@us.ibm.com,Assignee,benjamin.cabe@anyware-tech.com,pde-ui-inbox@eclipse.org
2008-02-11 10:17:08 EST,baumanbr@us.ibm.com,Status,NEW,REOPENED
2008-02-11 15:29:50 EST,caniszczyk@gmail.com,Keywords,contributed,
2008-02-11 15:30:32 EST,caniszczyk@gmail.com,Status,RESOLVED,NEW
2008-02-11 15:30:32 EST,caniszczyk@gmail.com,Resolution,FIXED,---
2008-02-11 15:30:32 EST,caniszczyk@gmail.com,Target Milestone,3.4 M6,---
