When, Who, What, Added, Removed
2007-01-26 10:25:26 EST,nickboldt@gmail.com,Blocks,170831,
2007-01-30 16:16:31 EST,nickboldt@gmail.com,CC,aniefer@ca.ibm.com,
2007-02-09 09:34:08 EST,anthonyh@ca.ibm.com,CC,anthonyh@ca.ibm.com,
2007-02-10 08:42:13 EST,sonia_dimitrov@ca.ibm.com,Assignee,sonia_dimitrov@ca.ibm.com,platform-releng-inbox@eclipse.org
2007-02-10 15:15:20 EST,nickboldt@gmail.com,Depends on,173742,
2007-02-17 19:06:22 EST,sonia_dimitrov@ca.ibm.com,Status,RESOLVED,NEW
2007-02-17 19:06:22 EST,sonia_dimitrov@ca.ibm.com,Resolution,FIXED,---
2007-05-09 08:14:42 EDT,helmut.haigermoser@windriver.com,Blocks,185732,
2007-05-10 04:36:22 EDT,helmut.haigermoser@windriver.com,CC,helmut.haigermoser@windriver.com,
2007-05-15 13:17:02 EDT,sonia_dimitrov@ca.ibm.com,Status,REOPENED,RESOLVED
2007-05-15 13:17:02 EDT,sonia_dimitrov@ca.ibm.com,Resolution,---,FIXED
2007-05-15 13:17:37 EDT,sonia_dimitrov@ca.ibm.com,Assignee,kmoir@ca.ibm.com,sonia_dimitrov@ca.ibm.com
2007-05-15 13:17:37 EDT,sonia_dimitrov@ca.ibm.com,Status,NEW,REOPENED
2007-11-07 16:29:00 EST,kim.moir@gmail.com,Status,RESOLVED,NEW
2007-11-07 16:29:00 EST,kim.moir@gmail.com,Resolution,FIXED,---
2007-11-07 16:29:00 EST,kim.moir@gmail.com,Target Milestone,3.4 M4,---
