When, Who, What, Added, Removed
2007-01-26 02:10:57 EST,wassim.melhem@gmail.com,Summary,Propertties?  what properties?,Attributes?  what attributes?
2007-02-01 20:51:37 EST,wassim.melhem@gmail.com,Summary,Properties?  what properties?,Propertties?  what properties?
2007-02-01 22:08:35 EST,seanpk@ca.ibm.com,Status,ASSIGNED,NEW
2007-02-02 01:35:23 EST,wassim.melhem@gmail.com,Status,RESOLVED,ASSIGNED
2007-02-02 01:35:23 EST,wassim.melhem@gmail.com,Resolution,FIXED,---
2007-02-02 01:35:23 EST,wassim.melhem@gmail.com,Target Milestone,3.3 M5,---
2007-06-05 18:46:08 EDT,baumanbr@us.ibm.com,Keywords,contributed,
