When, Who, What, Added, Removed
2007-01-26 08:52:17 EST,joel.hawkins@compuware.com,Assignee,joel.hawkins@compuware.com,dennis.oflynn@compuware.com
2007-01-26 08:52:43 EST,joel.hawkins@compuware.com,Status,RESOLVED,NEW
2007-01-26 08:52:43 EST,joel.hawkins@compuware.com,Resolution,FIXED,---
2008-02-08 09:23:56 EST,dennis.oflynn@compuware.com,Status,CLOSED,RESOLVED
2010-04-08 11:12:28 EDT,webmaster@eclipse.org,Component,Corona,manage
2010-04-08 11:12:28 EDT,webmaster@eclipse.org,Version,unspecified,0.5.0
2010-04-08 11:12:28 EDT,webmaster@eclipse.org,Product,z_Archived,Corona
