When, Who, What, Added, Removed
2007-01-27 00:52:09 EST,wassim.melhem@gmail.com,CC,mpawlow@ca.ibm.com,
2007-01-27 00:52:09 EST,wassim.melhem@gmail.com,Assignee,seanpk@ca.ibm.com,pde-ui-inbox@eclipse.org
2007-04-22 15:01:43 EDT,wassim.melhem@gmail.com,CC,seanpk@ca.ibm.com,mpawlow@ca.ibm.com
2007-04-22 15:01:43 EDT,wassim.melhem@gmail.com,Assignee,mpawlow@ca.ibm.com,seanpk@ca.ibm.com
2007-04-23 09:56:02 EDT,mpawlow@ca.ibm.com,Summary,[Schema][Editors] Definition page of schema editor is initially heavy on the left,Definition page of schema editor is initially heavy on the left
2007-05-03 19:21:48 EDT,wassim.melhem@gmail.com,Assignee,noamc@ca.ibm.com,mpawlow@ca.ibm.com
2007-05-08 15:54:33 EDT,wassim.melhem@gmail.com,CC,mpawlow@ca.ibm.com,
2007-05-08 23:45:11 EDT,wassim.melhem@gmail.com,Status,RESOLVED,NEW
2007-05-08 23:45:11 EDT,wassim.melhem@gmail.com,Resolution,FIXED,---
2007-05-08 23:45:11 EDT,wassim.melhem@gmail.com,Target Milestone,3.3 RC1,---
2007-06-05 18:46:31 EDT,baumanbr@us.ibm.com,Keywords,contributed,
