When, Who, What, Added, Removed
2007-01-26 15:38:55 EST,neil.hauge@oracle.com,Severity,enhancement,normal
2007-01-26 15:38:55 EST,neil.hauge@oracle.com,Target Milestone,1.0 M5,---
2007-01-26 15:39:42 EST,neil.hauge@oracle.com,Assignee,karen.moore@oracle.com,dali.general-inbox@eclipse.org
2007-01-26 15:39:55 EST,neil.hauge@oracle.com,Status,ASSIGNED,NEW
2007-03-01 00:24:49 EST,neil.hauge@oracle.com,Status,RESOLVED,ASSIGNED
2007-03-01 00:24:49 EST,neil.hauge@oracle.com,Resolution,FIXED,---
2007-04-05 16:25:32 EDT,neil.hauge@oracle.com,Status,VERIFIED,RESOLVED
2007-04-11 10:35:38 EDT,jlanuti@us.ibm.com,Status,CLOSED,VERIFIED
