When, Who, What, Added, Removed
2007-03-07 14:42:53 EST,jkingdon@ca.ibm.com,CC,jkingdon@ca.ibm.com,
2007-04-05 15:43:09 EDT,Olivier_Thomann@ca.ibm.com,CC,Olivier_Thomann@ca.ibm.com,
2007-05-10 20:23:15 EDT,eclipse@cafewalter.com,Status,ASSIGNED,NEW
2007-05-10 20:25:47 EDT,eclipse@cafewalter.com,Flags,review?(jgarms@bea.com),
2007-05-10 20:26:44 EDT,jgarms@bea.com,Flags,review+,review?(jgarms@bea.com)
2007-05-10 21:16:23 EDT,eclipse@cafewalter.com,Status,RESOLVED,ASSIGNED
2007-05-10 21:16:23 EDT,eclipse@cafewalter.com,Resolution,FIXED,---
2007-05-10 21:16:23 EDT,eclipse@cafewalter.com,Target Milestone,3.3 RC1,---
