When, Who, What, Added, Removed
2007-02-02 17:37:27 EST,pmoogk@ca.ibm.com,CC,pmoogk@ca.ibm.com,
2007-02-13 14:28:58 EST,ekuleshov@gmail.com,Blocks,171714,
2007-12-04 15:38:38 EST,john_arthorne@ca.ibm.com,Status,RESOLVED,NEW
2007-12-04 15:38:38 EST,john_arthorne@ca.ibm.com,Resolution,WONTFIX,---
2007-12-06 10:24:32 EST,ob1.eclipse@gmail.com,CC,obesedin@ca.ibm.com,
2007-12-06 10:24:32 EST,ob1.eclipse@gmail.com,Status,REOPENED,RESOLVED
2007-12-06 10:24:32 EST,ob1.eclipse@gmail.com,Component,Incubator,Runtime
2007-12-06 10:24:32 EST,ob1.eclipse@gmail.com,Product,Equinox,Platform
2007-12-06 10:24:32 EST,ob1.eclipse@gmail.com,Resolution,---,WONTFIX
2007-12-06 10:24:32 EST,ob1.eclipse@gmail.com,Summary,[sec] API to retrieve list of entries from the keyring,API to retrieve list of entries from the keyring
2007-12-06 10:26:13 EST,ob1.eclipse@gmail.com,Assignee,equinox.incubator-inbox@eclipse.org,platform-runtime-inbox@eclipse.org
2007-12-06 10:26:13 EST,ob1.eclipse@gmail.com,Status,NEW,REOPENED
2007-12-06 11:05:54 EST,pwebster@ca.ibm.com,CC,pwebster@ca.ibm.com,
2007-12-12 23:05:00 EST,mik.kersten@tasktop.com,CC,mik.kersten@tasktop.com,
2008-03-10 16:07:06 EDT,mwflaher@us.ibm.com,Assignee,equinox.security-inbox@eclipse.org,equinox.incubator-inbox@eclipse.org
2008-03-10 16:07:06 EDT,mwflaher@us.ibm.com,Component,Security,Incubator
2008-03-10 16:07:06 EDT,mwflaher@us.ibm.com,Version,unspecified,3.3
2008-07-08 15:09:16 EDT,ob1.eclipse@gmail.com,Status,RESOLVED,NEW
2008-07-08 15:09:16 EDT,ob1.eclipse@gmail.com,Resolution,FIXED,---
2008-07-08 15:09:16 EDT,ob1.eclipse@gmail.com,Target Milestone,3.4,---
