When, Who, What, Added, Removed
2007-01-26 14:57:09 EST,phaumer@us.ibm.com,Priority,P1,P3
2007-01-26 15:44:35 EST,phaumer@us.ibm.com,Attachment #57621                Attachment description,mock-up,muck-up
2007-01-30 13:36:53 EST,bxu@us.ibm.com,Assignee,storaskar@us.ibm.com,epf.tool-inbox@eclipse.org
2007-01-30 13:36:53 EST,bxu@us.ibm.com,Target Milestone,1.1,---
2007-02-05 18:20:42 EST,bxu@us.ibm.com,Target Milestone,1.2 M1,1.1
2007-02-14 17:20:11 EST,bxu@us.ibm.com,Assignee,jefhardy@us.ibm.com,storaskar@us.ibm.com
2007-03-12 14:53:52 EDT,jefhardy@us.ibm.com,Status,ASSIGNED,NEW
2007-03-12 15:39:19 EDT,jefhardy@us.ibm.com,Status,RESOLVED,ASSIGNED
2007-03-12 15:39:19 EDT,jefhardy@us.ibm.com,Resolution,FIXED,---
2007-03-16 01:24:05 EDT,xjiang@cn.ibm.com,CC,xjiang@cn.ibm.com,
2007-03-16 01:24:43 EDT,bxu@us.ibm.com,Status,CLOSED,RESOLVED
