When, Who, What, Added, Removed
2007-01-26 14:22:07 EST,pwebster@ca.ibm.com,Assignee,Boris_Bokowski@ca.ibm.com,Platform-UI-Inbox@eclipse.org
2007-03-19 11:46:48 EDT,tom.schindl@bestsolution.at,Assignee,tom.schindl@bestsolution.at,Boris_Bokowski@ca.ibm.com
2007-03-19 11:46:48 EDT,tom.schindl@bestsolution.at,Target Milestone,3.3 M7,---
2007-03-28 14:56:37 EDT,tom.schindl@bestsolution.at,Status,RESOLVED,NEW
2007-03-28 14:56:37 EDT,tom.schindl@bestsolution.at,Resolution,FIXED,---
2007-05-03 17:53:18 EDT,tom.schindl@bestsolution.at,Status,VERIFIED,RESOLVED
