When, Who, What, Added, Removed
2007-01-26 14:48:29 EST,phaumer@us.ibm.com,Priority,P1,P3
2007-01-30 13:35:44 EST,bxu@us.ibm.com,Assignee,storaskar@us.ibm.com,epf.tool-inbox@eclipse.org
2007-01-30 13:35:44 EST,bxu@us.ibm.com,Target Milestone,1.1,---
2007-02-02 13:03:02 EST,storaskar@us.ibm.com,Assignee,jxi@us.ibm.com,storaskar@us.ibm.com
2007-02-05 19:52:59 EST,bxu@us.ibm.com,Target Milestone,1.2 M1,1.1
2007-03-02 20:17:34 EST,jxi@us.ibm.com,Status,ASSIGNED,NEW
2007-03-05 20:53:53 EST,jxi@us.ibm.com,Assignee,bencomo@us.ibm.com,jxi@us.ibm.com
2007-03-05 20:53:53 EST,jxi@us.ibm.com,Status,NEW,ASSIGNED
2007-03-13 14:53:07 EDT,bxu@us.ibm.com,Target Milestone,1.2 M2,1.2 M1
2007-03-21 19:54:45 EDT,Alfredo.Bencomo@nasa.gov,Status,RESOLVED,NEW
2007-03-21 19:54:45 EDT,Alfredo.Bencomo@nasa.gov,Resolution,FIXED,---
2007-04-01 00:41:03 EDT,bxu@us.ibm.com,QA Contact,tp_tranluu@us.ibm.com,
2007-04-25 01:18:10 EDT,tp_tranluu@us.ibm.com,Status,CLOSED,RESOLVED
