When, Who, What, Added, Removed
2007-01-26 10:04:38 EST,frederic_fusier@fr.ibm.com,Assignee,eric_jodet@fr.ibm.com,jdt-core-inbox@eclipse.org
2007-01-26 10:05:23 EST,frederic_fusier@fr.ibm.com,CC,philippe_mulet@fr.ibm.com,
2007-01-26 10:05:23 EST,frederic_fusier@fr.ibm.com,Target Milestone,3.3 M5,---
2007-02-05 04:15:02 EST,frederic_fusier@fr.ibm.com,Target Milestone,3.3 M6,3.3 M5
2007-02-20 12:42:39 EST,frederic_fusier@fr.ibm.com,Status,RESOLVED,NEW
2007-02-20 12:42:39 EST,frederic_fusier@fr.ibm.com,Resolution,FIXED,---
2007-03-20 09:04:13 EDT,Olivier_Thomann@ca.ibm.com,Status,VERIFIED,RESOLVED
2007-06-06 13:39:29 EDT,jerome_lanneluc@fr.ibm.com,Keywords,contributed,
