When, Who, What, Added, Removed
2007-01-27 03:41:23 EST,alex.blewitt@gmail.com,CC,alex_blewitt@yahoo.com,
2007-01-29 20:40:59 EST,kim.moir@gmail.com,Blocks,138383,
2007-01-30 10:16:56 EST,kim.moir@gmail.com,Blocks,172173,
2007-01-30 10:54:55 EST,david_williams@us.ibm.com,CC,david_williams@us.ibm.com,
2007-01-30 15:48:39 EST,dj_houghton@ca.ibm.com,Attachment #57738                Attachment is obsolete,1,0
2007-01-31 14:03:45 EST,kim.moir@gmail.com,CC,sonia_dimitrov@ca.ibm.com,
2007-01-31 21:49:40 EST,richard.gronback@borland.com,CC,richard.gronback@borland.com,
2007-02-01 14:10:21 EST,dj_houghton@ca.ibm.com,Attachment #57853                Attachment is obsolete,1,0
2007-02-02 16:18:15 EST,dj_houghton@ca.ibm.com,Blocks,172717,
2007-02-04 12:08:39 EST,pascal@rapicorp.com,Status,RESOLVED,NEW
2007-02-04 12:08:39 EST,pascal@rapicorp.com,Resolution,FIXED,---
2007-04-28 20:26:07 EDT,pombredanne@nexb.com,CC,pombredanne@nexb.com,
