When, Who, What, Added, Removed
2007-01-26 10:36:19 EST,christophe.bismuth@gmail.com,Severity,normal,enhancement
2009-07-26 00:29:02 EDT,angvoz.dev@gmail.com,Component,cdt-source-nav,cdt-parser
2009-07-26 00:29:02 EDT,angvoz.dev@gmail.com,Summary,[code analysis] Dectection of lacks of parentheses,Dectection of lacks of parentheses
2009-07-26 00:29:17 EDT,angvoz.dev@gmail.com,Assignee,cdt-source-nav-inbox@eclipse.org,cdt-core-inbox@eclipse.org
2009-07-26 00:29:17 EDT,angvoz.dev@gmail.com,QA Contact,markus.schorn@windriver.com,
2009-11-20 21:25:50 EST,elaskavaia.cdt@gmail.com,Status,RESOLVED,NEW
2009-11-20 21:25:50 EST,elaskavaia.cdt@gmail.com,CC,elaskavaia.cdt@gmail.com,
2009-11-20 21:25:50 EST,elaskavaia.cdt@gmail.com,Resolution,FIXED,---
2009-11-20 21:25:50 EST,elaskavaia.cdt@gmail.com,Target Milestone,6.1,---
2010-03-29 13:04:22 EDT,elaskavaia.cdt@gmail.com,CC,cdtdoug@gmail.com,
2010-03-29 13:04:22 EDT,elaskavaia.cdt@gmail.com,Component,cdt-codan,cdt-source-nav
