When, Who, What, Added, Removed
2007-01-26 17:54:02 EST,phaumer@us.ibm.com,Priority,P1,P3
2007-01-26 17:54:02 EST,phaumer@us.ibm.com,Target Milestone,1.1,---
2007-01-30 13:38:16 EST,bxu@us.ibm.com,Assignee,jxi@us.ibm.com,epf.tool-inbox@eclipse.org
2007-02-05 14:50:04 EST,bxu@us.ibm.com,Assignee,storaskar@us.ibm.com,jxi@us.ibm.com
2007-02-05 18:21:17 EST,bxu@us.ibm.com,Target Milestone,1.2 M1,1.1
2007-02-14 17:50:31 EST,storaskar@us.ibm.com,Assignee,jxi@us.ibm.com,storaskar@us.ibm.com
2007-03-02 17:16:34 EST,jxi@us.ibm.com,Status,RESOLVED,NEW
2007-03-02 17:16:34 EST,jxi@us.ibm.com,Resolution,FIXED,---
2007-03-07 02:54:41 EST,zhaohuiy@cn.ibm.com,CC,zhaohuiy@cn.ibm.com,
2007-03-16 08:50:04 EDT,bxu@us.ibm.com,Status,CLOSED,RESOLVED
