When, Who, What, Added, Removed
2007-01-26 12:32:50 EST,lmandel@gmail.com,Assignee,katep@ca.ibm.com,webtools.documentation-inbox@eclipse.org
2007-04-04 23:17:12 EDT,katep@ca.ibm.com,Assignee,bkorn@us.ibm.com,katep@ca.ibm.com
2007-04-04 23:17:12 EDT,katep@ca.ibm.com,QA Contact,katep@ca.ibm.com,lmandel@ca.ibm.com
2007-04-13 16:07:04 EDT,bkorn@us.ibm.com,Assignee,katep@ca.ibm.com,bkorn@us.ibm.com
2007-05-17 16:22:49 EDT,david_williams@us.ibm.com,Priority,P2,P3
2007-05-18 02:49:31 EDT,david_williams@us.ibm.com,Status,ASSIGNED,NEW
2007-05-18 02:49:31 EDT,david_williams@us.ibm.com,Target Milestone,2.0 RC1,---
2007-05-30 16:43:36 EDT,jlanuti@us.ibm.com,Target Milestone,2.0 RC2,2.0 RC1
2007-06-04 09:27:47 EDT,jlanuti@us.ibm.com,Target Milestone,2.0 RC3,2.0 RC2
2007-06-13 11:03:56 EDT,jlanuti@us.ibm.com,Target Milestone,2.0.1 M201,2.0 RC3
2007-09-18 15:44:03 EDT,david_williams@us.ibm.com,Target Milestone,3.0 M3,2.0.1 M201
2007-11-13 12:24:42 EST,katep@ca.ibm.com,Status,RESOLVED,ASSIGNED
2007-11-13 12:24:42 EST,katep@ca.ibm.com,Resolution,FIXED,---
2008-01-08 17:30:55 EST,for.work.things@gmail.com,Status,CLOSED,RESOLVED
