When, Who, What, Added, Removed
2007-01-26 10:44:28 EST,mddunn@us.ibm.com,Status,ASSIGNED,NEW
2007-01-26 10:44:28 EST,mddunn@us.ibm.com,Priority,P1,P3
2007-01-26 10:44:28 EST,mddunn@us.ibm.com,Target Milestone,4.4,---
2007-01-31 11:26:37 EST,paules@ca.ibm.com,CC,paules@ca.ibm.com,
2007-03-14 17:18:04 EDT,mddunn@us.ibm.com,Target Milestone,4.4i4,4.4
2007-03-22 12:17:02 EDT,mddunn@us.ibm.com,Target Milestone,4.4i3,4.4i4
2007-03-29 21:57:52 EDT,jkubasta@ca.ibm.com,Keywords,plan,
2007-04-17 15:51:38 EDT,mddunn@us.ibm.com,Status,RESOLVED,ASSIGNED
2007-04-17 15:51:38 EDT,mddunn@us.ibm.com,Resolution,FIXED,---
2007-04-23 12:56:53 EDT,mddunn@us.ibm.com,Status,CLOSED,RESOLVED
