When, Who, What, Added, Removed
2007-01-26 10:41:51 EST,Michael_Rennie@ca.ibm.com,Assignee,Boris_Bokowski@ca.ibm.com,platform-debug-inbox@eclipse.org
2007-01-26 10:41:51 EST,Michael_Rennie@ca.ibm.com,Component,UI,Debug
2007-02-01 19:36:05 EST,markus_keller@ch.ibm.com,CC,Michael_Rennie@ca.ibm.com,
2007-02-01 19:36:05 EST,markus_keller@ch.ibm.com,Severity,major,normal
2007-02-01 19:46:31 EST,bokowski@google.com,Keywords,api,
2007-02-01 19:46:31 EST,bokowski@google.com,Target Milestone,3.3 M5,---
2007-02-04 22:45:19 EST,bokowski@google.com,Summary,[Viewers] AbstractTreeViewer.insert needs to handle empty tree path,NPE when switching on 'Show Static Variables' in Variables view
2007-02-05 22:54:13 EST,bokowski@google.com,Target Milestone,3.3 M6,3.3 M5
2007-05-16 00:11:52 EDT,bokowski@google.com,Target Milestone,3.4,3.3 M6
2008-02-07 15:32:09 EST,bokowski@google.com,Target Milestone,3.4 M6,3.4
2008-03-24 02:57:22 EDT,bokowski@google.com,Status,RESOLVED,NEW
2008-03-24 02:57:22 EDT,bokowski@google.com,Resolution,FIXED,---
2008-03-28 14:05:43 EDT,jason_brennan@ca.ibm.com,CC,kim_horne@ca.ibm.com,
2008-03-28 14:15:52 EDT,eclipse@pookzilla.net,Status,VERIFIED,RESOLVED
