When, Who, What, Added, Removed
2007-01-27 00:46:23 EST,wassim.melhem@gmail.com,CC,mpawlow@ca.ibm.com,
2007-01-27 00:46:23 EST,wassim.melhem@gmail.com,Assignee,seanpk@ca.ibm.com,pde-ui-inbox@eclipse.org
2007-04-22 15:01:12 EDT,wassim.melhem@gmail.com,CC,seanpk@ca.ibm.com,mpawlow@ca.ibm.com
2007-04-22 15:01:12 EDT,wassim.melhem@gmail.com,Assignee,mpawlow@ca.ibm.com,seanpk@ca.ibm.com
2007-04-23 09:54:47 EDT,mpawlow@ca.ibm.com,Summary,[Manifest][Editors] An Execution Environment is not selected after addition.,An Execution Environment is not selected after addition.
2007-05-03 19:21:47 EDT,wassim.melhem@gmail.com,Assignee,noamc@ca.ibm.com,mpawlow@ca.ibm.com
2007-08-27 11:50:29 EDT,caniszczyk@gmail.com,CC,zx@us.ibm.com,
2007-08-27 11:50:29 EDT,caniszczyk@gmail.com,Keywords,bugday,
2007-08-27 15:37:13 EDT,caniszczyk@gmail.com,Keywords,helpwanted,bugday
2007-08-28 17:03:08 EDT,noam.chitayat@gmail.com,Flags,review?(mpawlow@ca.ibm.com),
2007-08-29 11:45:52 EDT,mpawlow@ca.ibm.com,CC,mpawlow@ca.ibm.com,
2007-08-29 11:59:07 EDT,noam.chitayat@gmail.com,Attachment #77178                Attachment is obsolete,1,0
2007-08-29 13:23:29 EDT,mpawlow@ca.ibm.com,Attachment #77269                Flags,review-,
2007-08-29 15:27:28 EDT,noam.chitayat@gmail.com,Attachment #77269                Attachment is obsolete,1,0
2007-08-29 16:48:36 EDT,mpawlow@ca.ibm.com,Attachment #77292                Flags,review+,
2007-08-29 16:49:26 EDT,mpawlow@ca.ibm.com,Status,RESOLVED,NEW
2007-08-29 16:49:26 EDT,mpawlow@ca.ibm.com,Keywords,contributed,helpwanted
2007-08-29 16:49:26 EDT,mpawlow@ca.ibm.com,Resolution,FIXED,---
2007-08-29 16:49:26 EDT,mpawlow@ca.ibm.com,Target Milestone,3.4 M2,---
2007-08-29 16:49:26 EDT,mpawlow@ca.ibm.com,Flags,review+,review?(mpawlow@ca.ibm.com)
