When, Who, What, Added, Removed
2007-01-26 14:56:42 EST,karla.callaghan@intel.com,Status,RESOLVED,NEW
2007-01-26 14:56:42 EST,karla.callaghan@intel.com,Resolution,FIXED,---
2007-01-26 14:56:42 EST,karla.callaghan@intel.com,Target Milestone,4.4,---
2007-05-29 01:04:26 EDT,popescu@ca.ibm.com,Target Milestone,4.4i1,4.4
2009-06-30 12:04:30 EDT,paules@ca.ibm.com,Status,CLOSED,RESOLVED
2009-06-30 12:04:30 EDT,paules@ca.ibm.com,Whiteboard,closed460,
2009-06-30 21:26:02 EDT,paules@ca.ibm.com,Whiteboard,housecleaned460 closed460,closed460
2009-07-01 15:12:13 EDT,paules@ca.ibm.com,Whiteboard,closed460,housecleaned460 closed460
