When, Who, What, Added, Removed
2007-01-26 11:01:16 EST,rnorton@broadcom.com,OS,All,Windows XP
2008-04-25 11:38:34 EDT,jamesblackburn+eclipse@gmail.com,CC,jamesblackburn+eclipse@gmail.com,
2008-06-13 20:24:21 EDT,eclipse.sprigogin@gmail.com,CC,eclipse.sprigogin@gmail.com,
2009-01-09 16:03:29 EST,dschaefer@qnx.com,Component,cdt-core,deprecated7
2009-01-15 14:35:30 EST,angvoz.dev@gmail.com,CC,elaskavaia@qnx.com,
2009-01-15 15:11:41 EST,elaskavaia.cdt@gmail.com,Assignee,elaskavaia@qnx.com,cdt-core-inbox@eclipse.org
2009-01-15 15:16:32 EST,elaskavaia.cdt@gmail.com,Attachment #57600                Attachment is obsolete,1,0
2009-01-15 15:16:32 EST,elaskavaia.cdt@gmail.com,Attachment #57704                Attachment is obsolete,1,0
2009-01-15 15:16:44 EST,elaskavaia.cdt@gmail.com,Attachment #122722                Attachment is patch,1,0
2009-01-15 15:23:15 EST,elaskavaia.cdt@gmail.com,Status,RESOLVED,NEW
2009-01-15 15:23:15 EST,elaskavaia.cdt@gmail.com,Resolution,FIXED,---
2009-01-15 15:23:15 EST,elaskavaia.cdt@gmail.com,Target Milestone,6.0,---
2009-05-26 16:43:54 EDT,dschaefer@qnx.com,CC,cdtdoug@gmail.com,
2009-05-26 16:43:54 EDT,dschaefer@qnx.com,Flags,iplog+,
2009-06-03 15:35:36 EDT,dschaefer@qnx.com,Attachment #57704                Flags,iplog+,
2010-05-28 13:02:27 EDT,dschaefer@qnx.com,Flags,,iplog+
2010-05-28 13:02:43 EDT,dschaefer@qnx.com,Attachment #122722                Flags,iplog-,
