When, Who, What, Added, Removed
2007-01-26 15:40:48 EST,neil.hauge@oracle.com,Status,ASSIGNED,NEW
2007-01-26 15:41:29 EST,neil.hauge@oracle.com,Target Milestone,1.0 M5,---
2007-03-01 00:21:09 EST,neil.hauge@oracle.com,Target Milestone,1.0 RC1,1.0 M5
2007-03-15 17:21:58 EDT,neil.hauge@oracle.com,Assignee,paul.fullbright@oracle.com,dali.framework-inbox@eclipse.org
2007-03-15 17:21:58 EDT,neil.hauge@oracle.com,Status,NEW,ASSIGNED
2007-04-02 17:39:48 EDT,neil.hauge@oracle.com,Target Milestone,1.0 M7,1.0 RC1
2007-04-02 17:49:27 EDT,paul.fullbright@oracle.com,Status,RESOLVED,NEW
2007-04-02 17:49:27 EDT,paul.fullbright@oracle.com,Resolution,FIXED,---
