When, Who, What, Added, Removed
2007-01-26 15:46:00 EST,neil.hauge@oracle.com,Status,ASSIGNED,NEW
2007-01-26 15:46:00 EST,neil.hauge@oracle.com,Target Milestone,1.0 M5,---
2007-02-14 18:33:59 EST,paul.fullbright@oracle.com,Assignee,paul.fullbright@oracle.com,dali.framework-inbox@eclipse.org
2007-02-14 18:33:59 EST,paul.fullbright@oracle.com,Status,NEW,ASSIGNED
2007-03-01 00:26:44 EST,neil.hauge@oracle.com,Status,ASSIGNED,NEW
2007-03-01 00:26:44 EST,neil.hauge@oracle.com,Target Milestone,1.0 M6,1.0 M5
2007-03-29 10:03:57 EDT,neil.hauge@oracle.com,Target Milestone,1.0 RC1,1.0 M6
2007-04-02 17:39:48 EDT,neil.hauge@oracle.com,Target Milestone,1.0 M7,1.0 RC1
2007-04-12 10:13:12 EDT,paul.fullbright@oracle.com,Status,RESOLVED,ASSIGNED
2007-04-12 10:13:12 EDT,paul.fullbright@oracle.com,Resolution,FIXED,---
