When, Who, What, Added, Removed
2007-01-26 13:05:50 EST,karla.callaghan@intel.com,Priority,P1,P3
2007-01-26 13:05:50 EST,karla.callaghan@intel.com,Summary,Add notes on how to run AC on Windows Vista to 4.3.1 getting_started,Add notes on how to use run AC on Windows Vista to 4.3.1 getting_started
2007-01-26 13:05:50 EST,karla.callaghan@intel.com,Target Milestone,4.3.1,---
2007-01-26 16:50:48 EST,karla.callaghan@intel.com,Status,RESOLVED,NEW
2007-01-26 16:50:48 EST,karla.callaghan@intel.com,Resolution,FIXED,---
2009-06-30 12:04:23 EDT,paules@ca.ibm.com,Status,CLOSED,RESOLVED
2009-06-30 12:04:23 EDT,paules@ca.ibm.com,Whiteboard,closed460,
2009-06-30 21:25:51 EDT,paules@ca.ibm.com,Whiteboard,housecleaned460 closed460,closed460
2009-07-01 15:11:22 EDT,paules@ca.ibm.com,Whiteboard,closed460,housecleaned460 closed460
