When, Who, What, Added, Removed
2007-01-26 14:47:06 EST,phaumer@us.ibm.com,Priority,P1,P3
2007-01-30 13:35:07 EST,bxu@us.ibm.com,Assignee,storaskar@us.ibm.com,epf.tool-inbox@eclipse.org
2007-01-30 13:35:07 EST,bxu@us.ibm.com,Target Milestone,1.1,---
2007-02-01 00:05:30 EST,cyan@us.ibm.com,Summary,Ordering of categorized elements in a category,Ordering property
2007-02-05 18:20:24 EST,bxu@us.ibm.com,Target Milestone,1.2 M1,1.1
2007-02-14 17:19:34 EST,bxu@us.ibm.com,Assignee,jefhardy@us.ibm.com,storaskar@us.ibm.com
2007-03-12 23:41:25 EDT,jefhardy@us.ibm.com,Status,ASSIGNED,NEW
2007-03-12 23:42:06 EDT,jefhardy@us.ibm.com,Status,RESOLVED,ASSIGNED
2007-03-12 23:42:06 EDT,jefhardy@us.ibm.com,Resolution,FIXED,---
2007-04-01 00:40:01 EDT,bxu@us.ibm.com,QA Contact,cdlwangj@cn.ibm.com,
2007-04-03 14:27:16 EDT,bxu@us.ibm.com,Status,REOPENED,RESOLVED
2007-04-03 14:27:16 EDT,bxu@us.ibm.com,Resolution,---,FIXED
2007-04-03 14:27:45 EDT,bxu@us.ibm.com,Assignee,ljagga@us.ibm.com,jefhardy@us.ibm.com
2007-04-03 14:27:45 EDT,bxu@us.ibm.com,Status,NEW,REOPENED
2007-04-03 14:27:45 EDT,bxu@us.ibm.com,Target Milestone,1.2 M2,1.2 M1
2007-04-06 15:55:10 EDT,ljagga@us.ibm.com,Status,RESOLVED,NEW
2007-04-06 15:55:10 EDT,ljagga@us.ibm.com,Resolution,FIXED,---
2007-04-16 00:58:36 EDT,cdlwangj@cn.ibm.com,Status,VERIFIED,RESOLVED
2007-04-23 05:20:05 EDT,cdlwangj@cn.ibm.com,Status,CLOSED,VERIFIED
