When, Who, What, Added, Removed
2007-01-26 13:54:18 EST,jptoomey@us.ibm.com,CC,nssheth@us.ibm.com,
2007-01-26 13:54:18 EST,jptoomey@us.ibm.com,Depends on,162475,
2007-01-26 17:44:06 EST,kdsiefke@us.ibm.com,Assignee,jptoomey@us.ibm.com,kdsiefke@us.ibm.com
2007-01-29 10:13:10 EST,jptoomey@us.ibm.com,Status,ASSIGNED,NEW
2007-01-29 10:13:10 EST,jptoomey@us.ibm.com,Priority,P1,P3
2007-01-29 10:13:10 EST,jptoomey@us.ibm.com,Target Milestone,4.4,---
2007-01-31 11:26:36 EST,paules@ca.ibm.com,CC,paules@ca.ibm.com,
2007-02-08 13:58:38 EST,summerns@us.ibm.com,CC,summerns@us.ibm.com,
2007-03-23 16:13:21 EDT,paules@ca.ibm.com,Target Milestone,4.4i3,4.4
2007-03-29 21:58:37 EDT,jkubasta@ca.ibm.com,Keywords,plan,
2007-04-16 09:31:55 EDT,paules@ca.ibm.com,Assignee,dmorris@us.ibm.com,jptoomey@us.ibm.com
2007-04-16 09:31:55 EDT,paules@ca.ibm.com,Status,NEW,ASSIGNED
2007-04-23 08:30:01 EDT,paules@ca.ibm.com,Status,ASSIGNED,NEW
2007-04-24 16:27:25 EDT,dmorris@us.ibm.com,Status,RESOLVED,ASSIGNED
2007-04-24 16:27:25 EDT,dmorris@us.ibm.com,Resolution,FIXED,---
2007-04-24 16:31:04 EDT,dmorris@us.ibm.com,Status,VERIFIED,RESOLVED
2007-05-07 09:30:25 EDT,paules@ca.ibm.com,Status,CLOSED,VERIFIED
