When, Who, What, Added, Removed
2007-01-26 13:14:13 EST,pwebster@ca.ibm.com,CC,Tod_Creasey@ca.ibm.com,
2007-01-26 13:14:13 EST,pwebster@ca.ibm.com,Assignee,pwebster@ca.ibm.com,Platform-UI-Inbox@eclipse.org
2007-01-26 13:14:13 EST,pwebster@ca.ibm.com,Summary,[Workbench] Use BundleEvents to narrow down starting state,Use BundleEvents to narrow down starting state
2007-02-19 14:09:50 EST,pwebster@ca.ibm.com,Attachment #57610                Attachment is obsolete,1,0
2007-02-19 15:18:10 EST,pwebster@ca.ibm.com,Status,RESOLVED,NEW
2007-02-19 15:18:10 EST,pwebster@ca.ibm.com,Resolution,FIXED,---
2007-02-19 15:18:10 EST,pwebster@ca.ibm.com,Target Milestone,3.3 M6,---
2007-03-20 20:17:36 EDT,pwebster@ca.ibm.com,Status,VERIFIED,RESOLVED
