When, Who, What, Added, Removed
2007-01-26 12:40:51 EST,pwebster@ca.ibm.com,Assignee,duongn@ca.ibm.com,Platform-UI-Inbox@eclipse.org
2007-01-26 12:40:51 EST,pwebster@ca.ibm.com,Summary,[Metadata] org.eclipse.ui.ide.application doesn't specify plugin requirements in its manifest,org.eclipse.ui.ide.application doesn't specify plugin requirements in its manifest
2007-03-29 16:06:23 EDT,Tod_Creasey@ca.ibm.com,Assignee,Tod_Creasey@ca.ibm.com,duongn@ca.ibm.com
2007-03-29 16:06:23 EDT,Tod_Creasey@ca.ibm.com,Target Milestone,3.3 M7,---
2007-03-29 16:27:59 EDT,Tod_Creasey@ca.ibm.com,Status,RESOLVED,NEW
2007-03-29 16:27:59 EDT,Tod_Creasey@ca.ibm.com,Resolution,FIXED,---
2007-04-04 15:53:58 EDT,Michael_Valenta@ca.ibm.com,CC,Michael_Valenta@ca.ibm.com,
2007-04-30 11:33:54 EDT,Tod_Creasey@ca.ibm.com,Status,VERIFIED,RESOLVED
