When, Who, What, Added, Removed
2007-01-30 12:57:25 EST,deboer@ca.ibm.com,Assignee,deboer@ca.ibm.com,wst.server-inbox@eclipse.org
2007-01-30 12:58:47 EST,deboer@ca.ibm.com,Status,ASSIGNED,NEW
2007-01-31 11:02:14 EST,jlanuti@us.ibm.com,CC,jlanuti@us.ibm.com,
2007-01-31 11:42:56 EST,deboer@ca.ibm.com,Status,RESOLVED,ASSIGNED
2007-01-31 11:42:56 EST,deboer@ca.ibm.com,Resolution,FIXED,---
2007-01-31 11:42:56 EST,deboer@ca.ibm.com,Target Milestone,2.0 M5,---
2007-06-12 14:05:39 EDT,arvera@ca.ibm.com,Status,CLOSED,RESOLVED
