When, Who, What, Added, Removed
2007-01-26 14:21:08 EST,pwebster@ca.ibm.com,Assignee,Boris_Bokowski@ca.ibm.com,Platform-UI-Inbox@eclipse.org
2007-01-26 14:21:08 EST,pwebster@ca.ibm.com,Summary,[Viewers] Should the TableLayout-Data connected to the column?,Should the TableLayout-Data connected to the column?
2007-01-31 04:57:20 EST,daniel_megert@ch.ibm.com,CC,daniel_megert@ch.ibm.com,
2007-03-13 17:40:08 EDT,bradleyjames@gmail.com,CC,bradleyjames@gmail.com,
2007-03-13 20:34:09 EDT,Tod_Creasey@ca.ibm.com,Blocks,171824,
2007-03-19 11:02:31 EDT,tom.schindl@bestsolution.at,Target Milestone,3.3 M6,---
2007-03-19 11:03:05 EDT,tom.schindl@bestsolution.at,Status,RESOLVED,NEW
2007-03-19 11:03:05 EDT,tom.schindl@bestsolution.at,Resolution,FIXED,---
2007-03-23 08:53:09 EDT,Tod_Creasey@ca.ibm.com,Status,VERIFIED,RESOLVED
