When, Who, What, Added, Removed
2007-01-29 11:22:36 EST,valentinbaciu@hotmail.com,CC,csalter@ca.ibm.com,
2007-01-29 11:22:36 EST,valentinbaciu@hotmail.com,Assignee,gindik@ca.ibm.com,wst.xml-inbox@eclipse.org
2007-01-29 12:00:05 EST,valentinbaciu@hotmail.com,CC,vbaciu@ca.ibm.com,
2007-01-29 17:07:43 EST,gindik@ca.ibm.com,Attachment #57715                Attachment is obsolete,1,0
2007-01-29 18:16:27 EST,gindik@ca.ibm.com,Attachment #57742                Attachment is obsolete,1,0
2007-01-30 16:10:18 EST,gindik@ca.ibm.com,Attachment #57752                Attachment is obsolete,1,0
2007-01-30 16:10:45 EST,gindik@ca.ibm.com,Attachment #57753                Attachment is obsolete,1,0
2007-01-31 18:17:40 EST,gindik@ca.ibm.com,Attachment #57859                Attachment is obsolete,1,0
2007-01-31 18:18:25 EST,gindik@ca.ibm.com,Attachment #57860                Attachment is obsolete,1,0
2007-01-31 18:31:37 EST,gindik@ca.ibm.com,Whiteboard,PMC,
2007-02-01 01:09:01 EST,valentinbaciu@hotmail.com,Target Milestone,1.5.3 M153,---
2007-02-01 02:07:29 EST,david_williams@us.ibm.com,CC,david_williams@us.ibm.com, nitind@us.ibm.com,
2007-02-01 14:14:39 EST,csalter@ca.ibm.com,Status,ASSIGNED,NEW
2007-02-02 11:02:16 EST,valentinbaciu@hotmail.com,Status,RESOLVED,ASSIGNED
2007-02-02 11:02:16 EST,valentinbaciu@hotmail.com,Resolution,FIXED,---
2007-02-02 11:07:57 EST,jlanuti@us.ibm.com,Whiteboard,PMC_approved,PMC
2007-04-03 11:32:47 EDT,jlanuti@us.ibm.com,Status,CLOSED,RESOLVED
