When, Who, What, Added, Removed
2007-01-26 14:40:51 EST,phaumer@us.ibm.com,Priority,P2,P3
2007-01-30 13:33:42 EST,bxu@us.ibm.com,Assignee,pnle@us.ibm.com,epf.tool-inbox@eclipse.org
2007-01-30 13:33:42 EST,bxu@us.ibm.com,Target Milestone,1.1,---
2007-02-05 21:25:37 EST,bxu@us.ibm.com,Target Milestone,1.2 M1,1.1
2007-02-05 21:30:26 EST,bxu@us.ibm.com,Target Milestone,1.2 M2,1.2 M1
2007-04-04 21:30:17 EDT,pnle@us.ibm.com,Status,RESOLVED,NEW
2007-04-04 21:30:17 EDT,pnle@us.ibm.com,Resolution,FIXED,---
2007-04-05 20:43:17 EDT,bxu@us.ibm.com,QA Contact,cdlwangj@cn.ibm.com,
2007-04-08 07:36:04 EDT,cdlwangj@cn.ibm.com,Status,VERIFIED,RESOLVED
2007-06-18 04:06:24 EDT,cdlwangj@cn.ibm.com,Status,CLOSED,VERIFIED
