When, Who, What, Added, Removed
2007-01-26 16:32:49 EST,kchong@ca.ibm.com,Summary,Version numbers not bumped up,Version number not bumped up
2007-01-26 16:36:02 EST,kchong@ca.ibm.com,Target Milestone,1.5.3 M153,---
2007-01-26 16:39:36 EST,kchong@ca.ibm.com,CC,rmah@ca.ibm.com,
2007-01-26 16:48:05 EST,kchong@ca.ibm.com,Whiteboard,PMC,
2007-01-29 12:03:17 EST,david_williams@us.ibm.com,CC,david_williams@us.ibm.com,
2007-01-31 19:15:51 EST,kchong@ca.ibm.com,Status,RESOLVED,NEW
2007-01-31 19:15:51 EST,kchong@ca.ibm.com,Resolution,FIXED,---
2007-02-02 11:09:04 EST,jlanuti@us.ibm.com,Whiteboard,PMC_approved,PMC
2007-04-03 11:32:46 EDT,jlanuti@us.ibm.com,Status,CLOSED,RESOLVED
