When, Who, What, Added, Removed
2007-01-26 12:43:07 EST,pwebster@ca.ibm.com,CC,Tod_Creasey@ca.ibm.com,
2007-01-26 12:43:07 EST,pwebster@ca.ibm.com,Assignee,Boris_Bokowski@ca.ibm.com,Platform-UI-Inbox@eclipse.org
2007-01-26 12:43:07 EST,pwebster@ca.ibm.com,Summary,[Viewers] Lots of flickering when using TableColumnAdapter,Lots of flickering when using TableColumnAdapter
2007-01-26 13:51:30 EST,tom.schindl@bestsolution.at,CC,tom.schindl@bestsolution.at,
2007-02-05 22:33:05 EST,bokowski@google.com,Priority,P1,P3
2007-02-05 22:33:05 EST,bokowski@google.com,Target Milestone,3.3 M6,---
2007-02-13 16:38:20 EST,bpasero@rssowl.org,CC,bpasero@rssowl.org,
2007-03-13 15:45:13 EDT,bokowski@google.com,CC,Boris_Bokowski@ca.ibm.com,
2007-03-13 15:45:13 EDT,bokowski@google.com,Assignee,Tod_Creasey@ca.ibm.com,Boris_Bokowski@ca.ibm.com
2007-03-13 15:45:24 EDT,bokowski@google.com,Keywords,api,
2007-03-13 16:56:44 EDT,tom.schindl@bestsolution.at,Attachment #57876                Attachment is obsolete,1,0
2007-03-13 16:56:44 EDT,tom.schindl@bestsolution.at,Attachment #58254                Attachment is obsolete,1,0
2007-03-13 17:29:32 EDT,bradleyjames@gmail.com,CC,bradleyjames@gmail.com,
2007-03-13 18:26:19 EDT,tom.schindl@bestsolution.at,Attachment #60729                Attachment is obsolete,1,0
2007-03-13 20:34:09 EDT,Tod_Creasey@ca.ibm.com,Depends on,171844,
2007-03-14 07:13:22 EDT,Tod_Creasey@ca.ibm.com,CC,Mike_Wilson@ca.ibm.com,
2007-03-14 07:41:41 EDT,tom.schindl@bestsolution.at,Depends on,164038,
2007-03-14 09:00:45 EDT,Tod_Creasey@ca.ibm.com,Attachment #60741                Attachment is obsolete,1,0
2007-03-14 09:00:45 EDT,Tod_Creasey@ca.ibm.com,Attachment #60788                Attachment is obsolete,1,0
2007-03-14 09:00:45 EDT,Tod_Creasey@ca.ibm.com,Attachment #60790                Attachment is obsolete,1,0
2007-03-16 16:54:47 EDT,bokowski@google.com,Assignee,tom.schindl@bestsolution.at,Tod_Creasey@ca.ibm.com
2007-03-18 13:34:45 EDT,tom.schindl@bestsolution.at,Attachment #60794                Attachment is obsolete,1,0
2007-03-18 13:34:45 EDT,tom.schindl@bestsolution.at,Attachment #60837                Attachment is obsolete,1,0
2007-03-19 11:01:32 EDT,tom.schindl@bestsolution.at,Status,RESOLVED,NEW
2007-03-19 11:01:32 EDT,tom.schindl@bestsolution.at,Resolution,FIXED,---
2007-03-23 04:23:17 EDT,tom.schindl@bestsolution.at,Status,VERIFIED,RESOLVED
2007-06-25 18:45:17 EDT,eclipse-bugs@rizzoweb.com,CC,eclipse5@rizzoweb.com,
