When, Who, What, Added, Removed
2007-01-26 15:08:27 EST,ddykstal.eclipse@gmail.com,Status,ASSIGNED,NEW
2007-01-26 16:18:55 EST,ddykstal.eclipse@gmail.com,Status,RESOLVED,ASSIGNED
2007-01-26 16:18:55 EST,ddykstal.eclipse@gmail.com,Resolution,FIXED,---
2007-02-14 11:07:34 EST,martin.oberhuber@windriver.com,Target Milestone,2.0 M5,---
2007-02-14 11:17:01 EST,martin.oberhuber@windriver.com,Status,CLOSED,RESOLVED
2008-08-13 13:16:46 EDT,martin.oberhuber@windriver.com,Target Milestone,2.0,2.0 M5
