When, Who, What, Added, Removed
2007-01-26 15:56:27 EST,neil.hauge@oracle.com,Status,ASSIGNED,NEW
2007-01-26 15:56:27 EST,neil.hauge@oracle.com,Target Milestone,1.0 M5,---
2007-01-26 15:56:59 EST,neil.hauge@oracle.com,Assignee,paul.fullbright@oracle.com,dali.general-inbox@eclipse.org
2007-01-26 15:56:59 EST,neil.hauge@oracle.com,Status,NEW,ASSIGNED
2007-01-26 16:18:55 EST,neil.hauge@oracle.com,Status,ASSIGNED,NEW
2007-03-01 00:30:14 EST,neil.hauge@oracle.com,Target Milestone,1.0 M6,1.0 M5
2007-03-29 12:52:46 EDT,paul.fullbright@oracle.com,Status,RESOLVED,ASSIGNED
2007-03-29 12:52:46 EDT,paul.fullbright@oracle.com,Resolution,FIXED,---
2007-04-05 16:25:32 EDT,neil.hauge@oracle.com,Status,VERIFIED,RESOLVED
2007-04-11 10:35:45 EDT,jlanuti@us.ibm.com,Status,CLOSED,VERIFIED
