When, Who, What, Added, Removed
2007-01-31 16:36:04 EST,ledunnel@us.ibm.com,Assignee,quyon@us.ibm.com,wst.rdb-inbox@eclipse.org
2007-01-31 16:36:04 EST,ledunnel@us.ibm.com,Whiteboard,PMC,
2007-01-31 16:36:04 EST,ledunnel@us.ibm.com,Target Milestone,1.5.3 M153,---
2007-01-31 17:06:30 EST,david_williams@us.ibm.com,CC,david_williams@us.ibm.com,
2007-01-31 20:09:30 EST,ledunnel@us.ibm.com,CC,ledunnel@us.ibm.com,
2007-02-02 11:08:49 EST,jlanuti@us.ibm.com,Whiteboard,PMC_approved,PMC
2007-02-02 11:15:20 EST,jlanuti@us.ibm.com,Status,ASSIGNED,NEW
2007-02-02 13:54:40 EST,ledunnel@us.ibm.com,Status,RESOLVED,ASSIGNED
2007-02-02 13:54:40 EST,ledunnel@us.ibm.com,Resolution,FIXED,---
2007-04-19 14:20:53 EDT,ledunnel@us.ibm.com,Status,CLOSED,RESOLVED
2013-02-20 16:06:11 EST,webmaster@eclipse.org,Component,WTP Datatools,wst.rdb
2013-02-20 16:06:11 EST,webmaster@eclipse.org,Version,unspecified,1.5
2013-02-20 16:06:11 EST,webmaster@eclipse.org,Product,z_Archived,WTP Datatools
