When, Who, What, Added, Removed
2007-01-26 18:32:43 EST,phaumer@us.ibm.com,Priority,P1,P3
2007-01-26 18:32:43 EST,phaumer@us.ibm.com,Target Milestone,1.1,---
2007-01-30 16:43:24 EST,bxu@us.ibm.com,Assignee,jxi@us.ibm.com,epf.tool-inbox@eclipse.org
2007-02-05 20:05:20 EST,bxu@us.ibm.com,Target Milestone,1.2 M1,1.1
2007-02-21 15:34:10 EST,bxu@us.ibm.com,Assignee,lowk@us.ibm.com,jxi@us.ibm.com
2007-03-01 20:22:01 EST,lowk@us.ibm.com,Target Milestone,1.2 M2,1.2 M1
2007-03-02 17:19:13 EST,jxi@us.ibm.com,Assignee,jxi@us.ibm.com,lowk@us.ibm.com
2007-03-05 21:13:06 EST,bxu@us.ibm.com,Assignee,wlu@us.ibm.com,jxi@us.ibm.com
2007-03-20 19:12:12 EDT,bxu@us.ibm.com,Summary,Category-based Method Configurations (realization algorithm),Category-based Method Configurations
2007-04-02 18:09:56 EDT,wlu@us.ibm.com,Status,RESOLVED,NEW
2007-04-02 18:09:56 EDT,wlu@us.ibm.com,Resolution,FIXED,---
2007-04-03 22:22:58 EDT,bxu@us.ibm.com,QA Contact,cdlwangj@cn.ibm.com,
2007-04-16 05:33:56 EDT,cdlwangj@cn.ibm.com,Status,REOPENED,RESOLVED
2007-04-16 05:33:56 EDT,cdlwangj@cn.ibm.com,Resolution,---,FIXED
2007-04-18 12:30:41 EDT,wlu@us.ibm.com,Status,RESOLVED,REOPENED
2007-04-18 12:30:41 EDT,wlu@us.ibm.com,Resolution,FIXED,---
2007-04-19 23:08:50 EDT,cdlwangj@cn.ibm.com,Status,VERIFIED,RESOLVED
2007-06-18 04:08:23 EDT,cdlwangj@cn.ibm.com,Status,CLOSED,VERIFIED
