When, Who, What, Added, Removed
2007-03-27 09:08:52 EDT,euthanasia_waltz@yahoo.co.jp,Severity,enhancement,minor
2007-04-25 04:54:40 EDT,shalom@zend.com,Assignee,shalom@zend.com,php.debug-inbox@eclipse.org
2007-04-25 04:54:48 EDT,shalom@zend.com,Status,ASSIGNED,NEW
2007-05-14 09:56:36 EDT,shalom@zend.com,Status,RESOLVED,ASSIGNED
2007-05-14 09:56:36 EDT,shalom@zend.com,Resolution,FIXED,---
2007-05-17 10:26:58 EDT,gadi@zend.com,Status,CLOSED,RESOLVED
2008-03-06 07:20:32 EST,assaf.almaz@zend.com,Component,Debug-UI,Debug-core
