When, Who, What, Added, Removed
2007-01-29 13:49:57 EST,sridhars@xilinx.com,CC,sridhars@xilinx.com,
2007-01-30 14:07:12 EST,mikhail.sennikovskiy@gmail.com,Target Milestone,4.0,---
2007-02-26 22:55:16 EST,Rekha.Deshmukh@kpitcummins.com,CC,rekhad@kpitcummins.com,
2007-04-05 08:38:27 EDT,sradike@ejectlag.com,CC,sradike@ejectlag.com,
2007-04-26 22:21:20 EDT,dschaefer@qnx.com,Target Milestone,---,4.0
2007-04-27 04:06:33 EDT,mikhail.sennikovskiy@gmail.com,Assignee,Mikhail.Sennikovsky@intel.com,cdt-build-inbox@eclipse.org
2007-04-27 04:06:33 EDT,mikhail.sennikovskiy@gmail.com,Target Milestone,4.0,---
2007-05-04 12:03:06 EDT,mikhail.sennikovskiy@gmail.com,Target Milestone,4.0 M7,4.0
2007-05-11 08:16:24 EDT,mikhail.sennikovskiy@gmail.com,Status,RESOLVED,NEW
2007-05-11 08:16:24 EDT,mikhail.sennikovskiy@gmail.com,Resolution,FIXED,---
