When, Who, What, Added, Removed
2007-01-29 09:50:07 EST,Michael_Valenta@ca.ibm.com,Status,ASSIGNED,NEW
2007-01-29 09:50:07 EST,Michael_Valenta@ca.ibm.com,Summary,[Preferences] Wrong ref to preference page on 'Server Encoding' property page,Wrong ref to preference page on 'Server Encoding' property page
2007-01-29 09:50:07 EST,Michael_Valenta@ca.ibm.com,Target Milestone,3.3 M6,---
2007-03-01 10:40:02 EST,Michael_Valenta@ca.ibm.com,Assignee,krzysztof.michalski@pl.ibm.com,platform-cvs-inbox@eclipse.org
2007-03-01 10:40:02 EST,Michael_Valenta@ca.ibm.com,Status,NEW,ASSIGNED
2007-03-19 15:08:08 EDT,Michael_Valenta@ca.ibm.com,Target Milestone,3.3 M7,3.3 M6
2007-04-23 11:01:20 EDT,Michael_Valenta@ca.ibm.com,Status,RESOLVED,NEW
2007-04-23 11:01:20 EDT,Michael_Valenta@ca.ibm.com,Resolution,FIXED,---
2007-04-30 12:20:45 EDT,krzysztof.michalski@pl.ibm.com,Status,VERIFIED,RESOLVED
2007-06-05 15:18:02 EDT,Michael_Valenta@ca.ibm.com,Keywords,contributed,
