When, Who, What, Added, Removed
2007-01-28 09:07:55 EST,gadi@zend.com,Keywords,plan,
2007-01-28 09:07:55 EST,gadi@zend.com,Priority,P1,P3
2007-01-28 10:41:00 EST,yaron.m@zend.com,Assignee,yaron.m@zend.com,php.ui-inbox@eclipse.org
2007-01-28 10:54:29 EST,shachar@zend.com,Assignee,shachar@zend.com,yaron.m@zend.com
2007-01-29 04:21:51 EST,shachar@zend.com,Status,RESOLVED,NEW
2007-01-29 04:21:51 EST,shachar@zend.com,Resolution,FIXED,---
2007-01-30 03:44:40 EST,gadi@zend.com,Status,CLOSED,RESOLVED
