When, Who, What, Added, Removed
2007-02-14 11:03:28 EST,vb@bigdot.de,Severity,critical,major
2007-02-14 11:08:14 EST,ruckxck-cal2@yahoo.de,CC,ruckxck-cal2@yahoo.de,
2007-02-20 11:11:24 EST,aclement@pivotal.io,Target Milestone,1.6.0,---
2007-02-21 03:40:24 EST,aclement@pivotal.io,Status,RESOLVED,NEW
2007-02-21 03:40:24 EST,aclement@pivotal.io,Resolution,FIXED,---
2007-07-29 09:21:35 EDT,webmaster@eclipse.org,OS,Mac OS X,Mac OS
2007-10-10 10:21:45 EDT,aclement@pivotal.io,Target Milestone,1.5.4,1.6.0
