When, Who, What, Added, Removed
2007-01-29 07:25:08 EST,yliang@actuate.com,Assignee,yliang@actuate.com,Birt-ReportEngine-inbox@eclipse.org
2007-01-30 04:45:11 EST,yliang@actuate.com,Status,RESOLVED,NEW
2007-01-30 04:45:11 EST,yliang@actuate.com,Resolution,DUPLICATE,---
2007-02-05 06:01:07 EST,yliang@actuate.com,Status,REOPENED,RESOLVED
2007-02-05 06:01:07 EST,yliang@actuate.com,Resolution,---,DUPLICATE
2007-02-05 06:02:38 EST,yliang@actuate.com,Status,RESOLVED,REOPENED
2007-02-05 06:02:38 EST,yliang@actuate.com,Resolution,FIXED,---
2007-02-06 03:49:47 EST,bshen@actuate.com,Status,CLOSED,RESOLVED
2009-07-23 01:47:42 EDT,bluesoldier@gmail.com,Whiteboard,Autoed,
2010-03-25 00:52:55 EDT,bluesoldier@gmail.com,CC,xgu@actuate.com,
2010-03-25 00:52:55 EDT,bluesoldier@gmail.com,Whiteboard,Autoed,G,Autoed
