When, Who, What, Added, Removed
2007-01-29 11:26:02 EST,eden@zend.com,Severity,enhancement,major
2009-06-10 11:20:14 EDT,spektom@gmail.com,CC,dt@crystalcc.com,
2009-06-11 03:22:38 EDT,spektom@gmail.com,CC,spektom@gmail.com,
2009-06-22 07:18:20 EDT,marasek@telton.de,CC,marasek@telton.de,
2009-12-29 10:11:53 EST,vadim.p@zend.com,CC,vadim.p@zend.com,
2009-12-29 10:11:53 EST,vadim.p@zend.com,Target Milestone,2.2.0M1,---
2009-12-29 10:11:53 EST,vadim.p@zend.com,Severity,major,enhancement
2010-03-08 04:48:24 EST,zhaozhongwei@eclipseworld.org,Priority,P1,P3
2010-04-05 15:40:45 EDT,ganoro@gmail.com,Status,RESOLVED,NEW
2010-04-05 15:40:45 EDT,ganoro@gmail.com,CC,roy@zend.com,
2010-04-05 15:40:45 EDT,ganoro@gmail.com,Resolution,WORKSFORME,---
2010-05-03 04:11:08 EDT,gadi@zend.com,Status,CLOSED,RESOLVED
2010-05-03 04:11:08 EDT,gadi@zend.com,CC,gadi@zend.com,
2010-05-03 04:11:08 EDT,gadi@zend.com,Resolution,FIXED,WORKSFORME
2012-11-21 13:49:04 EST,magicstream@gmail.com,CC,magicstream@gmail.com,
