When, Who, What, Added, Removed
2007-01-29 15:05:13 EST,Olivier_Thomann@ca.ibm.com,OS,Linux,Windows XP
2007-01-29 16:20:14 EST,john_arthorne@ca.ibm.com,Assignee,john_arthorne@ca.ibm.com,platform-resources-inbox@eclipse.org
2007-01-29 16:20:14 EST,john_arthorne@ca.ibm.com,Component,UI,Resources
2007-01-29 16:20:14 EST,john_arthorne@ca.ibm.com,Target Milestone,3.3 M5,---
2007-01-29 16:21:33 EST,john_arthorne@ca.ibm.com,Status,RESOLVED,NEW
2007-01-29 16:21:33 EST,john_arthorne@ca.ibm.com,Resolution,FIXED,---
2007-05-03 13:32:04 EDT,john_arthorne@ca.ibm.com,Status,VERIFIED,RESOLVED
