When, Who, What, Added, Removed
2007-01-27 13:50:28 EST,bokowski@google.com,Assignee,Boris_Bokowski@ca.ibm.com,Platform-UI-Inbox@eclipse.org
2007-01-28 01:20:16 EST,bokowski@google.com,Blocks,154132,
2007-01-28 21:00:55 EST,bradleyjames@gmail.com,CC,bradleyjames@gmail.com,
2007-01-30 00:38:03 EST,bradleyjames@gmail.com,Depends on,172109,
2007-01-30 12:17:51 EST,bradleyjames@gmail.com,Depends on,172193,
2007-02-09 13:37:18 EST,elias@eclipsesource.com,CC,evolanakis@innoopract.de,
2007-02-13 23:13:50 EST,bradleyjames@gmail.com,CC,djo@coconut-palm-software.com,
2007-02-28 09:03:35 EST,bokowski@google.com,Depends on,162630,
2007-02-28 09:23:41 EST,bokowski@google.com,Depends on,175418,
2007-02-28 09:23:41 EST,bokowski@google.com,Keywords,api,
2007-02-28 09:52:12 EST,bokowski@google.com,Depends on,175840,
2007-03-01 21:58:37 EST,bokowski@google.com,Depends on,168944,
2007-04-28 13:59:14 EDT,bokowski@google.com,Status,RESOLVED,NEW
2007-04-28 13:59:14 EDT,bokowski@google.com,Resolution,FIXED,---
2007-04-28 13:59:14 EDT,bokowski@google.com,Target Milestone,3.3 M6,---
2007-05-04 09:40:49 EDT,bokowski@google.com,Status,VERIFIED,RESOLVED
