When, Who, What, Added, Removed
2007-01-29 03:57:47 EST,cyfgod@gmail.com,Assignee,ycheng@actuate.com,Birt-ReportViewer-inbox@eclipse.org
2007-01-29 10:13:01 EST,public@degenring.de,CC,public@degenring.de,
2007-02-02 01:52:46 EST,yli@actuate.com,Target Milestone,2.2.0,---
2007-04-03 05:48:15 EDT,cyfgod@gmail.com,Target Milestone,2.2.0 RC0,2.2.0
2007-04-04 02:45:28 EDT,cyfgod@gmail.com,Status,RESOLVED,NEW
2007-04-04 02:45:28 EDT,cyfgod@gmail.com,Resolution,FIXED,---
2007-04-20 05:20:43 EDT,lchen@actuate.com,Status,CLOSED,RESOLVED
