When, Who, What, Added, Removed
2007-01-29 09:56:07 EST,lzhu@actuate.com,Assignee,lzhu@actuate.com,Birt-Data-inbox@eclipse.org
2007-01-29 09:56:07 EST,lzhu@actuate.com,Target Milestone,2.2.0 M6,---
2007-01-30 00:10:41 EST,tchen@actuate.com,Summary,[Automation]The result of total.mode() is wrong,The result of total.mode() is wrong
2007-01-30 02:54:57 EST,lzhu@actuate.com,Assignee,jianchao.li@actuate.com,lzhu@actuate.com
2007-03-05 04:59:38 EST,jianchao.li@actuate.com,Assignee,lzhu@actuate.com,jianchao.li@actuate.com
2007-03-06 21:07:44 EST,lzhu@actuate.com,Assignee,jianchao.li@actuate.com,lzhu@actuate.com
2007-03-15 03:24:56 EDT,jianchao.li@actuate.com,Status,RESOLVED,NEW
2007-03-15 03:24:56 EDT,jianchao.li@actuate.com,Resolution,FIXED,---
2007-03-15 23:59:38 EDT,tchen@actuate.com,Status,REOPENED,RESOLVED
2007-03-15 23:59:38 EDT,tchen@actuate.com,Resolution,---,FIXED
2007-03-16 06:17:29 EDT,jianchao.li@actuate.com,Status,RESOLVED,REOPENED
2007-03-16 06:17:29 EDT,jianchao.li@actuate.com,Resolution,FIXED,---
2007-03-20 03:40:13 EDT,tchen@actuate.com,Status,CLOSED,RESOLVED
