When, Who, What, Added, Removed
2007-01-29 01:08:31 EST,lzhu@actuate.com,Assignee,lzhu@actuate.com,Birt-Data-inbox@eclipse.org
2007-01-29 01:08:31 EST,lzhu@actuate.com,Target Milestone,2.2.0 M6,---
2007-01-30 00:10:07 EST,tchen@actuate.com,Summary,[Automation]The result of total.median() is wrong,The result of total.median() is wrong
2007-03-02 07:16:17 EST,lzhu@actuate.com,Assignee,jianchao.li@actuate.com,lzhu@actuate.com
2007-03-05 03:39:35 EST,jianchao.li@actuate.com,Assignee,lzhu@actuate.com,jianchao.li@actuate.com
2007-03-06 21:06:20 EST,lzhu@actuate.com,Assignee,jianchao.li@actuate.com,lzhu@actuate.com
2007-03-15 03:24:08 EDT,jianchao.li@actuate.com,Status,RESOLVED,NEW
2007-03-15 03:24:08 EDT,jianchao.li@actuate.com,Resolution,FIXED,---
2007-03-15 23:35:45 EDT,tchen@actuate.com,Status,CLOSED,RESOLVED
