When, Who, What, Added, Removed
2007-01-29 11:32:22 EST,guy.g@zend.com,Status,RESOLVED,NEW
2007-01-29 11:32:22 EST,guy.g@zend.com,Resolution,FIXED,---
2007-01-29 11:32:28 EST,guy.g@zend.com,Assignee,moshe@zend.com,php.ui-inbox@eclipse.org
2007-01-29 11:36:12 EST,moshe@zend.com,Status,REOPENED,RESOLVED
2007-01-29 11:36:12 EST,moshe@zend.com,Resolution,---,FIXED
2007-01-29 11:45:32 EST,guy.g@zend.com,Status,RESOLVED,REOPENED
2007-01-29 11:45:32 EST,guy.g@zend.com,Resolution,FIXED,---
2007-01-30 04:27:40 EST,gadi@zend.com,Status,CLOSED,RESOLVED
