When, Who, What, Added, Removed
2007-01-28 21:48:08 EST,wassim.melhem@gmail.com,Assignee,mpawlow@ca.ibm.com,pde-ui-inbox@eclipse.org
2007-01-29 22:57:41 EST,wassim.melhem@gmail.com,Summary,Splash not being generated for RCP apps when branding option is not selected,Icons are generated even when branding option is not selected
2007-03-08 20:40:20 EST,mpawlow@ca.ibm.com,Status,RESOLVED,NEW
2007-03-08 20:40:20 EST,mpawlow@ca.ibm.com,Resolution,FIXED,---
2007-03-08 20:40:20 EST,mpawlow@ca.ibm.com,Summary,[Templates] Splash not being generated for RCP apps when branding option is not selected,Splash not being generated for RCP apps when branding option is not selected
2007-03-08 20:40:20 EST,mpawlow@ca.ibm.com,Target Milestone,3.3 M6,---
