When, Who, What, Added, Removed
2007-01-29 06:27:55 EST,frederic_fusier@fr.ibm.com,CC,frederic_fusier@fr.ibm.com,
2007-02-05 09:36:06 EST,markus_keller@ch.ibm.com,CC,markus_keller@ch.ibm.com,
2007-02-05 09:36:06 EST,markus_keller@ch.ibm.com,Assignee,martin_aeschlimann@ch.ibm.com,jdt-ui-inbox@eclipse.org
2007-02-05 09:36:06 EST,markus_keller@ch.ibm.com,Summary,[search] Search references in working set still finds matches in prereq projects,Search references in working set still finds matches in prereq projects
2007-02-05 13:52:40 EST,markus_keller@ch.ibm.com,Target Milestone,3.3 M6,---
2007-03-02 05:27:01 EST,markus_keller@ch.ibm.com,CC,jared_burns@us.ibm.com,
2007-03-02 09:30:52 EST,aeschli@gmail.com,Status,RESOLVED,NEW
2007-03-02 09:30:52 EST,aeschli@gmail.com,Resolution,FIXED,---
2008-04-17 04:05:19 EDT,maxime_daniel@fr.ibm.com,CC,maxime_daniel@fr.ibm.com,
2008-04-17 04:05:19 EDT,maxime_daniel@fr.ibm.com,Status,REOPENED,RESOLVED
2008-04-17 04:05:19 EDT,maxime_daniel@fr.ibm.com,Resolution,---,FIXED
2008-04-18 12:20:32 EDT,aeschli@gmail.com,Target Milestone,3.3 M7,3.3 M6
2008-04-22 03:43:30 EDT,aeschli@gmail.com,Status,RESOLVED,REOPENED
2008-04-22 03:43:30 EDT,aeschli@gmail.com,Resolution,FIXED,---
2008-04-22 03:43:30 EDT,aeschli@gmail.com,Target Milestone,3.4 M7,3.3 M7
