When, Who, What, Added, Removed
2007-01-29 14:40:21 EST,Michael_Rennie@ca.ibm.com,Assignee,cwindatt@ca.ibm.com,jdt-debug-inbox@eclipse.org
2007-01-29 14:40:21 EST,Michael_Rennie@ca.ibm.com,Severity,trivial,normal
2007-01-29 14:40:21 EST,Michael_Rennie@ca.ibm.com,Target Milestone,3.3 M5,---
2007-01-29 14:40:52 EST,Michael_Rennie@ca.ibm.com,Status,RESOLVED,NEW
2007-01-29 14:40:52 EST,Michael_Rennie@ca.ibm.com,Resolution,FIXED,---
2007-01-29 14:43:35 EST,cwindatt@ca.ibm.com,Status,VERIFIED,RESOLVED
