When, Who, What, Added, Removed
2007-01-29 11:14:48 EST,Michael_Valenta@ca.ibm.com,CC,Boris_Bokowski@ca.ibm.com,
2007-01-29 11:14:48 EST,Michael_Valenta@ca.ibm.com,Assignee,Michael_Valenta@ca.ibm.com,platform-compare-inbox@eclipse.org
2007-01-29 11:14:48 EST,Michael_Valenta@ca.ibm.com,Target Milestone,3.3 M5,---
2007-01-29 11:15:29 EST,Michael_Valenta@ca.ibm.com,Status,RESOLVED,NEW
2007-01-29 11:15:29 EST,Michael_Valenta@ca.ibm.com,Resolution,FIXED,---
2007-02-06 10:26:20 EST,Michael_Valenta@ca.ibm.com,Status,VERIFIED,RESOLVED
