When, Who, What, Added, Removed
2007-01-29 10:08:06 EST,lzhu@actuate.com,Assignee,lzhu@actuate.com,Birt-Data-inbox@eclipse.org
2007-01-29 10:08:06 EST,lzhu@actuate.com,Target Milestone,2.2.0 M6,---
2007-01-30 02:55:17 EST,lzhu@actuate.com,Assignee,jianchao.li@actuate.com,lzhu@actuate.com
2007-03-15 03:08:58 EDT,jianchao.li@actuate.com,Status,RESOLVED,NEW
2007-03-15 03:08:58 EDT,jianchao.li@actuate.com,Resolution,FIXED,---
2007-03-18 21:59:45 EDT,xwang@actuate.com,Status,CLOSED,RESOLVED
2009-07-23 03:29:58 EDT,bluesoldier@gmail.com,Whiteboard,Autoed,
