When, Who, What, Added, Removed
2007-01-29 11:00:22 EST,nitind@us.ibm.com,Assignee,amywu@us.ibm.com,jst.jsp-inbox@eclipse.org
2007-06-05 17:31:27 EDT,for.work.things@gmail.com,Summary,WTP on Turkish Locale fails in a number of ares due to lower and upper case comparisons,WTP on Tuskish Locale fails in a number of ares due to lower and upper case comparisons
2007-06-05 18:29:28 EDT,for.work.things@gmail.com,Target Milestone,2.0.1 M201,---
2007-06-06 00:54:40 EDT,nitind@us.ibm.com,CC,nitind@us.ibm.com,
2007-06-06 00:54:40 EDT,nitind@us.ibm.com,Summary,WTP on Turkish Locale fails in a number of areas due to lower and upper case comparisons,WTP on Turkish Locale fails in a number of ares due to lower and upper case comparisons
2007-08-27 18:21:21 EDT,for.work.things@gmail.com,Status,RESOLVED,NEW
2007-08-27 18:21:21 EDT,for.work.things@gmail.com,Resolution,FIXED,---
2007-09-19 15:26:48 EDT,for.work.things@gmail.com,Status,CLOSED,RESOLVED
