When, Who, What, Added, Removed
2007-01-29 01:41:01 EST,bshen@actuate.com,Component,Chart,Report Engine
2007-01-29 01:41:01 EST,bshen@actuate.com,Summary,[Smoke]Chart became from big to smaller when preview in layout[0001],Chart became from big to smaller when preview in layout[0001]
2007-01-29 06:59:04 EST,dmichonneau@actuate.com,Assignee,yulin.wang@actuate.com,Birt-ReportEngine-inbox@eclipse.org
2007-01-29 06:59:04 EST,dmichonneau@actuate.com,Priority,P1,P3
2007-01-29 06:59:04 EST,dmichonneau@actuate.com,Target Milestone,2.2.0 M5,---
2007-01-31 22:21:18 EST,bshen@actuate.com,Severity,major,normal
2007-01-31 22:21:18 EST,bshen@actuate.com,Summary,Chart became from big to smaller when preview in layout[0001],[Smoke]Chart became from big to smaller when preview in layout[0001]
2007-01-31 23:18:30 EST,yulin.wang@actuate.com,Status,RESOLVED,NEW
2007-01-31 23:18:30 EST,yulin.wang@actuate.com,Resolution,FIXED,---
2007-02-06 03:49:38 EST,bshen@actuate.com,Status,CLOSED,RESOLVED
2009-07-23 03:59:36 EDT,bluesoldier@gmail.com,Whiteboard,Autoed,
2010-03-25 00:52:40 EDT,bluesoldier@gmail.com,CC,xgu@actuate.com,
2010-03-25 00:52:40 EDT,bluesoldier@gmail.com,Whiteboard,Autoed,G,Autoed
