When, Who, What, Added, Removed
2007-01-29 04:12:21 EST,qwang@actuate.com,Assignee,xiong.zhang@actuate.com,Birt-ReportDesigner-inbox@eclipse.org
2007-01-29 04:12:21 EST,qwang@actuate.com,Target Milestone,2.2.0,---
2007-02-02 07:27:40 EST,qwang@actuate.com,Target Milestone,2.2.0 M6,2.2.0
2007-03-02 04:16:24 EST,xiong.zhang@actuate.com,Status,RESOLVED,NEW
2007-03-02 04:16:24 EST,xiong.zhang@actuate.com,Resolution,FIXED,---
2007-03-26 02:31:56 EDT,bshen@actuate.com,Status,CLOSED,RESOLVED
2009-06-24 02:01:41 EDT,bluesoldier@gmail.com,CC,xgu@actuate.com,
2009-06-24 02:01:41 EDT,bluesoldier@gmail.com,Whiteboard,Obsolete,
