When, Who, What, Added, Removed
2007-01-29 17:38:35 EST,bxu@us.ibm.com,Assignee,lowk@us.ibm.com,epf.tool-inbox@eclipse.org
2007-01-29 17:38:35 EST,bxu@us.ibm.com,Target Milestone,1.1,---
2007-02-01 20:03:25 EST,lowk@us.ibm.com,Status,RESOLVED,NEW
2007-02-01 20:03:25 EST,lowk@us.ibm.com,Resolution,FIXED,---
2007-02-05 18:47:50 EST,bxu@us.ibm.com,Target Milestone,1.2 M1,1.1
2007-02-09 00:44:46 EST,xjiang@cn.ibm.com,Status,REOPENED,RESOLVED
2007-02-09 00:44:46 EST,xjiang@cn.ibm.com,Resolution,---,FIXED
2007-02-23 20:33:32 EST,lowk@us.ibm.com,Status,RESOLVED,REOPENED
2007-02-23 20:33:32 EST,lowk@us.ibm.com,Resolution,FIXED,---
2007-02-24 19:50:19 EST,xjiang@cn.ibm.com,Status,VERIFIED,RESOLVED
2007-03-14 04:19:31 EDT,xjiang@cn.ibm.com,Status,CLOSED,VERIFIED
