When, Who, What, Added, Removed
2007-01-31 07:45:28 EST,dmichonneau@actuate.com,Assignee,ywang@actuate.com,Birt-Chart-inbox@eclipse.org
2007-01-31 07:45:28 EST,dmichonneau@actuate.com,Target Milestone,2.2.0 M5,---
2007-02-05 05:15:06 EST,dmichonneau@actuate.com,Target Milestone,2.2.0 M6,2.2.0 M5
2007-04-03 15:03:48 EDT,dmichonneau@actuate.com,Target Milestone,2.2.0 RC0,2.2.0 M6
2007-05-15 04:43:23 EDT,dmichonneau@actuate.com,Target Milestone,2.2.0 RC2,2.2.0 RC0
2007-05-22 04:13:58 EDT,ywang@actuate.com,Status,RESOLVED,NEW
2007-05-22 04:13:58 EDT,ywang@actuate.com,Priority,P5,P3
2007-05-22 04:13:58 EDT,ywang@actuate.com,Resolution,WORKSFORME,---
2007-05-23 02:10:27 EDT,ywang@actuate.com,Status,REOPENED,RESOLVED
2007-05-23 02:10:27 EDT,ywang@actuate.com,Resolution,---,WORKSFORME
2007-05-23 02:10:49 EDT,ywang@actuate.com,Status,RESOLVED,REOPENED
2007-05-23 02:10:49 EDT,ywang@actuate.com,Resolution,FIXED,---
2007-05-23 02:11:55 EDT,xwang@actuate.com,Status,CLOSED,RESOLVED
2009-07-09 11:20:44 EDT,bluesoldier@gmail.com,Whiteboard,Non-Auto,
