When, Who, What, Added, Removed
2007-01-28 04:22:12 EST,gadi@zend.com,Keywords,plan,
2007-01-28 04:22:12 EST,gadi@zend.com,Priority,P2,P3
2007-01-28 11:31:19 EST,gadi@zend.com,Summary,changing a value of a breakpoint value while debugging - only when we edit all the line,changing a value of a breakpoint - only when we edit all the line
2007-02-11 04:10:29 EST,guy.g@zend.com,Assignee,shalom@zend.com,php.debug-inbox@eclipse.org
2007-02-15 10:45:12 EST,shalom@zend.com,Status,RESOLVED,NEW
2007-02-15 10:45:12 EST,shalom@zend.com,Resolution,FIXED,---
2007-02-19 03:27:49 EST,gadi@zend.com,Status,CLOSED,RESOLVED
