When, Who, What, Added, Removed
2007-01-31 08:05:09 EST,snorthov@ca.ibm.com,CC,steve_northover@ca.ibm.com,
2007-01-31 08:05:09 EST,snorthov@ca.ibm.com,Assignee,duongn@ca.ibm.com,platform-swt-inbox@eclipse.org
2007-02-02 11:55:30 EST,duongn@ca.ibm.com,Assignee,steve_northover@ca.ibm.com,duongn@ca.ibm.com
2007-02-02 11:55:48 EST,duongn@ca.ibm.com,CC,duongn@ca.ibm.com,
2007-09-10 17:26:57 EDT,duongn@ca.ibm.com,CC,xloiseau@yahoo.fr,
2007-09-17 13:33:13 EDT,duongn@ca.ibm.com,Status,RESOLVED,NEW
2007-09-17 13:33:13 EDT,duongn@ca.ibm.com,Resolution,FIXED,---
2007-09-20 11:40:14 EDT,grant_gayed@ca.ibm.com,Target Milestone,3.4 M2,---
2008-04-30 17:37:20 EDT,duongn@ca.ibm.com,CC,alexander.becher@aixpertsoft.de,
