When, Who, What, Added, Removed
2007-01-29 12:41:07 EST,eclipse@abstratt.com,Summary,references to types from metamodel break XMI serialization,references to types from metamodel breaks XMI serialization
2007-01-29 12:41:45 EST,eclipse@abstratt.com,Summary,references to types from metamodel break profile serialization,references to types from metamodel break XMI serialization
2007-01-29 15:26:01 EST,Kenn.Hussey@gmail.com,Assignee,jbruck@ca.ibm.com,uml2-core-inbox@eclipse.org
2007-01-29 15:26:01 EST,Kenn.Hussey@gmail.com,Component,UML2,Core
2007-01-29 15:26:01 EST,Kenn.Hussey@gmail.com,Product,MDT,UML2
2007-01-29 15:26:01 EST,Kenn.Hussey@gmail.com,Target Milestone,2.1.0,---
2007-01-29 15:26:01 EST,Kenn.Hussey@gmail.com,Version,2.1.0,unspecified
2007-01-31 11:38:46 EST,Kenn.Hussey@gmail.com,Assignee,khussey@ca.ibm.com,jbruck@ca.ibm.com
2007-01-31 11:38:46 EST,Kenn.Hussey@gmail.com,Component,UML,UML2
2007-01-31 11:38:46 EST,Kenn.Hussey@gmail.com,Product,UML2,MDT
2007-01-31 11:38:46 EST,Kenn.Hussey@gmail.com,Target Milestone,2.0.3,2.1.0
2007-01-31 11:38:46 EST,Kenn.Hussey@gmail.com,Version,2.0.2,2.1.0
2007-01-31 13:45:05 EST,Kenn.Hussey@gmail.com,Status,ASSIGNED,NEW
2007-02-02 09:12:09 EST,Kenn.Hussey@gmail.com,Status,RESOLVED,ASSIGNED
2007-02-02 09:12:09 EST,Kenn.Hussey@gmail.com,Resolution,FIXED,---
2007-02-27 10:05:28 EST,yves.yang@soyatec.com,CC,yves.yang@soyatec.com,
2008-01-28 16:37:03 EST,nickboldt@gmail.com,Status,VERIFIED,RESOLVED
