When, Who, What, Added, Removed
2007-02-07 12:15:27 EST,tbuss@serena.com,Status,RESOLVED,NEW
2007-02-07 12:15:27 EST,tbuss@serena.com,Resolution,FIXED,---
2007-02-07 12:15:27 EST,tbuss@serena.com,Target Milestone,1.0M7,---
2007-02-07 13:05:32 EST,rreising@serena.com,Status,CLOSED,RESOLVED
2010-11-23 14:33:34 EST,webmaster@eclipse.org,Component,ALF,alf-plugins
2010-11-23 14:33:34 EST,webmaster@eclipse.org,Version,unspecified,ALF 0.7
2010-11-23 14:33:34 EST,webmaster@eclipse.org,Product,z_Archived,ALF
2010-11-23 14:33:34 EST,webmaster@eclipse.org,Target Milestone,---,1.0M7
