When, Who, What, Added, Removed
2007-01-29 23:04:46 EST,qwang@actuate.com,Assignee,xiong.zhang@actuate.com,Birt-ReportDesigner-inbox@eclipse.org
2007-01-29 23:04:46 EST,qwang@actuate.com,Target Milestone,2.2.0,---
2007-05-11 03:40:49 EDT,qwang@actuate.com,Target Milestone,2.2.0 RC1,2.2.0
2007-05-15 06:41:12 EDT,qwang@actuate.com,Target Milestone,2.2.0 RC2,2.2.0 RC1
2007-05-16 18:08:21 EDT,qwang@actuate.com,Assignee,dgao@actuate.com,xiong.zhang@actuate.com
2007-05-17 03:11:20 EDT,gump_gao@sohu.com,Status,RESOLVED,NEW
2007-05-17 03:11:20 EDT,gump_gao@sohu.com,Resolution,FIXED,---
2007-05-30 04:39:38 EDT,tzhang@actuate.com,Status,CLOSED,RESOLVED
