When, Who, What, Added, Removed
2007-04-16 00:47:50 EDT,Rekha.Deshmukh@kpitcummins.com,CC,Rekha.Deshmukh@kpitcummins.com,
2007-04-16 04:40:11 EDT,mikhail.sennikovskiy@gmail.com,Assignee,cdt-build-inbox@eclipse.org,cdt-core-inbox@eclipse.org
2007-04-16 04:40:11 EDT,mikhail.sennikovskiy@gmail.com,Component,cdt-build,cdt-core
2007-05-17 05:28:36 EDT,mikhail.sennikovskiy@gmail.com,Assignee,Mikhail.Sennikovsky@intel.com,cdt-build-inbox@eclipse.org
2007-05-17 05:28:36 EDT,mikhail.sennikovskiy@gmail.com,Target Milestone,4.0,---
2007-06-05 11:54:00 EDT,mikhail.sennikovskiy@gmail.com,Status,RESOLVED,NEW
2007-06-05 11:54:00 EDT,mikhail.sennikovskiy@gmail.com,Resolution,FIXED,---
2007-06-05 11:54:00 EDT,mikhail.sennikovskiy@gmail.com,Target Milestone,4.0 RC3,4.0
2014-01-29 16:59:36 EST,dschaefer@qnx.com,Attachment #57749                Flags,iplog+,
2014-01-29 16:59:36 EST,dschaefer@qnx.com,CC,dschaefer@qnx.com,
