When, Who, What, Added, Removed
2007-03-21 09:54:38 EDT,mknauer@eclipsesource.com,Target Milestone,0.5.0 M2,0.5.0 M0
2007-03-29 03:22:52 EDT,katis@man.poznan.pl,Status,RESOLVED,NEW
2007-03-29 03:22:52 EDT,katis@man.poznan.pl,Resolution,FIXED,---
2007-07-27 04:24:20 EDT,katis@man.poznan.pl,Status,CLOSED,RESOLVED
2014-01-09 16:17:55 EST,webmaster@eclipse.org,Component,Geclipse,geclipse
2014-01-09 16:17:55 EST,webmaster@eclipse.org,Product,z_Archived,gEclipse
2014-01-09 16:17:55 EST,webmaster@eclipse.org,Target Milestone,---,0.5.0 M2
