When, Who, What, Added, Removed
2007-01-29 14:41:43 EST,agoel@actuate.com,CC,rkanguri@actuate.com,
2007-01-29 14:41:43 EST,agoel@actuate.com,Summary,Rename "BIRT Web Projects" in New Project Wizard,Rename "BIRT Web Projects" in new Report Wizard
2007-01-29 23:02:35 EST,qwang@actuate.com,Assignee,Birt-ReportViewer-inbox@eclipse.org,Birt-ReportDesigner-inbox@eclipse.org
2007-01-29 23:02:35 EST,qwang@actuate.com,Component,Report Viewer,Report Designer
2007-01-30 00:02:26 EST,cyfgod@gmail.com,Assignee,ycheng@actuate.com,Birt-ReportViewer-inbox@eclipse.org
2007-01-30 00:04:34 EST,cyfgod@gmail.com,Target Milestone,2.2.0 M5,---
2007-01-30 00:47:00 EST,cyfgod@gmail.com,Status,RESOLVED,NEW
2007-01-30 00:47:00 EST,cyfgod@gmail.com,Resolution,FIXED,---
