When, Who, What, Added, Removed
2009-07-30 04:47:25 EDT,lafeuil@gmail.com,CC,lafeuil@gmail.com,
2011-04-08 10:24:29 EDT,dj_houghton@ca.ibm.com,Component,Compendium,Runtime
2011-04-08 10:24:29 EDT,dj_houghton@ca.ibm.com,Assignee,equinox.compendium-inbox@eclipse.org,platform-runtime-inbox@eclipse.org
2011-04-08 10:24:29 EDT,dj_houghton@ca.ibm.com,Product,Equinox,Platform
2011-07-19 11:29:40 EDT,dj_houghton@ca.ibm.com,Assignee,dj_houghton@ca.ibm.com,equinox.compendium-inbox@eclipse.org
2011-07-19 11:29:40 EDT,dj_houghton@ca.ibm.com,Target Milestone,Juno,---
2011-07-28 08:35:49 EDT,dj_houghton@ca.ibm.com,Target Milestone,Juno M2,Juno
2011-08-16 11:35:46 EDT,john_arthorne@ca.ibm.com,CC,john_arthorne@ca.ibm.com,
2011-09-07 11:21:25 EDT,dj_houghton@ca.ibm.com,Target Milestone,Juno M3,Juno M2
2011-10-21 08:49:10 EDT,tjwatson@us.ibm.com,Status,ASSIGNED,NEW
2011-10-21 08:49:10 EDT,tjwatson@us.ibm.com,CC,tjwatson@us.ibm.com,
2011-10-21 09:29:03 EDT,dj_houghton@ca.ibm.com,Target Milestone,Juno M4,Juno M3
2011-12-06 07:43:07 EST,dj_houghton@ca.ibm.com,Target Milestone,Juno M5,Juno M4
2012-01-19 15:18:12 EST,dj_houghton@ca.ibm.com,Status,RESOLVED,ASSIGNED
2012-01-19 15:18:12 EST,dj_houghton@ca.ibm.com,Resolution,FIXED,---
2013-05-24 11:11:10 EDT,jdsalingerjr@gmail.com,CC,jdsalingerjr@gmail.com,
