When, Who, What, Added, Removed
2007-01-31 02:30:41 EST,yli@actuate.com,Assignee,jliu@actuate.com,Birt-Report-inbox@eclipse.org
2007-01-31 02:30:41 EST,yli@actuate.com,Target Milestone,2.2.0 M6,---
2007-02-01 03:55:06 EST,jliu@actuate.com,Assignee,mwu@actuate.com,jliu@actuate.com
2007-02-01 03:55:06 EST,jliu@actuate.com,Component,Data,Report
2007-02-01 10:33:04 EST,jasonweathersby@windstream.net,Status,RESOLVED,NEW
2007-02-01 10:33:04 EST,jasonweathersby@windstream.net,Resolution,FIXED,---
2007-02-01 13:35:45 EST,home4slc@gmail.com,CC,home4slc@gmail.com,
