When, Who, What, Added, Removed
2007-01-29 10:03:40 EST,Alexander.Fedorov@borland.com,CC,artem.tikhomirov@borland.com,
2007-01-29 10:07:53 EST,tikhomirov.artem@gmail.com,Assignee,Alexander.Fedorov@borland.com,gmf.ui-inbox@eclipse.org
2007-01-29 10:19:53 EST,Alexander.Fedorov@borland.com,Status,ASSIGNED,NEW
2007-01-29 14:13:42 EST,tikhomirov.artem@gmail.com,Status,RESOLVED,ASSIGNED
2007-01-29 14:13:42 EST,tikhomirov.artem@gmail.com,Keywords,contributed,
2007-01-29 14:13:42 EST,tikhomirov.artem@gmail.com,Resolution,FIXED,---
2007-01-29 14:13:42 EST,tikhomirov.artem@gmail.com,Summary,"Create generator model" wizard should allow to reconcile existing gmfgen,[Wizards] "Create generator model" wizard should allow to reconcile existing gmfgen
2007-01-29 14:13:42 EST,tikhomirov.artem@gmail.com,Target Milestone,2.0 M5,---
2008-08-13 13:11:09 EDT,richard.gronback@borland.com,Target Milestone,2.0,2.0 M5
