When, Who, What, Added, Removed
2007-01-29 15:52:13 EST,jsholl@us.ibm.com,Whiteboard,PMC,
2007-01-29 15:53:28 EST,cbridgha@us.ibm.com,Assignee,jsholl@us.ibm.com,jst.j2ee-inbox@eclipse.org
2007-01-29 15:53:28 EST,cbridgha@us.ibm.com,Target Milestone,1.5.3 M153,---
2007-01-29 15:57:03 EST,jsholl@us.ibm.com,Status,ASSIGNED,NEW
2007-01-30 15:41:10 EST,raghunathan.srinivasan@oracle.com,CC,raghunathan.srinivasan@oracle.com,
2007-01-31 16:45:55 EST,jsholl@us.ibm.com,Status,RESOLVED,ASSIGNED
2007-01-31 16:45:55 EST,jsholl@us.ibm.com,Resolution,FIXED,---
2007-01-31 18:23:35 EST,david_williams@us.ibm.com,CC,david_williams@us.ibm.com,
2007-02-02 11:09:22 EST,jlanuti@us.ibm.com,Whiteboard,PMC_approved,PMC
2007-02-08 16:31:17 EST,cbridgha@us.ibm.com,Status,CLOSED,RESOLVED
