When, Who, What, Added, Removed
2007-01-29 18:44:00 EST,cgold@us.ibm.com,CC,dejan@ca.ibm.com,
2007-01-30 08:25:08 EST,pwebster@ca.ibm.com,CC,Tod_Creasey@ca.ibm.com,
2007-01-30 08:25:08 EST,pwebster@ca.ibm.com,Assignee,kim_horne@ca.ibm.com,Platform-UI-Inbox@eclipse.org
2007-01-30 08:25:08 EST,pwebster@ca.ibm.com,Summary,[Themes] Problems with JFaceColors in High Contrast,Problems with JFaceColors in High Contrast
2007-08-22 14:50:16 EDT,cgold@us.ibm.com,Blocks,189793,
2007-08-22 15:19:43 EDT,cbeth@us.ibm.com,CC,cbeth@us.ibm.com,
2007-08-22 15:28:19 EDT,cbeth@us.ibm.com,CC,raji@us.ibm.com,
2007-08-29 12:44:16 EDT,eclipse@pookzilla.net,Status,ASSIGNED,NEW
2007-09-05 11:15:15 EDT,eclipse@pookzilla.net,Target Milestone,3.4,---
2008-02-27 14:12:22 EST,eclipse@pookzilla.net,Status,RESOLVED,ASSIGNED
2008-02-27 14:12:22 EST,eclipse@pookzilla.net,Resolution,FIXED,---
2008-02-27 14:12:22 EST,eclipse@pookzilla.net,Target Milestone,3.4 M6,3.4
2008-03-10 13:06:00 EDT,cgold@us.ibm.com,CC,liuj1@us.ibm.com,
2008-03-25 10:26:27 EDT,eclipse@pookzilla.net,Status,VERIFIED,RESOLVED
