When, Who, What, Added, Removed
2007-01-29 16:08:52 EST,smith@ca.ibm.com,Priority,P1,P3
2007-01-29 16:08:52 EST,smith@ca.ibm.com,Target Milestone,4.4,---
2007-02-06 02:40:16 EST,smith@ca.ibm.com,Target Milestone,4.4i2,4.4
2007-03-01 13:31:25 EST,rohit.shetty@in.ibm.com,CC,rohit.shetty@in.ibm.com,
2007-03-27 18:53:29 EDT,smith@ca.ibm.com,Status,RESOLVED,NEW
2007-03-27 18:53:29 EDT,smith@ca.ibm.com,Resolution,FIXED,---
2007-03-29 21:58:45 EDT,jkubasta@ca.ibm.com,Keywords,plan,
2009-06-30 09:50:47 EDT,paules@ca.ibm.com,Status,CLOSED,RESOLVED
2009-06-30 09:50:47 EDT,paules@ca.ibm.com,Whiteboard,closed460,
2009-06-30 16:32:00 EDT,paules@ca.ibm.com,Whiteboard,housecleaned460 closed460,closed460
2009-07-01 16:18:29 EDT,paules@ca.ibm.com,Whiteboard,closed460,housecleaned460 closed460
2010-06-03 15:10:38 EDT,webmaster@eclipse.org,Component,TPTP.monitoring,Monitor.Execution
2010-06-03 15:10:38 EDT,webmaster@eclipse.org,Version,unspecified,4.4
2010-06-03 15:10:38 EDT,webmaster@eclipse.org,Product,z_Archived,TPTP GLA
2010-06-03 15:10:38 EDT,webmaster@eclipse.org,Target Milestone,---,4.4i2
