When, Who, What, Added, Removed
2007-01-29 12:22:24 EST,markus_keller@ch.ibm.com,Assignee,benno_baumgartner@ch.ibm.com,jdt-ui-inbox@eclipse.org
2007-01-29 12:22:24 EST,markus_keller@ch.ibm.com,Summary,[clean up] Sort members clean up leaks working copies,Sort members clean up leaks working copies
2007-01-29 12:22:38 EST,markus_keller@ch.ibm.com,Target Milestone,3.3 M5,---
2007-01-30 03:45:18 EST,benno.baumgartner@comerge.net,CC,alex_blewitt@yahoo.com,
2007-01-31 09:52:14 EST,benno.baumgartner@comerge.net,CC,benno_baumgartner@ch.ibm.com,
2007-01-31 09:52:14 EST,benno.baumgartner@comerge.net,Assignee,jdt-core-inbox@eclipse.org,benno_baumgartner@ch.ibm.com
2007-01-31 09:52:14 EST,benno.baumgartner@comerge.net,Component,Core,UI
2007-01-31 10:29:51 EST,Olivier_Thomann@ca.ibm.com,Assignee,Olivier_Thomann@ca.ibm.com,jdt-core-inbox@eclipse.org
2007-01-31 15:19:38 EST,Olivier_Thomann@ca.ibm.com,Status,RESOLVED,NEW
2007-01-31 15:19:38 EST,Olivier_Thomann@ca.ibm.com,Resolution,FIXED,---
2007-02-06 09:11:09 EST,frederic_fusier@fr.ibm.com,Status,VERIFIED,RESOLVED
