When, Who, What, Added, Removed
2007-01-29 08:50:42 EST,Tod_Creasey@ca.ibm.com,Blocks,171638,
2007-01-29 08:51:26 EST,Tod_Creasey@ca.ibm.com,CC,Tomasz.Zarna@pl.ibm.com,
2007-01-31 03:51:02 EST,daniel_megert@ch.ibm.com,CC,daniel_megert@ch.ibm.com,
2007-02-01 10:19:34 EST,krzysztof.michalski@pl.ibm.com,Status,RESOLVED,NEW
2007-02-01 10:19:34 EST,krzysztof.michalski@pl.ibm.com,Resolution,FIXED,---
2007-02-15 09:36:29 EST,Tod_Creasey@ca.ibm.com,Status,REOPENED,RESOLVED
2007-02-15 09:36:29 EST,Tod_Creasey@ca.ibm.com,Resolution,---,FIXED
2007-02-15 09:36:43 EST,Tod_Creasey@ca.ibm.com,Target Milestone,3.3 M6,---
2007-02-20 07:51:57 EST,krzysztof.michalski@pl.ibm.com,Attachment #57716                Attachment is obsolete,1,0
2007-02-20 07:51:57 EST,krzysztof.michalski@pl.ibm.com,Attachment #59272                Attachment is obsolete,1,0
2007-02-20 08:17:30 EST,krzysztof.michalski@pl.ibm.com,Attachment #59363                Attachment is obsolete,1,0
2007-02-20 08:26:56 EST,krzysztof.michalski@pl.ibm.com,Attachment #59364                Attachment is obsolete,1,0
2007-02-21 12:58:51 EST,krzysztof.michalski@pl.ibm.com,Attachment #59367                Attachment is obsolete,1,0
2007-02-21 15:38:52 EST,Tod_Creasey@ca.ibm.com,Blocks,175034,
2007-02-21 15:41:13 EST,Tod_Creasey@ca.ibm.com,Status,NEW,REOPENED
2007-02-21 15:49:31 EST,Tod_Creasey@ca.ibm.com,Status,RESOLVED,NEW
2007-02-21 15:49:31 EST,Tod_Creasey@ca.ibm.com,Resolution,FIXED,---
2007-02-22 16:00:35 EST,Tod_Creasey@ca.ibm.com,Blocks,174831,
2007-03-20 11:39:03 EDT,Tod_Creasey@ca.ibm.com,CC,conway@tripadvisor.com,
2007-03-22 09:59:24 EDT,krzysztof.michalski@pl.ibm.com,Status,VERIFIED,RESOLVED
2007-06-05 14:23:08 EDT,Tod_Creasey@ca.ibm.com,Keywords,contributed,
