When, Who, What, Added, Removed
2007-01-29 17:09:22 EST,lizdancy@ca.ibm.com,Status,ASSIGNED,NEW
2007-01-29 17:09:22 EST,lizdancy@ca.ibm.com,Priority,P1,P3
2007-01-29 17:09:22 EST,lizdancy@ca.ibm.com,Target Milestone,4.4i1,---
2007-01-29 17:12:05 EST,lizdancy@ca.ibm.com,CC,amehrega@ca.ibm.com,
2007-01-30 10:53:13 EST,lizdancy@ca.ibm.com,Attachment #57743                Attachment is obsolete,1,0
2007-01-30 11:32:02 EST,lizdancy@ca.ibm.com,Status,RESOLVED,ASSIGNED
2007-01-30 11:32:02 EST,lizdancy@ca.ibm.com,Resolution,FIXED,---
2007-06-04 10:27:33 EDT,lizdancy@ca.ibm.com,Status,VERIFIED,RESOLVED
2007-06-25 07:34:06 EDT,paules@ca.ibm.com,Status,CLOSED,VERIFIED
2008-03-10 11:14:57 EDT,paules@ca.ibm.com,CC,paules@ca.ibm.com,
