When, Who, What, Added, Removed
2007-01-30 08:26:16 EST,pwebster@ca.ibm.com,Assignee,platform-text-inbox@eclipse.org,Platform-UI-Inbox@eclipse.org
2007-01-30 08:26:16 EST,pwebster@ca.ibm.com,Component,Text,UI
2007-01-30 08:54:06 EST,daniel_megert@ch.ibm.com,Status,RESOLVED,NEW
2007-01-30 08:54:06 EST,daniel_megert@ch.ibm.com,Resolution,FIXED,---
2007-01-30 08:54:06 EST,daniel_megert@ch.ibm.com,Summary,[implementation] CompletionProposalPopup missing null check in fFilterRunnable#run,CompletionProposalPopup missing null check in fFilterRunnable#run
2007-01-30 08:54:06 EST,daniel_megert@ch.ibm.com,Target Milestone,3.3 M5,---
