When, Who, What, Added, Removed
2007-02-01 19:50:56 EST,mik.kersten@tasktop.com,Status,RESOLVED,NEW
2007-02-01 19:50:56 EST,mik.kersten@tasktop.com,Resolution,WORKSFORME,---
2007-02-01 20:00:14 EST,ekuleshov@gmail.com,Status,REOPENED,RESOLVED
2007-02-01 20:00:14 EST,ekuleshov@gmail.com,Resolution,---,WORKSFORME
2007-02-01 20:17:44 EST,mik.kersten@tasktop.com,Keywords,helpwanted,
2007-02-01 20:21:15 EST,mik.kersten@tasktop.com,CC,steffen.pingel@eclipse.org,
2007-02-07 22:22:19 EST,steffen.pingel@tasktop.com,Assignee,steffen.pingel@eclipse.org,mylar-inbox@eclipse.org
2007-02-07 22:22:19 EST,steffen.pingel@tasktop.com,Status,NEW,REOPENED
2007-02-12 20:33:12 EST,ekuleshov@gmail.com,CC,mik.kersten@eclipse.org,
2007-02-12 23:15:00 EST,ekuleshov@gmail.com,Status,RESOLVED,NEW
2007-02-12 23:15:00 EST,ekuleshov@gmail.com,Resolution,FIXED,---
