When, Who, What, Added, Removed
2007-01-29 21:07:24 EST,cyfgod@gmail.com,Assignee,ycheng@actuate.com,Birt-ReportViewer-inbox@eclipse.org
2007-01-29 21:07:24 EST,cyfgod@gmail.com,Target Milestone,2.2.0 M5,---
2007-01-29 22:16:08 EST,cyfgod@gmail.com,Assignee,Birt-ReportEngine-inbox@eclipse.org,ycheng@actuate.com
2007-01-29 22:16:08 EST,cyfgod@gmail.com,Component,Report Engine,Report Viewer
2007-01-30 20:36:28 EST,wyan@actuate.com,Assignee,yliang@actuate.com,Birt-ReportEngine-inbox@eclipse.org
2007-02-02 02:45:41 EST,yliang@actuate.com,Status,RESOLVED,NEW
2007-02-02 02:45:41 EST,yliang@actuate.com,Resolution,FIXED,---
2007-02-04 21:12:32 EST,xiang.li@actuate.com,Status,CLOSED,RESOLVED
