When, Who, What, Added, Removed
2007-02-01 20:24:08 EST,mik.kersten@tasktop.com,Assignee,eu@md.pp.ru,mylar-inbox@eclipse.org
2007-02-01 20:24:08 EST,mik.kersten@tasktop.com,Severity,minor,normal
2007-02-01 20:24:08 EST,mik.kersten@tasktop.com,Target Milestone,2.0,---
2007-02-01 22:21:28 EST,ekuleshov@gmail.com,CC,steffen.pingel@eclipse.org,
2007-02-18 13:15:31 EST,steffen.pingel@tasktop.com,Summary,[api] generalize repository validation,Remove the "Validate" button for connector configuration that doesn't support it
2007-02-18 13:15:31 EST,steffen.pingel@tasktop.com,Target Milestone,2.0 M2,2.0
2007-02-19 14:02:01 EST,mik.kersten@tasktop.com,Assignee,steffen.pingel@eclipse.org,eu@md.pp.ru
2007-02-19 18:17:50 EST,mik.kersten@tasktop.com,CC,rob.elves@eclipse.org,
2007-02-19 22:19:53 EST,steffen.pingel@tasktop.com,Status,RESOLVED,NEW
2007-02-19 22:19:53 EST,steffen.pingel@tasktop.com,Resolution,FIXED,---
