When, Who, What, Added, Removed
2007-01-29 16:04:27 EST,bokowski@google.com,Assignee,Boris_Bokowski@ca.ibm.com,Platform-UI-Inbox@eclipse.org
2007-01-29 16:04:27 EST,bokowski@google.com,Summary,[Viewers] Plus sign doesn't disappear when using deferred content providers,Plus sign doesn't disappear when using deferred content providers
2007-01-31 12:06:49 EST,bokowski@google.com,Target Milestone,3.3 M5,---
2007-02-04 14:45:14 EST,bokowski@google.com,Status,RESOLVED,NEW
2007-02-04 14:45:14 EST,bokowski@google.com,Resolution,FIXED,---
