When, Who, What, Added, Removed
2007-01-29 14:47:59 EST,mik.kersten@tasktop.com,CC,rob.elves@eclipse.org,
2007-01-29 14:47:59 EST,mik.kersten@tasktop.com,Severity,enhancement,normal
2007-01-29 14:47:59 EST,mik.kersten@tasktop.com,Keywords,helpwanted,
2007-01-29 14:47:59 EST,mik.kersten@tasktop.com,Summary,[api] AbstractRepositoryTaskEditor should optionally support delete/remove for comments and attachments,AbstractRepositoryTaskEditor should optionally support delete/remove for comments and attachments
2007-02-01 17:02:37 EST,mik.kersten@tasktop.com,Assignee,lpochman@insightful.com,mylar-inbox@eclipse.org
2007-02-12 13:58:28 EST,mik.kersten@tasktop.com,CC,sminto@cs.ubc.ca,
2007-03-18 22:29:49 EDT,mik.kersten@tasktop.com,Status,ASSIGNED,NEW
2007-03-18 22:29:49 EDT,mik.kersten@tasktop.com,Priority,P5,P3
2007-04-10 15:51:58 EDT,pochmans@gmail.com,CC,lpochman@insightful.com,
2007-04-13 16:45:18 EDT,pochmans@gmail.com,Attachment #63421                Attachment is obsolete,1,0
2007-04-17 19:21:28 EDT,pochmans@gmail.com,Status,RESOLVED,ASSIGNED
2007-04-17 19:21:28 EDT,pochmans@gmail.com,Resolution,FIXED,---
