When, Who, What, Added, Removed
2007-01-29 10:25:10 EST,emoffatt@ca.ibm.com,Assignee,emoffatt@ca.ibm.com,Platform-UI-Inbox@eclipse.org
2007-01-29 10:25:10 EST,emoffatt@ca.ibm.com,Severity,major,normal
2007-01-29 10:25:10 EST,emoffatt@ca.ibm.com,Summary,[Trim] NPE on startup for contributed trim,[Trim
2007-01-29 10:25:10 EST,emoffatt@ca.ibm.com,Target Milestone,3.3 M5,---
2007-01-29 10:27:04 EST,emoffatt@ca.ibm.com,CC,nick_edgar@ca.ibm.com,
2007-01-29 14:15:55 EST,emoffatt@ca.ibm.com,Status,RESOLVED,NEW
2007-01-29 14:15:55 EST,emoffatt@ca.ibm.com,Resolution,FIXED,---
2008-02-05 15:10:19 EST,emoffatt@ca.ibm.com,Status,CLOSED,RESOLVED
