When, Who, What, Added, Removed
2007-01-29 10:02:30 EST,pwebster@ca.ibm.com,Assignee,Karice_McIntyre@ca.ibm.com,Platform-UI-Inbox@eclipse.org
2007-01-29 10:23:17 EST,Karice_McIntyre@ca.ibm.com,Keywords,helpwanted,
2007-01-29 16:45:20 EST,Karice_McIntyre@ca.ibm.com,Keywords,api,
2007-03-20 08:36:38 EDT,Alexander.Fedorov@borland.com,Attachment #57711                Attachment is obsolete,1,0
2007-03-20 09:09:52 EDT,Tod_Creasey@ca.ibm.com,Assignee,Tod_Creasey@ca.ibm.com,Karice_McIntyre@ca.ibm.com
2007-03-20 09:09:52 EDT,Tod_Creasey@ca.ibm.com,Keywords,contributed,
2007-03-29 15:32:01 EDT,Tod_Creasey@ca.ibm.com,Target Milestone,3.4,---
2007-06-21 01:24:35 EDT,john.ruud@thrasys.com,CC,john.ruud@thrasys.com,
2007-10-11 13:24:44 EDT,Tod_Creasey@ca.ibm.com,Status,RESOLVED,NEW
2007-10-11 13:24:44 EDT,Tod_Creasey@ca.ibm.com,Resolution,FIXED,---
2007-10-11 13:24:44 EDT,Tod_Creasey@ca.ibm.com,Target Milestone,3.4 M3,3.4
2007-10-29 14:03:04 EDT,Tod_Creasey@ca.ibm.com,CC,Tod_Creasey@ca.ibm.com,
2007-10-29 14:03:04 EDT,Tod_Creasey@ca.ibm.com,Status,VERIFIED,RESOLVED
