When, Who, What, Added, Removed
2007-01-29 18:03:58 EST,john_arthorne@ca.ibm.com,Attachment #57736                Attachment is obsolete,1,0
2007-01-29 18:31:31 EST,john_arthorne@ca.ibm.com,Status,RESOLVED,NEW
2007-01-29 18:31:31 EST,john_arthorne@ca.ibm.com,Resolution,FIXED,---
2007-01-29 18:31:31 EST,john_arthorne@ca.ibm.com,Target Milestone,3.3 M5,---
2007-01-30 06:09:46 EST,martin.oberhuber@windriver.com,Status,REOPENED,RESOLVED
2007-01-30 06:09:46 EST,martin.oberhuber@windriver.com,Resolution,---,FIXED
2007-01-30 09:51:32 EST,john_arthorne@ca.ibm.com,Status,RESOLVED,REOPENED
2007-01-30 09:51:32 EST,john_arthorne@ca.ibm.com,Resolution,FIXED,---
2007-01-30 10:45:06 EST,martin.oberhuber@windriver.com,Attachment #57790                Attachment is obsolete,1,0
2007-01-30 11:59:06 EST,martin.oberhuber@windriver.com,Attachment #57801                Attachment is obsolete,1,0
