When, Who, What, Added, Removed
2007-02-01 11:09:37 EST,bkonrath@redhat.com,Assignee,keiths@redhat.com,linux.oprofile-inbox@eclipse.org
2007-03-24 13:25:30 EDT,remy.suen@gmail.com,CC,remy.suen@gmail.com,
2008-09-03 12:24:14 EDT,overholt@gmail.com,CC,overholt@redhat.com,
2008-09-03 12:24:14 EDT,overholt@gmail.com,Summary,Re-namespace oprofile plugin,re-namespec oprofile plugin
2008-09-30 14:15:40 EDT,overholt@gmail.com,Assignee,ksebasti@redhat.com,keiths@redhat.com
2008-09-30 14:15:40 EDT,overholt@gmail.com,Target Milestone,1.0M1,---
2009-01-13 14:06:28 EST,overholt@gmail.com,Status,RESOLVED,NEW
2009-01-13 14:06:28 EST,overholt@gmail.com,Resolution,FIXED,---
2009-01-13 14:06:28 EST,overholt@gmail.com,Target Milestone,0.1,1.0M1
