When, Who, What, Added, Removed
2007-01-29 15:48:56 EST,smith@ca.ibm.com,Priority,P1,P3
2007-01-29 15:48:56 EST,smith@ca.ibm.com,Target Milestone,4.4,---
2007-01-31 18:28:59 EST,ewchan@ca.ibm.com,Target Milestone,future,4.4
2007-01-31 23:22:00 EST,ewchan@ca.ibm.com,Target Milestone,4.4,future
2007-02-06 13:05:55 EST,smith@ca.ibm.com,Target Milestone,4.4i2,4.4
2007-03-29 21:58:43 EDT,jkubasta@ca.ibm.com,Keywords,plan,
2007-04-09 16:42:27 EDT,smith@ca.ibm.com,Target Milestone,4.4i3,4.4i2
2007-04-12 13:12:14 EDT,smith@ca.ibm.com,CC,ewchan@ca.ibm.com,
2007-04-12 13:12:14 EDT,smith@ca.ibm.com,Assignee,vsatpute@in.ibm.com,ewchan@ca.ibm.com
2007-04-16 01:02:06 EDT,vsatpute@in.ibm.com,CC,rohit.shetty@in.ibm.com,
2007-05-02 19:42:16 EDT,ewchan@ca.ibm.com,Depends on,184515,
2007-05-05 07:22:08 EDT,vsatpute@in.ibm.com,Attachment #65946                Attachment is obsolete,1,0
2007-05-07 11:54:29 EDT,ewchan@ca.ibm.com,Status,RESOLVED,NEW
2007-05-07 11:54:29 EDT,ewchan@ca.ibm.com,Resolution,FIXED,---
2009-06-30 09:52:54 EDT,paules@ca.ibm.com,Status,CLOSED,RESOLVED
2009-06-30 09:52:54 EDT,paules@ca.ibm.com,Whiteboard,closed460,
2009-06-30 16:35:34 EDT,paules@ca.ibm.com,Whiteboard,housecleaned460 closed460,closed460
2009-07-01 16:28:35 EDT,paules@ca.ibm.com,Whiteboard,closed460,housecleaned460 closed460
2010-06-03 15:09:33 EDT,webmaster@eclipse.org,Component,TPTP.monitoring,Monitor.UI
2010-06-03 15:09:33 EDT,webmaster@eclipse.org,Version,unspecified,4.4
2010-06-03 15:09:33 EDT,webmaster@eclipse.org,Product,z_Archived,TPTP Log Analyzer
2010-06-03 15:09:33 EDT,webmaster@eclipse.org,Target Milestone,---,4.4i3
