When, Who, What, Added, Removed
2007-01-31 11:03:27 EST,anthonyh@ca.ibm.com,Target Milestone,2.0,---
2007-05-20 23:05:18 EDT,kmaster_2k@yahoo.com,CC,kmaster_2k@yahoo.com,
2007-06-19 11:44:54 EDT,anthonyh@ca.ibm.com,Assignee,anthonyh@ca.ibm.com,gmf.runtime.diagram-inbox@eclipse.org
2007-06-19 11:44:54 EDT,anthonyh@ca.ibm.com,Target Milestone,2.1,2.0
2007-06-19 16:43:19 EDT,anthonyh@ca.ibm.com,Assignee,gmf.generation-inbox@eclipse.org,anthonyh@ca.ibm.com
2007-06-19 16:43:19 EDT,anthonyh@ca.ibm.com,Component,Generation,Runtime
2007-06-20 15:07:01 EDT,tikhomirov.artem@gmail.com,CC,anthonyh@ca.ibm.com,
2008-04-16 04:13:00 EDT,bozec.m@gmail.com,CC,bozec.m@gmail.com,
2008-04-16 10:43:01 EDT,tikhomirov.artem@gmail.com,CC,artem.tikhomirov@borland.com,
2008-04-16 10:43:01 EDT,tikhomirov.artem@gmail.com,Assignee,gmf.runtime.diagram-inbox@eclipse.org,gmf.generation-inbox@eclipse.org
2008-04-16 10:43:01 EDT,tikhomirov.artem@gmail.com,Component,Runtime Diagram,Generation
2008-09-11 06:29:00 EDT,jevon@jevon.org,CC,jevon@jevon.org,
2010-02-18 09:08:50 EST,mariot.chauvin@gmail.com,Status,ASSIGNED,NEW
2010-02-18 09:08:50 EST,mariot.chauvin@gmail.com,CC,mariot.chauvin@obeo.fr,
2010-02-18 09:08:50 EST,mariot.chauvin@gmail.com,Assignee,mariot.chauvin@obeo.fr,gmf.runtime.diagram-inbox@eclipse.org
2010-02-18 09:08:50 EST,mariot.chauvin@gmail.com,Target Milestone,2.3 M6,2.1
2010-02-18 09:14:40 EST,mariot.chauvin@gmail.com,Status,RESOLVED,ASSIGNED
2010-02-18 09:14:40 EST,mariot.chauvin@gmail.com,Resolution,FIXED,---
2010-02-18 09:14:40 EST,mariot.chauvin@gmail.com,Flags,helios+,
2010-07-16 23:38:03 EDT,webmaster@eclipse.org,Target Milestone,2.3,2.3 M6
