When, Who, What, Added, Removed
2007-01-29 17:17:16 EST,eclipse@scharf.gr,Status,RESOLVED,NEW
2007-01-29 17:17:16 EST,eclipse@scharf.gr,Resolution,FIXED,---
2007-02-08 05:35:45 EST,martin.oberhuber@windriver.com,Component,Terminal,Core
2007-02-14 11:07:34 EST,martin.oberhuber@windriver.com,Target Milestone,2.0 M5,---
2007-02-28 08:28:03 EST,martin.oberhuber@windriver.com,Status,CLOSED,RESOLVED
2007-03-15 05:58:17 EDT,martin.oberhuber@windriver.com,Assignee,martin.oberhuber@windriver.com,dsdp.tm.core-inbox@eclipse.org
2008-08-13 13:16:51 EDT,martin.oberhuber@windriver.com,Target Milestone,2.0,2.0 M5
