When, Who, What, Added, Removed
2007-01-29 13:53:00 EST,give.a.damus@gmail.com,Assignee,codeslave@ca.ibm.com,mdt-releng-inbox@eclipse.org
2007-01-29 14:21:57 EST,give.a.damus@gmail.com,Attachment #57726                Attachment is obsolete,1,0
2007-01-29 15:41:54 EST,give.a.damus@gmail.com,Status,RESOLVED,NEW
2007-01-29 15:41:54 EST,give.a.damus@gmail.com,Resolution,FIXED,---
2007-01-29 16:06:09 EST,nickboldt@gmail.com,Status,REOPENED,RESOLVED
2007-01-29 16:06:09 EST,nickboldt@gmail.com,Resolution,---,FIXED
2007-01-31 13:22:24 EST,nickboldt@gmail.com,Status,RESOLVED,REOPENED
2007-01-31 13:22:24 EST,nickboldt@gmail.com,Resolution,FIXED,---
2008-01-28 16:36:48 EST,nickboldt@gmail.com,Status,VERIFIED,RESOLVED
