When, Who, What, Added, Removed
2007-01-29 15:21:41 EST,eclipse@abstratt.com,CC,eclipse.rc@gmail.com,
2007-02-08 09:32:13 EST,sbhola2006@gmail.com,Status,RESOLVED,NEW
2007-02-08 09:32:13 EST,sbhola2006@gmail.com,Resolution,FIXED,---
2007-02-08 09:35:51 EST,Kenn.Hussey@gmail.com,Status,REOPENED,RESOLVED
2007-02-08 09:35:51 EST,Kenn.Hussey@gmail.com,Resolution,---,FIXED
2007-02-08 09:35:51 EST,Kenn.Hussey@gmail.com,Target Milestone,2.0.3,---
2007-02-08 09:36:07 EST,Kenn.Hussey@gmail.com,Assignee,khussey@ca.ibm.com,uml2-core-inbox@eclipse.org
2007-02-08 09:36:07 EST,Kenn.Hussey@gmail.com,Status,NEW,REOPENED
2007-02-08 09:36:23 EST,Kenn.Hussey@gmail.com,Status,ASSIGNED,NEW
2007-02-08 12:22:25 EST,Kenn.Hussey@gmail.com,Status,RESOLVED,ASSIGNED
2007-02-08 12:22:25 EST,Kenn.Hussey@gmail.com,Resolution,FIXED,---
2008-01-28 16:36:54 EST,nickboldt@gmail.com,Status,VERIFIED,RESOLVED
