When, Who, What, Added, Removed
2007-01-29 18:36:58 EST,Darin_Swanson@us.ibm.com,Assignee,platform-releng-inbox@eclipse.org,platform-ant-inbox@eclipse.org
2007-01-29 18:36:58 EST,Darin_Swanson@us.ibm.com,Component,Releng,Ant
2007-01-29 18:52:12 EST,kim.moir@gmail.com,Assignee,pde-build-inbox@eclipse.org,platform-releng-inbox@eclipse.org
2007-01-29 18:52:12 EST,kim.moir@gmail.com,Component,Build,Releng
2007-01-29 18:52:12 EST,kim.moir@gmail.com,Product,PDE,Platform
2007-01-29 18:52:12 EST,kim.moir@gmail.com,Version,3.3,3.2.1
2007-03-29 21:30:45 EDT,aniefer@ca.ibm.com,Status,RESOLVED,NEW
2007-03-29 21:30:45 EDT,aniefer@ca.ibm.com,Resolution,FIXED,---
2007-03-29 21:30:45 EDT,aniefer@ca.ibm.com,Target Milestone,3.3 M7,---
