When, Who, What, Added, Removed
2007-01-29 10:24:14 EST,daniel_megert@ch.ibm.com,Status,ASSIGNED,NEW
2007-01-29 10:24:14 EST,daniel_megert@ch.ibm.com,Summary,[misc][preferences] configurable alpha level for whitespace character rendering,configurable alpha level for whitespace character rendering
2007-01-30 02:23:53 EST,daniel_megert@ch.ibm.com,CC,ahti.kitsik@gmail.com,
2007-01-30 04:08:49 EST,koalillo@fastmail.fm,CC,koalillo@fastmail.fm,
2008-06-23 18:50:40 EDT,remy.suen@gmail.com,CC,remy.suen@gmail.com,
2008-06-26 05:34:00 EDT,markus_keller@ch.ibm.com,CC,david@davidbond.net,
2008-10-05 11:10:08 EDT,hbchai@gmail.com,CC,hbchai@gmail.com,
2008-10-18 18:13:58 EDT,ck@atlantix-net.de,CC,ck@atlantix-net.de,
2008-11-11 11:53:04 EST,johnson_cy@hotmail.com,CC,johnson_cy@hotmail.com,
2008-12-31 13:15:34 EST,eclipse-kcollett@sneakemail.com,CC,eclipse-kcollett@sneakemail.com,
2009-01-30 01:23:16 EST,daniel_megert@ch.ibm.com,CC,daniel_megert@ch.ibm.com,
2009-01-30 01:23:16 EST,daniel_megert@ch.ibm.com,OS,All,Windows XP
2009-01-30 01:23:16 EST,daniel_megert@ch.ibm.com,Hardware,All,PC
2009-01-30 01:23:16 EST,daniel_megert@ch.ibm.com,Summary,[painting][preferences] configurable alpha level for whitespace character rendering,[misc][preferences] configurable alpha level for whitespace character rendering
2009-01-30 01:25:59 EST,daniel_megert@ch.ibm.com,CC,laurie.green@accenture.com,
2009-07-20 19:26:41 EDT,creswick@gmail.com,CC,creswick@gmail.com,
2009-07-29 09:29:02 EDT,daniel_megert@ch.ibm.com,Keywords,helpwanted,
2010-01-14 05:15:17 EST,bugzilla@konto.atmoz.no,CC,bugzilla@konto.atmoz.no,
2010-03-03 12:25:15 EST,mbrito@gmail.com,CC,mbrito@gmail.com,
2010-05-13 13:39:21 EDT,bugzilla@postpro.net,CC,bugzilla@postpro.net,
2010-05-27 12:08:07 EDT,robin@nibor.org,CC,robin@nibor.org,
2010-06-15 12:28:56 EDT,deepakazad@gmail.com,CC,deepak.azad@in.ibm.com,
2010-08-05 09:23:43 EDT,nkjoep@gmail.com,CC,nkjoep@gmail.com,
2010-09-03 18:08:05 EDT,zoogie@lugatgt.org,CC,zoogie@lugatgt.org,
2010-09-09 09:09:02 EDT,aukevanleeuwen@gmail.com,CC,aukevanleeuwen@gmail.com,
2010-10-18 09:50:14 EDT,deepakazad@gmail.com,Assignee,deepak.azad@in.ibm.com,platform-text-inbox@eclipse.org
2010-10-19 11:05:45 EDT,deepakazad@gmail.com,Target Milestone,3.7 M3,---
2010-10-19 11:05:45 EDT,deepakazad@gmail.com,Flags,review?(daniel_megert@ch.ibm.com),
2010-10-20 07:01:01 EDT,daniel_megert@ch.ibm.com,Keywords,,helpwanted
2010-10-20 07:01:01 EDT,daniel_megert@ch.ibm.com,Flags,,review?(daniel_megert@ch.ibm.com)
2010-10-20 09:02:49 EDT,deepakazad@gmail.com,Attachment #181188                Attachment is obsolete,1,0
2010-10-20 09:03:10 EDT,deepakazad@gmail.com,Flags,review?(daniel_megert@ch.ibm.com),
2010-10-20 09:26:01 EDT,daniel_megert@ch.ibm.com,Attachment #181284                Attachment is obsolete,1,0
2010-10-20 09:57:28 EDT,daniel_megert@ch.ibm.com,Flags,review+,review?(daniel_megert@ch.ibm.com)
2010-10-20 09:58:02 EDT,daniel_megert@ch.ibm.com,Attachment #181286                Flags,review+,
2010-10-20 10:10:06 EDT,daniel_megert@ch.ibm.com,Attachment #181289                Flags,review+,
2010-10-20 10:10:10 EDT,daniel_megert@ch.ibm.com,Attachment #181286                Flags,,review+
2010-10-20 10:10:10 EDT,daniel_megert@ch.ibm.com,Attachment #181286                Attachment is obsolete,1,0
2010-10-20 10:10:43 EDT,daniel_megert@ch.ibm.com,Status,RESOLVED,ASSIGNED
2010-10-20 10:10:43 EDT,daniel_megert@ch.ibm.com,Resolution,FIXED,---
2010-10-26 07:52:43 EDT,rthakkar@in.ibm.com,CC,rthakkar@in.ibm.com,
2010-10-26 07:53:12 EDT,rthakkar@in.ibm.com,Status,VERIFIED,RESOLVED
