When, Who, What, Added, Removed
2007-01-29 14:49:00 EST,karla.callaghan@intel.com,CC,samwai@ca.ibm.com,
2007-01-29 14:49:00 EST,karla.callaghan@intel.com,Assignee,jkubasta@ca.ibm.com,karla.callaghan@intel.com
2007-01-30 22:48:47 EST,jkubasta@ca.ibm.com,Assignee,samwai@ca.ibm.com,jkubasta@ca.ibm.com
2007-01-30 22:48:47 EST,jkubasta@ca.ibm.com,Target Milestone,4.4,---
2007-01-31 16:09:40 EST,samwai@ca.ibm.com,Priority,P1,P3
2007-01-31 17:05:02 EST,jptoomey@us.ibm.com,Component,Build,Platform.Communication
2007-01-31 17:05:02 EST,jptoomey@us.ibm.com,Product,TPTP Build,TPTP Agent Controller
2007-01-31 17:05:02 EST,jptoomey@us.ibm.com,Target Milestone,4.4i1,4.4
2007-01-31 17:07:11 EST,jptoomey@us.ibm.com,CC,randy.d.smith@intel.com, hkyleung@ca.ibm.com,
2007-01-31 17:07:11 EST,jptoomey@us.ibm.com,Summary,Incomplete packaging of Windows runtime Agent Controller zip files renders AC unusable,Unable to run SetConfig.bat
2007-02-01 09:13:31 EST,samwai@ca.ibm.com,Assignee,hkyleung@ca.ibm.com,samwai@ca.ibm.com
2007-02-02 10:53:45 EST,samwai@ca.ibm.com,CC,paules@ca.ibm.com,
2007-02-05 10:12:36 EST,hkyleung@ca.ibm.com,Status,RESOLVED,NEW
2007-02-05 10:12:36 EST,hkyleung@ca.ibm.com,Resolution,FIXED,---
2007-07-10 16:07:30 EDT,jptoomey@us.ibm.com,Status,CLOSED,RESOLVED
