When, Who, What, Added, Removed
2007-01-29 14:26:36 EST,cbridgha@us.ibm.com,Assignee,nitind@us.ibm.com,wst.common-inbox@eclipse.org
2007-01-30 18:30:30 EST,nitind@us.ibm.com,Severity,enhancement,normal
2007-02-14 21:08:05 EST,nitind@us.ibm.com,Status,RESOLVED,NEW
2007-02-14 21:08:05 EST,nitind@us.ibm.com,Resolution,FIXED,---
2007-02-14 21:08:05 EST,nitind@us.ibm.com,Target Milestone,2.0 M5,---
2008-12-08 22:26:11 EST,nitind@us.ibm.com,Component,Snippets Framework,wst.common
2008-12-08 22:26:11 EST,nitind@us.ibm.com,Target Milestone,---,2.0 M5
2008-12-08 22:26:11 EST,nitind@us.ibm.com,Version,3.0,1.5
2008-12-08 23:08:11 EST,nitind@us.ibm.com,Target Milestone,2.0 M5,---
2008-12-08 23:08:11 EST,nitind@us.ibm.com,Version,1.5,3.0
