When, Who, What, Added, Removed
2007-01-30 12:05:35 EST,pwebster@ca.ibm.com,Assignee,pwebster@ca.ibm.com,Platform-UI-Inbox@eclipse.org
2007-01-30 13:07:55 EST,pwebster@ca.ibm.com,Status,RESOLVED,NEW
2007-01-30 13:07:55 EST,pwebster@ca.ibm.com,Resolution,FIXED,---
2007-01-31 07:18:53 EST,pwebster@ca.ibm.com,Target Milestone,3.3 M5,---
2007-02-06 12:31:55 EST,pwebster@ca.ibm.com,Status,VERIFIED,RESOLVED
2007-05-08 13:30:06 EDT,emoffatt@ca.ibm.com,Status,REOPENED,VERIFIED
2007-05-08 13:30:06 EDT,emoffatt@ca.ibm.com,Resolution,---,FIXED
2007-05-08 13:30:06 EDT,emoffatt@ca.ibm.com,Target Milestone,3.3 RC1,3.3 M5
2007-05-11 10:20:02 EDT,pwebster@ca.ibm.com,CC,emoffatt@ca.ibm.com,
2007-05-11 13:22:21 EDT,pwebster@ca.ibm.com,CC,Boris_Bokowski@ca.ibm.com,
2007-05-11 13:25:21 EDT,pwebster@ca.ibm.com,Flags,review?(emoffatt@ca.ibm.com),
2007-05-11 13:25:41 EDT,pwebster@ca.ibm.com,Flags,review?(Boris_Bokowski@ca.ibm.com),
2007-05-11 15:08:16 EDT,bokowski@google.com,Flags,review+,review?(Boris_Bokowski@ca.ibm.com)
2007-05-13 12:32:14 EDT,pwebster@ca.ibm.com,Attachment #66910                Attachment is obsolete,1,0
2007-05-13 12:34:37 EDT,pwebster@ca.ibm.com,Status,RESOLVED,REOPENED
2007-05-13 12:34:37 EDT,pwebster@ca.ibm.com,Resolution,FIXED,---
2007-05-16 10:48:46 EDT,pwebster@ca.ibm.com,Status,VERIFIED,RESOLVED
2007-05-16 10:48:46 EDT,pwebster@ca.ibm.com,Flags,,review?(emoffatt@ca.ibm.com)
