When, Who, What, Added, Removed
2007-01-30 10:23:08 EST,ganoro@gmail.com,Component,Auto Insertion,Editor
2007-02-05 03:23:36 EST,guy.g@zend.com,Status,RESOLVED,NEW
2007-02-05 03:23:36 EST,guy.g@zend.com,Resolution,FIXED,---
2007-02-05 03:23:40 EST,guy.g@zend.com,Assignee,moshe@zend.com,php.ui-inbox@eclipse.org
2007-02-11 07:43:08 EST,gadi@zend.com,Status,CLOSED,RESOLVED
2007-02-11 07:43:08 EST,gadi@zend.com,QA Contact,yossi.l@zend.com,
2008-03-05 06:36:57 EST,assaf.almaz@zend.com,Component,Editor,Auto Insertion
