When, Who, What, Added, Removed
2007-01-30 12:19:38 EST,Olivier_Thomann@ca.ibm.com,Summary,[1.5][compiler] NPE in CompilationUnitProblemFinder.process with explicit wildcard invocation,NPE in CompilationUnitProblemFinder.process with explicit wildcard invocation
2007-01-30 12:28:30 EST,Olivier_Thomann@ca.ibm.com,Assignee,philippe_mulet@fr.ibm.com,jdt-core-inbox@eclipse.org
2007-01-30 12:46:56 EST,Olivier_Thomann@ca.ibm.com,CC,maxime_daniel@fr.ibm.com,
2007-01-31 04:51:13 EST,philippe_mulet@fr.ibm.com,Assignee,Olivier_Thomann@ca.ibm.com,philippe_mulet@fr.ibm.com
2007-01-31 04:51:13 EST,philippe_mulet@fr.ibm.com,Target Milestone,3.3 M5,---
2007-01-31 10:45:39 EST,Olivier_Thomann@ca.ibm.com,CC,philippe_mulet@fr.ibm.com,
2007-01-31 10:55:01 EST,Olivier_Thomann@ca.ibm.com,Attachment #57817                Attachment is obsolete,1,0
2007-01-31 14:32:18 EST,Olivier_Thomann@ca.ibm.com,Status,RESOLVED,NEW
2007-01-31 14:32:18 EST,Olivier_Thomann@ca.ibm.com,Resolution,FIXED,---
2007-02-06 09:10:47 EST,frederic_fusier@fr.ibm.com,Status,VERIFIED,RESOLVED
2007-02-20 00:22:38 EST,Olivier_Thomann@ca.ibm.com,CC,eclipse.rc@gmail.com,
