When, Who, What, Added, Removed
2007-01-30 10:13:46 EST,ganoro@gmail.com,Component,Code Assist,Editor
2007-02-07 04:08:07 EST,eden@zend.com,Assignee,roy@zend.com,php.ui-inbox@eclipse.org
2007-02-11 07:25:21 EST,ganoro@gmail.com,Status,RESOLVED,NEW
2007-02-11 07:25:21 EST,ganoro@gmail.com,Resolution,FIXED,---
2007-02-11 09:03:50 EST,gadi@zend.com,Status,REOPENED,RESOLVED
2007-02-11 09:03:50 EST,gadi@zend.com,Resolution,---,FIXED
2007-02-12 10:17:14 EST,ganoro@gmail.com,Status,RESOLVED,REOPENED
2007-02-12 10:17:14 EST,ganoro@gmail.com,Resolution,FIXED,---
2007-02-18 02:53:01 EST,gadi@zend.com,Status,CLOSED,RESOLVED
