When, Who, What, Added, Removed
2007-01-30 09:05:16 EST,gadi@zend.com,Keywords,plan,
2007-01-30 09:05:16 EST,gadi@zend.com,Priority,P1,P3
2007-02-06 05:05:00 EST,shachar@zend.com,Assignee,shachar@zend.com,php.ui-inbox@eclipse.org
2007-02-06 05:06:36 EST,shachar@zend.com,Status,RESOLVED,NEW
2007-02-06 05:06:36 EST,shachar@zend.com,Resolution,FIXED,---
2007-02-11 06:59:41 EST,gadi@zend.com,Status,CLOSED,RESOLVED
2007-02-11 06:59:41 EST,gadi@zend.com,QA Contact,yossi.l@zend.com,
2008-03-22 13:51:44 EDT,assaf.almaz@zend.com,Component,PHP Explorer View,Project Management
