When, Who, What, Added, Removed
2007-01-30 02:27:43 EST,wuhaijie@cn.ibm.com,CC,cbeth@us.ibm.com,
2007-01-30 08:27:58 EST,pwebster@ca.ibm.com,CC,pwebster@ca.ibm.com,
2007-01-30 08:27:58 EST,pwebster@ca.ibm.com,Assignee,Tod_Creasey@ca.ibm.com,Platform-UI-Inbox@eclipse.org
2007-01-30 08:27:58 EST,pwebster@ca.ibm.com,Summary,[Workbench] The default browser handler(DefaultWebBrowser) in ui.workbench doesn't work on SLED10,The default browser handler(DefaultWebBrowser) in ui.workbench doesn't work on SLED10
2007-01-30 08:51:21 EST,Tod_Creasey@ca.ibm.com,Assignee,platform-swt-inbox@eclipse.org,Tod_Creasey@ca.ibm.com
2007-01-30 08:51:21 EST,Tod_Creasey@ca.ibm.com,Component,SWT,UI
2007-01-30 09:05:44 EST,pwebster@ca.ibm.com,CC,grant_gayed@ca.ibm.com,
2007-01-30 09:05:44 EST,pwebster@ca.ibm.com,Assignee,Tod_Creasey@ca.ibm.com,platform-swt-inbox@eclipse.org
2007-01-30 09:05:44 EST,pwebster@ca.ibm.com,Component,UI,SWT
2007-03-22 13:16:57 EDT,pwebster@ca.ibm.com,Target Milestone,3.3 M7,---
2007-04-09 09:58:23 EDT,Tod_Creasey@ca.ibm.com,Status,RESOLVED,NEW
2007-04-09 09:58:23 EDT,Tod_Creasey@ca.ibm.com,Resolution,FIXED,---
2007-05-07 20:34:14 EDT,wuhaijie@cn.ibm.com,Status,VERIFIED,RESOLVED
