When, Who, What, Added, Removed
2007-01-30 04:47:04 EST,dmichonneau@actuate.com,Assignee,yulin.wang@actuate.com,Birt-Chart-inbox@eclipse.org
2007-01-30 04:47:04 EST,dmichonneau@actuate.com,Priority,P1,P3
2007-01-30 04:47:04 EST,dmichonneau@actuate.com,Target Milestone,2.2.0 M5,---
2007-01-31 01:13:23 EST,yulin.wang@actuate.com,Status,RESOLVED,NEW
2007-01-31 01:13:23 EST,yulin.wang@actuate.com,Resolution,FIXED,---
2007-02-05 02:05:43 EST,xwang@actuate.com,Status,CLOSED,RESOLVED
2007-02-05 02:05:43 EST,xwang@actuate.com,Summary,[Regression]Pie and Meter Chart Legend area is not shown correctly [0001],Pie and Meter Chart Legend area is not shown correctly [0001]
