When, Who, What, Added, Removed
2007-01-30 11:38:10 EST,sgutz@ca.ibm.com,Status,RESOLVED,NEW
2007-01-30 11:38:10 EST,sgutz@ca.ibm.com,Resolution,FIXED,---
2007-01-30 11:38:10 EST,sgutz@ca.ibm.com,Target Milestone,4.4,---
2007-05-29 01:04:12 EDT,popescu@ca.ibm.com,Target Milestone,4.4i1,4.4
2009-06-30 14:14:09 EDT,paules@ca.ibm.com,Status,CLOSED,RESOLVED
2009-06-30 14:14:09 EDT,paules@ca.ibm.com,Whiteboard,closed460,
2009-06-30 21:31:21 EDT,paules@ca.ibm.com,Whiteboard,housecleaned460 closed460,closed460
2009-07-01 15:12:15 EDT,paules@ca.ibm.com,Whiteboard,closed460,housecleaned460 closed460
