When, Who, What, Added, Removed
2007-02-12 15:26:59 EST,Michael_Valenta@ca.ibm.com,Status,ASSIGNED,NEW
2007-02-12 15:26:59 EST,Michael_Valenta@ca.ibm.com,Summary,[History View] History view shows wrong input if Java member selected,History view shows wrong input if Java member selected
2007-02-12 15:26:59 EST,Michael_Valenta@ca.ibm.com,Target Milestone,3.3 M6,---
2007-02-23 10:37:16 EST,Michael_Valenta@ca.ibm.com,Assignee,Michael_Valenta@ca.ibm.com,platform-compare-inbox@eclipse.org
2007-02-23 10:37:16 EST,Michael_Valenta@ca.ibm.com,Status,NEW,ASSIGNED
2007-02-23 10:38:28 EST,Michael_Valenta@ca.ibm.com,Status,RESOLVED,NEW
2007-02-23 10:38:28 EST,Michael_Valenta@ca.ibm.com,Resolution,FIXED,---
2007-03-20 10:23:31 EDT,Michael_Valenta@ca.ibm.com,Status,VERIFIED,RESOLVED
