When, Who, What, Added, Removed
2007-01-30 14:02:25 EST,markus_keller@ch.ibm.com,CC,markus_keller@ch.ibm.com,
2007-02-12 15:20:49 EST,Michael_Valenta@ca.ibm.com,Status,ASSIGNED,NEW
2007-02-12 15:20:49 EST,Michael_Valenta@ca.ibm.com,Summary,[Viewers] Don't hide highlighted changes with selection when stepping,Don't hide highlighted changes with selection when stepping
2007-02-12 15:20:49 EST,Michael_Valenta@ca.ibm.com,Target Milestone,3.3 M6,---
2007-03-19 15:25:52 EDT,Michael_Valenta@ca.ibm.com,Target Milestone,3.3 M7,3.3 M6
2007-04-09 16:17:52 EDT,Michael_Valenta@ca.ibm.com,Status,RESOLVED,ASSIGNED
2007-04-09 16:17:52 EDT,Michael_Valenta@ca.ibm.com,Keywords,polish,
2007-04-09 16:17:52 EDT,Michael_Valenta@ca.ibm.com,Resolution,FIXED,---
2007-05-01 10:52:57 EDT,Michael_Valenta@ca.ibm.com,Status,VERIFIED,RESOLVED
