When, Who, What, Added, Removed
2007-01-30 10:40:58 EST,gjohnsto@us.ibm.com,Attachment #57799                Attachment mime type,text/plain,application/octet-stream
2007-01-30 12:33:44 EST,pwebster@ca.ibm.com,Assignee,platform-swt-inbox@eclipse.org,Platform-UI-Inbox@eclipse.org
2007-01-30 12:33:44 EST,pwebster@ca.ibm.com,Component,SWT,UI
2007-01-30 18:46:52 EST,snorthov@ca.ibm.com,Assignee,steve_northover@ca.ibm.com,platform-swt-inbox@eclipse.org
2007-01-30 18:47:42 EST,snorthov@ca.ibm.com,Status,RESOLVED,NEW
2007-01-30 18:47:42 EST,snorthov@ca.ibm.com,Resolution,FIXED,---
2007-01-31 11:00:47 EST,gjohnsto@us.ibm.com,Status,VERIFIED,RESOLVED
2007-02-06 17:25:52 EST,grant_gayed@ca.ibm.com,Target Milestone,3.3 M5,---
2008-05-13 14:21:25 EDT,gjohnsto@us.ibm.com,Status,CLOSED,VERIFIED
