When, Who, What, Added, Removed
2007-01-30 12:17:51 EST,bradleyjames@gmail.com,Blocks,171906,
2007-01-30 12:17:51 EST,bradleyjames@gmail.com,Assignee,Boris_Bokowski@ca.ibm.com,Platform-UI-Inbox@eclipse.org
2007-01-30 12:17:51 EST,bradleyjames@gmail.com,Target Milestone,3.3 M5,---
2007-02-01 21:14:24 EST,bradleyjames@gmail.com,Assignee,bradleyjames@gmail.com,Boris_Bokowski@ca.ibm.com
2007-02-01 21:14:38 EST,bradleyjames@gmail.com,Status,ASSIGNED,NEW
2007-02-03 12:12:46 EST,bradleyjames@gmail.com,Target Milestone,3.3 M6,3.3 M5
2007-02-17 13:58:20 EST,bradleyjames@gmail.com,Summary,[DataBinding] Binding customization story,[DataBinding] Evaluate BindSpec method naming conventions
2007-02-27 09:27:00 EST,bradleyjames@gmail.com,Blocks,154132,
2007-02-27 09:27:00 EST,bradleyjames@gmail.com,Assignee,Boris_Bokowski@ca.ibm.com,bradleyjames@gmail.com
2007-02-27 09:27:00 EST,bradleyjames@gmail.com,Status,NEW,ASSIGNED
2007-02-28 23:58:31 EST,bokowski@google.com,CC,centgraf@cmu.edu,
2007-03-12 05:55:49 EDT,benjamin@eclipse.org,CC,benjamin.cabe@anyware-tech.com,
2007-03-13 00:21:49 EDT,bokowski@google.com,Status,RESOLVED,NEW
2007-03-13 00:21:49 EDT,bokowski@google.com,Resolution,FIXED,---
2007-03-23 09:00:53 EDT,bokowski@google.com,Status,VERIFIED,RESOLVED
