When, Who, What, Added, Removed
2007-01-30 14:22:53 EST,tjwatson@us.ibm.com,CC,aniefer@ca.ibm.com,
2007-02-01 08:32:01 EST,tjwatson@us.ibm.com,Assignee,aniefer@ca.ibm.com,equinox.framework-inbox@eclipse.org
2007-02-01 08:32:19 EST,tjwatson@us.ibm.com,Status,ASSIGNED,NEW
2007-02-01 08:32:19 EST,tjwatson@us.ibm.com,Target Milestone,3.3 M5,---
2007-02-08 11:04:54 EST,aniefer@ca.ibm.com,Status,RESOLVED,ASSIGNED
2007-02-08 11:04:54 EST,aniefer@ca.ibm.com,Resolution,FIXED,---
2007-02-08 11:05:44 EST,aniefer@ca.ibm.com,Status,VERIFIED,RESOLVED
