When, Who, What, Added, Removed
2007-02-03 14:01:41 EST,Ed.Merks@gmail.com,CC,merks@ca.ibm.com,
2007-02-09 12:32:03 EST,pnehrer@eclipticalsoftware.com,Attachment #57768                Attachment is obsolete,1,0
2007-02-09 12:32:03 EST,pnehrer@eclipticalsoftware.com,Attachment #58598                Attachment is obsolete,1,0
2007-02-09 12:53:16 EST,pnehrer@eclipticalsoftware.com,Attachment #58668                Attachment is obsolete,1,0
2007-02-12 13:54:32 EST,Ed.Merks@gmail.com,Status,ASSIGNED,NEW
2007-02-12 18:21:14 EST,nickboldt@gmail.com,Status,RESOLVED,ASSIGNED
2007-02-12 18:21:14 EST,nickboldt@gmail.com,Resolution,FIXED,---
2008-01-28 16:40:17 EST,nickboldt@gmail.com,Status,VERIFIED,RESOLVED
