When, Who, What, Added, Removed
2007-01-30 10:42:53 EST,kingof8ball@gmail.com,Component,Debug,Debug
2007-01-30 10:42:53 EST,kingof8ball@gmail.com,Product,JDT,Platform
2007-01-30 12:33:10 EST,Michael_Rennie@ca.ibm.com,Assignee,cwindatt@ca.ibm.com,platform-debug-inbox@eclipse.org
2007-01-30 12:33:10 EST,Michael_Rennie@ca.ibm.com,Target Milestone,3.3 M5,---
2007-01-30 12:46:15 EST,Michael_Rennie@ca.ibm.com,Status,RESOLVED,NEW
2007-01-30 12:46:15 EST,Michael_Rennie@ca.ibm.com,Resolution,FIXED,---
2007-01-30 14:42:03 EST,cwindatt@ca.ibm.com,Status,VERIFIED,RESOLVED
