When, Who, What, Added, Removed
2007-01-30 13:49:02 EST,kchong@ca.ibm.com,Assignee,gindik@ca.ibm.com,wst.xsd-inbox@eclipse.org
2007-01-30 13:52:52 EST,kchong@ca.ibm.com,Target Milestone,2.0 M5,---
2007-02-22 14:28:55 EST,kchong@ca.ibm.com,Target Milestone,2.0 M6,2.0 M5
2007-04-05 11:22:12 EDT,jlanuti@us.ibm.com,Target Milestone,2.0,2.0 M6
2007-06-12 10:06:20 EDT,jlanuti@us.ibm.com,Target Milestone,2.0.1 M201,2.0
2007-09-13 14:04:56 EDT,kchong@ca.ibm.com,Status,RESOLVED,NEW
2007-09-13 14:04:56 EDT,kchong@ca.ibm.com,Resolution,FIXED,---
2007-09-13 14:04:56 EDT,kchong@ca.ibm.com,Target Milestone,3.0 M1,2.0.1 M201
2007-09-13 18:15:30 EDT,kchong@ca.ibm.com,Target Milestone,3.0 M2,3.0 M1
2007-10-19 14:17:47 EDT,kchong@ca.ibm.com,Status,VERIFIED,RESOLVED
2007-10-24 10:39:44 EDT,valentinbaciu@hotmail.com,Status,CLOSED,VERIFIED
2007-11-15 19:47:00 EST,d_a_carver@yahoo.com,CC,d_a_carver@yahoo.com,
