When, Who, What, Added, Removed
2007-01-30 10:08:21 EST,daniel_megert@ch.ibm.com,Depends on,172174,
2007-01-30 10:08:21 EST,daniel_megert@ch.ibm.com,Status,ASSIGNED,NEW
2007-01-30 10:08:21 EST,daniel_megert@ch.ibm.com,Summary,[misc] Text drag and drop should do nothing when target is inside selection,Text drag and drop should do nothing when target is inside selection
2007-01-30 10:11:35 EST,daniel_megert@ch.ibm.com,Priority,P2,P3
2007-01-30 10:11:35 EST,daniel_megert@ch.ibm.com,Target Milestone,3.3,---
2007-01-30 10:14:11 EST,daniel_megert@ch.ibm.com,Depends on,172175,
2007-01-31 03:45:44 EST,daniel_megert@ch.ibm.com,Depends on,,172174
2007-01-31 03:45:44 EST,daniel_megert@ch.ibm.com,Status,RESOLVED,ASSIGNED
2007-01-31 03:45:44 EST,daniel_megert@ch.ibm.com,Resolution,FIXED,---
2007-01-31 03:45:44 EST,daniel_megert@ch.ibm.com,Target Milestone,3.3 M5,3.3
2007-02-06 15:46:57 EST,daniel_megert@ch.ibm.com,Status,VERIFIED,RESOLVED
