When, Who, What, Added, Removed
2007-01-30 10:13:21 EST,daniel_megert@ch.ibm.com,Depends on,172174,
2007-01-30 10:13:57 EST,daniel_megert@ch.ibm.com,Depends on,,172174
2007-01-30 10:14:11 EST,daniel_megert@ch.ibm.com,Blocks,172145,
2007-01-30 10:54:04 EST,snorthov@ca.ibm.com,CC,steve_northover@ca.ibm.com,
2007-01-30 10:54:04 EST,snorthov@ca.ibm.com,Assignee,duongn@ca.ibm.com,platform-swt-inbox@eclipse.org
2007-01-30 10:54:04 EST,snorthov@ca.ibm.com,Summary,[DND] StyledText.getSelection() not valid during DnD?,StyledText.getSelection() not valid during DnD?
2007-01-31 17:03:28 EST,duongn@ca.ibm.com,Status,RESOLVED,NEW
2007-01-31 17:03:28 EST,duongn@ca.ibm.com,Resolution,FIXED,---
2007-02-05 07:14:57 EST,daniel_megert@ch.ibm.com,Status,VERIFIED,RESOLVED
2007-02-06 17:25:19 EST,grant_gayed@ca.ibm.com,Target Milestone,3.3 M5,---
