When, Who, What, Added, Removed
2007-01-30 09:15:17 EST,guy.g@zend.com,CC,evgeni@zend.com,
2007-01-30 10:19:31 EST,ganoro@gmail.com,Component,Auto Insertion,Editor
2007-02-05 03:09:00 EST,guy.g@zend.com,Status,RESOLVED,NEW
2007-02-05 03:09:00 EST,guy.g@zend.com,Resolution,FIXED,---
2007-02-05 03:09:05 EST,guy.g@zend.com,Status,VERIFIED,RESOLVED
2007-02-05 03:09:09 EST,guy.g@zend.com,Assignee,moshe@zend.com,php.ui-inbox@eclipse.org
2007-02-05 03:10:12 EST,guy.g@zend.com,Status,RESOLVED,VERIFIED
2007-02-11 07:52:29 EST,gadi@zend.com,Status,CLOSED,RESOLVED
2008-03-05 06:36:56 EST,assaf.almaz@zend.com,Component,Editor,Auto Insertion
