When, Who, What, Added, Removed
2007-02-01 05:10:54 EST,markus_keller@ch.ibm.com,CC,markus_keller@ch.ibm.com,
2007-02-01 05:10:54 EST,markus_keller@ch.ibm.com,Assignee,krzysztof.michalski@pl.ibm.com,jdt-ui-inbox@eclipse.org
2007-02-01 05:10:54 EST,markus_keller@ch.ibm.com,Severity,major,normal
2007-02-01 05:10:54 EST,markus_keller@ch.ibm.com,Target Milestone,3.3 M5,---
2007-02-05 12:02:44 EST,daniel_megert@ch.ibm.com,Blocks,172883,
2007-02-07 05:06:31 EST,markus_keller@ch.ibm.com,Target Milestone,3.3 M6,3.3 M5
2007-03-01 08:53:31 EST,markus_keller@ch.ibm.com,Status,RESOLVED,NEW
2007-03-01 08:53:31 EST,markus_keller@ch.ibm.com,Resolution,FIXED,---
2007-03-20 11:01:36 EDT,daniel_megert@ch.ibm.com,Status,VERIFIED,RESOLVED
