When, Who, What, Added, Removed
2007-01-30 00:38:03 EST,bradleyjames@gmail.com,Blocks,171906,
2007-01-30 00:38:03 EST,bradleyjames@gmail.com,Assignee,bradleyjames@gmail.com,Platform-UI-Inbox@eclipse.org
2007-01-30 00:38:03 EST,bradleyjames@gmail.com,Target Milestone,3.3 M5,---
2007-01-30 00:39:45 EST,bradleyjames@gmail.com,Status,ASSIGNED,NEW
2007-01-30 01:18:43 EST,bradleyjames@gmail.com,CC,Boris_Bokowski@ca.ibm.com,
2007-01-30 01:18:43 EST,bradleyjames@gmail.com,Status,RESOLVED,ASSIGNED
2007-01-30 01:18:43 EST,bradleyjames@gmail.com,Resolution,FIXED,---
2007-02-06 20:55:02 EST,bradleyjames@gmail.com,Status,VERIFIED,RESOLVED
