When, Who, What, Added, Removed
2007-01-30 12:19:56 EST,shatalin@gmail.com,Assignee,Alexander.Fedorov@borland.com,gmf.generation-inbox@eclipse.org
2007-01-30 12:36:36 EST,tikhomirov.artem@gmail.com,CC,artem.tikhomirov@borland.com,
2007-01-30 12:36:48 EST,tikhomirov.artem@gmail.com,Severity,enhancement,normal
2007-02-02 10:39:11 EST,Alexander.Fedorov@borland.com,Status,ASSIGNED,NEW
2007-02-06 10:06:46 EST,tikhomirov.artem@gmail.com,Component,UI - Wizards,Generation
2007-02-06 10:06:46 EST,tikhomirov.artem@gmail.com,Target Milestone,2.0 M5,---
2007-02-06 13:09:27 EST,tikhomirov.artem@gmail.com,Status,RESOLVED,ASSIGNED
2007-02-06 13:09:27 EST,tikhomirov.artem@gmail.com,Keywords,contributed,
2007-02-06 13:09:27 EST,tikhomirov.artem@gmail.com,Resolution,FIXED,---
2008-08-13 13:11:09 EDT,richard.gronback@borland.com,Target Milestone,2.0,2.0 M5
