When, Who, What, Added, Removed
2007-01-30 13:24:08 EST,Michael_Valenta@ca.ibm.com,CC,Boris_Bokowski@ca.ibm.com,
2007-01-31 13:11:45 EST,Michael_Valenta@ca.ibm.com,CC,wassimm@ca.ibm.com,
2007-01-31 13:12:46 EST,Michael_Valenta@ca.ibm.com,CC,markus_keller@ch.ibm.com,
2007-01-31 13:22:22 EST,Michael_Valenta@ca.ibm.com,CC,Michael_Valenta@ca.ibm.com,
2007-01-31 13:22:22 EST,Michael_Valenta@ca.ibm.com,Assignee,platform-compare-inbox@eclipse.org,platform-team-inbox@eclipse.org
2007-01-31 13:22:22 EST,Michael_Valenta@ca.ibm.com,Component,Compare,Team
2007-01-31 13:22:52 EST,Michael_Valenta@ca.ibm.com,Status,ASSIGNED,NEW
2007-01-31 13:22:52 EST,Michael_Valenta@ca.ibm.com,Target Milestone,3.3 M5,---
2007-01-31 22:42:27 EST,Olivier_Thomann@ca.ibm.com,CC,Olivier_Thomann@ca.ibm.com,
2007-02-01 08:38:01 EST,pwebster@ca.ibm.com,CC,pwebster@ca.ibm.com,
2007-02-01 13:24:19 EST,Michael_Valenta@ca.ibm.com,Assignee,Michael_Valenta@ca.ibm.com,platform-compare-inbox@eclipse.org
2007-02-01 13:24:19 EST,Michael_Valenta@ca.ibm.com,Status,NEW,ASSIGNED
2007-02-01 13:24:36 EST,Michael_Valenta@ca.ibm.com,Status,RESOLVED,NEW
2007-02-01 13:24:36 EST,Michael_Valenta@ca.ibm.com,Resolution,FIXED,---
2007-02-05 06:28:34 EST,daniel_megert@ch.ibm.com,Status,REOPENED,RESOLVED
2007-02-05 06:28:34 EST,daniel_megert@ch.ibm.com,Resolution,---,FIXED
2007-02-05 13:34:36 EST,Michael_Valenta@ca.ibm.com,Status,ASSIGNED,REOPENED
2007-02-05 13:34:36 EST,Michael_Valenta@ca.ibm.com,Summary,[Edit] AssertionFailedException: unknown saveable:,AssertionFailedException: unknown saveable:
2007-02-05 13:34:36 EST,Michael_Valenta@ca.ibm.com,Target Milestone,3.3 M6,3.3 M5
2007-02-07 11:40:54 EST,Michael_Valenta@ca.ibm.com,Target Milestone,3.3 M5,3.3 M6
2007-02-07 11:41:13 EST,Michael_Valenta@ca.ibm.com,CC,benno_baumgartner@ch.ibm.com,
2007-02-07 11:59:37 EST,Michael_Valenta@ca.ibm.com,Status,RESOLVED,ASSIGNED
2007-02-07 11:59:37 EST,Michael_Valenta@ca.ibm.com,Resolution,FIXED,---
