When, Who, What, Added, Removed
2007-01-30 11:30:00 EST,kathy@ca.ibm.com,Target Milestone,2.0 M5,---
2007-01-30 11:35:16 EST,kathy@ca.ibm.com,Blocks,165664,
2007-01-30 11:39:26 EST,kathy@ca.ibm.com,Summary,Axis2: Support  Axis2 runtime in Web service client scenarios,Axis2: Support  Axis2 runtime in Web service and client scenarios
2007-02-05 12:45:41 EST,kathy@ca.ibm.com,CC,cbrealey@ca.ibm.com, sandakith@wso2.com,
2007-02-05 13:09:04 EST,sandakith@gmail.com,Attachment #58249                Attachment is obsolete,1,0
2007-02-06 09:26:35 EST,sandakith@gmail.com,Attachment #58248                Attachment is obsolete,1,0
2007-02-06 09:30:14 EST,sandakith@gmail.com,Attachment #58268                Attachment is obsolete,1,0
2007-02-06 09:32:32 EST,sandakith@gmail.com,Attachment #58316                Attachment is obsolete,1,0
2007-02-15 13:21:13 EST,sandakith@gmail.com,Attachment #58338                Attachment is obsolete,1,0
2007-02-15 13:21:13 EST,sandakith@gmail.com,Attachment #58339                Attachment is obsolete,1,0
2007-02-16 10:24:57 EST,kathy@ca.ibm.com,Target Milestone,2.0 M6,2.0 M5
2007-03-21 09:14:26 EDT,kathy@ca.ibm.com,Status,ASSIGNED,NEW
2007-04-03 10:17:51 EDT,jlanuti@us.ibm.com,Target Milestone,2.0 RC0,2.0 M6
2007-04-24 15:25:31 EDT,kathy@ca.ibm.com,Status,RESOLVED,ASSIGNED
2007-04-24 15:25:31 EDT,kathy@ca.ibm.com,Resolution,FIXED,---
2007-04-26 14:57:14 EDT,kathy@ca.ibm.com,Status,CLOSED,RESOLVED
