When, Who, What, Added, Removed
2007-04-26 19:55:34 EDT,hallorant@acm.org,CC,hallorant@acm.org,
2007-05-14 07:11:15 EDT,mpchapman@gmail.com,CC,mpchapman@gmail.com,
2007-10-26 06:22:24 EDT,aclement@pivotal.io,CC,andrew.clement@gmail.com,
2007-10-26 06:22:24 EDT,aclement@pivotal.io,Status,RESOLVED,NEW
2007-10-26 06:22:24 EDT,aclement@pivotal.io,Resolution,FIXED,---
2007-10-26 06:22:24 EDT,aclement@pivotal.io,Target Milestone,1.5.4,---
2012-04-03 14:22:51 EDT,aclement@pivotal.io,Attachment #65309                Flags,iplog+,
2012-04-03 15:59:17 EDT,aclement@pivotal.io,Attachment #65397                Flags,iplog+,
