When, Who, What, Added, Removed
2007-01-30 10:44:44 EST,bjorn.freeman-benson@eclipse.org,Summary,Dilbert dialog contest,Dilbert caption contest
2007-01-30 11:30:58 EST,remy.suen@gmail.com,CC,remy.suen@gmail.com,
2007-01-30 11:31:41 EST,irbull@eclipsesource.com,CC,irbull@cs.uvic.ca,
2007-01-30 12:05:05 EST,greg.ostravich@gmail.com,CC,greg.ostravich@gmail.com,
2007-01-30 13:14:58 EST,marcelop@ca.ibm.com,CC,marcelop@ca.ibm.com,
2007-01-30 13:32:16 EST,donald.smith@gmail.com,CC,donald@eclipse.org,
2007-01-30 23:21:55 EST,cocoakevin@gmail.com,CC,krbarnes@ca.ibm.com,
2007-01-31 08:10:58 EST,ken_walker@me.com,CC,ken_walker@ca.ibm.com,
2007-01-31 09:14:25 EST,michal.dobisek@gmail.com,CC,michal.dobisek@polarion.com,
2007-02-06 17:14:32 EST,Ed.Merks@gmail.com,CC,merks@ca.ibm.com,
2007-02-14 13:41:38 EST,turnham@ca.ibm.com,CC,turnham@ca.ibm.com,
2007-02-25 14:36:09 EST,bjorn.freeman-benson@eclipse.org,Status,RESOLVED,NEW
2007-02-25 14:36:09 EST,bjorn.freeman-benson@eclipse.org,Resolution,FIXED,---
2007-02-25 14:36:25 EST,bjorn.freeman-benson@eclipse.org,Status,CLOSED,RESOLVED
