When, Who, What, Added, Removed
2007-01-31 13:01:57 EST,john_arthorne@ca.ibm.com,Assignee,john_arthorne@ca.ibm.com,platform-resources-inbox@eclipse.org
2007-02-01 17:42:49 EST,john_arthorne@ca.ibm.com,Status,ASSIGNED,NEW
2007-02-01 17:42:49 EST,john_arthorne@ca.ibm.com,Target Milestone,3.3 M6,---
2007-03-16 10:13:40 EDT,john_arthorne@ca.ibm.com,Target Milestone,3.3 M7,3.3 M6
2007-03-27 18:28:48 EDT,john_arthorne@ca.ibm.com,Status,RESOLVED,ASSIGNED
2007-03-27 18:28:48 EDT,john_arthorne@ca.ibm.com,Resolution,FIXED,---
