When, Who, What, Added, Removed
2007-01-30 21:29:12 EST,tzhang@actuate.com,Summary,When rename a file in one project's navigator, the other selected file's name is renamed,When rename a file in one project, the other file's name is renamed
2007-01-31 07:56:24 EST,pwebster@ca.ibm.com,CC,pwebster@ca.ibm.com, Tod_Creasey@ca.ibm.com,
2007-01-31 07:56:24 EST,pwebster@ca.ibm.com,Assignee,Mike_Wilson@ca.ibm.com,Platform-UI-Inbox@eclipse.org
2007-01-31 07:56:24 EST,pwebster@ca.ibm.com,Summary,[Navigator] When rename a file in one project's navigator, the other selected file's name is renamed,When rename a file in one project's navigator, the other selected file's name is renamed
2007-06-04 14:14:42 EDT,douge@rsinc.com,CC,douge@rsinc.com,
2007-06-04 15:13:46 EDT,Tod_Creasey@ca.ibm.com,CC,Mike_Wilson@ca.ibm.com,
2007-06-04 15:13:46 EDT,Tod_Creasey@ca.ibm.com,Assignee,mdelder@us.ibm.com,Mike_Wilson@ca.ibm.com
2007-06-04 15:13:46 EDT,Tod_Creasey@ca.ibm.com,Summary,[CommonNavigator] When rename a file in one project's navigator, the other selected file's name is renamed,[Navigator] When rename a file in one project's navigator, the other selected file's name is renamed
2007-06-04 16:36:09 EDT,Tod_Creasey@ca.ibm.com,Assignee,Tod_Creasey@ca.ibm.com,mdelder@us.ibm.com
2007-06-04 16:36:09 EDT,Tod_Creasey@ca.ibm.com,Summary,[Actions] When rename a file in one project's navigator, the other selected file's name is renamed,[CommonNavigator] When rename a file in one project's navigator, the other selected file's name is renamed
2007-06-04 16:36:09 EDT,Tod_Creasey@ca.ibm.com,Target Milestone,3.3.1,---
2007-06-19 18:30:48 EDT,beth@tibweb.com,CC,tibbitts@us.ibm.com,
2007-06-26 14:19:28 EDT,Tod_Creasey@ca.ibm.com,Keywords,contributed,
2007-07-07 03:42:52 EDT,ed@willink.me.uk,CC,ed@willink.me.uk,
2007-07-17 09:57:17 EDT,mdelder@us.ibm.com,CC,lihongx@cn.ibm.com,
2007-07-17 10:38:34 EDT,mdelder@us.ibm.com,CC,jasler4@yahoo.com,
2007-07-19 10:41:12 EDT,emoffatt@ca.ibm.com,CC,ewa.matejska@access-company.com,
2007-07-23 09:13:26 EDT,Tod_Creasey@ca.ibm.com,Status,RESOLVED,NEW
2007-07-23 09:13:26 EDT,Tod_Creasey@ca.ibm.com,Resolution,FIXED,---
2007-08-21 16:52:47 EDT,bokowski@google.com,CC,ejohnson@avaya.com,
2007-09-13 10:11:27 EDT,Tod_Creasey@ca.ibm.com,Status,VERIFIED,RESOLVED
2007-10-10 14:36:12 EDT,Kevin_McGuire@ca.ibm.com,CC,frederic.belouin@nxp.com,
