When, Who, What, Added, Removed
2007-01-31 04:21:21 EST,markus_keller@ch.ibm.com,Target Milestone,3.3,---
2007-01-31 04:27:35 EST,markus_keller@ch.ibm.com,Status,ASSIGNED,NEW
2007-01-31 11:25:04 EST,cedrik.lime@gmail.com,CC,cedrik.lime@gmail.com,
2007-03-23 07:35:14 EDT,markus_keller@ch.ibm.com,Attachment #57904                Attachment is obsolete,1,0
2007-03-26 12:51:23 EDT,markus_keller@ch.ibm.com,Status,RESOLVED,ASSIGNED
2007-03-26 12:51:23 EDT,markus_keller@ch.ibm.com,Resolution,FIXED,---
2007-03-26 12:51:23 EDT,markus_keller@ch.ibm.com,Target Milestone,3.3 M7,3.3
