When, Who, What, Added, Removed
2007-01-30 20:12:18 EST,Olivier_Thomann@ca.ibm.com,Assignee,jdt-ui-inbox@eclipse.org,jdt-core-inbox@eclipse.org
2007-01-30 20:12:18 EST,Olivier_Thomann@ca.ibm.com,Component,UI,Core
2007-01-31 02:33:56 EST,daniel_megert@ch.ibm.com,Status,RESOLVED,NEW
2007-01-31 02:33:56 EST,daniel_megert@ch.ibm.com,Resolution,WORKSFORME,---
2007-01-31 02:42:04 EST,daniel_megert@ch.ibm.com,CC,daniel_megert@ch.ibm.com,
2007-01-31 19:54:34 EST,dytyniak@ca.ibm.com,Status,REOPENED,RESOLVED
2007-01-31 19:54:34 EST,dytyniak@ca.ibm.com,Resolution,---,WORKSFORME
2007-01-31 19:55:15 EST,dytyniak@ca.ibm.com,CC,tjbishop@ca.ibm.com,
2007-02-01 02:51:24 EST,daniel_megert@ch.ibm.com,Status,RESOLVED,REOPENED
2007-02-01 02:51:24 EST,daniel_megert@ch.ibm.com,Resolution,WORKSFORME,---
2007-02-01 11:22:28 EST,dytyniak@ca.ibm.com,Status,REOPENED,RESOLVED
2007-02-01 11:22:28 EST,dytyniak@ca.ibm.com,Resolution,---,WORKSFORME
2007-02-07 07:03:00 EST,markus_keller@ch.ibm.com,Status,ASSIGNED,REOPENED
2007-02-07 07:03:00 EST,markus_keller@ch.ibm.com,Summary,[jar exporter] Error on export as jar of a java project w "gen/src" folder structure,Error on export as jar of a java project w "gen/src" folder structure
2007-08-16 11:17:54 EDT,zina@ca.ibm.com,CC,zina@ca.ibm.com,
2007-08-16 11:32:21 EDT,aeschli@gmail.com,CC,martin_aeschlimann@ch.ibm.com,
2007-08-16 11:32:21 EDT,aeschli@gmail.com,Target Milestone,3.4,---
2007-09-07 06:59:22 EDT,philippe_mulet@fr.ibm.com,CC,philippe_mulet@fr.ibm.com,
2007-09-07 06:59:22 EDT,philippe_mulet@fr.ibm.com,Priority,P1,P3
2007-09-11 11:06:38 EDT,philippe_mulet@fr.ibm.com,Priority,P2,P1
2007-11-29 04:12:29 EST,daniel_megert@ch.ibm.com,Status,RESOLVED,ASSIGNED
2007-11-29 04:12:29 EST,daniel_megert@ch.ibm.com,Resolution,FIXED,---
2007-11-29 04:12:29 EST,daniel_megert@ch.ibm.com,Target Milestone,3.3,3.4
