When, Who, What, Added, Removed
2007-02-05 15:18:41 EST,jlanuti@us.ibm.com,Assignee,jst.j2ee-inbox@eclipse.org,wst-inbox@eclipse.org
2007-02-05 15:18:41 EST,jlanuti@us.ibm.com,Component,jst.j2ee,Web Standard Tools
2007-02-05 15:18:41 EST,jlanuti@us.ibm.com,QA Contact,cbridgha@us.ibm.com,david_williams@us.ibm.com
2007-02-08 14:13:11 EST,cbridgha@us.ibm.com,Status,ASSIGNED,NEW
2007-02-08 14:13:11 EST,cbridgha@us.ibm.com,Whiteboard,154,
2007-02-08 14:13:51 EST,cbridgha@us.ibm.com,Assignee,ccc@us.ibm.com,jst.j2ee-inbox@eclipse.org
2007-02-08 14:13:51 EST,cbridgha@us.ibm.com,Status,NEW,ASSIGNED
2007-03-01 14:53:21 EST,cbridgha@us.ibm.com,Target Milestone,1.5.4 M154,---
2007-04-06 17:54:10 EDT,ccc@us.ibm.com,Status,RESOLVED,NEW
2007-04-06 17:54:10 EDT,ccc@us.ibm.com,Resolution,FIXED,---
2007-05-03 10:56:06 EDT,cbridgha@us.ibm.com,Status,CLOSED,RESOLVED
