When, Who, What, Added, Removed
2007-01-31 04:02:38 EST,gadi@zend.com,Keywords,plan,
2007-01-31 04:02:38 EST,gadi@zend.com,Priority,P2,P3
2007-02-17 03:38:27 EST,spektom@gmail.com,Status,RESOLVED,NEW
2007-02-17 03:38:27 EST,spektom@gmail.com,Resolution,FIXED,---
2007-02-18 10:38:26 EST,gadi@zend.com,Status,REOPENED,RESOLVED
2007-02-18 10:38:26 EST,gadi@zend.com,QA Contact,yossi.l@zend.com,
2007-02-18 10:38:26 EST,gadi@zend.com,Resolution,---,FIXED
2007-02-19 15:31:09 EST,spektom@gmail.com,Assignee,roy@zend.com,php.ui-inbox@eclipse.org
2007-02-19 15:31:09 EST,spektom@gmail.com,Status,NEW,REOPENED
2007-02-20 04:28:24 EST,ganoro@gmail.com,Status,RESOLVED,NEW
2007-02-20 04:28:24 EST,ganoro@gmail.com,Resolution,FIXED,---
2007-02-20 11:53:30 EST,gadi@zend.com,Status,VERIFIED,RESOLVED
2007-02-20 16:54:48 EST,gadi@zend.com,Status,CLOSED,VERIFIED
