When, Who, What, Added, Removed
2007-01-30 17:14:33 EST,ewchan@ca.ibm.com,CC,ewchan@ca.ibm.com,
2007-01-30 17:14:33 EST,ewchan@ca.ibm.com,Assignee,apnan@ca.ibm.com,ewchan@ca.ibm.com
2007-01-30 17:14:33 EST,ewchan@ca.ibm.com,Target Milestone,4.4,---
2007-02-27 09:40:48 EST,jkubasta@ca.ibm.com,Target Milestone,future,4.4
2007-08-09 16:00:47 EDT,labadie@ca.ibm.com,CC,labadie@ca.ibm.com,
2007-10-12 12:13:57 EDT,apnan@ca.ibm.com,Target Milestone,4.5,future
2007-10-19 15:41:36 EDT,jkubasta@ca.ibm.com,CC,jkubasta@ca.ibm.com,
2007-10-19 15:41:36 EDT,jkubasta@ca.ibm.com,Keywords,plan,
2007-11-22 15:07:44 EST,jkubasta@ca.ibm.com,Keywords,,plan
2007-11-22 15:07:44 EST,jkubasta@ca.ibm.com,Priority,P1,P3
2007-11-22 21:09:05 EST,apnan@ca.ibm.com,Target Milestone,4.5i4,4.5
2007-11-27 18:37:49 EST,apnan@ca.ibm.com,Status,ASSIGNED,NEW
2007-11-30 15:20:46 EST,apnan@ca.ibm.com,Status,RESOLVED,ASSIGNED
2007-11-30 15:20:46 EST,apnan@ca.ibm.com,Resolution,FIXED,---
2007-12-19 06:48:16 EST,paules@ca.ibm.com,Keywords,plan,
2009-06-30 13:19:47 EDT,paules@ca.ibm.com,Status,CLOSED,RESOLVED
2009-06-30 13:19:47 EDT,paules@ca.ibm.com,Whiteboard,closed460,
2009-06-30 21:38:03 EDT,paules@ca.ibm.com,Whiteboard,housecleaned460 closed460,closed460
2009-07-01 15:22:51 EDT,paules@ca.ibm.com,Whiteboard,closed460,housecleaned460 closed460
