When, Who, What, Added, Removed
2007-01-31 08:00:53 EST,snorthov@ca.ibm.com,CC,Silenio_Quarti@ca.ibm.com, steve_northover@ca.ibm.com,
2007-01-31 08:00:53 EST,snorthov@ca.ibm.com,Assignee,Carolyn_MacLeod@ca.ibm.com,platform-swt-inbox@eclipse.org
2007-01-31 10:06:16 EST,sja.eclipse@gmail.com,CC,sarcher@us.ibm.com,
2007-02-11 03:30:37 EST,csaszar@informatik.hu-berlin.de,CC,csaszar@informatik.hu-berlin.de,
2007-09-06 16:19:13 EDT,dak2009@gmail.com,CC,davidk@kelman.com,
2007-09-11 15:42:07 EDT,Silenio_Quarti@ca.ibm.com,CC,Carolyn_MacLeod@ca.ibm.com,
2007-09-11 15:42:07 EDT,Silenio_Quarti@ca.ibm.com,Assignee,Silenio_Quarti@ca.ibm.com,Carolyn_MacLeod@ca.ibm.com
2007-09-11 15:42:42 EDT,Silenio_Quarti@ca.ibm.com,Status,RESOLVED,NEW
2007-09-11 15:42:42 EDT,Silenio_Quarti@ca.ibm.com,Resolution,FIXED,---
2007-09-12 16:09:48 EDT,grant_gayed@ca.ibm.com,Target Milestone,3.4 M2,---
2007-11-27 16:07:50 EST,carolynmacleod4@gmail.com,CC,dieter@masterbit.com,
