When, Who, What, Added, Removed
2007-01-30 22:54:24 EST,xma@actuate.com,Blocks,169795,
2007-01-31 08:03:48 EST,snorthov@ca.ibm.com,CC,steve_northover@ca.ibm.com,
2007-01-31 08:03:48 EST,snorthov@ca.ibm.com,Assignee,duongn@ca.ibm.com,platform-swt-inbox@eclipse.org
2007-01-31 08:03:48 EST,snorthov@ca.ibm.com,Summary,[DND] unpredicable caret motion,DND unpredicable caret motion
2007-02-02 07:48:10 EST,snorthov@ca.ibm.com,Status,RESOLVED,NEW
2007-02-02 07:48:10 EST,snorthov@ca.ibm.com,Resolution,FIXED,---
2007-02-06 17:26:22 EST,grant_gayed@ca.ibm.com,Target Milestone,3.3 M5,---
