When, Who, What, Added, Removed
2007-01-30 21:00:15 EST,blyons@numbersix.com,Status,ASSIGNED,NEW
2007-01-30 21:00:15 EST,blyons@numbersix.com,Target Milestone,1.0 M4,---
2007-01-30 21:16:37 EST,blyons@numbersix.com,Status,RESOLVED,ASSIGNED
2007-01-30 21:16:37 EST,blyons@numbersix.com,Resolution,FIXED,---
2007-01-30 21:20:14 EST,blyons@numbersix.com,CC,blyons@numbersix.com,
2007-02-07 19:42:10 EST,balduino@us.ibm.com,Target Milestone,1.0 M5,1.0 M4
2007-03-02 13:54:35 EST,jruehlin@us.ibm.com,Status,VERIFIED,RESOLVED
2007-03-03 09:26:45 EST,blyons@numbersix.com,Status,CLOSED,VERIFIED
