When, Who, What, Added, Removed
2007-01-30 18:22:38 EST,deboer@ca.ibm.com,Assignee,gercan@acm.org,jst.server-inbox@eclipse.org
2007-01-31 14:26:49 EST,jlanuti@us.ibm.com,CC,jlanuti@us.ibm.com,
2007-02-08 14:42:22 EST,david_williams@us.ibm.com,CC,david_williams@us.ibm.com,
2007-02-22 12:06:40 EST,david_williams@us.ibm.com,Depends on,42262,
2007-04-03 11:19:30 EDT,jlanuti@us.ibm.com,Severity,major,critical
2007-09-10 13:41:59 EDT,jlanuti@us.ibm.com,CC,,jlanuti@us.ibm.com
2009-02-02 14:11:14 EST,arvera@ca.ibm.com,CC,arvera@ca.ibm.com,
2009-02-04 16:54:49 EST,arvera@ca.ibm.com,Severity,normal,major
2009-04-10 09:15:48 EDT,gorkem.ercan@gmail.com,Status,RESOLVED,NEW
2009-04-10 09:15:48 EDT,gorkem.ercan@gmail.com,Resolution,FIXED,---
