When, Who, What, Added, Removed
2007-01-31 03:49:56 EST,anton.leherbauer@windriver.com,Assignee,BWilkinson@qnx.com,cdt-core-inbox@eclipse.org
2007-01-31 03:49:56 EST,anton.leherbauer@windriver.com,Target Milestone,4.0 M5,---
2007-01-31 04:00:14 EST,anton.leherbauer@windriver.com,Status,RESOLVED,NEW
2007-01-31 04:00:14 EST,anton.leherbauer@windriver.com,Resolution,FIXED,---
2007-05-29 22:30:21 EDT,dschaefer@qnx.com,Keywords,contributed,
2008-06-20 10:46:15 EDT,bjorn.freeman-benson@eclipse.org,Attachment #57830                Flags,iplog+,
2009-01-09 15:09:46 EST,dschaefer@qnx.com,Component,cdt-core,deprecated7
