When, Who, What, Added, Removed
2007-02-01 02:28:09 EST,qwang@actuate.com,Assignee,dgao@actuate.com,Birt-ReportDesigner-inbox@eclipse.org
2007-02-01 02:28:09 EST,qwang@actuate.com,Target Milestone,2.2.0,---
2007-02-05 00:26:01 EST,gump_gao@sohu.com,Assignee,xuelan.li@actuate.com,dgao@actuate.com
2007-02-08 02:35:21 EST,xuelan.li@actuate.com,Status,RESOLVED,NEW
2007-02-08 02:35:21 EST,xuelan.li@actuate.com,Resolution,FIXED,---
2007-02-08 02:35:21 EST,xuelan.li@actuate.com,Target Milestone,2.2.0 M6,2.2.0
2007-02-28 20:57:49 EST,zfei@actuate.com,Status,CLOSED,RESOLVED
