When, Who, What, Added, Removed
2007-04-29 08:48:40 EDT,gadi@zend.com,Status,RESOLVED,NEW
2007-04-29 08:48:40 EDT,gadi@zend.com,Resolution,DUPLICATE,---
2007-05-07 06:49:07 EDT,gadi@zend.com,Status,CLOSED,RESOLVED
2007-05-27 08:29:55 EDT,gadi@zend.com,Status,REOPENED,CLOSED
2007-05-27 08:29:55 EDT,gadi@zend.com,Resolution,---,DUPLICATE
2007-05-27 08:30:45 EDT,gadi@zend.com,Assignee,moshe@zend.com,php.ui-inbox@eclipse.org
2007-05-27 08:30:45 EDT,gadi@zend.com,Status,NEW,REOPENED
2007-05-28 03:40:00 EDT,moshe@zend.com,Status,RESOLVED,NEW
2007-05-28 03:40:00 EDT,moshe@zend.com,Resolution,FIXED,---
2007-06-10 08:24:09 EDT,gadi@zend.com,Status,CLOSED,RESOLVED
