When, Who, What, Added, Removed
2007-01-30 17:18:43 EST,kathy@ca.ibm.com,Assignee,makandre@ca.ibm.com,jst.ws-inbox@eclipse.org
2007-01-31 09:29:43 EST,ccc@us.ibm.com,Severity,normal,blocker
2007-01-31 09:39:37 EST,kathy@ca.ibm.com,Blocks,110823,
2007-02-01 11:18:53 EST,makandre@ca.ibm.com,Status,ASSIGNED,NEW
2007-02-05 21:47:30 EST,kathy@ca.ibm.com,Status,RESOLVED,ASSIGNED
2007-02-05 21:47:30 EST,kathy@ca.ibm.com,Resolution,FIXED,---
2007-02-06 21:29:36 EST,ccc@us.ibm.com,Status,VERIFIED,RESOLVED
2007-02-06 21:32:52 EST,ccc@us.ibm.com,Status,CLOSED,VERIFIED
2008-04-23 04:22:18 EDT,david_williams@us.ibm.com,Target Milestone,2.0,---
