When, Who, What, Added, Removed
2007-01-30 14:38:49 EST,rreising@serena.com,OS,Windows 2003 Server,Windows Mobile 2003
2007-02-07 12:36:44 EST,tbuss@serena.com,Assignee,Rvenatraman@serena.com,tbuss@serena.com
2007-08-16 21:12:52 EDT,tbuss@serena.com,CC,tbuss@serena.com,
2007-08-16 21:12:52 EDT,tbuss@serena.com,Status,RESOLVED,NEW
2007-08-16 21:12:52 EDT,tbuss@serena.com,Resolution,FIXED,---
2010-11-23 14:33:42 EST,webmaster@eclipse.org,Component,ALF,alf-plugins
2010-11-23 14:33:42 EST,webmaster@eclipse.org,Version,unspecified,ALF 0.7
2010-11-23 14:33:42 EST,webmaster@eclipse.org,Product,z_Archived,ALF
