When, Who, What, Added, Removed
2007-01-31 03:35:54 EST,anton.leherbauer@windriver.com,Assignee,BWilkinson@qnx.com,cdt-core-inbox@eclipse.org
2007-01-31 03:35:54 EST,anton.leherbauer@windriver.com,Target Milestone,4.0 M5,---
2007-01-31 03:36:48 EST,anton.leherbauer@windriver.com,Status,RESOLVED,NEW
2007-01-31 03:36:48 EST,anton.leherbauer@windriver.com,Resolution,FIXED,---
2007-05-29 22:29:55 EDT,dschaefer@qnx.com,Keywords,contributed,
2008-06-20 10:46:13 EDT,bjorn.freeman-benson@eclipse.org,Attachment #57824                Flags,iplog+,
2009-01-09 15:09:44 EST,dschaefer@qnx.com,Component,cdt-core,deprecated7
