When, Who, What, Added, Removed
2007-02-01 07:51:13 EST,bsubram@us.ibm.com,CC,sadravid@in.ibm.com,
2007-02-01 07:51:13 EST,bsubram@us.ibm.com,Assignee,bsubram@us.ibm.com,weitzelm@us.ibm.com
2007-02-01 07:51:13 EST,bsubram@us.ibm.com,Priority,P2,P3
2007-02-01 07:51:13 EST,bsubram@us.ibm.com,Target Milestone,4.4i1,---
2007-02-06 16:35:27 EST,smith@ca.ibm.com,Target Milestone,4.4i2,4.4i1
2007-03-13 12:12:33 EDT,bsubram@us.ibm.com,CC,,bhanu.prathap@in.ibm.com, aeberbac@us.ibm.com, karthikeyan@in.ibm.com, bsubram@us.ibm.com
2007-03-13 12:12:33 EDT,bsubram@us.ibm.com,Status,ASSIGNED,NEW
2007-04-03 11:49:08 EDT,aeberbac@us.ibm.com,Target Milestone,4.4i3,4.4i2
2007-04-25 11:45:01 EDT,bsubram@us.ibm.com,Status,RESOLVED,ASSIGNED
2007-04-25 11:45:01 EDT,bsubram@us.ibm.com,QA Contact,bhanu.prathap@in.ibm.com,
2007-04-25 11:45:01 EDT,bsubram@us.ibm.com,Resolution,FIXED,---
2007-05-03 08:39:21 EDT,bhanu.prathap@in.ibm.com,Status,CLOSED,RESOLVED
2010-06-03 15:03:08 EDT,webmaster@eclipse.org,Component,TPTP.monitoring,Monitor.UI.ManagedResourcesExplorer
2010-06-03 15:03:08 EDT,webmaster@eclipse.org,Version,unspecified,4.4
2010-06-03 15:03:08 EDT,webmaster@eclipse.org,Product,z_Archived,TPTP Build to Manage
2010-06-03 15:03:08 EDT,webmaster@eclipse.org,Target Milestone,---,4.4i3
