When, Who, What, Added, Removed
2007-06-29 07:35:53 EDT,markus.schorn@windriver.com,Assignee,markus.schorn@windriver.com,cdt-core-inbox@eclipse.org
2007-06-29 07:35:53 EDT,markus.schorn@windriver.com,Target Milestone,4.0.1,---
2007-06-29 07:36:57 EDT,markus.schorn@windriver.com,Status,RESOLVED,NEW
2007-06-29 07:36:57 EDT,markus.schorn@windriver.com,Resolution,FIXED,---
2014-01-29 16:59:44 EST,dschaefer@qnx.com,Attachment #57849                Flags,iplog+,
2014-01-29 16:59:44 EST,dschaefer@qnx.com,CC,dschaefer@qnx.com,
