When, Who, What, Added, Removed
2007-01-31 20:19:32 EST,wyan@actuate.com,Target Milestone,2.2.0 M6,---
2007-02-11 22:40:00 EST,wyan@actuate.com,Assignee,wei.zhao@actuate.com,Birt-ReportEngine-inbox@eclipse.org
2007-03-18 23:25:14 EDT,wyan@actuate.com,Priority,P5,P3
2007-03-23 03:21:25 EDT,wenfeng.fwd@gmail.com,CC,wyan@actuate.com, gxue@actuate.com, wli@actuate.com,
2007-03-23 03:21:25 EDT,wenfeng.fwd@gmail.com,Priority,P3,P5
2007-03-23 03:21:25 EDT,wenfeng.fwd@gmail.com,Target Milestone,Future,2.2.0 M6
2008-10-10 03:38:29 EDT,wyan@actuate.com,Assignee,wyan@actuate.com,wei.zhao@actuate.com
2008-10-10 03:38:29 EDT,wyan@actuate.com,Target Milestone,2.5.0,Future
2008-12-28 21:49:27 EST,wyan@actuate.com,Assignee,jouyang@actuate.com,wyan@actuate.com
2008-12-28 21:49:27 EST,wyan@actuate.com,Target Milestone,2.5.0 M5,2.5.0
2009-01-04 01:47:40 EST,bluesoldier@gmail.com,QA Contact,tzhang@actuate.com,
2009-01-06 21:58:49 EST,jouyang@actuate.com,Status,RESOLVED,NEW
2009-01-06 21:58:49 EST,jouyang@actuate.com,Resolution,FIXED,---
2009-01-15 00:21:52 EST,tzhang@actuate.com,Status,VERIFIED,RESOLVED
2009-03-31 03:48:07 EDT,bluesoldier@gmail.com,CC,xgu@actuate.com,
2009-03-31 03:48:07 EDT,bluesoldier@gmail.com,Whiteboard,Obsolete,
