When, Who, What, Added, Removed
2007-01-31 03:57:57 EST,markus.schorn@windriver.com,Status,RESOLVED,NEW
2007-01-31 03:57:57 EST,markus.schorn@windriver.com,Resolution,FIXED,---
2007-05-13 20:34:47 EDT,dschaefer@qnx.com,Target Milestone,4.0,---
2007-05-29 22:32:36 EDT,dschaefer@qnx.com,Keywords,contributed,
2008-06-03 14:39:17 EDT,dschaefer@qnx.com,CC,doug.schaefer@windriver.com,
2008-06-03 14:39:17 EDT,dschaefer@qnx.com,Status,REOPENED,RESOLVED
2008-06-03 14:39:17 EDT,dschaefer@qnx.com,Resolution,---,FIXED
2008-06-03 14:39:27 EDT,dschaefer@qnx.com,Assignee,markus.schorn@windriver.com,cdt-core-inbox@eclipse.org
2008-06-03 14:39:27 EDT,dschaefer@qnx.com,Status,NEW,REOPENED
2008-06-03 14:39:38 EDT,dschaefer@qnx.com,Status,RESOLVED,NEW
2008-06-03 14:39:38 EDT,dschaefer@qnx.com,Resolution,FIXED,---
2008-06-19 23:52:05 EDT,bjorn.freeman-benson@eclipse.org,Attachment #57838                Flags,iplog+,
2008-06-19 23:52:07 EDT,bjorn.freeman-benson@eclipse.org,Attachment #57840                Flags,iplog+,
2008-06-19 23:52:10 EDT,bjorn.freeman-benson@eclipse.org,Attachment #57843                Flags,iplog+,
