When, Who, What, Added, Removed
2007-01-31 03:39:54 EST,markus.schorn@windriver.com,Status,RESOLVED,NEW
2007-01-31 03:39:54 EST,markus.schorn@windriver.com,Resolution,FIXED,---
2007-05-13 20:34:48 EDT,dschaefer@qnx.com,Target Milestone,4.0,---
2007-05-29 22:33:01 EDT,dschaefer@qnx.com,Keywords,contributed,
2008-06-03 14:40:02 EDT,dschaefer@qnx.com,CC,doug.schaefer@windriver.com,
2008-06-03 14:40:02 EDT,dschaefer@qnx.com,Status,REOPENED,RESOLVED
2008-06-03 14:40:02 EDT,dschaefer@qnx.com,Resolution,---,FIXED
2008-06-03 14:40:17 EDT,dschaefer@qnx.com,Assignee,markus.schorn@windriver.com,cdt-core-inbox@eclipse.org
2008-06-03 14:40:17 EDT,dschaefer@qnx.com,Status,NEW,REOPENED
2008-06-03 14:40:29 EDT,dschaefer@qnx.com,Status,RESOLVED,NEW
2008-06-03 14:40:29 EDT,dschaefer@qnx.com,Resolution,FIXED,---
2008-06-19 23:52:14 EDT,bjorn.freeman-benson@eclipse.org,Attachment #57845                Flags,iplog+,
