When, Who, What, Added, Removed
2007-04-27 17:26:18 EDT,linh@us.ibm.com,Severity,enhancement,normal
2007-09-28 18:32:37 EDT,dwolfe@us.ibm.com,CC,dwolfe@us.ibm.com,slupesky@us.ibm.com, bdelaire@us.ibm.com
2007-09-28 18:32:37 EDT,dwolfe@us.ibm.com,Assignee,dwolfe@us.ibm.com,psarkar@almaden.ibm.com
2007-09-28 18:32:37 EDT,dwolfe@us.ibm.com,Severity,minor,enhancement
2007-10-15 12:15:48 EDT,dwolfe@us.ibm.com,Severity,major,minor
2007-10-15 12:15:48 EDT,dwolfe@us.ibm.com,Priority,P2,P3
2007-12-05 17:43:48 EST,linh@us.ibm.com,Status,RESOLVED,NEW
2007-12-05 17:43:48 EST,linh@us.ibm.com,Resolution,FIXED,---
