When, Who, What, Added, Removed
2007-01-31 00:43:27 EST,qwang@actuate.com,Assignee,Birt-Report-inbox@eclipse.org,Birt-ReportDesigner-inbox@eclipse.org
2007-01-31 00:43:27 EST,qwang@actuate.com,Component,Report,Report Designer
2007-01-31 02:41:43 EST,yli@actuate.com,Assignee,xhe@actuate.com,Birt-Report-inbox@eclipse.org
2007-01-31 02:41:43 EST,yli@actuate.com,Target Milestone,2.2.0 M6,---
2007-01-31 11:57:07 EST,kvenkatraman@actuate.com,Status,RESOLVED,NEW
2007-01-31 11:57:07 EST,kvenkatraman@actuate.com,Resolution,FIXED,---
