When, Who, What, Added, Removed
2007-01-30 19:20:15 EST,mark.dickson@steria.co.uk,Assignee,mark.dickson@xansa.com,epf.content-inbox@eclipse.org
2007-01-30 19:20:15 EST,mark.dickson@steria.co.uk,Target Milestone,1.0 M5,---
2007-01-30 19:20:25 EST,mark.dickson@steria.co.uk,Status,ASSIGNED,NEW
2007-02-26 10:43:59 EST,mark.dickson@steria.co.uk,CC,blyons@numbersix.com,
2007-02-26 10:44:24 EST,mark.dickson@steria.co.uk,CC,jruehlin@us.ibm.com,
2007-02-26 10:45:57 EST,mark.dickson@steria.co.uk,CC,apereira@whatever.pt,
2007-02-26 10:46:43 EST,mark.dickson@steria.co.uk,CC,balduino@us.ibm.com,
2007-02-26 11:17:47 EST,mark.dickson@steria.co.uk,Status,RESOLVED,ASSIGNED
2007-02-26 11:17:47 EST,mark.dickson@steria.co.uk,Resolution,FIXED,---
2007-03-05 20:08:54 EST,balduino@us.ibm.com,Status,CLOSED,RESOLVED
