When, Who, What, Added, Removed
2007-01-31 03:30:38 EST,markus.schorn@windriver.com,Status,RESOLVED,NEW
2007-01-31 03:30:38 EST,markus.schorn@windriver.com,Resolution,FIXED,---
2007-01-31 03:30:38 EST,markus.schorn@windriver.com,Target Milestone,4.0 M5,---
2007-05-29 22:30:47 EDT,dschaefer@qnx.com,Keywords,contributed,
2008-06-03 15:01:32 EDT,dschaefer@qnx.com,CC,doug.schaefer@windriver.com,
2008-06-03 15:01:32 EDT,dschaefer@qnx.com,Status,REOPENED,RESOLVED
2008-06-03 15:01:32 EDT,dschaefer@qnx.com,Resolution,---,FIXED
2008-06-03 15:01:47 EDT,dschaefer@qnx.com,Assignee,markus.schorn@windriver.com,cdt-core-inbox@eclipse.org
2008-06-03 15:01:47 EDT,dschaefer@qnx.com,Status,NEW,REOPENED
2008-06-03 15:02:00 EDT,dschaefer@qnx.com,Status,RESOLVED,NEW
2008-06-03 15:02:00 EDT,dschaefer@qnx.com,Resolution,FIXED,---
2008-06-20 10:46:15 EDT,bjorn.freeman-benson@eclipse.org,Attachment #57833                Flags,iplog+,
