When, Who, What, Added, Removed
2007-01-31 07:42:17 EST,dmichonneau@actuate.com,Assignee,ywang@actuate.com,Birt-Chart-inbox@eclipse.org
2007-01-31 07:42:17 EST,dmichonneau@actuate.com,Target Milestone,2.2.0 M5,---
2007-02-05 04:52:38 EST,dmichonneau@actuate.com,Target Milestone,2.2.0 M6,2.2.0 M5
2007-04-03 15:04:16 EDT,dmichonneau@actuate.com,Target Milestone,2.2.0 RC0,2.2.0 M6
2007-04-09 10:28:03 EDT,dmichonneau@actuate.com,Assignee,yulin.wang@actuate.com,ywang@actuate.com
2007-04-18 22:43:39 EDT,yulin.wang@actuate.com,Status,RESOLVED,NEW
2007-04-18 22:43:39 EDT,yulin.wang@actuate.com,Resolution,FIXED,---
2007-04-23 21:43:22 EDT,xwang@actuate.com,Status,CLOSED,RESOLVED
2009-07-23 03:59:54 EDT,bluesoldier@gmail.com,Whiteboard,Autoed,
2010-03-25 00:53:23 EDT,bluesoldier@gmail.com,CC,xgu@actuate.com,
2010-03-25 00:53:23 EDT,bluesoldier@gmail.com,Whiteboard,Autoed,G,Autoed
