When, Who, What, Added, Removed
2007-01-31 07:15:24 EST,lzhu@actuate.com,Assignee,jianchao.li@actuate.com,Birt-Data-inbox@eclipse.org
2007-01-31 07:15:24 EST,lzhu@actuate.com,Target Milestone,2.2.0 M6,---
2007-03-04 21:22:30 EST,tchen@actuate.com,Summary,[Automation]Total.percentSum() need to throw exception when the parameter is a non-numeric value,Total.percentSum() need to throw exception when the parameter is a non-numeric value
2007-03-05 21:29:05 EST,jianchao.li@actuate.com,Status,RESOLVED,NEW
2007-03-05 21:29:05 EST,jianchao.li@actuate.com,Resolution,FIXED,---
2007-03-06 21:43:40 EST,tchen@actuate.com,Status,CLOSED,RESOLVED
