When, Who, What, Added, Removed
2007-01-30 17:41:16 EST,bradleyjames@gmail.com,CC,Boris_Bokowski@ca.ibm.com,
2007-01-30 17:41:16 EST,bradleyjames@gmail.com,Assignee,bradleyjames@gmail.com,Platform-UI-Inbox@eclipse.org
2007-01-30 17:41:16 EST,bradleyjames@gmail.com,Target Milestone,3.3 M5,---
2007-01-30 19:18:51 EST,bradleyjames@gmail.com,Status,ASSIGNED,NEW
2007-01-30 22:12:14 EST,bradleyjames@gmail.com,Status,RESOLVED,ASSIGNED
2007-01-30 22:12:14 EST,bradleyjames@gmail.com,Resolution,FIXED,---
2007-02-06 20:57:36 EST,bradleyjames@gmail.com,Status,VERIFIED,RESOLVED
