When, Who, What, Added, Removed
2007-02-12 14:51:10 EST,mik.kersten@tasktop.com,Severity,enhancement,normal
2007-02-12 14:51:10 EST,mik.kersten@tasktop.com,Priority,P5,P3
2007-02-12 16:00:54 EST,wmitsuda@gmail.com,CC,wmitsuda@gmail.com,
2007-02-20 12:51:59 EST,mik.kersten@tasktop.com,CC,sminto@cs.ubc.ca,
2007-02-20 20:41:52 EST,mik.kersten@tasktop.com,Target Milestone,2.0,---
2007-05-10 16:17:38 EDT,mik.kersten@tasktop.com,CC,steffen.pingel@eclipse.org,
2007-05-23 10:49:22 EDT,mik.kersten@tasktop.com,Target Milestone,---,2.0
2007-06-19 19:48:20 EDT,david_williams@us.ibm.com,CC,david_williams@us.ibm.com,
2007-11-08 14:55:28 EST,mik.kersten@tasktop.com,Assignee,steffen.pingel@eclipse.org,mylyn-inbox@eclipse.org
2007-11-08 14:55:28 EST,mik.kersten@tasktop.com,Priority,P2,P5
2007-11-08 14:55:28 EST,mik.kersten@tasktop.com,Summary,consume org.apache.axis dependency from Orbit,move Axis dependency into Orbit
2007-11-08 14:55:28 EST,mik.kersten@tasktop.com,Target Milestone,3.0,---
2007-11-08 14:56:43 EST,mik.kersten@tasktop.com,Blocks,167362,
2008-01-02 16:34:56 EST,steffen.pingel@tasktop.com,Blocks,214159,
2008-03-01 19:07:24 EST,steffen.pingel@tasktop.com,CC,hbershadskaya@codegear.com,
2008-03-01 19:07:24 EST,steffen.pingel@tasktop.com,Status,RESOLVED,NEW
2008-03-01 19:07:24 EST,steffen.pingel@tasktop.com,Resolution,FIXED,---
2008-03-01 19:44:36 EST,david_williams@us.ibm.com,CC,kathy@ca.ibm.com,
2008-03-04 18:00:46 EST,steffen.pingel@tasktop.com,Summary,ecconsume org.apache.axis dependency from Orbit,consume org.apache.axis dependency from Orbit
2008-03-04 20:56:16 EST,steffen.pingel@tasktop.com,Summary,consume org.apache.axis dependency from Orbit,ecconsume org.apache.axis dependency from Orbit
