When, Who, What, Added, Removed
2007-02-01 02:26:45 EST,qwang@actuate.com,Assignee,Birt-Report-inbox@eclipse.org,Birt-ReportDesigner-inbox@eclipse.org
2007-02-01 02:26:45 EST,qwang@actuate.com,Component,Report,Report Designer
2007-02-01 22:45:14 EST,yli@actuate.com,Assignee,jliu@actuate.com,Birt-Report-inbox@eclipse.org
2007-02-01 22:45:14 EST,yli@actuate.com,Target Milestone,2.2.0 M6,---
2007-02-05 02:58:29 EST,jliu@actuate.com,Status,RESOLVED,NEW
2007-02-05 02:58:29 EST,jliu@actuate.com,Resolution,INVALID,---
2007-02-05 05:41:14 EST,jliu@actuate.com,CC,wli@actuate.com,
2007-02-05 05:41:14 EST,jliu@actuate.com,Status,REOPENED,RESOLVED
2007-02-05 05:41:14 EST,jliu@actuate.com,Resolution,---,INVALID
2007-02-05 05:41:30 EST,jliu@actuate.com,CC,yli@actuate.com,
2007-02-07 01:46:00 EST,jliu@actuate.com,CC,,wli@actuate.com
2007-02-07 02:40:35 EST,jliu@actuate.com,Depends on,173236,
2007-03-02 03:30:24 EST,jliu@actuate.com,Status,RESOLVED,REOPENED
2007-03-02 03:30:24 EST,jliu@actuate.com,Resolution,FIXED,---
