When, Who, What, Added, Removed
2007-01-30 15:56:06 EST,webmaster@eclipse.org,Status,RESOLVED,NEW
2007-01-30 15:56:06 EST,webmaster@eclipse.org,Resolution,INVALID,---
2007-01-30 17:50:36 EST,golubev@montages.com,Status,REOPENED,RESOLVED
2007-01-30 17:50:36 EST,golubev@montages.com,Resolution,---,INVALID
2007-01-30 17:53:44 EST,richard.gronback@borland.com,CC,richard.gronback@borland.com,
2007-01-31 11:10:30 EST,webmaster@eclipse.org,Status,RESOLVED,REOPENED
2007-01-31 11:10:30 EST,webmaster@eclipse.org,Resolution,FIXED,---
2008-02-18 09:05:21 EST,golubev@montages.com,Status,REOPENED,RESOLVED
2008-02-18 09:05:21 EST,golubev@montages.com,Resolution,---,FIXED
2008-02-18 12:24:13 EST,denis.roy@eclipse.org,Status,RESOLVED,REOPENED
2008-02-18 12:24:13 EST,denis.roy@eclipse.org,Resolution,FIXED,---
