When, Who, What, Added, Removed
2007-01-31 07:59:11 EST,snorthov@ca.ibm.com,Assignee,Platform-UI-Inbox@eclipse.org,platform-swt-inbox@eclipse.org
2007-01-31 07:59:11 EST,snorthov@ca.ibm.com,Component,UI,SWT
2007-01-31 09:13:52 EST,pwebster@ca.ibm.com,Assignee,susan_franklin@us.ibm.com,Platform-UI-Inbox@eclipse.org
2007-01-31 09:13:52 EST,pwebster@ca.ibm.com,Summary,[FieldAssist] [ControlDecoration] Decoration does not disappear inside a closed section,[ControlDecoration] Decoration does not disappear inside a closed section
2007-02-13 14:09:29 EST,susan@rapicorp.com,Status,ASSIGNED,NEW
2007-02-13 14:09:29 EST,susan@rapicorp.com,Target Milestone,3.3 M6,---
2007-02-23 15:31:08 EST,susan@rapicorp.com,CC,rodrigo_peretti@ca.ibm.com, dejan@ca.ibm.com, Kevin_McGuire@ca.ibm.com,
2007-02-23 15:31:08 EST,susan@rapicorp.com,Status,RESOLVED,ASSIGNED
2007-02-23 15:31:08 EST,susan@rapicorp.com,Resolution,INVALID,---
2007-02-27 13:22:52 EST,spacehorst@gmail.com,Status,REOPENED,RESOLVED
2007-02-27 13:22:52 EST,spacehorst@gmail.com,Resolution,---,INVALID
2007-03-01 13:46:54 EST,susan@rapicorp.com,CC,Tod_Creasey@ca.ibm.com,
2007-03-01 15:27:15 EST,dejan@ca.ibm.com,CC,curtispd@ca.ibm.com,
2007-03-02 12:26:50 EST,susan@rapicorp.com,Status,ASSIGNED,REOPENED
2007-03-02 12:26:50 EST,susan@rapicorp.com,Summary,[FieldAssist] [ControlDecoration] API - Decoration does not disappear inside a closed section,[FieldAssist] [ControlDecoration] Decoration does not disappear inside a closed section
2007-03-02 14:11:47 EST,susan@rapicorp.com,Attachment #59709                Attachment is obsolete,1,0
2007-03-07 14:09:53 EST,susan@rapicorp.com,Status,RESOLVED,ASSIGNED
2007-03-07 14:09:53 EST,susan@rapicorp.com,Resolution,FIXED,---
2007-03-14 16:24:43 EDT,susan@rapicorp.com,Status,REOPENED,RESOLVED
2007-03-14 16:24:43 EDT,susan@rapicorp.com,Resolution,---,FIXED
2007-03-14 17:05:09 EDT,susan@rapicorp.com,Attachment #60194                Attachment is obsolete,1,0
2007-03-14 17:06:35 EDT,susan@rapicorp.com,Attachment #60193                Attachment is obsolete,1,0
2007-03-14 17:09:32 EDT,susan@rapicorp.com,Status,ASSIGNED,REOPENED
2007-03-15 12:49:18 EDT,susan@rapicorp.com,Status,RESOLVED,ASSIGNED
2007-03-15 12:49:18 EDT,susan@rapicorp.com,Resolution,FIXED,---
2007-03-20 10:45:35 EDT,susan@rapicorp.com,Status,VERIFIED,RESOLVED
