When, Who, What, Added, Removed
2007-01-31 10:08:59 EST,denis.roy@eclipse.org,CC,bjorn.freeman-benson@eclipse.org, ward.cunningham@eclipse.org,
2007-03-01 19:12:50 EST,bjorn.freeman-benson@eclipse.org,Component,Portal,CommitterTools
2007-04-09 12:13:48 EDT,bjorn.freeman-benson@eclipse.org,Assignee,ward.cunningham@eclipse.org,webmaster@eclipse.org
2007-04-09 12:13:48 EDT,bjorn.freeman-benson@eclipse.org,Target Milestone,2007-Q2,---
2007-05-18 13:12:53 EDT,bjorn.freeman-benson@eclipse.org,Status,RESOLVED,NEW
2007-05-18 13:12:53 EDT,bjorn.freeman-benson@eclipse.org,Resolution,FIXED,---
2007-05-18 14:08:03 EDT,bjorn.freeman-benson@eclipse.org,Status,CLOSED,RESOLVED
2013-09-13 16:18:29 EDT,denis.roy@eclipse.org,Target Milestone,---,2007-Q2
