When, Who, What, Added, Removed
2007-01-30 15:46:35 EST,Olivier_Thomann@ca.ibm.com,Assignee,frederic_fusier@fr.ibm.com,jdt-core-inbox@eclipse.org
2007-01-30 15:50:20 EST,markus_keller@ch.ibm.com,CC,,frederic_fusier@fr.ibm.com
2007-01-31 04:53:39 EST,philippe_mulet@fr.ibm.com,Target Milestone,3.3 M5,---
2007-01-31 13:22:55 EST,frederic_fusier@fr.ibm.com,Summary,[model] Marker for deprecated classpath variable should always have WARNING severity,Marker for deprecated classpath variable should always have WARNING severity
2007-02-01 05:07:50 EST,frederic_fusier@fr.ibm.com,Status,RESOLVED,NEW
2007-02-01 05:07:50 EST,frederic_fusier@fr.ibm.com,Resolution,FIXED,---
2007-02-06 05:09:29 EST,maxime_daniel@fr.ibm.com,Status,VERIFIED,RESOLVED
