When, Who, What, Added, Removed
2007-01-31 02:17:03 EST,yli@actuate.com,Component,Report Engine,Report
2007-01-31 20:17:12 EST,wyan@actuate.com,Target Milestone,2.2.0 M6,---
2007-02-11 22:37:24 EST,wyan@actuate.com,Target Milestone,2.2.0,2.2.0 M6
2007-04-04 01:52:47 EDT,wyan@actuate.com,Target Milestone,Future,2.2.0
2008-08-08 03:21:26 EDT,wyan@actuate.com,CC,wyan@actuate.com,
2008-08-08 03:21:26 EDT,wyan@actuate.com,Assignee,yliang@actuate.com,Birt-Report-inbox@eclipse.org
2008-08-08 03:21:26 EDT,wyan@actuate.com,Target Milestone,2.5.0,Future
2008-12-17 02:48:34 EST,yliang@actuate.com,Target Milestone,2.5.0 M5,2.5.0
2008-12-21 22:21:18 EST,bluesoldier@gmail.com,CC,xgu@actuate.com,
2008-12-21 22:21:18 EST,bluesoldier@gmail.com,QA Contact,xwang@actuate.com,
2008-12-31 04:33:16 EST,yliang@actuate.com,Assignee,gliu@actuate.com,yliang@actuate.com
2009-01-04 01:31:54 EST,bluesoldier@gmail.com,QA Contact,xgu@actuate.com,xwang@actuate.com
2009-01-05 02:06:58 EST,hustlg@msn.com,Status,RESOLVED,NEW
2009-01-05 02:06:58 EST,hustlg@msn.com,Resolution,FIXED,---
2009-01-07 23:52:55 EST,bluesoldier@gmail.com,Keywords,plan,
2009-01-08 00:17:41 EST,bluesoldier@gmail.com,QA Contact,lshen@actuate.com,xgu@actuate.com
2009-01-19 03:18:45 EST,lshen@actuate.com,Status,VERIFIED,RESOLVED
2009-01-21 19:09:29 EST,whe@actuate.com,Summary,[Improve Page Break Management] simple master page SVG background not rendered to HTML/PDF,simple master page SVG background not rendered to HTML/PDF
2009-02-02 22:29:07 EST,bluesoldier@gmail.com,QA Contact,xwang@actuate.com,lshen@actuate.com
2009-03-31 03:47:37 EDT,bluesoldier@gmail.com,Whiteboard,Obsolete,
2009-03-31 05:18:53 EDT,bluesoldier@gmail.com,Whiteboard,Need-Auto,Obsolete
2009-05-11 03:15:14 EDT,xwang@actuate.com,Whiteboard,Autoed,Need-Auto
2010-03-25 00:53:09 EDT,bluesoldier@gmail.com,Whiteboard,Autoed,G,Autoed
