When, Who, What, Added, Removed
2007-01-31 10:51:31 EST,lmandel@gmail.com,Component,wst.internet,Web Standard Tools
2007-01-31 10:51:43 EST,lmandel@gmail.com,Assignee,wst.internet-inbox@eclipse.org,wst-inbox@eclipse.org
2007-01-31 10:51:43 EST,lmandel@gmail.com,QA Contact,deboer@ca.ibm.com,david_williams@us.ibm.com
2007-01-31 12:11:14 EST,deboer@ca.ibm.com,Assignee,deboer@ca.ibm.com,wst.internet-inbox@eclipse.org
2007-02-11 10:19:53 EST,deboer@ca.ibm.com,Status,ASSIGNED,NEW
2007-02-11 10:44:34 EST,deboer@ca.ibm.com,Status,RESOLVED,ASSIGNED
2007-02-11 10:44:34 EST,deboer@ca.ibm.com,Resolution,FIXED,---
2007-02-11 10:44:34 EST,deboer@ca.ibm.com,Target Milestone,2.0 M5,---
2007-04-05 14:26:37 EDT,deboer@ca.ibm.com,Status,CLOSED,RESOLVED
