When, Who, What, Added, Removed
2008-10-08 06:43:28 EDT,anton.leherbauer@windriver.com,CC,angvoz.dev@gmail.com,
2008-12-17 12:03:20 EST,olexiyb@gmail.com,CC,olexiyb@gmail.com,
2008-12-18 06:12:16 EST,anton.leherbauer@windriver.com,Assignee,anton.leherbauer@windriver.com,cdt-core-inbox@eclipse.org
2008-12-18 06:12:16 EST,anton.leherbauer@windriver.com,Status,ASSIGNED,NEW
2008-12-18 06:16:02 EST,anton.leherbauer@windriver.com,Target Milestone,6.0,---
2008-12-18 08:43:28 EST,anton.leherbauer@windriver.com,Attachment #120723                Flags,iplog+,
2008-12-18 08:44:27 EST,anton.leherbauer@windriver.com,Status,RESOLVED,ASSIGNED
2008-12-18 08:44:27 EST,anton.leherbauer@windriver.com,Resolution,FIXED,---
2008-12-19 09:47:58 EST,andre.bossert@siemens.com,CC,andre.bossert@siemens.com,
2009-01-07 04:22:15 EST,anton.leherbauer@windriver.com,Target Milestone,5.0.2,6.0
2009-01-09 15:04:14 EST,dschaefer@qnx.com,Component,cdt-core,deprecated7
