When, Who, What, Added, Removed
2007-01-31 12:20:32 EST,Ed.Merks@gmail.com,CC,merks@ca.ibm.com,
2007-01-31 12:20:32 EST,Ed.Merks@gmail.com,Severity,enhancement,normal
2007-09-30 08:42:38 EDT,Ed.Merks@gmail.com,Assignee,m2t.jet-inbox@eclipse.org,marcelop@ca.ibm.com
2007-09-30 08:42:38 EDT,Ed.Merks@gmail.com,Component,Jet,Core
2007-09-30 08:42:38 EDT,Ed.Merks@gmail.com,Product,M2T,EMF
2007-09-30 08:42:38 EDT,Ed.Merks@gmail.com,Version,unspecified,3.0
2008-04-20 16:39:29 EDT,pelder.eclipse@gmail.com,Status,RESOLVED,NEW
2008-04-20 16:39:29 EDT,pelder.eclipse@gmail.com,Resolution,FIXED,---
