When, Who, What, Added, Removed
2007-02-01 09:55:43 EST,tikhomirov.artem@gmail.com,Assignee,artem.tikhomirov@borland.com,gmf.templates-inbox@eclipse.org
2007-02-01 09:58:24 EST,tikhomirov.artem@gmail.com,Status,ASSIGNED,NEW
2007-02-01 09:58:24 EST,tikhomirov.artem@gmail.com,Target Milestone,2.0 M5,---
2007-02-02 12:42:03 EST,akarjakina@borland.com,CC,akarjakina@borland.com,
2007-02-06 09:58:26 EST,tikhomirov.artem@gmail.com,Status,RESOLVED,ASSIGNED
2007-02-06 09:58:26 EST,tikhomirov.artem@gmail.com,Resolution,FIXED,---
2008-08-13 13:11:10 EDT,richard.gronback@borland.com,Target Milestone,2.0,2.0 M5
