When, Who, What, Added, Removed
2007-02-01 05:09:56 EST,nitind@us.ibm.com,Assignee,wst.xml-inbox@eclipse.org,wst-inbox@eclipse.org
2007-02-01 05:09:56 EST,nitind@us.ibm.com,Component,wst.xml,Web Standard Tools
2007-02-05 17:04:56 EST,nitind@us.ibm.com,Assignee,nitind@us.ibm.com,wst.xml-inbox@eclipse.org
2010-03-03 08:45:51 EST,itewksbu@us.ibm.com,CC,itewksbu@us.ibm.com,
2010-04-29 16:30:50 EDT,nsandona@us.ibm.com,CC,nsandona@us.ibm.com,
2010-04-29 16:30:50 EDT,nsandona@us.ibm.com,Assignee,nsandona@us.ibm.com,nitind@us.ibm.com
2010-04-29 16:30:50 EDT,nsandona@us.ibm.com,Summary,[parser] Percent sign syntax highlihgting oddities,Percent sign syntax highlihgting oddities
2010-04-29 16:30:50 EDT,nsandona@us.ibm.com,QA Contact,nitind@us.ibm.com,david_williams@us.ibm.com
2010-10-05 18:36:41 EDT,nsandona@us.ibm.com,Assignee,sarika.sinha@in.ibm.com,nsandona@us.ibm.com
2010-10-25 06:06:30 EDT,sarika.sinha@in.ibm.com,Status,ASSIGNED,NEW
2010-10-25 06:06:30 EDT,sarika.sinha@in.ibm.com,Flags,review?(nsandona@us.ibm.com),
2011-03-07 16:54:39 EST,nsandona@us.ibm.com,Status,RESOLVED,ASSIGNED
2011-03-07 16:54:39 EST,nsandona@us.ibm.com,Resolution,FIXED,---
2011-03-07 16:54:39 EST,nsandona@us.ibm.com,Assignee,nsandona@us.ibm.com,sarika.sinha@in.ibm.com
2011-03-07 16:54:39 EST,nsandona@us.ibm.com,Target Milestone,3.3 M6,---
2011-03-07 16:54:39 EST,nsandona@us.ibm.com,Flags,,review?(nsandona@us.ibm.com)
2011-03-07 16:54:45 EST,nsandona@us.ibm.com,Attachment #181625                Attachment is obsolete,1,0
2011-03-07 16:56:13 EST,nsandona@us.ibm.com,Summary,[parser] Percent sign syntax highlighting oddities,[parser] Percent sign syntax highlihgting oddities
