When, Who, What, Added, Removed
2007-05-16 09:18:47 EDT,shalom@zend.com,Status,ASSIGNED,NEW
2007-05-16 09:23:29 EDT,shalom@zend.com,Assignee,shalom@zend.com,php.debug-inbox@eclipse.org
2007-05-16 09:23:29 EDT,shalom@zend.com,Status,NEW,ASSIGNED
2007-08-21 06:34:33 EDT,shalom@zend.com,Status,RESOLVED,NEW
2007-08-21 06:34:33 EDT,shalom@zend.com,Resolution,FIXED,---
2007-08-21 06:37:05 EDT,shalom@zend.com,CC,eclipse.*.dserodio@neverbox.com,
2007-08-29 03:36:34 EDT,gadi@zend.com,Status,CLOSED,RESOLVED
