When, Who, What, Added, Removed
2007-01-31 13:59:40 EST,pwebster@ca.ibm.com,Assignee,pwebster@ca.ibm.com,Platform-UI-Inbox@eclipse.org
2007-01-31 13:59:40 EST,pwebster@ca.ibm.com,Summary,[Presentations] Leakage: system menu not disposed for TabbedStackPresentation,Leakage: system menu not disposed for TabbedStackPresentation
2007-02-20 20:53:07 EST,Darin_Swanson@us.ibm.com,Severity,major,normal
2007-03-13 10:16:30 EDT,philippe_mulet@fr.ibm.com,CC,philippe_mulet@fr.ibm.com,
2007-03-13 13:16:07 EDT,Mike_Wilson@ca.ibm.com,CC,Mike_Wilson@ca.ibm.com,
2007-04-03 05:15:16 EDT,daniel_megert@ch.ibm.com,CC,daniel_megert@ch.ibm.com,
2007-04-03 05:15:16 EDT,daniel_megert@ch.ibm.com,Keywords,,performance
2007-04-03 05:15:16 EDT,daniel_megert@ch.ibm.com,Priority,P2,P3
2007-04-03 05:15:16 EDT,daniel_megert@ch.ibm.com,Target Milestone,3.3 M7,---
2007-04-04 07:14:39 EDT,pwebster@ca.ibm.com,Status,RESOLVED,NEW
2007-04-04 07:14:39 EDT,pwebster@ca.ibm.com,Resolution,FIXED,---
2007-05-01 10:26:11 EDT,pwebster@ca.ibm.com,Status,VERIFIED,RESOLVED
2007-06-06 07:56:14 EDT,Tod_Creasey@ca.ibm.com,Keywords,contributed,
2007-06-06 14:57:38 EDT,Tod_Creasey@ca.ibm.com,Keywords,,contributed
