When, Who, What, Added, Removed
2007-01-31 08:24:24 EST,kim.moir@gmail.com,Blocks,171518,
2007-01-31 10:16:07 EST,denis.roy@eclipse.org,Status,RESOLVED,NEW
2007-01-31 10:16:07 EST,denis.roy@eclipse.org,Resolution,FIXED,---
2007-02-12 14:57:10 EST,kim.moir@gmail.com,Status,REOPENED,RESOLVED
2007-02-12 14:57:10 EST,kim.moir@gmail.com,Resolution,---,FIXED
2007-02-12 15:42:51 EST,denis.roy@eclipse.org,Status,RESOLVED,REOPENED
2007-02-12 15:42:51 EST,denis.roy@eclipse.org,Resolution,FIXED,---
2007-05-28 09:47:57 EDT,kim.moir@gmail.com,Depends on,189015,
2007-05-28 09:47:57 EDT,kim.moir@gmail.com,Status,REOPENED,RESOLVED
2007-05-28 09:47:57 EDT,kim.moir@gmail.com,Resolution,---,FIXED
2007-05-30 09:22:33 EDT,denis.roy@eclipse.org,Status,RESOLVED,REOPENED
2007-05-30 09:22:33 EDT,denis.roy@eclipse.org,Resolution,FIXED,---
