When, Who, What, Added, Removed
2007-02-12 14:38:51 EST,mik.kersten@tasktop.com,Severity,enhancement,normal
2007-02-12 14:38:51 EST,mik.kersten@tasktop.com,Keywords,helpwanted,
2007-02-12 14:38:51 EST,mik.kersten@tasktop.com,Priority,P4,P3
2007-02-12 14:38:51 EST,mik.kersten@tasktop.com,Summary,JIRA connector should support NTLM proxy authentication,JIRA connector does not support NTLM proxy authentication
2007-02-19 22:07:11 EST,steffen.pingel@tasktop.com,CC,rob.elves@eclipse.org,
2007-02-19 22:07:11 EST,steffen.pingel@tasktop.com,Assignee,steffen.pingel@eclipse.org,mylar-inbox@eclipse.org
2007-02-20 00:30:48 EST,steffen.pingel@tasktop.com,Priority,P3,P4
2007-02-20 00:30:48 EST,steffen.pingel@tasktop.com,Target Milestone,2.0 M2,---
2007-02-20 16:40:20 EST,steffen.pingel@tasktop.com,Status,RESOLVED,NEW
2007-02-20 16:40:20 EST,steffen.pingel@tasktop.com,Resolution,FIXED,---
