When, Who, What, Added, Removed
2007-01-31 10:27:33 EST,pwebster@ca.ibm.com,Assignee,susan_franklin@us.ibm.com,Platform-UI-Inbox@eclipse.org
2007-01-31 10:27:33 EST,pwebster@ca.ibm.com,Summary,[Dialogs] FilteredItemsSelectionDialog does not allow us adding camel case navigation handler,FilteredItemsSelectionDialog does not allow us adding camel case navigation handler
2007-01-31 10:54:46 EST,markus_keller@ch.ibm.com,CC,Tomasz.Zarna@pl.ibm.com, krzysztof.michalski@pl.ibm.com,
2007-01-31 11:44:09 EST,Tod_Creasey@ca.ibm.com,CC,Tod_Creasey@ca.ibm.com,
2007-01-31 11:44:09 EST,Tod_Creasey@ca.ibm.com,Assignee,krzysztof.michalski@pl.ibm.com,susan_franklin@us.ibm.com
2007-03-01 10:22:13 EST,Tod_Creasey@ca.ibm.com,Target Milestone,3.3 M6,---
2007-03-19 11:23:26 EDT,Tod_Creasey@ca.ibm.com,Attachment #59645                Attachment is obsolete,1,0
2007-03-19 11:23:26 EDT,Tod_Creasey@ca.ibm.com,Attachment #61286                Attachment is obsolete,1,0
2007-03-19 13:39:04 EDT,Tod_Creasey@ca.ibm.com,CC,Mike_Wilson@ca.ibm.com,
2007-03-21 12:10:02 EDT,krzysztof.michalski@pl.ibm.com,Status,RESOLVED,NEW
2007-03-21 12:10:02 EDT,krzysztof.michalski@pl.ibm.com,Resolution,FIXED,---
2007-03-22 10:04:54 EDT,krzysztof.michalski@pl.ibm.com,Status,VERIFIED,RESOLVED
2007-06-05 14:23:35 EDT,Tod_Creasey@ca.ibm.com,Keywords,contributed,
