When, Who, What, Added, Removed
2007-02-13 08:17:04 EST,aeschli@gmail.com,Status,RESOLVED,NEW
2007-02-13 08:17:04 EST,aeschli@gmail.com,Resolution,FIXED,---
2007-02-13 08:17:04 EST,aeschli@gmail.com,Target Milestone,3.3 M5,---
2007-02-14 15:08:59 EST,bugs@mark.ziesemer.com,Status,VERIFIED,RESOLVED
2007-02-21 16:30:09 EST,bugs@mark.ziesemer.com,Status,REOPENED,VERIFIED
2007-02-21 16:30:09 EST,bugs@mark.ziesemer.com,Resolution,---,FIXED
2007-05-07 04:26:01 EDT,aeschli@gmail.com,Target Milestone,3.3 RC1,3.3 M5
2007-05-16 09:42:53 EDT,aeschli@gmail.com,Target Milestone,---,3.3 RC1
2012-08-13 07:04:17 EDT,markus_keller@ch.ibm.com,Status,RESOLVED,REOPENED
2012-08-13 07:04:17 EDT,markus_keller@ch.ibm.com,CC,markus_keller@ch.ibm.com,
2012-08-13 07:04:17 EDT,markus_keller@ch.ibm.com,Resolution,FIXED,---
2012-08-13 07:04:17 EDT,markus_keller@ch.ibm.com,Assignee,markus_keller@ch.ibm.com,jdt-ui-inbox@eclipse.org
2012-08-13 07:04:17 EDT,markus_keller@ch.ibm.com,Target Milestone,4.3 M2,---
