When, Who, What, Added, Removed
2007-02-20 13:57:42 EST,mik.kersten@tasktop.com,Assignee,rob.elves@eclipse.org,mylar-inbox@eclipse.org
2007-02-20 13:57:42 EST,mik.kersten@tasktop.com,Target Milestone,2.0 M2,---
2007-04-02 14:48:11 EDT,mik.kersten@tasktop.com,Priority,P4,P3
2007-04-02 14:48:11 EDT,mik.kersten@tasktop.com,Target Milestone,2.0,2.0 M2
2007-06-25 02:23:12 EDT,mik.kersten@tasktop.com,Target Milestone,---,2.0
2007-06-25 12:42:59 EDT,mik.kersten@tasktop.com,Assignee,eu@md.pp.ru,rob.elves@eclipse.org
2007-06-25 13:14:20 EDT,mik.kersten@tasktop.com,Status,RESOLVED,NEW
2007-06-25 13:14:20 EDT,mik.kersten@tasktop.com,Resolution,FIXED,---
