When, Who, What, Added, Removed
2007-02-20 12:22:36 EST,steffen.pingel@tasktop.com,Summary,Figure out what the minimum required JIRA version is,Creating a query to the repository causes an "argument type mismath" error
2007-02-20 12:22:36 EST,steffen.pingel@tasktop.com,Target Milestone,2.0 M2,---
2007-02-20 12:23:01 EST,steffen.pingel@tasktop.com,CC,steffen.pingel@eclipse.org,
2007-02-20 20:30:13 EST,mik.kersten@tasktop.com,Status,RESOLVED,NEW
2007-02-20 20:30:13 EST,mik.kersten@tasktop.com,Resolution,FIXED,---
