When, Who, What, Added, Removed
2007-01-31 16:03:19 EST,deboer@ca.ibm.com,CC,balakuma@ca.ibm.com,
2007-01-31 16:12:45 EST,arvera@ca.ibm.com,CC,arvera@ca.ibm.com,
2007-01-31 18:35:29 EST,deboer@ca.ibm.com,Assignee,deboer@ca.ibm.com,wst.server-inbox@eclipse.org
2007-01-31 18:35:29 EST,deboer@ca.ibm.com,Whiteboard,PMC,
2007-01-31 18:35:29 EST,deboer@ca.ibm.com,Target Milestone,1.5.3 M153,---
2007-02-01 02:22:39 EST,david_williams@us.ibm.com,CC,david_williams@us.ibm.com,
2007-02-02 11:16:20 EST,jlanuti@us.ibm.com,Status,ASSIGNED,NEW
2007-02-02 11:32:13 EST,deboer@ca.ibm.com,Status,RESOLVED,ASSIGNED
2007-02-02 11:32:13 EST,deboer@ca.ibm.com,Resolution,FIXED,---
2007-02-07 14:57:39 EST,jlanuti@us.ibm.com,Whiteboard,PMC_approved,PMC
2007-04-03 11:32:43 EDT,jlanuti@us.ibm.com,Status,CLOSED,RESOLVED
