When, Who, What, Added, Removed
2007-01-31 17:30:44 EST,deboer@ca.ibm.com,CC,deboer@ca.ibm.com,
2007-02-05 15:17:56 EST,jlanuti@us.ibm.com,Assignee,david_williams@us.ibm.com,webtools.releng-inbox@eclipse.org
2007-02-05 16:03:02 EST,david_williams@us.ibm.com,Priority,P2,P3
2007-02-23 18:24:44 EST,david_williams@us.ibm.com,CC,cbridgha@us.ibm.com,
2007-02-23 18:31:54 EST,david_williams@us.ibm.com,Depends on,156043,
2007-02-23 18:31:54 EST,david_williams@us.ibm.com,Status,ASSIGNED,NEW
2007-02-26 15:34:29 EST,nitind@us.ibm.com,CC,ramanday@us.ibm.com, nitind@us.ibm.com,
2007-02-28 23:43:23 EST,david_williams@us.ibm.com,Status,RESOLVED,ASSIGNED
2007-02-28 23:43:23 EST,david_williams@us.ibm.com,Resolution,FIXED,---
2007-03-29 12:44:59 EDT,Larry.Isaacs@sas.com,Status,VERIFIED,RESOLVED
2007-04-04 11:49:56 EDT,jlanuti@us.ibm.com,Status,CLOSED,VERIFIED
