When, Who, What, Added, Removed
2007-01-31 13:45:39 EST,wassim.melhem@gmail.com,OS,Mac OS,Windows XP
2007-01-31 13:52:24 EST,mpawlow@ca.ibm.com,Assignee,mpawlow@ca.ibm.com,pde-ui-inbox@eclipse.org
2007-01-31 14:59:01 EST,alex.blewitt@gmail.com,CC,alex_blewitt@yahoo.com,
2007-01-31 15:52:59 EST,mpawlow@ca.ibm.com,Status,RESOLVED,NEW
2007-01-31 15:52:59 EST,mpawlow@ca.ibm.com,Resolution,FIXED,---
2007-01-31 15:52:59 EST,mpawlow@ca.ibm.com,Target Milestone,3.3 M5,---
2007-07-29 09:21:36 EDT,webmaster@eclipse.org,OS,Mac OS X,Mac OS
