When, Who, What, Added, Removed
2007-02-01 07:46:51 EST,martin.oberhuber@windriver.com,Target Milestone,2.0 M5,---
2007-02-01 15:27:03 EST,dmcknigh@ca.ibm.com,Status,RESOLVED,NEW
2007-02-01 15:27:03 EST,dmcknigh@ca.ibm.com,Resolution,FIXED,---
2007-02-14 11:17:02 EST,martin.oberhuber@windriver.com,Status,CLOSED,RESOLVED
2007-02-24 00:35:27 EST,martin.oberhuber@windriver.com,Blocks,,170922
2007-02-24 00:36:09 EST,martin.oberhuber@windriver.com,Blocks,170922,
2007-05-23 05:40:07 EDT,martin.oberhuber@windriver.com,Keywords,api,
2008-08-13 13:16:55 EDT,martin.oberhuber@windriver.com,Target Milestone,2.0,2.0 M5
