When, Who, What, Added, Removed
2007-01-31 08:54:14 EST,dennis.oflynn@compuware.com,Severity,enhancement,normal
2007-01-31 08:54:14 EST,dennis.oflynn@compuware.com,Status,ASSIGNED,NEW
2007-01-31 08:54:14 EST,dennis.oflynn@compuware.com,Priority,P2,P3
2007-01-31 08:54:14 EST,dennis.oflynn@compuware.com,Target Milestone,1.0.0 M8,---
2007-02-04 14:01:50 EST,dennis.oflynn@compuware.com,Status,RESOLVED,ASSIGNED
2007-02-04 14:01:50 EST,dennis.oflynn@compuware.com,Resolution,FIXED,---
2007-02-21 10:25:35 EST,dennis.oflynn@compuware.com,Status,CLOSED,RESOLVED
2010-04-08 11:14:15 EDT,webmaster@eclipse.org,Component,Corona,soa
2010-04-08 11:14:15 EDT,webmaster@eclipse.org,Version,unspecified,1.0.0
2010-04-08 11:14:15 EDT,webmaster@eclipse.org,Product,z_Archived,Corona
2010-04-08 11:14:15 EDT,webmaster@eclipse.org,Target Milestone,---,1.0.0 M8
