When, Who, What, Added, Removed
2007-01-31 13:00:58 EST,frederic_fusier@fr.ibm.com,Assignee,maxime_daniel@fr.ibm.com,jdt-core-inbox@eclipse.org
2007-01-31 13:00:58 EST,frederic_fusier@fr.ibm.com,Summary,[build] path error markers are not regenerated on project rebuild,Build path error markers are not regenerated on project rebuild
2007-02-05 05:26:09 EST,maxime_daniel@fr.ibm.com,Assignee,frederic_fusier@fr.ibm.com,maxime_daniel@fr.ibm.com
2007-02-05 06:02:00 EST,frederic_fusier@fr.ibm.com,CC,jerome_lanneluc@fr.ibm.com,frederic_fusier@fr.ibm.com
2007-02-05 06:02:00 EST,frederic_fusier@fr.ibm.com,Summary,[model][delta] path error markers are not regenerated on project rebuild,[build] path error markers are not regenerated on project rebuild
2007-02-09 12:55:56 EST,frederic_fusier@fr.ibm.com,Status,ASSIGNED,NEW
2007-02-09 12:55:56 EST,frederic_fusier@fr.ibm.com,Target Milestone,3.3 M6,---
2007-02-09 13:01:26 EST,frederic_fusier@fr.ibm.com,Attachment #58245                Attachment is obsolete,1,0
2007-02-19 12:28:23 EST,frederic_fusier@fr.ibm.com,Status,RESOLVED,ASSIGNED
2007-02-19 12:28:23 EST,frederic_fusier@fr.ibm.com,Resolution,FIXED,---
2007-02-21 09:18:46 EST,frederic_fusier@fr.ibm.com,Status,REOPENED,RESOLVED
2007-02-21 09:18:46 EST,frederic_fusier@fr.ibm.com,Resolution,---,FIXED
2007-02-27 07:04:12 EST,frederic_fusier@fr.ibm.com,Status,RESOLVED,REOPENED
2007-02-27 07:04:12 EST,frederic_fusier@fr.ibm.com,Resolution,FIXED,---
2007-03-20 09:27:01 EDT,Olivier_Thomann@ca.ibm.com,Status,VERIFIED,RESOLVED
