When, Who, What, Added, Removed
2007-01-31 15:10:05 EST,nitind@us.ibm.com,Summary,Typo on NL pack download page,Type on NL pack download page
2007-01-31 15:30:13 EST,denis.roy@eclipse.org,Assignee,platform-releng-inbox@eclipse.org,phoenix.ui-inbox@eclipse.org
2007-01-31 15:30:13 EST,denis.roy@eclipse.org,Component,Releng,Website
2007-01-31 15:30:13 EST,denis.roy@eclipse.org,Product,Platform,Community
2007-01-31 15:30:13 EST,denis.roy@eclipse.org,Version,3.2.1,unspecified
2007-01-31 16:26:47 EST,kim.moir@gmail.com,Assignee,kmoir@ca.ibm.com,platform-releng-inbox@eclipse.org
2007-02-01 13:41:23 EST,kim.moir@gmail.com,Status,RESOLVED,NEW
2007-02-01 13:41:23 EST,kim.moir@gmail.com,Resolution,FIXED,---
