When, Who, What, Added, Removed
2007-01-31 14:28:43 EST,qiyanli@ca.ibm.com,Priority,P1,P3
2007-02-05 10:40:56 EST,hkyleung@ca.ibm.com,Target Milestone,4.4,---
2007-02-24 15:30:09 EST,hkyleung@ca.ibm.com,Summary,contribute 3rd party plugins to Orbit,3rd-party plugins do not come from ORBIT
2007-02-24 15:30:09 EST,hkyleung@ca.ibm.com,Target Milestone,4.4i2,4.4
2007-02-24 15:30:55 EST,hkyleung@ca.ibm.com,CC,andrewp@ca.ibm.com, stoian@ca.ibm.com,
2007-02-24 16:03:37 EST,hkyleung@ca.ibm.com,Blocks,175423,
2007-03-28 19:44:42 EDT,jkubasta@ca.ibm.com,Target Milestone,4.4i3,4.4i2
2007-03-29 21:58:46 EDT,jkubasta@ca.ibm.com,Keywords,plan,
2007-05-07 14:39:06 EDT,jkubasta@ca.ibm.com,CC,jkubasta@ca.ibm.com, hkyleung@ca.ibm.com,
2007-05-07 14:39:06 EDT,jkubasta@ca.ibm.com,Assignee,andrewp@ca.ibm.com,hkyleung@ca.ibm.com
2007-05-27 08:32:09 EDT,jkubasta@ca.ibm.com,CC,jcayne@ca.ibm.com, xubing@ca.ibm.com,
2007-05-27 08:32:09 EDT,jkubasta@ca.ibm.com,Target Milestone,4.4i4,4.4i3
2007-06-05 23:42:39 EDT,andrewp@ca.ibm.com,Status,RESOLVED,NEW
2007-06-05 23:42:39 EDT,andrewp@ca.ibm.com,Resolution,FIXED,---
2009-06-30 10:24:20 EDT,paules@ca.ibm.com,Status,CLOSED,RESOLVED
2009-06-30 10:24:20 EDT,paules@ca.ibm.com,Whiteboard,closed460,
2009-06-30 21:35:01 EDT,paules@ca.ibm.com,Whiteboard,housecleaned460 closed460,closed460
2009-07-01 15:17:13 EDT,paules@ca.ibm.com,Whiteboard,closed460,housecleaned460 closed460
