When, Who, What, Added, Removed
2007-01-31 14:59:57 EST,Olivier_Thomann@ca.ibm.com,Assignee,Olivier_Thomann@ca.ibm.com,jdt-core-inbox@eclipse.org
2007-01-31 14:59:57 EST,Olivier_Thomann@ca.ibm.com,Target Milestone,3.3 M5,---
2007-01-31 15:00:16 EST,Olivier_Thomann@ca.ibm.com,Status,RESOLVED,NEW
2007-01-31 15:00:16 EST,Olivier_Thomann@ca.ibm.com,Resolution,FIXED,---
2007-01-31 15:15:22 EST,eclipse@cafewalter.com,CC,wharley@bea.com,
2007-01-31 15:18:44 EST,Olivier_Thomann@ca.ibm.com,CC,philippe_mulet@fr.ibm.com,
2007-02-06 09:09:47 EST,frederic_fusier@fr.ibm.com,Status,VERIFIED,RESOLVED
