When, Who, What, Added, Removed
2007-02-05 13:36:56 EST,Michael_Valenta@ca.ibm.com,Status,ASSIGNED,NEW
2007-02-05 13:36:56 EST,Michael_Valenta@ca.ibm.com,Keywords,investigate,
2007-02-05 13:36:56 EST,Michael_Valenta@ca.ibm.com,Target Milestone,3.3 M6,---
2007-02-22 14:34:12 EST,Michael_Valenta@ca.ibm.com,Target Milestone,---,3.3 M6
2007-04-09 14:26:45 EDT,Michael_Valenta@ca.ibm.com,Target Milestone,3.4,---
2007-04-17 16:02:12 EDT,Michael_Valenta@ca.ibm.com,Assignee,Michael_Valenta@ca.ibm.com,platform-compare-inbox@eclipse.org
2007-04-17 16:02:12 EDT,Michael_Valenta@ca.ibm.com,Status,NEW,ASSIGNED
2007-04-17 16:02:12 EDT,Michael_Valenta@ca.ibm.com,Keywords,,investigate
2007-04-17 16:02:12 EDT,Michael_Valenta@ca.ibm.com,Target Milestone,3.3 M7,3.4
2007-04-17 16:02:28 EDT,Michael_Valenta@ca.ibm.com,Status,RESOLVED,NEW
2007-04-17 16:02:28 EDT,Michael_Valenta@ca.ibm.com,Resolution,FIXED,---
2007-05-01 10:28:51 EDT,Michael_Valenta@ca.ibm.com,Status,VERIFIED,RESOLVED
