When, Who, What, Added, Removed
2007-01-31 15:23:12 EST,dmichonneau@actuate.com,Assignee,nli@actuate.com,Birt-ReportDesigner-inbox@eclipse.org
2007-01-31 15:23:12 EST,dmichonneau@actuate.com,Component,Chart,Report Designer
2007-01-31 15:23:12 EST,dmichonneau@actuate.com,Priority,P2,P3
2007-01-31 15:23:12 EST,dmichonneau@actuate.com,Target Milestone,2.2.0 M6,---
2007-03-15 01:35:55 EDT,nli@actuate.com,Priority,P5,P2
2007-03-23 02:52:50 EDT,wenfeng.fwd@gmail.com,Priority,P3,P5
2007-03-23 02:52:50 EDT,wenfeng.fwd@gmail.com,Target Milestone,2.2.0 RC0,2.2.0 M6
2007-04-09 13:29:03 EDT,dmichonneau@actuate.com,Priority,P2,P3
2007-04-25 06:06:38 EDT,nli@actuate.com,CC,yulin.wang@actuate.com,
2007-04-25 23:18:52 EDT,nli@actuate.com,Status,RESOLVED,NEW
2007-04-25 23:18:52 EDT,nli@actuate.com,Resolution,FIXED,---
