When, Who, What, Added, Removed
2007-02-13 07:41:00 EST,anton.leherbauer@windriver.com,CC,wb-rel@gmx.net,
2007-03-22 03:38:36 EDT,martin.gutschelhofer@windriver.com,CC,martin.gutschelhofer@windriver.com,
2009-01-09 16:03:49 EST,dschaefer@qnx.com,Component,cdt-core,deprecated7
2009-03-03 06:15:08 EST,jens.elmenthaler@advantest.com,CC,jens.elmenthaler@verigy.com,
2009-04-27 03:12:51 EDT,markus.schorn@windriver.com,CC,eclipse.sprigogin@gmail.com,
2009-09-26 11:49:28 EDT,eclipse.sprigogin@gmail.com,Assignee,eclipse.sprigogin@gmail.com,cdt-core-inbox@eclipse.org
2009-09-26 15:43:13 EDT,eclipse.sprigogin@gmail.com,Target Milestone,6.0.2,---
2009-10-07 10:01:38 EDT,markus.schorn@windriver.com,CC,markus.schorn@windriver.com,
2009-10-11 18:30:30 EDT,eclipse.sprigogin@gmail.com,Attachment #149000                Attachment is obsolete,1,0
2009-10-11 18:35:52 EDT,eclipse.sprigogin@gmail.com,Status,RESOLVED,NEW
2009-10-11 18:35:52 EDT,eclipse.sprigogin@gmail.com,Resolution,FIXED,---
2009-10-27 18:52:26 EDT,eclipse.sprigogin@gmail.com,Attachment #149328                Flags,iplog-,
