When, Who, What, Added, Removed
2007-02-09 11:19:05 EST,john_arthorne@ca.ibm.com,Assignee,pde-ui-inbox@eclipse.org,platform-runtime-inbox@eclipse.org
2007-02-09 11:19:05 EST,john_arthorne@ca.ibm.com,Component,UI,Runtime
2007-02-09 11:19:05 EST,john_arthorne@ca.ibm.com,Product,PDE,Platform
2007-09-05 18:25:42 EDT,caniszczyk@gmail.com,CC,zx@us.ibm.com,
2007-09-05 18:25:42 EDT,caniszczyk@gmail.com,Assignee,agarcher@ca.ibm.com,pde-ui-inbox@eclipse.org
2007-09-05 18:25:42 EDT,caniszczyk@gmail.com,Keywords,bugday,
2007-09-06 15:44:31 EDT,caniszczyk@gmail.com,Depends on,96034,
2007-09-06 15:44:31 EDT,caniszczyk@gmail.com,Keywords,,bugday
2007-09-06 15:48:36 EDT,agarcher@ca.ibm.com,Assignee,pde-ui-inbox@eclipse.org,agarcher@ca.ibm.com
2007-09-24 11:35:27 EDT,caniszczyk@gmail.com,CC,alexander.kunin@gmail.com,
2007-09-24 11:36:29 EDT,caniszczyk@gmail.com,CC,Curtis_Windatt@ca.ibm.com, Darin_Wright@ca.ibm.com,
2007-09-24 11:36:29 EDT,caniszczyk@gmail.com,Target Milestone,3.4 M3,---
2007-09-24 11:55:57 EDT,darin.eclipse@gmail.com,Assignee,Michael_Rennie@ca.ibm.com,pde-ui-inbox@eclipse.org
2007-09-24 11:56:14 EDT,darin.eclipse@gmail.com,Status,ASSIGNED,NEW
2007-10-03 12:22:13 EDT,caniszczyk@gmail.com,Assignee,Curtis_Windatt@ca.ibm.com,Michael_Rennie@ca.ibm.com
2007-10-03 12:22:13 EDT,caniszczyk@gmail.com,Status,NEW,ASSIGNED
2007-10-09 15:34:04 EDT,cwindatt@ca.ibm.com,CC,cwindatt@ca.ibm.com,
2007-10-09 15:34:04 EDT,cwindatt@ca.ibm.com,Assignee,cwindatt@ca.ibm.com,Curtis_Windatt@ca.ibm.com
2007-10-16 13:00:11 EDT,caniszczyk@gmail.com,Status,RESOLVED,NEW
2007-10-16 13:00:11 EDT,caniszczyk@gmail.com,Resolution,FIXED,---
2007-10-29 17:03:26 EDT,darin.eclipse@gmail.com,Status,VERIFIED,RESOLVED
2007-11-11 21:29:26 EST,caniszczyk@gmail.com,CC,akiezun@mit.edu,
