When, Who, What, Added, Removed
2007-01-31 13:22:03 EST,daniel_megert@ch.ibm.com,Keywords,performance,
2007-01-31 13:22:44 EST,daniel_megert@ch.ibm.com,CC,krzysztof.michalski@pl.ibm.com,
2007-02-01 04:46:00 EST,markus_keller@ch.ibm.com,CC,markus_keller@ch.ibm.com,
2007-02-01 09:25:06 EST,darin.eclipse@gmail.com,Assignee,Michael_Rennie@ca.ibm.com,jdt-debug-inbox@eclipse.org
2007-02-01 09:25:06 EST,darin.eclipse@gmail.com,Target Milestone,3.3 M5,---
2007-02-01 09:25:15 EST,darin.eclipse@gmail.com,Status,ASSIGNED,NEW
2007-02-01 11:46:37 EST,Michael_Rennie@ca.ibm.com,Assignee,Darin_Wright@ca.ibm.com,Michael_Rennie@ca.ibm.com
2007-02-01 11:46:37 EST,Michael_Rennie@ca.ibm.com,Status,NEW,ASSIGNED
2007-02-01 11:46:56 EST,Michael_Rennie@ca.ibm.com,Status,RESOLVED,NEW
2007-02-01 11:46:56 EST,Michael_Rennie@ca.ibm.com,Resolution,FIXED,---
2007-02-01 12:27:10 EST,darin.eclipse@gmail.com,Status,REOPENED,RESOLVED
2007-02-01 12:27:10 EST,darin.eclipse@gmail.com,Resolution,---,FIXED
2007-02-01 12:27:29 EST,darin.eclipse@gmail.com,Assignee,Michael_Rennie@ca.ibm.com,Darin_Wright@ca.ibm.com
2007-02-01 12:27:29 EST,darin.eclipse@gmail.com,Status,NEW,REOPENED
2007-02-01 12:27:39 EST,darin.eclipse@gmail.com,Status,RESOLVED,NEW
2007-02-01 12:27:39 EST,darin.eclipse@gmail.com,Resolution,FIXED,---
2007-02-01 13:19:16 EST,Michael_Rennie@ca.ibm.com,Status,VERIFIED,RESOLVED
