When, Who, What, Added, Removed
2007-01-31 22:09:24 EST,wyan@actuate.com,Assignee,Birt-Build-inbox@eclipse.org,Birt-ReportEngine-inbox@eclipse.org
2007-01-31 22:09:24 EST,wyan@actuate.com,Component,Build,Report Engine
2007-02-04 22:30:43 EST,bluesoldier@gmail.com,Component,Report Engine,Build
2007-02-04 22:31:10 EST,bluesoldier@gmail.com,Assignee,Birt-ReportEngine-inbox@eclipse.org,Birt-Build-inbox@eclipse.org
2007-02-05 05:15:31 EST,wyan@actuate.com,Assignee,Birt-Build-inbox@eclipse.org,Birt-ReportEngine-inbox@eclipse.org
2007-02-05 05:15:31 EST,wyan@actuate.com,Component,Build,Report Engine
2007-02-05 06:54:17 EST,bluesoldier@gmail.com,Assignee,xgu@actuate.com,Birt-Build-inbox@eclipse.org
2007-02-05 06:54:28 EST,bluesoldier@gmail.com,Target Milestone,2.2.0 M5,---
2007-02-05 07:04:14 EST,bluesoldier@gmail.com,Status,RESOLVED,NEW
2007-02-05 07:04:14 EST,bluesoldier@gmail.com,Resolution,FIXED,---
