When, Who, What, Added, Removed
2007-02-01 17:26:44 EST,jthomas119@gmail.com,CC,jthomas119@gmail.com,
2007-02-05 10:36:58 EST,webdaford@fordcochrane.com,Assignee,daford@almaden.ibm.com,ohf.stem-inbox@eclipse.org
2007-02-05 10:57:10 EST,webdaford@fordcochrane.com,Status,ASSIGNED,NEW
2007-02-05 16:34:06 EST,webdaford@fordcochrane.com,Assignee,jthomas119@gmail.com,daford@almaden.ibm.com
2007-02-05 16:34:06 EST,webdaford@fordcochrane.com,Status,NEW,ASSIGNED
2007-02-05 16:35:20 EST,webdaford@fordcochrane.com,Status,ASSIGNED,NEW
2007-03-01 16:15:39 EST,webdaford@fordcochrane.com,Keywords,Documentation,
2007-03-06 22:20:07 EST,jthomas119@gmail.com,Status,RESOLVED,ASSIGNED
2007-03-06 22:20:07 EST,jthomas119@gmail.com,Resolution,FIXED,---
2009-11-03 11:37:07 EST,webdaford@fordcochrane.com,Status,CLOSED,RESOLVED
2012-01-05 13:31:48 EST,webmaster@eclipse.org,Component,OHF,STEM
2012-01-05 13:31:48 EST,webmaster@eclipse.org,Product,z_Archived,OHF
