When, Who, What, Added, Removed
2007-01-31 14:33:13 EST,qiyanli@ca.ibm.com,Priority,P1,P3
2007-02-05 10:41:14 EST,hkyleung@ca.ibm.com,Target Milestone,4.4,---
2007-02-24 15:32:07 EST,hkyleung@ca.ibm.com,CC,andrewp@ca.ibm.com, stoian@ca.ibm.com,
2007-02-24 15:32:07 EST,hkyleung@ca.ibm.com,Summary,Sign TPTP jar files,TPTP jars are unsigned
2007-02-24 15:32:33 EST,hkyleung@ca.ibm.com,Target Milestone,4.4i2,4.4
2007-03-28 19:44:57 EDT,jkubasta@ca.ibm.com,Target Milestone,4.4i3,4.4i2
2007-03-28 22:10:08 EDT,hkyleung@ca.ibm.com,Status,RESOLVED,NEW
2007-03-28 22:10:08 EDT,hkyleung@ca.ibm.com,Resolution,FIXED,---
2007-03-29 21:58:47 EDT,jkubasta@ca.ibm.com,Keywords,plan,
2009-06-30 10:24:16 EDT,paules@ca.ibm.com,Status,CLOSED,RESOLVED
2009-06-30 10:24:16 EDT,paules@ca.ibm.com,Whiteboard,closed460,
2009-06-30 21:33:47 EDT,paules@ca.ibm.com,Whiteboard,housecleaned460 closed460,closed460
2009-07-01 15:15:05 EDT,paules@ca.ibm.com,Whiteboard,closed460,housecleaned460 closed460
