When, Who, What, Added, Removed
2007-01-31 08:59:23 EST,dennis.oflynn@compuware.com,Target Milestone,1.0.0 M9,---
2007-04-17 09:20:46 EDT,dennis.oflynn@compuware.com,Status,RESOLVED,NEW
2007-04-17 09:20:46 EDT,dennis.oflynn@compuware.com,Resolution,FIXED,---
2008-02-08 09:24:46 EST,dennis.oflynn@compuware.com,Status,CLOSED,RESOLVED
2010-04-08 11:15:06 EDT,webmaster@eclipse.org,Component,Corona,container
2010-04-08 11:15:06 EDT,webmaster@eclipse.org,Version,unspecified,1.0.0
2010-04-08 11:15:06 EDT,webmaster@eclipse.org,Product,z_Archived,Corona
2010-04-08 11:15:06 EDT,webmaster@eclipse.org,Target Milestone,---,1.0.0 M9
