When, Who, What, Added, Removed
2007-01-31 10:28:22 EST,pwebster@ca.ibm.com,Assignee,pwebster@ca.ibm.com,Platform-UI-Inbox@eclipse.org
2007-01-31 10:28:22 EST,pwebster@ca.ibm.com,Summary,[Commands] [GTK] Handler activation in editor when a dialog is closed is delayed,[GTK] Handler activation in editor when a dialog is closed is delayed
2007-03-22 09:33:26 EDT,pwebster@ca.ibm.com,Depends on,173213,
2007-06-26 10:28:58 EDT,pwebster@ca.ibm.com,Status,ASSIGNED,NEW
2007-06-26 10:28:58 EDT,pwebster@ca.ibm.com,Target Milestone,3.4,---
2007-10-02 09:47:46 EDT,pwebster@ca.ibm.com,Target Milestone,3.4 M3,3.4
2007-10-26 15:09:15 EDT,pwebster@ca.ibm.com,Target Milestone,3.4 M4,3.4 M3
2007-11-30 14:23:53 EST,pwebster@ca.ibm.com,Target Milestone,3.4 M5,3.4 M4
2008-02-01 14:03:06 EST,pwebster@ca.ibm.com,Target Milestone,3.4 M6,3.4 M5
2008-03-24 14:07:50 EDT,pwebster@ca.ibm.com,Status,RESOLVED,ASSIGNED
2008-03-24 14:07:50 EDT,pwebster@ca.ibm.com,Resolution,FIXED,---
2008-03-25 10:44:06 EDT,pwebster@ca.ibm.com,Status,VERIFIED,RESOLVED
