When, Who, What, Added, Removed
2007-02-01 06:51:04 EST,anton.leherbauer@windriver.com,Assignee,BWilkinson@qnx.com,cdt-core-inbox@eclipse.org
2007-02-01 06:51:04 EST,anton.leherbauer@windriver.com,Target Milestone,4.0 M5,---
2007-02-01 07:43:46 EST,anton.leherbauer@windriver.com,Status,RESOLVED,NEW
2007-02-01 07:43:46 EST,anton.leherbauer@windriver.com,Resolution,FIXED,---
2007-05-29 22:33:52 EDT,dschaefer@qnx.com,Keywords,contributed,
2008-06-20 10:58:16 EDT,bjorn.freeman-benson@eclipse.org,Attachment #57916                Flags,iplog+,
2009-01-09 15:09:48 EST,dschaefer@qnx.com,Component,cdt-core,deprecated7
