When, Who, What, Added, Removed
2007-01-31 13:46:43 EST,kathy@ca.ibm.com,CC,cbrealey@ca.ibm.com,
2007-01-31 13:46:43 EST,kathy@ca.ibm.com,Assignee,kathy@ca.ibm.com,jst.ws-inbox@eclipse.org
2007-02-08 08:43:07 EST,cbrealey@ca.ibm.com,Target Milestone,2.0,---
2007-02-16 16:08:23 EST,kathy@ca.ibm.com,Status,ASSIGNED,NEW
2007-02-20 09:07:32 EST,cbrealey@ca.ibm.com,Whiteboard,WTP 1.5.4,
2007-02-23 11:38:37 EST,cbrealey@ca.ibm.com,Target Milestone,1.5.4 M154,2.0
2007-02-23 11:39:34 EST,cbrealey@ca.ibm.com,Whiteboard,,WTP 1.5.4
2007-03-16 17:22:59 EDT,kathy@ca.ibm.com,Attachment #59197                Attachment is obsolete,1,0
2007-03-16 17:22:59 EDT,kathy@ca.ibm.com,Attachment #59198                Attachment is obsolete,1,0
2007-03-16 17:22:59 EDT,kathy@ca.ibm.com,Attachment #59199                Attachment is obsolete,1,0
2007-03-19 13:20:46 EDT,kathy@ca.ibm.com,Whiteboard,PMC,
2007-03-19 19:22:15 EDT,raghunathan.srinivasan@oracle.com,CC,raghunathan.srinivasan@oracle.com,
2007-03-20 12:44:22 EDT,david_williams@us.ibm.com,Summary,[Hotbug] Need a way to add user define type as valid initial selection to the WS wizard,Need a way to add user define type as valid initial selection to the WS wizard
2007-03-20 14:52:44 EDT,cbrealey@ca.ibm.com,CC,pmoogk@ca.ibm.com,
2007-03-20 18:17:57 EDT,david_williams@us.ibm.com,CC,david_williams@us.ibm.com,
2007-03-20 18:17:57 EDT,david_williams@us.ibm.com,Whiteboard,,PMC
2007-03-21 01:02:34 EDT,kathy@ca.ibm.com,Attachment #61170                Attachment is obsolete,1,0
2007-04-02 16:23:33 EDT,kathy@ca.ibm.com,Attachment #61503                Attachment is obsolete,1,0
2007-04-03 05:12:48 EDT,hristo.sabev@sap.com,CC,hristo.sabev@sap.com,
2007-04-03 15:58:26 EDT,cbrealey@ca.ibm.com,Whiteboard,PMC,
2007-04-04 15:31:59 EDT,jlanuti@us.ibm.com,CC,jlanuti@us.ibm.com,
2007-04-04 15:31:59 EDT,jlanuti@us.ibm.com,Whiteboard,PMC_approved,PMC
2007-04-04 15:38:36 EDT,kathy@ca.ibm.com,Status,RESOLVED,ASSIGNED
2007-04-04 15:38:36 EDT,kathy@ca.ibm.com,Resolution,FIXED,---
2007-04-24 10:41:45 EDT,kelvinhc@ca.ibm.com,Status,VERIFIED,RESOLVED
2007-05-02 10:53:20 EDT,jlanuti@us.ibm.com,Status,CLOSED,VERIFIED
