When, Who, What, Added, Removed
2007-02-01 10:37:44 EST,martin.oberhuber@windriver.com,Severity,minor,enhancement
2007-02-01 10:37:44 EST,martin.oberhuber@windriver.com,Target Milestone,2.0,---
2007-02-01 11:56:24 EST,martin.oberhuber@windriver.com,Assignee,dmcknigh@ca.ibm.com,dsdp.tm.rse-inbox@eclipse.org
2007-02-01 15:23:04 EST,dmcknigh@ca.ibm.com,Status,RESOLVED,NEW
2007-02-01 15:23:04 EST,dmcknigh@ca.ibm.com,Resolution,FIXED,---
2007-02-14 11:07:34 EST,martin.oberhuber@windriver.com,Target Milestone,2.0 M5,2.0
2008-08-13 13:16:52 EDT,martin.oberhuber@windriver.com,Target Milestone,2.0,2.0 M5
