When, Who, What, Added, Removed
2007-02-01 04:45:01 EST,frederic_fusier@fr.ibm.com,Assignee,eric_jodet@fr.ibm.com,jdt-core-inbox@eclipse.org
2007-02-01 04:45:01 EST,frederic_fusier@fr.ibm.com,Target Milestone,3.3 M5,---
2007-02-01 07:28:03 EST,frederic_fusier@fr.ibm.com,Status,RESOLVED,NEW
2007-02-01 07:28:03 EST,frederic_fusier@fr.ibm.com,Resolution,FIXED,---
2007-02-05 12:00:35 EST,Olivier_Thomann@ca.ibm.com,Status,REOPENED,RESOLVED
2007-02-05 12:00:35 EST,Olivier_Thomann@ca.ibm.com,Resolution,---,FIXED
2007-02-05 12:58:57 EST,Olivier_Thomann@ca.ibm.com,Status,RESOLVED,REOPENED
2007-02-05 12:58:57 EST,Olivier_Thomann@ca.ibm.com,Resolution,FIXED,---
2007-02-05 12:59:09 EST,Olivier_Thomann@ca.ibm.com,Status,VERIFIED,RESOLVED
2007-04-12 06:46:02 EDT,jerome_lanneluc@fr.ibm.com,Keywords,performance,
2007-06-06 13:42:08 EDT,jerome_lanneluc@fr.ibm.com,Keywords,contributed,
