When, Who, What, Added, Removed
2007-02-01 03:23:39 EST,qwang@actuate.com,Assignee,Birt-Chart-inbox@eclipse.org,Birt-ReportDesigner-inbox@eclipse.org
2007-02-01 03:23:39 EST,qwang@actuate.com,Component,Chart,Report Designer
2007-02-02 10:17:55 EST,dmichonneau@actuate.com,Assignee,Birt-ReportDesigner-inbox@eclipse.org,Birt-Chart-inbox@eclipse.org
2007-02-02 10:17:55 EST,dmichonneau@actuate.com,Component,Report Designer,Chart
2007-02-20 21:03:13 EST,qwang@actuate.com,Assignee,dgao@actuate.com,Birt-ReportDesigner-inbox@eclipse.org
2007-02-20 21:03:13 EST,qwang@actuate.com,Target Milestone,2.2.0 M6,---
2007-02-24 23:21:58 EST,gump_gao@sohu.com,Assignee,yulin.wang@actuate.com,dgao@actuate.com
2007-02-24 23:55:00 EST,yulin.wang@actuate.com,Status,RESOLVED,NEW
2007-02-24 23:55:00 EST,yulin.wang@actuate.com,Resolution,FIXED,---
2007-02-28 21:48:29 EST,xwang@actuate.com,Status,REOPENED,RESOLVED
2007-02-28 21:48:29 EST,xwang@actuate.com,Resolution,---,FIXED
2007-02-28 22:59:24 EST,qwang@actuate.com,Component,Chart,Report Designer
2007-03-01 01:12:15 EST,yulin.wang@actuate.com,Status,RESOLVED,REOPENED
2007-03-01 01:12:15 EST,yulin.wang@actuate.com,Resolution,FIXED,---
2007-03-05 01:19:34 EST,xwang@actuate.com,Status,CLOSED,RESOLVED
2007-03-20 08:59:36 EDT,dmichonneau@actuate.com,CC,ales@systinet.com,
