When, Who, What, Added, Removed
2007-02-01 09:05:24 EST,daniel_megert@ch.ibm.com,Blocks,167893,
2007-02-01 11:30:14 EST,bokowski@google.com,CC,Boris_Bokowski@ca.ibm.com,
2007-02-01 11:46:59 EST,daniel_megert@ch.ibm.com,Attachment #58029                Attachment is obsolete,1,0
2007-02-01 16:35:47 EST,Tod_Creasey@ca.ibm.com,Assignee,Tod_Creasey@ca.ibm.com,platform-ide-inbox@eclipse.org
2007-02-02 08:30:25 EST,Tod_Creasey@ca.ibm.com,Target Milestone,3.3 M6,---
2007-02-08 10:41:14 EST,Tod_Creasey@ca.ibm.com,Attachment #58030                Attachment is obsolete,1,0
2007-02-08 10:48:21 EST,Tod_Creasey@ca.ibm.com,CC,pwebster@ca.ibm.com,
2007-02-08 13:49:42 EST,Tod_Creasey@ca.ibm.com,Assignee,ali_sheraz@ca.ibm.com,Tod_Creasey@ca.ibm.com
2007-02-08 13:49:42 EST,Tod_Creasey@ca.ibm.com,Summary,o.e.u.ide  action sets need to be converted to commands and moved to ide.application,Incomplete split of o.e.u.ide into o.e.u.ide and o.e.u.ide.application
2007-04-04 08:21:18 EDT,pwebster@ca.ibm.com,Target Milestone,---,3.3 M6
2007-04-04 08:27:26 EDT,daniel_megert@ch.ibm.com,CC,Mike_Wilson@ca.ibm.com,
2007-04-04 08:54:26 EDT,pwebster@ca.ibm.com,Target Milestone,3.3 M7,---
2007-05-08 07:36:28 EDT,Tod_Creasey@ca.ibm.com,Assignee,pwebster@ca.ibm.com,ali_sheraz@ca.ibm.com
2007-05-14 19:01:40 EDT,pwebster@ca.ibm.com,Target Milestone,3.3 RC1,3.3 M7
2007-05-16 19:35:11 EDT,pwebster@ca.ibm.com,Target Milestone,3.3 RC2,3.3 RC1
2007-05-22 09:21:04 EDT,pwebster@ca.ibm.com,Flags,review?(Tod_Creasey@ca.ibm.com),
2007-05-22 09:21:47 EDT,pwebster@ca.ibm.com,Flags,review?(Boris_Bokowski@ca.ibm.com),
2007-05-22 12:27:45 EDT,pwebster@ca.ibm.com,Attachment #67745                Attachment is obsolete,1,0
2007-05-22 12:36:35 EDT,Tod_Creasey@ca.ibm.com,Flags,review+,review?(Tod_Creasey@ca.ibm.com)
2007-05-22 13:10:45 EDT,bokowski@google.com,Flags,review+,review?(Boris_Bokowski@ca.ibm.com)
2007-05-22 13:28:27 EDT,pwebster@ca.ibm.com,Status,RESOLVED,NEW
2007-05-22 13:28:27 EDT,pwebster@ca.ibm.com,Resolution,FIXED,---
2007-05-22 15:16:56 EDT,Kevin_McGuire@ca.ibm.com,CC,Kevin_McGuire@ca.ibm.com,
2007-05-24 06:02:35 EDT,daniel_megert@ch.ibm.com,Status,VERIFIED,RESOLVED
