When, Who, What, Added, Removed
2007-02-01 14:10:44 EST,dschaefer@qnx.com,CC,BWilkinson@qnx.com,
2007-02-06 07:18:19 EST,anton.leherbauer@windriver.com,Assignee,BWilkinson@qnx.com,cdt-core-inbox@eclipse.org
2007-02-06 07:18:19 EST,anton.leherbauer@windriver.com,Target Milestone,4.0 M5,---
2007-02-06 07:18:46 EST,anton.leherbauer@windriver.com,Status,RESOLVED,NEW
2007-02-06 07:18:46 EST,anton.leherbauer@windriver.com,Resolution,FIXED,---
2007-05-29 22:34:06 EDT,dschaefer@qnx.com,Keywords,contributed,
2008-06-20 10:58:22 EDT,bjorn.freeman-benson@eclipse.org,Attachment #58262                Flags,iplog+,
