When, Who, What, Added, Removed
2007-02-01 07:55:35 EST,martin.oberhuber@windriver.com,Target Milestone,2.0 M5,---
2007-02-01 12:57:39 EST,martin.oberhuber@windriver.com,CC,tobias.schwarz@windriver.com,
2007-02-01 13:24:19 EST,kmunir@ca.ibm.com,CC,kmunir@ca.ibm.com,
2007-02-02 04:42:50 EST,martin.oberhuber@windriver.com,CC,david_dykstal@us.ibm.com,
2007-02-06 09:04:32 EST,martin.oberhuber@windriver.com,Summary,[api] SystemViewFilterReferenceAdapter (and others) should be internal,[api] SystemFilter should be API
2007-02-16 11:35:23 EST,dmcknigh@ca.ibm.com,Status,RESOLVED,NEW
2007-02-16 11:35:23 EST,dmcknigh@ca.ibm.com,Resolution,FIXED,---
2007-02-19 04:09:21 EST,martin.oberhuber@windriver.com,Summary,[api] SystemView, SystemViewFilterReferenceAdapter (and others) should be internal,[api] SystemViewFilterReferenceAdapter (and others) should be internal
2007-02-24 00:35:27 EST,martin.oberhuber@windriver.com,Blocks,,170922
2007-02-24 00:36:09 EST,martin.oberhuber@windriver.com,Blocks,170922,
2007-02-28 08:30:44 EST,martin.oberhuber@windriver.com,Status,CLOSED,RESOLVED
2007-05-23 05:40:10 EDT,martin.oberhuber@windriver.com,Keywords,api,
2008-08-13 13:16:55 EDT,martin.oberhuber@windriver.com,Target Milestone,2.0,2.0 M5
