When, Who, What, Added, Removed
2007-02-01 09:09:09 EST,eclipse@pookzilla.net,CC,susan_franklin@us.ibm.com,
2007-02-01 09:09:09 EST,eclipse@pookzilla.net,Assignee,kim_horne@ca.ibm.com,Platform-UI-Inbox@eclipse.org
2007-02-01 09:12:04 EST,eclipse@pookzilla.net,Status,RESOLVED,NEW
2007-02-01 09:12:04 EST,eclipse@pookzilla.net,Resolution,FIXED,---
2007-02-01 09:12:04 EST,eclipse@pookzilla.net,Target Milestone,3.3 M5,---
2007-02-01 09:38:49 EST,mlists@juma.me.uk,CC,mlists@juma.me.uk,
2007-02-06 10:45:55 EST,eclipse@pookzilla.net,Status,VERIFIED,RESOLVED
