When, Who, What, Added, Removed
2007-02-13 08:42:03 EST,aeschli@gmail.com,Status,ASSIGNED,NEW
2007-02-13 08:42:03 EST,aeschli@gmail.com,Summary,[dnd] Allow to move into another project,Allow to move into another project
2007-07-05 08:33:21 EDT,aeschli@gmail.com,Target Milestone,3.4,---
2007-07-17 08:35:29 EDT,aeschli@gmail.com,Assignee,benno_baumgartner@ch.ibm.com,jdt-ui-inbox@eclipse.org
2007-07-17 08:35:29 EDT,aeschli@gmail.com,Status,NEW,ASSIGNED
2007-08-20 06:42:02 EDT,benno.baumgartner@comerge.net,Status,RESOLVED,NEW
2007-08-20 06:42:02 EDT,benno.baumgartner@comerge.net,Resolution,FIXED,---
2007-08-20 06:42:02 EDT,benno.baumgartner@comerge.net,Target Milestone,3.4 M2,3.4
