When, Who, What, Added, Removed
2007-02-01 08:22:22 EST,pwebster@ca.ibm.com,Assignee,Boris_Bokowski@ca.ibm.com,Platform-UI-Inbox@eclipse.org
2007-02-01 08:22:22 EST,pwebster@ca.ibm.com,Summary,[DataBinding] databinding javadoc warnings in N20070201-0010,databinding javadoc warnings in N20070201-0010
2007-02-02 00:00:37 EST,bokowski@google.com,Target Milestone,3.3 M5,---
2007-02-02 12:22:11 EST,markus_keller@ch.ibm.com,CC,markus_keller@ch.ibm.com,
2007-02-05 14:37:01 EST,Olivier_Thomann@ca.ibm.com,CC,Olivier_Thomann@ca.ibm.com,
2007-05-08 11:20:07 EDT,Mike_Wilson@ca.ibm.com,CC,Tod_Creasey@ca.ibm.com,
2007-05-08 13:03:54 EDT,Tod_Creasey@ca.ibm.com,Assignee,Tod_Creasey@ca.ibm.com,Boris_Bokowski@ca.ibm.com
2007-05-08 13:03:54 EDT,Tod_Creasey@ca.ibm.com,Target Milestone,3.3 RC1,3.3 M5
2007-05-08 14:38:20 EDT,Tod_Creasey@ca.ibm.com,Status,RESOLVED,NEW
2007-05-08 14:38:20 EDT,Tod_Creasey@ca.ibm.com,Resolution,FIXED,---
2007-05-16 10:18:34 EDT,Tod_Creasey@ca.ibm.com,Status,VERIFIED,RESOLVED
