When, Who, What, Added, Removed
2007-08-29 23:23:46 EDT,remy.suen@gmail.com,CC,remy.suen@gmail.com,
2007-08-29 23:41:35 EDT,nickboldt@gmail.com,CC,codeslave@ca.ibm.com,
2007-09-03 01:24:32 EDT,david_williams@us.ibm.com,Assignee,david_williams@us.ibm.com,csalter@ca.ibm.com
2007-09-03 01:24:50 EDT,david_williams@us.ibm.com,CC,csalter@ca.ibm.com,
2007-09-03 01:58:06 EDT,david_williams@us.ibm.com,Status,RESOLVED,NEW
2007-09-03 01:58:06 EDT,david_williams@us.ibm.com,Resolution,FIXED,---
2008-04-04 22:43:17 EDT,david_williams@us.ibm.com,Status,VERIFIED,RESOLVED
