When, Who, What, Added, Removed
2007-02-01 08:20:08 EST,tzhang@actuate.com,Summary,<VALUE-OF format=html> doesn't check the format="html" if there is no quotes,<VALUE-OF format html> doesn't check the format="html" if there is no quotes
2007-02-01 20:39:12 EST,wyan@actuate.com,Target Milestone,2.2.0 M6,---
2007-02-11 22:41:09 EST,wyan@actuate.com,Assignee,wwang@actuate.com,Birt-ReportEngine-inbox@eclipse.org
2007-03-06 04:10:40 EST,wwang@actuate.com,Status,RESOLVED,NEW
2007-03-06 04:10:40 EST,wwang@actuate.com,Resolution,FIXED,---
2007-04-01 23:36:55 EDT,tzhang@actuate.com,Status,CLOSED,RESOLVED
2009-07-23 04:00:10 EDT,bluesoldier@gmail.com,Whiteboard,Autoed,
