When, Who, What, Added, Removed
2007-01-31 23:54:58 EST,aeberbac@us.ibm.com,Target Milestone,4.4i1,---
2007-02-01 00:13:04 EST,aeberbac@us.ibm.com,Status,ASSIGNED,NEW
2007-02-06 13:58:27 EST,smith@ca.ibm.com,Priority,P1,P3
2007-02-07 02:20:28 EST,smith@ca.ibm.com,Status,RESOLVED,ASSIGNED
2007-02-07 02:20:28 EST,smith@ca.ibm.com,Resolution,FIXED,---
2007-02-16 07:47:16 EST,bhanu.prathap@in.ibm.com,CC,bhanu.prathap@in.ibm.com,
2007-03-28 15:41:46 EDT,aeberbac@us.ibm.com,Status,CLOSED,RESOLVED
2010-06-03 15:03:48 EDT,webmaster@eclipse.org,Component,TPTP.monitoring,Monitor.UI.ManagedResourcesExplorer
2010-06-03 15:03:48 EDT,webmaster@eclipse.org,Version,unspecified,4.4
2010-06-03 15:03:48 EDT,webmaster@eclipse.org,Product,z_Archived,TPTP Build to Manage
2010-06-03 15:03:48 EDT,webmaster@eclipse.org,Target Milestone,---,4.4i1
