When, Who, What, Added, Removed
2007-02-01 08:55:11 EST,eclipse@scharf.gr,Summary,[terminal] Secondary terminals cannot be shown in other perspectives,[terminal] Multiple terminals cannot be shown in multiple perspectives
2007-02-08 05:35:45 EST,martin.oberhuber@windriver.com,Component,Terminal,Core
2007-05-04 19:38:42 EDT,eclipse@scharf.gr,Assignee,Michael.Scharf@windriver.com,dsdp.tm.core-inbox@eclipse.org
2007-05-30 17:18:30 EDT,martin.oberhuber@windriver.com,Target Milestone,2.0.1,---
2007-10-01 07:57:14 EDT,martin.oberhuber@windriver.com,Target Milestone,3.0,2.0.1
2007-11-16 15:48:52 EST,martin.oberhuber@windriver.com,CC,wb-rel@gmx.net,
2008-06-12 23:49:05 EDT,eclipse@scharf.gr,Flags,pmc_approved?(uwe.stieber@windriver.com),
2008-06-13 05:09:21 EDT,rgerganov@gmail.com,CC,r_gerganov@prosyst.bg,
2008-06-16 14:32:18 EDT,uwe.stieber@windriver.com,CC,uwe.stieber@windriver.com,
2008-06-16 14:32:18 EDT,uwe.stieber@windriver.com,Flags,pmc_approved+,pmc_approved?(uwe.stieber@windriver.com)
2008-06-24 13:32:30 EDT,martin.oberhuber@windriver.com,Keywords,PII,
2008-06-24 13:32:30 EDT,martin.oberhuber@windriver.com,Target Milestone,3.0.1,3.0
2008-06-26 13:24:18 EDT,eclipse@scharf.gr,Attachment #104263                Attachment is obsolete,1,0
2008-06-26 13:25:44 EDT,eclipse@scharf.gr,Attachment #105775                Attachment is obsolete,1,0
2008-06-26 13:26:03 EDT,eclipse@scharf.gr,Attachment #104859                Attachment is obsolete,1,0
2008-06-26 13:26:21 EDT,eclipse@scharf.gr,Attachment #104804                Attachment is obsolete,1,0
2008-06-26 13:26:41 EDT,eclipse@scharf.gr,Attachment #104803                Attachment is obsolete,1,0
2008-06-26 13:27:00 EDT,eclipse@scharf.gr,Attachment #104560                Attachment is obsolete,1,0
2008-06-26 13:27:18 EDT,eclipse@scharf.gr,Attachment #104558                Attachment is obsolete,1,0
2008-06-26 13:27:34 EDT,eclipse@scharf.gr,Attachment #104426                Attachment is obsolete,1,0
2008-06-26 13:27:51 EDT,eclipse@scharf.gr,Attachment #104344                Attachment is obsolete,1,0
2008-06-26 13:28:07 EDT,eclipse@scharf.gr,Attachment #104276                Attachment is obsolete,1,0
2008-06-26 13:28:24 EDT,eclipse@scharf.gr,Attachment #104271                Attachment is obsolete,1,0
2008-07-07 12:10:48 EDT,ddykstal.eclipse@gmail.com,CC,david_dykstal@us.ibm.com,
2008-07-07 16:38:38 EDT,eclipse@scharf.gr,Status,RESOLVED,NEW
2008-07-07 16:38:38 EDT,eclipse@scharf.gr,Resolution,FIXED,---
2008-07-08 12:03:52 EDT,martin.oberhuber@windriver.com,Blocks,240016,
2008-07-08 13:09:05 EDT,martin.oberhuber@windriver.com,Blocks,240023,
2008-07-11 17:12:27 EDT,martin.oberhuber@windriver.com,Blocks,240542,
