When, Who, What, Added, Removed
2007-02-01 02:26:02 EST,qwang@actuate.com,Assignee,hlin@actuate.com,Birt-ReportDesigner-inbox@eclipse.org
2007-02-01 02:26:02 EST,qwang@actuate.com,Target Milestone,2.2.0 M6,---
2007-02-02 07:24:53 EST,qwang@actuate.com,Assignee,xiong.zhang@actuate.com,hlin@actuate.com
2007-02-28 21:38:19 EST,qwang@actuate.com,Target Milestone,2.2.0 RC0,2.2.0 M6
2007-04-17 04:32:03 EDT,xiong.zhang@actuate.com,Assignee,hlin@actuate.com,xiong.zhang@actuate.com
2007-04-25 04:31:29 EDT,qwang@actuate.com,Assignee,yuejie.chen@actuate.com,hlin@actuate.com
2007-04-25 06:23:14 EDT,qwang@actuate.com,Assignee,cchen@actuate.com,yuejie.chen@actuate.com
2007-04-25 23:30:00 EDT,cchen@actuate.com,Status,RESOLVED,NEW
2007-04-25 23:30:00 EDT,cchen@actuate.com,Resolution,FIXED,---
2007-04-28 01:45:17 EDT,lchen@actuate.com,Status,CLOSED,RESOLVED
