When, Who, What, Added, Removed
2007-02-01 07:44:50 EST,martin.oberhuber@windriver.com,Assignee,dmcknigh@ca.ibm.com,dsdp.tm.rse-inbox@eclipse.org
2007-02-01 07:44:50 EST,martin.oberhuber@windriver.com,Priority,P2,P3
2007-02-01 07:44:50 EST,martin.oberhuber@windriver.com,Target Milestone,2.0,---
2007-02-01 15:20:56 EST,dmcknigh@ca.ibm.com,Status,RESOLVED,NEW
2007-02-01 15:20:56 EST,dmcknigh@ca.ibm.com,Resolution,FIXED,---
2007-02-14 11:07:34 EST,martin.oberhuber@windriver.com,Target Milestone,2.0 M5,2.0
2008-08-13 13:16:37 EDT,martin.oberhuber@windriver.com,Target Milestone,2.0,2.0 M5
