When, Who, What, Added, Removed
2007-02-01 07:24:10 EST,jim.wright@compuware.com,CC,dennis.oflynn@compuware.com,
2007-02-01 07:24:35 EST,jim.wright@compuware.com,Status,ASSIGNED,NEW
2007-02-05 08:47:22 EST,jim.wright@compuware.com,Status,RESOLVED,ASSIGNED
2007-02-05 08:47:22 EST,jim.wright@compuware.com,Resolution,FIXED,---
2007-04-05 09:33:09 EDT,jim.wright@compuware.com,Target Milestone,1.0.0 M9,---
2008-02-08 09:24:52 EST,dennis.oflynn@compuware.com,Status,CLOSED,RESOLVED
2010-04-08 11:14:43 EDT,webmaster@eclipse.org,Component,Corona,container
2010-04-08 11:14:43 EDT,webmaster@eclipse.org,Product,z_Archived,Corona
2010-04-08 11:14:43 EDT,webmaster@eclipse.org,Target Milestone,---,1.0.0 M9
