When, Who, What, Added, Removed
2007-02-01 09:17:15 EST,webmaster@wendler-im-netz.de,CC,webmaster@wendler-im-netz.de,
2007-02-02 15:05:20 EST,nickboldt@gmail.com,Assignee,mdt-releng-inbox@eclipse.org,codeslave@ca.ibm.com
2007-02-02 15:05:20 EST,nickboldt@gmail.com,Component,Releng,Releng
2007-02-02 15:05:20 EST,nickboldt@gmail.com,Product,MDT,Modeling
2007-02-02 15:05:50 EST,nickboldt@gmail.com,Assignee,mdt-uml2-inbox@eclipse.org,mdt-releng-inbox@eclipse.org
2007-02-02 15:05:50 EST,nickboldt@gmail.com,Component,UML2,Releng
2007-02-02 15:17:38 EST,Kenn.Hussey@gmail.com,Assignee,jbruck@ca.ibm.com,mdt-uml2-inbox@eclipse.org
2007-02-13 23:19:17 EST,Kenn.Hussey@gmail.com,Assignee,khussey@ca.ibm.com,jbruck@ca.ibm.com
2007-02-13 23:19:17 EST,Kenn.Hussey@gmail.com,Component,UML,UML2
2007-02-13 23:19:17 EST,Kenn.Hussey@gmail.com,Product,UML2,MDT
2007-02-13 23:19:17 EST,Kenn.Hussey@gmail.com,Target Milestone,2.0.3,---
2007-02-13 23:19:17 EST,Kenn.Hussey@gmail.com,Version,2.0.1,unspecified
2007-02-14 01:27:19 EST,Kenn.Hussey@gmail.com,Status,ASSIGNED,NEW
2007-02-16 07:29:07 EST,Kenn.Hussey@gmail.com,Status,RESOLVED,ASSIGNED
2007-02-16 07:29:07 EST,Kenn.Hussey@gmail.com,Resolution,FIXED,---
2007-07-29 09:21:37 EDT,webmaster@eclipse.org,OS,Mac OS X,Mac OS
2008-01-28 16:38:31 EST,nickboldt@gmail.com,Status,VERIFIED,RESOLVED
