When, Who, What, Added, Removed
2007-02-01 17:18:51 EST,tjwatson@us.ibm.com,CC,tjwatson@us.ibm.com,
2007-02-01 17:18:51 EST,tjwatson@us.ibm.com,Assignee,platform-update-inbox@eclipse.org,equinox.bundles-inbox@eclipse.org
2007-02-01 17:18:51 EST,tjwatson@us.ibm.com,Component,Update,Bundles
2007-02-01 17:18:51 EST,tjwatson@us.ibm.com,Product,Platform,Equinox
2007-07-29 09:21:37 EDT,webmaster@eclipse.org,OS,Mac OS X,Mac OS
2008-06-27 14:45:01 EDT,john_arthorne@ca.ibm.com,Assignee,aniefer@ca.ibm.com,platform-update-inbox@eclipse.org
2008-06-27 14:45:01 EDT,john_arthorne@ca.ibm.com,Summary,Cause of exception lost,Eclipse cannot launch --> An error occured --> here is the log
2008-06-27 14:45:01 EDT,john_arthorne@ca.ibm.com,Target Milestone,3.5 M1,---
2008-06-27 15:56:48 EDT,john_arthorne@ca.ibm.com,CC,zipito@mail.ru,
2008-09-15 09:29:43 EDT,john_arthorne@ca.ibm.com,CC,john_arthorne@ca.ibm.com,
2008-09-15 09:29:43 EDT,john_arthorne@ca.ibm.com,Target Milestone,3.5 M3,3.5 M1
2008-09-17 13:59:07 EDT,aniefer@ca.ibm.com,Status,RESOLVED,NEW
2008-09-17 13:59:07 EDT,aniefer@ca.ibm.com,Resolution,FIXED,---
2008-09-17 13:59:07 EDT,aniefer@ca.ibm.com,Target Milestone,3.5 M2,3.5 M3
2009-06-18 16:44:50 EDT,john_arthorne@ca.ibm.com,CC,jdmiles@us.ibm.com,
