When, Who, What, Added, Removed
2007-02-02 09:39:36 EST,andrew.ferguson@symbian.com,Assignee,andrew.ferguson@symbian.com,cdt-core-inbox@eclipse.org
2007-02-02 09:39:36 EST,andrew.ferguson@symbian.com,Target Milestone,4.0 M5,---
2007-02-02 15:48:17 EST,andrew.ferguson@symbian.com,Status,RESOLVED,NEW
2007-02-02 15:48:17 EST,andrew.ferguson@symbian.com,Resolution,FIXED,---
2014-01-29 16:59:54 EST,dschaefer@qnx.com,Attachment #58149                Flags,iplog-,
2014-01-29 16:59:54 EST,dschaefer@qnx.com,CC,dschaefer@qnx.com,
