When, Who, What, Added, Removed
2007-02-01 23:11:08 EST,wyan@actuate.com,Target Milestone,2.2.0 M6,---
2007-02-02 00:52:49 EST,bshen@actuate.com,Summary,[2.1.2]Border of first cell is strange in PDF[0001],[2.1.2][regression]Border of first cell is strange in PDF[0001]
2007-02-11 22:40:42 EST,wyan@actuate.com,Assignee,gliu@actuate.com,Birt-ReportEngine-inbox@eclipse.org
2007-03-18 23:15:48 EDT,wyan@actuate.com,Priority,P5,P3
2007-03-23 02:33:00 EDT,wenfeng.fwd@gmail.com,Priority,P3,P5
2007-03-23 02:33:00 EDT,wenfeng.fwd@gmail.com,Target Milestone,2.2.0 RC0,2.2.0 M6
2007-04-08 23:24:55 EDT,wyan@actuate.com,Target Milestone,Future,2.2.0 RC0
2008-10-10 03:39:34 EDT,wyan@actuate.com,CC,wyan@actuate.com,
2008-10-10 03:39:34 EDT,wyan@actuate.com,Assignee,yChen@actuate.com,gliu@actuate.com
2008-10-10 03:39:34 EDT,wyan@actuate.com,Target Milestone,2.5.0,Future
2008-11-17 03:34:51 EST,yChen@actuate.com,Status,RESOLVED,NEW
2008-11-17 03:34:51 EST,yChen@actuate.com,Resolution,FIXED,---
2008-12-09 02:57:27 EST,tzhang@actuate.com,CC,tzhang@actuate.com,
2008-12-16 00:30:46 EST,bluesoldier@gmail.com,CC,xgu@actuate.com,
2008-12-16 00:30:46 EST,bluesoldier@gmail.com,Status,CLOSED,RESOLVED
