When, Who, What, Added, Removed
2007-02-01 04:26:35 EST,dmichonneau@actuate.com,Assignee,yulin.wang@actuate.com,Birt-Chart-inbox@eclipse.org
2007-02-01 04:26:35 EST,dmichonneau@actuate.com,Target Milestone,2.2.0 M5,---
2007-02-04 22:46:49 EST,yulin.wang@actuate.com,Target Milestone,2.2.0 M6,2.2.0 M5
2007-02-04 22:51:42 EST,yulin.wang@actuate.com,Status,ASSIGNED,NEW
2007-02-04 22:51:42 EST,yulin.wang@actuate.com,Summary,[eclipse3.3only]BPS17-4.5   Adding Date picker to input DateTime value for Axis Scale,BPS17-4.5   Adding Date picker to input DateTime value for Axis Scale
2007-02-22 04:54:16 EST,dmichonneau@actuate.com,Priority,P1,P3
2007-03-14 03:34:03 EDT,yulin.wang@actuate.com,Status,RESOLVED,ASSIGNED
2007-03-14 03:34:03 EDT,yulin.wang@actuate.com,Resolution,FIXED,---
