When, Who, What, Added, Removed
2007-02-01 01:32:33 EST,xiong.zhang@actuate.com,Blocks,169486,
2007-02-01 01:32:33 EST,xiong.zhang@actuate.com,Target Milestone,2.2.0 M5,---
2007-02-01 03:00:59 EST,lzhu@actuate.com,Assignee,xma@actuate.com,Birt-Data-inbox@eclipse.org
2007-02-01 03:00:59 EST,lzhu@actuate.com,Target Milestone,2.2.0 M6,2.2.0 M5
2007-03-29 06:55:27 EDT,xma@actuate.com,Status,RESOLVED,NEW
2007-03-29 06:55:27 EDT,xma@actuate.com,Resolution,FIXED,---
2008-08-12 06:21:45 EDT,xiong.zhang@actuate.com,Status,VERIFIED,RESOLVED
