When, Who, What, Added, Removed
2007-02-01 22:39:08 EST,wyan@actuate.com,Assignee,wei.zhao@actuate.com,Birt-ReportEngine-inbox@eclipse.org
2007-02-01 22:39:08 EST,wyan@actuate.com,Target Milestone,2.1.2,---
2007-02-02 02:30:32 EST,wei.zhao@actuate.com,Assignee,lzhu@actuate.com,wei.zhao@actuate.com
2007-02-02 02:30:32 EST,wei.zhao@actuate.com,Component,Data,Report Engine
2007-02-02 06:53:50 EST,lzhu@actuate.com,CC,ysun@actuate.com,
2007-02-02 09:26:38 EST,lzhu@actuate.com,Target Milestone,2.2.0 M6,2.1.2
2007-03-21 02:27:30 EDT,lzhu@actuate.com,Priority,P5,P3
2007-03-21 02:27:30 EDT,lzhu@actuate.com,Summary,Error occur when preview attached report in web viewer[00],[2.1.2][regression]Error occur when preview attached report in web viewer[00]
2007-03-21 02:27:30 EDT,lzhu@actuate.com,Version,2.2.0,2.1.2
2007-03-23 02:45:07 EDT,wenfeng.fwd@gmail.com,Priority,P3,P5
2007-03-23 02:45:07 EDT,wenfeng.fwd@gmail.com,Target Milestone,2.2.0 RC0,2.2.0 M6
2007-04-09 10:05:07 EDT,lzhu@actuate.com,Assignee,mwu@actuate.com,lzhu@actuate.com
2007-04-20 05:38:17 EDT,mwu@actuate.com,Status,RESOLVED,NEW
2007-04-20 05:38:17 EDT,mwu@actuate.com,Resolution,FIXED,---
2007-05-11 04:37:38 EDT,bshen@actuate.com,Status,CLOSED,RESOLVED
