When, Who, What, Added, Removed
2007-02-07 04:44:36 EST,yy0327@gmail.com,Blocks,173247,
2007-02-12 02:38:12 EST,euthanasia_waltz@yahoo.co.jp,Status,RESOLVED,NEW
2007-02-12 02:38:12 EST,euthanasia_waltz@yahoo.co.jp,Resolution,FIXED,---
2007-02-12 05:10:28 EST,sea@everzones.com,CC,sea@everzones.com,
2007-02-12 20:05:55 EST,euthanasia_waltz@yahoo.co.jp,Status,REOPENED,RESOLVED
2007-02-12 20:05:55 EST,euthanasia_waltz@yahoo.co.jp,Resolution,---,FIXED
2007-02-14 11:41:54 EST,ganoro@gmail.com,Status,RESOLVED,REOPENED
2007-02-14 11:41:54 EST,ganoro@gmail.com,Resolution,FIXED,---
2007-02-18 05:50:07 EST,gadi@zend.com,Status,CLOSED,RESOLVED
2007-02-18 05:50:07 EST,gadi@zend.com,QA Contact,yossi.l@zend.com,
2008-03-06 07:31:33 EST,assaf.almaz@zend.com,Component,Editor,Syntax Coloring
