When, Who, What, Added, Removed
2007-02-01 08:21:02 EST,pwebster@ca.ibm.com,CC,kim_horne@ca.ibm.com,
2007-02-01 08:21:02 EST,pwebster@ca.ibm.com,Assignee,equinox.framework-inbox@eclipse.org,Platform-UI-Inbox@eclipse.org
2007-02-01 08:21:02 EST,pwebster@ca.ibm.com,Component,Framework,UI
2007-02-01 08:21:02 EST,pwebster@ca.ibm.com,Product,Equinox,Platform
2007-02-01 08:21:02 EST,pwebster@ca.ibm.com,Summary,[EquinoxLauncher] Switching a workspace: eclipse.exe takes 100% cpu (and i have to kill it),Switching a workspace: eclipse.exe takes 100% cpu (and i have to kill it)
2007-02-01 08:41:15 EST,tjwatson@us.ibm.com,CC,aniefer@ca.ibm.com,
2007-02-01 16:35:38 EST,aniefer@ca.ibm.com,Status,RESOLVED,NEW
2007-02-01 16:35:38 EST,aniefer@ca.ibm.com,Resolution,FIXED,---
2007-02-01 17:04:17 EST,dj_houghton@ca.ibm.com,Target Milestone,3.3 M5,---
