When, Who, What, Added, Removed
2007-02-01 07:18:38 EST,syakovlev@parityinc.net,Severity,enhancement,normal
2007-02-01 07:18:38 EST,syakovlev@parityinc.net,Status,ASSIGNED,NEW
2007-02-01 07:18:38 EST,syakovlev@parityinc.net,OS,All,Windows XP
2007-02-01 07:18:38 EST,syakovlev@parityinc.net,Summary,Divide current RPPS project into two: WebApp and Core,Divide current RPPS Web Application project into
2007-02-01 07:23:14 EST,syakovlev@parityinc.net,Summary,Divide current RPPS project into two: a WebApp and a Core Component,Divide current RPPS project into two: WebApp and Core
2007-02-04 08:50:12 EST,ptrevithick@gmail.com,Target Milestone,0.7,---
2007-02-26 11:30:44 EST,syakovlev@parityinc.net,Status,RESOLVED,ASSIGNED
2007-02-26 11:30:44 EST,syakovlev@parityinc.net,Resolution,FIXED,---
