When, Who, What, Added, Removed
2007-02-12 15:24:59 EST,Michael_Valenta@ca.ibm.com,Status,ASSIGNED,NEW
2007-02-12 15:24:59 EST,Michael_Valenta@ca.ibm.com,Summary,[Actions] Tag as Version... on file with uncommitted changes give inaccurate warning,Tag as Version... on file with uncommitted changes give inaccurate warning
2007-06-20 17:28:22 EDT,Michael_Valenta@ca.ibm.com,Keywords,helpwanted,
2007-06-20 17:28:22 EDT,Michael_Valenta@ca.ibm.com,Priority,P5,P3
2007-06-21 06:34:29 EDT,Michael_Valenta@ca.ibm.com,Priority,P3,P5
2007-06-21 06:34:29 EDT,Michael_Valenta@ca.ibm.com,Target Milestone,3.4,---
2007-06-21 09:20:36 EDT,Michael_Valenta@ca.ibm.com,Assignee,Michael_Valenta@ca.ibm.com,platform-cvs-inbox@eclipse.org
2007-06-21 09:20:36 EDT,Michael_Valenta@ca.ibm.com,Status,NEW,ASSIGNED
2007-06-21 09:48:47 EDT,Michael_Valenta@ca.ibm.com,Status,RESOLVED,NEW
2007-06-21 09:48:47 EDT,Michael_Valenta@ca.ibm.com,Resolution,FIXED,---
2007-06-21 14:20:48 EDT,Michael_Valenta@ca.ibm.com,Target Milestone,3.4 M1,3.4
2007-08-07 07:05:53 EDT,krzysztof.michalski@pl.ibm.com,CC,krzysztof.michalski@pl.ibm.com,
2007-08-08 06:23:18 EDT,Szymon.Brandys@pl.ibm.com,CC,Szymon.Brandys@pl.ibm.com,
2007-08-08 06:23:18 EDT,Szymon.Brandys@pl.ibm.com,Status,VERIFIED,RESOLVED
