When, Who, What, Added, Removed
2007-02-26 11:19:42 EST,darin.eclipse@gmail.com,Assignee,cwindatt@ca.ibm.com,jdt-debug-inbox@eclipse.org
2007-02-26 11:19:42 EST,darin.eclipse@gmail.com,Target Milestone,3.3 M6,---
2007-02-26 11:19:48 EST,darin.eclipse@gmail.com,Status,ASSIGNED,NEW
2007-02-28 15:06:49 EST,cwindatt@ca.ibm.com,Assignee,Michael_Rennie@ca.ibm.com,cwindatt@ca.ibm.com
2007-02-28 15:06:49 EST,cwindatt@ca.ibm.com,Status,NEW,ASSIGNED
2007-03-13 13:04:12 EDT,Michael_Rennie@ca.ibm.com,Status,RESOLVED,NEW
2007-03-13 13:04:12 EDT,Michael_Rennie@ca.ibm.com,Resolution,FIXED,---
2007-03-13 13:05:49 EDT,Michael_Rennie@ca.ibm.com,Status,VERIFIED,RESOLVED
