When, Who, What, Added, Removed
2007-02-01 14:11:36 EST,dschaefer@qnx.com,CC,BWilkinson@qnx.com,
2007-02-06 04:00:05 EST,markus.schorn@windriver.com,CC,firefox78@126.com,
2007-02-13 07:39:47 EST,anton.leherbauer@windriver.com,CC,wb-rel@gmx.net,
2007-03-26 11:34:39 EDT,gbrehmer@yahoo.de,CC,gbrehmer@yahoo.de,
2007-05-09 10:25:23 EDT,anton.leherbauer@windriver.com,Status,RESOLVED,NEW
2007-05-09 10:25:23 EDT,anton.leherbauer@windriver.com,Resolution,FIXED,---
2007-05-09 10:25:23 EDT,anton.leherbauer@windriver.com,Target Milestone,4.0 M7,---
