When, Who, What, Added, Removed
2007-03-06 22:13:11 EST,pancho@suenderhauf.net,CC,pancho.public@gmx.de,
2007-04-29 08:27:28 EDT,gadi@zend.com,Status,RESOLVED,NEW
2007-04-29 08:27:28 EDT,gadi@zend.com,Resolution,DUPLICATE,---
2007-05-07 08:39:01 EDT,gadi@zend.com,Status,CLOSED,RESOLVED
2007-05-27 08:24:50 EDT,gadi@zend.com,Status,REOPENED,CLOSED
2007-05-27 08:24:50 EDT,gadi@zend.com,Resolution,---,DUPLICATE
2007-05-27 08:28:07 EDT,gadi@zend.com,Assignee,moshe@zend.com,php.ui-inbox@eclipse.org
2007-05-27 08:28:07 EDT,gadi@zend.com,Status,NEW,REOPENED
2007-05-28 03:43:42 EDT,moshe@zend.com,Status,RESOLVED,NEW
2007-05-28 03:43:42 EDT,moshe@zend.com,Resolution,FIXED,---
2007-06-10 08:33:12 EDT,gadi@zend.com,Status,CLOSED,RESOLVED
2007-06-10 08:33:12 EDT,gadi@zend.com,QA Contact,yossi.l@zend.com,
