When, Who, What, Added, Removed
2007-02-01 22:56:48 EST,wyan@actuate.com,Assignee,gliu@actuate.com,Birt-ReportEngine-inbox@eclipse.org
2007-02-01 22:56:48 EST,wyan@actuate.com,Target Milestone,2.1.2,---
2007-02-02 02:50:26 EST,slee@actuate.com,Summary,[2.1.2]The content displayed in PDF is oddness,The content displayed in PDF is oddness
2007-02-05 00:08:58 EST,hustlg@msn.com,Severity,normal,minor
2007-02-05 00:08:58 EST,hustlg@msn.com,Status,RESOLVED,NEW
2007-02-05 00:08:58 EST,hustlg@msn.com,Resolution,FIXED,---
2007-02-05 04:51:36 EST,tchen@actuate.com,Status,CLOSED,RESOLVED
2009-07-23 01:47:56 EDT,bluesoldier@gmail.com,Whiteboard,Autoed,
2010-03-25 00:53:36 EDT,bluesoldier@gmail.com,CC,xgu@actuate.com,
2010-03-25 00:53:36 EDT,bluesoldier@gmail.com,Whiteboard,Autoed,G,Autoed
