When, Who, What, Added, Removed
2007-02-01 13:04:30 EST,darin.eclipse@gmail.com,Assignee,Michael_Rennie@ca.ibm.com,jdt-debug-inbox@eclipse.org
2007-02-01 13:04:30 EST,darin.eclipse@gmail.com,Target Milestone,3.3 M5,---
2007-02-01 13:04:36 EST,darin.eclipse@gmail.com,Status,ASSIGNED,NEW
2007-02-01 13:13:22 EST,Michael_Rennie@ca.ibm.com,Assignee,Darin_Wright@ca.ibm.com,Michael_Rennie@ca.ibm.com
2007-02-01 13:13:22 EST,Michael_Rennie@ca.ibm.com,Status,NEW,ASSIGNED
2007-02-01 13:13:39 EST,Michael_Rennie@ca.ibm.com,Status,RESOLVED,NEW
2007-02-01 13:13:39 EST,Michael_Rennie@ca.ibm.com,Resolution,FIXED,---
2007-02-07 13:40:14 EST,darin.eclipse@gmail.com,Status,VERIFIED,RESOLVED
