When, Who, What, Added, Removed
2007-02-28 09:07:24 EST,weisz@ca.ibm.com,CC,weisz@ca.ibm.com,
2007-04-10 13:43:45 EDT,nagrawal@us.ibm.com,CC,nagrawal@us.ibm.com,
2007-04-10 13:57:26 EDT,cbridgha@us.ibm.com,Assignee,nagrawal@us.ibm.com,wst.validation-inbox@eclipse.org
2007-04-10 13:57:26 EDT,cbridgha@us.ibm.com,Target Milestone,1.5.4 M154,---
2007-04-10 14:19:08 EDT,nagrawal@us.ibm.com,Severity,major,normal
2007-04-10 14:19:08 EDT,nagrawal@us.ibm.com,Status,ASSIGNED,NEW
2007-04-10 14:19:08 EDT,nagrawal@us.ibm.com,Priority,P2,P3
2007-04-10 16:35:47 EDT,cbridgha@us.ibm.com,Whiteboard,PMC,
2007-04-11 09:40:55 EDT,jlanuti@us.ibm.com,CC,jlanuti@us.ibm.com,
2007-04-11 10:48:14 EDT,nagrawal@us.ibm.com,Attachment #63401                Attachment is obsolete,1,0
2007-04-11 13:28:49 EDT,jlanuti@us.ibm.com,Whiteboard,PMC_approved,PMC
2007-04-11 13:45:54 EDT,nagrawal@us.ibm.com,Status,RESOLVED,ASSIGNED
2007-04-11 13:45:54 EDT,nagrawal@us.ibm.com,Resolution,FIXED,---
2007-05-03 09:57:23 EDT,nagrawal@us.ibm.com,Status,CLOSED,RESOLVED
