When, Who, What, Added, Removed
2007-02-01 13:14:39 EST,freddy.allilaire@obeo.fr,CC,mikael.barbero@univ-nantes.fr,
2007-02-01 13:14:39 EST,freddy.allilaire@obeo.fr,Assignee,mikael.barbero@univ-nantes.fr,gmt-am3-inbox@eclipse.org
2007-02-02 04:47:03 EST,freddy.allilaire@obeo.fr,Status,RESOLVED,NEW
2007-02-02 04:47:03 EST,freddy.allilaire@obeo.fr,Resolution,FIXED,---
2007-12-10 05:32:43 EST,mikael@eclipse.org,Status,CLOSED,RESOLVED
2010-10-28 11:10:44 EDT,webmaster@eclipse.org,Component,AM3(deprecated),AM3
2010-10-28 11:10:44 EDT,webmaster@eclipse.org,Product,z_Archived,GMT
