When, Who, What, Added, Removed
2007-02-01 10:41:26 EST,Kenn.Hussey@gmail.com,Assignee,jbruck@ca.ibm.com,mdt-uml2-inbox@eclipse.org
2007-02-01 10:41:26 EST,Kenn.Hussey@gmail.com,Target Milestone,2.1.0,---
2007-02-12 11:58:59 EST,Kenn.Hussey@gmail.com,Severity,enhancement,normal
2007-03-15 09:15:32 EDT,Kenn.Hussey@gmail.com,Target Milestone,M7,2.1.0
2007-05-14 16:09:07 EDT,Kenn.Hussey@gmail.com,CC,khussey@ca.ibm.com,
2007-05-16 14:41:13 EDT,Kenn.Hussey@gmail.com,Status,ASSIGNED,NEW
2007-05-17 17:19:14 EDT,Kenn.Hussey@gmail.com,Status,RESOLVED,ASSIGNED
2007-05-17 17:19:14 EDT,Kenn.Hussey@gmail.com,Resolution,FIXED,---
2007-05-29 17:04:07 EDT,bruck.james@gmail.com,Status,REOPENED,RESOLVED
2007-05-29 17:04:07 EDT,bruck.james@gmail.com,Resolution,---,FIXED
2007-05-30 00:21:20 EDT,Kenn.Hussey@gmail.com,Status,ASSIGNED,REOPENED
2007-05-30 00:21:20 EDT,Kenn.Hussey@gmail.com,Target Milestone,2.1.0,M7
2007-05-30 00:21:20 EDT,Kenn.Hussey@gmail.com,Flags,pmc_approved+,
2007-06-01 12:31:34 EDT,Kenn.Hussey@gmail.com,Status,RESOLVED,ASSIGNED
2007-06-01 12:31:34 EDT,Kenn.Hussey@gmail.com,Resolution,FIXED,---
2008-01-28 16:37:50 EST,nickboldt@gmail.com,Status,VERIFIED,RESOLVED
2008-05-13 17:09:53 EDT,nickboldt@gmail.com,Keywords,contributed,
2012-05-22 11:45:59 EDT,Kenn.Hussey@gmail.com,Attachment #69158                Flags,iplog+,
2012-05-22 11:47:07 EDT,Kenn.Hussey@gmail.com,Attachment #67344                Flags,iplog+,
2012-05-22 11:47:15 EDT,Kenn.Hussey@gmail.com,Attachment #67166                Flags,iplog+,
2012-05-22 11:47:21 EDT,Kenn.Hussey@gmail.com,Attachment #67114                Flags,iplog+,
