When, Who, What, Added, Removed
2007-02-01 12:27:33 EST,storaskar@us.ibm.com,Assignee,storaskar@us.ibm.com,epf.tool-inbox@eclipse.org
2007-02-01 12:27:33 EST,storaskar@us.ibm.com,Target Milestone,1.1,---
2007-02-02 12:45:06 EST,storaskar@us.ibm.com,Status,RESOLVED,NEW
2007-02-02 12:45:06 EST,storaskar@us.ibm.com,Resolution,FIXED,---
2007-02-05 18:48:03 EST,bxu@us.ibm.com,Target Milestone,1.2 M1,1.1
2007-02-08 21:36:00 EST,xjiang@cn.ibm.com,CC,xjiang@cn.ibm.com,
2007-03-16 02:41:17 EDT,bxu@us.ibm.com,Status,CLOSED,RESOLVED
