When, Who, What, Added, Removed
2007-02-01 15:07:33 EST,rcernich@sybase.com,Assignee,rcernich@sybase.com,dtp.connectivity-inbox@eclipse.org
2007-02-01 15:07:33 EST,rcernich@sybase.com,Severity,minor,normal
2007-02-01 15:07:33 EST,rcernich@sybase.com,Priority,P1,P3
2007-02-01 15:07:56 EST,rcernich@sybase.com,Target Milestone,1.5M5,1.5
2007-02-01 15:10:26 EST,rcernich@sybase.com,Depends on,172551,
2007-02-01 15:12:08 EST,rcernich@sybase.com,Depends on,172552,
2007-02-01 15:13:28 EST,rcernich@sybase.com,Depends on,172553,
2007-02-01 15:15:02 EST,rcernich@sybase.com,Depends on,172554,
2007-02-01 15:16:19 EST,rcernich@sybase.com,Depends on,172555,
2007-02-01 15:18:38 EST,rcernich@sybase.com,Depends on,172557,
2007-02-01 15:20:00 EST,rcernich@sybase.com,Depends on,172558,
2007-02-01 15:22:09 EST,rcernich@sybase.com,Depends on,172561,
2007-02-01 15:23:08 EST,rcernich@sybase.com,Depends on,172562,
2007-02-16 14:31:15 EST,rcernich@sybase.com,Status,RESOLVED,NEW
2007-02-16 14:31:15 EST,rcernich@sybase.com,Resolution,FIXED,---
2008-07-01 17:37:24 EDT,bfitzpat@redhat.com,Status,CLOSED,RESOLVED
