When, Who, What, Added, Removed
2007-02-01 15:11:24 EST,sleeloy@ca.ibm.com,CC,sleeloy@ca.ibm.com,
2007-02-11 02:59:09 EST,slavescu@ca.ibm.com,CC,sluiman@ca.ibm.com,
2007-02-14 18:10:51 EST,don.ebright@compuware.com,Status,ASSIGNED,NEW
2007-03-15 15:45:22 EDT,weitzelm@us.ibm.com,Status,RESOLVED,ASSIGNED
2007-03-15 15:45:22 EDT,weitzelm@us.ibm.com,Resolution,FIXED,---
2008-01-22 17:50:23 EST,don.ebright@compuware.com,Status,CLOSED,RESOLVED
2012-01-03 13:47:27 EST,webmaster@eclipse.org,Component,Cosmos,DataCollection
2012-01-03 13:47:27 EST,webmaster@eclipse.org,Product,z_Archived,Cosmos
