When, Who, What, Added, Removed
2007-02-02 07:50:09 EST,mknauer@eclipsesource.com,CC,mknauer@innoopract.com,
2007-02-03 14:48:13 EST,gunnar@wagenknecht.org,CC,ed.burnette@sas.com,
2007-02-03 19:37:35 EST,pascal@rapicorp.com,CC,pascal_rapicault@ca.ibm.com,
2007-02-03 23:30:15 EST,david_williams@us.ibm.com,CC,david_williams@us.ibm.com,
2007-02-05 07:54:54 EST,danrubel@google.com,CC,dan_rubel@instantiations.com,
2007-02-05 12:48:10 EST,raghunathan.srinivasan@oracle.com,CC,raghunathan.srinivasan@oracle.com,
2007-02-08 10:11:42 EST,anne.jacko@eclipse.org,Status,RESOLVED,NEW
2007-02-08 10:11:42 EST,anne.jacko@eclipse.org,Resolution,FIXED,---
2007-02-11 19:55:38 EST,bjorn.freeman-benson@eclipse.org,Status,CLOSED,RESOLVED
