When, Who, What, Added, Removed
2007-02-01 10:57:00 EST,Kenn.Hussey@gmail.com,Assignee,khussey@ca.ibm.com,mdt-uml2-inbox@eclipse.org
2007-02-01 10:57:00 EST,Kenn.Hussey@gmail.com,Component,UML,UML2
2007-02-01 10:57:00 EST,Kenn.Hussey@gmail.com,Product,UML2,MDT
2007-02-01 10:57:00 EST,Kenn.Hussey@gmail.com,Target Milestone,2.0.3,---
2007-02-01 10:57:00 EST,Kenn.Hussey@gmail.com,Version,2.0.2,2.0.0
2007-02-01 13:43:47 EST,Kenn.Hussey@gmail.com,Status,ASSIGNED,NEW
2007-02-02 09:14:29 EST,Kenn.Hussey@gmail.com,Status,RESOLVED,ASSIGNED
2007-02-02 09:14:29 EST,Kenn.Hussey@gmail.com,Resolution,FIXED,---
2008-01-28 16:36:52 EST,nickboldt@gmail.com,Status,VERIFIED,RESOLVED
