When, Who, What, Added, Removed
2007-02-02 05:57:21 EST,markus_keller@ch.ibm.com,CC,wassimm@ca.ibm.com,
2007-02-02 05:57:21 EST,markus_keller@ch.ibm.com,Severity,critical,major
2007-02-02 05:59:13 EST,markus_keller@ch.ibm.com,CC,daniel_megert@ch.ibm.com,
2007-02-02 05:59:13 EST,markus_keller@ch.ibm.com,Severity,blocker,critical
2007-02-02 09:56:21 EST,john_arthorne@ca.ibm.com,CC,john_arthorne@ca.ibm.com,
2007-02-02 09:56:21 EST,john_arthorne@ca.ibm.com,Assignee,pde-ui-inbox@eclipse.org,platform-resources-inbox@eclipse.org
2007-02-02 09:56:21 EST,john_arthorne@ca.ibm.com,Component,UI,Resources
2007-02-02 09:56:21 EST,john_arthorne@ca.ibm.com,Product,PDE,Platform
2007-02-02 10:12:28 EST,markus_keller@ch.ibm.com,Severity,critical,blocker
2007-02-03 00:43:23 EST,wassim.melhem@gmail.com,Status,RESOLVED,NEW
2007-02-03 00:43:23 EST,wassim.melhem@gmail.com,Resolution,FIXED,---
2007-02-03 00:43:23 EST,wassim.melhem@gmail.com,Target Milestone,3.3 M5,---
2014-09-26 08:52:22 EDT,szymon.ptaszkiewicz@pl.ibm.com,Blocks,444988,
