When, Who, What, Added, Removed
2007-02-01 13:13:13 EST,pwebster@ca.ibm.com,Assignee,pwebster@ca.ibm.com,Platform-UI-Inbox@eclipse.org
2007-02-01 13:13:13 EST,pwebster@ca.ibm.com,Summary,[Contributions] Improve the "Invalid Menu Extension" message,Improve the "Invalid Menu Extension" message
2007-02-01 14:05:14 EST,pwebster@ca.ibm.com,Status,RESOLVED,NEW
2007-02-01 14:05:14 EST,pwebster@ca.ibm.com,Resolution,FIXED,---
2007-02-01 14:05:14 EST,pwebster@ca.ibm.com,Target Milestone,3.3 M5,---
2007-02-06 12:37:56 EST,pwebster@ca.ibm.com,Status,VERIFIED,RESOLVED
2007-06-05 16:26:54 EDT,Tod_Creasey@ca.ibm.com,Keywords,contributed,
2007-06-06 15:41:27 EDT,Kevin_McGuire@ca.ibm.com,Keywords,,contributed
