When, Who, What, Added, Removed
2007-02-01 13:21:26 EST,Michael_Valenta@ca.ibm.com,Assignee,Boris_Bokowski@ca.ibm.com,Platform-UI-Inbox@eclipse.org
2007-02-01 13:35:44 EST,bokowski@google.com,Keywords,api,
2007-02-01 13:35:44 EST,bokowski@google.com,Target Milestone,3.3,---
2007-02-02 04:50:52 EST,daniel_megert@ch.ibm.com,CC,daniel_megert@ch.ibm.com,
2007-05-28 23:22:10 EDT,bokowski@google.com,Target Milestone,3.3 RC2,3.3
2007-06-05 16:13:28 EDT,bokowski@google.com,Status,RESOLVED,NEW
2007-06-05 16:13:28 EDT,bokowski@google.com,Resolution,FIXED,---
2007-06-05 16:13:28 EDT,bokowski@google.com,Target Milestone,3.3 RC4,3.3 RC2
