When, Who, What, Added, Removed
2007-02-01 14:41:38 EST,eclipse@pookzilla.net,CC,susan_franklin@us.ibm.com, Boris_Bokowski@ca.ibm.com,
2007-02-01 14:41:38 EST,eclipse@pookzilla.net,Assignee,kim_horne@ca.ibm.com,Platform-UI-Inbox@eclipse.org
2007-02-01 14:41:38 EST,eclipse@pookzilla.net,Summary,[Dialogs] Support SWT.CANCEL in FilteredTree,Support SWT.CANCEL in FilteredTree
2007-02-01 14:41:38 EST,eclipse@pookzilla.net,Target Milestone,3.3 M5,---
2007-02-01 14:45:43 EST,eclipse@pookzilla.net,Status,RESOLVED,NEW
2007-02-01 14:45:43 EST,eclipse@pookzilla.net,Resolution,FIXED,---
2007-02-06 10:46:29 EST,eclipse@pookzilla.net,Status,VERIFIED,RESOLVED
