When, Who, What, Added, Removed
2007-02-01 13:56:47 EST,valentinbaciu@hotmail.com,CC,merks@ca.ibm.com,
2007-02-02 09:03:34 EST,Ed.Merks@gmail.com,Blocks,172657,
2007-02-02 09:04:53 EST,Ed.Merks@gmail.com,Blocks,,172657
2007-02-02 09:04:53 EST,Ed.Merks@gmail.com,Status,ASSIGNED,NEW
2007-02-07 23:42:01 EST,nickboldt@gmail.com,Status,RESOLVED,ASSIGNED
2007-02-07 23:42:01 EST,nickboldt@gmail.com,Resolution,FIXED,---
2007-02-16 14:14:36 EST,valentinbaciu@hotmail.com,Status,VERIFIED,RESOLVED
2007-02-16 14:14:50 EST,valentinbaciu@hotmail.com,Status,CLOSED,VERIFIED
