When, Who, What, Added, Removed
2007-02-01 12:43:49 EST,lauzond@ca.ibm.com,Status,ASSIGNED,NEW
2007-02-01 12:43:49 EST,lauzond@ca.ibm.com,Priority,P2,P3
2007-02-01 12:43:49 EST,lauzond@ca.ibm.com,Whiteboard,PMC,
2007-02-01 12:43:49 EST,lauzond@ca.ibm.com,Version,1.5,unspecified
2007-02-01 13:33:46 EST,kchong@ca.ibm.com,Target Milestone,1.5.3 M153,---
2007-02-01 13:34:44 EST,kchong@ca.ibm.com,Assignee,lauzond@ca.ibm.com,wst.wsi-inbox@eclipse.org
2007-02-01 13:34:44 EST,kchong@ca.ibm.com,Status,NEW,ASSIGNED
2007-02-01 13:46:58 EST,david_williams@us.ibm.com,CC,david_williams@us.ibm.com,
2007-02-01 14:13:53 EST,csalter@ca.ibm.com,Status,ASSIGNED,NEW
2007-02-02 11:09:38 EST,jlanuti@us.ibm.com,Whiteboard,PMC_approved,PMC
2007-02-06 14:28:44 EST,lauzond@ca.ibm.com,Status,RESOLVED,ASSIGNED
2007-02-06 14:28:44 EST,lauzond@ca.ibm.com,Resolution,FIXED,---
2007-02-06 17:01:17 EST,lauzond@ca.ibm.com,Status,VERIFIED,RESOLVED
2007-02-06 17:01:52 EST,lauzond@ca.ibm.com,Status,CLOSED,VERIFIED
