When, Who, What, Added, Removed
2007-02-01 15:10:32 EST,remy.suen@gmail.com,CC,remy.suen@gmail.com,
2007-04-15 10:53:34 EDT,slewis@composent.com,CC,codesurgeon@gmail.com, ken@angelshare.org,
2007-04-28 20:21:31 EDT,slewis@composent.com,Target Milestone,M9/RC2,---
2007-04-28 20:21:31 EDT,slewis@composent.com,Version,1.0.0 Release,unspecified
2007-04-28 23:20:14 EDT,bokowski@google.com,CC,Boris_Bokowski@ca.ibm.com,
2007-05-25 22:09:57 EDT,remy.suen@gmail.com,OS,All,Linux
2007-05-25 22:09:57 EDT,remy.suen@gmail.com,Hardware,All,PC
2007-06-12 13:01:26 EDT,slewis@composent.com,Status,RESOLVED,NEW
2007-06-12 13:01:26 EDT,slewis@composent.com,Resolution,FIXED,---
2007-08-08 09:52:58 EDT,webmaster@eclipse.org,Target Milestone,---,M9/RC2
