When, Who, What, Added, Removed
2007-02-02 14:02:51 EST,robert.elves@tasktop.com,Depends on,143011,
2007-02-02 14:02:51 EST,robert.elves@tasktop.com,Target Milestone,2.0 M2,---
2007-03-12 04:31:45 EDT,ruth@diasoft.nl,CC,ruth@diasoft.nl,
2007-03-12 19:27:00 EDT,robert.elves@tasktop.com,Priority,P2,P3
2007-03-16 16:31:45 EDT,robert.elves@tasktop.com,CC,saschamarkus@gmx.net,
2007-03-16 16:34:21 EDT,robert.elves@tasktop.com,Assignee,steffen.pingel@eclipse.org,rob.elves@eclipse.org
2007-03-16 16:35:31 EDT,robert.elves@tasktop.com,Status,RESOLVED,NEW
2007-03-16 16:35:31 EDT,robert.elves@tasktop.com,Resolution,FIXED,---
2008-01-14 00:45:50 EST,steffen.pingel@tasktop.com,Depends on,,143011
