When, Who, What, Added, Removed
2007-02-01 14:37:28 EST,benjamin.muskalla@tasktop.com,CC,b.muskalla@gmx.net,
2007-03-12 14:01:30 EDT,wassim.melhem@gmail.com,CC,pascal_rapicault@ca.ibm.com,
2007-03-14 11:39:26 EDT,mpawlow@ca.ibm.com,Assignee,mpawlow@ca.ibm.com,pde-ui-inbox@eclipse.org
2007-03-14 11:39:26 EDT,mpawlow@ca.ibm.com,Summary,[Product Editor] Integrate Kim's splash screen templates,Product editor enhancements due to splash enhancements
2007-03-21 15:47:21 EDT,mpawlow@ca.ibm.com,Status,RESOLVED,NEW
2007-03-21 15:47:21 EDT,mpawlow@ca.ibm.com,Resolution,FIXED,---
2007-03-21 15:47:21 EDT,mpawlow@ca.ibm.com,Target Milestone,3.3 M6,---
2007-03-22 14:38:22 EDT,Tod_Creasey@ca.ibm.com,Blocks,178853,
