When, Who, What, Added, Removed
2007-02-14 23:47:05 EST,ewchan@ca.ibm.com,Target Milestone,4.4,---
2007-04-12 11:31:45 EDT,ewchan@ca.ibm.com,Severity,major,normal
2007-04-12 11:31:45 EDT,ewchan@ca.ibm.com,Status,RESOLVED,NEW
2007-04-12 11:31:45 EDT,ewchan@ca.ibm.com,Priority,P1,P3
2007-04-12 11:31:45 EDT,ewchan@ca.ibm.com,Resolution,FIXED,---
2007-04-12 11:31:45 EDT,ewchan@ca.ibm.com,Target Milestone,4.4i3,4.4
2009-06-30 10:28:44 EDT,paules@ca.ibm.com,Status,CLOSED,RESOLVED
2009-06-30 10:28:44 EDT,paules@ca.ibm.com,Whiteboard,closed460,
2009-06-30 16:33:06 EDT,paules@ca.ibm.com,Whiteboard,housecleaned460 closed460,closed460
2009-07-01 16:23:13 EDT,paules@ca.ibm.com,Whiteboard,closed460,housecleaned460 closed460
