When, Who, What, Added, Removed
2007-02-01 11:32:43 EST,Tod_Creasey@ca.ibm.com,Target Milestone,3.3 M6,---
2007-02-15 10:54:39 EST,Tod_Creasey@ca.ibm.com,CC,wassimm@ca.ibm.com,
2007-02-15 14:28:23 EST,nick_edgar@ca.ibm.com,CC,nick_edgar@ca.ibm.com,
2007-02-20 12:08:16 EST,Tod_Creasey@ca.ibm.com,Status,RESOLVED,NEW
2007-02-20 12:08:16 EST,Tod_Creasey@ca.ibm.com,Resolution,FIXED,---
2007-02-21 09:24:45 EST,markus_keller@ch.ibm.com,CC,markus_keller@ch.ibm.com,
2007-02-21 11:10:22 EST,markus_keller@ch.ibm.com,Blocks,174981,
2007-03-20 10:13:07 EDT,Tod_Creasey@ca.ibm.com,Status,VERIFIED,RESOLVED
2007-04-09 16:34:28 EDT,karasiuk@ca.ibm.com,CC,karasiuk@ca.ibm.com,
