When, Who, What, Added, Removed
2007-02-06 12:37:09 EST,darin.eclipse@gmail.com,Status,ASSIGNED,NEW
2007-02-06 12:37:09 EST,darin.eclipse@gmail.com,Priority,P2,P3
2007-02-06 12:37:09 EST,darin.eclipse@gmail.com,Target Milestone,3.3 M6,---
2007-02-12 12:30:14 EST,darin.eclipse@gmail.com,Assignee,Michael_Rennie@ca.ibm.com,jdt-debug-inbox@eclipse.org
2007-02-12 12:30:14 EST,darin.eclipse@gmail.com,Status,NEW,ASSIGNED
2007-02-12 12:32:01 EST,darin.eclipse@gmail.com,Status,RESOLVED,NEW
2007-02-12 12:32:01 EST,darin.eclipse@gmail.com,Resolution,FIXED,---
2007-02-13 15:36:25 EST,Michael_Rennie@ca.ibm.com,Status,VERIFIED,RESOLVED
