When, Who, What, Added, Removed
2007-02-07 18:18:04 EST,amehrega@ca.ibm.com,Assignee,amehrega@ca.ibm.com,stjerman@cisco.com
2007-02-08 17:14:46 EST,weitzelm@us.ibm.com,Status,ASSIGNED,NEW
2007-02-12 11:12:14 EST,amehrega@ca.ibm.com,Status,RESOLVED,ASSIGNED
2007-02-12 11:12:14 EST,amehrega@ca.ibm.com,Resolution,FIXED,---
2007-04-03 10:39:31 EDT,popescu@ca.ibm.com,Target Milestone,1.0i1,---
2008-01-08 11:29:59 EST,amehrega@ca.ibm.com,Status,VERIFIED,RESOLVED
2008-01-08 11:30:16 EST,amehrega@ca.ibm.com,Status,CLOSED,VERIFIED
2008-10-15 13:09:55 EDT,dlwhiteman@us.ibm.com,Attachment #58501                Flags,iplog+,
2008-10-15 13:10:17 EDT,dlwhiteman@us.ibm.com,Attachment #58502                Flags,iplog+,
2008-11-05 14:38:29 EST,dlwhiteman@us.ibm.com,CC,,amehrega@ca.ibm.com
2012-01-03 13:53:53 EST,webmaster@eclipse.org,Component,Cosmos,ResourceModeling
2012-01-03 13:53:53 EST,webmaster@eclipse.org,Product,z_Archived,Cosmos
2012-01-03 13:53:53 EST,webmaster@eclipse.org,Target Milestone,---,1.0i1
