When, Who, What, Added, Removed
2007-02-01 12:23:07 EST,dennis.oflynn@compuware.com,Target Milestone,1.0.0 M8,---
2007-02-01 12:35:19 EST,joel.hawkins@compuware.com,Status,RESOLVED,NEW
2007-02-01 12:35:19 EST,joel.hawkins@compuware.com,Resolution,FIXED,---
2007-02-21 10:25:36 EST,dennis.oflynn@compuware.com,Status,CLOSED,RESOLVED
2010-04-08 11:12:18 EDT,webmaster@eclipse.org,Component,Corona,soa
2010-04-08 11:12:18 EDT,webmaster@eclipse.org,Version,unspecified,1.0.0
2010-04-08 11:12:18 EDT,webmaster@eclipse.org,Product,z_Archived,Corona
2010-04-08 11:12:18 EDT,webmaster@eclipse.org,Target Milestone,---,1.0.0 M8
