When, Who, What, Added, Removed
2001-11-09 07:52:10 PST,matty_is_a_geek,Priority,P4,--
2001-11-09 07:52:10 PST,matty_is_a_geek,Target Milestone,Bugzilla 2.18,---
2002-03-31 18:57:50 PST,justdave,Assignee,preed,jake
2003-05-08 10:52:07 PDT,benc,CC,myk,
2003-05-16 21:22:00 PDT,mozpreed,Depends on,84876,
2003-06-26 16:34:23 PDT,myk,Attachment #126561                Flags,review+,
2003-06-26 16:34:41 PDT,myk,Flags,approval+,
2003-07-09 22:26:26 PDT,justdave,Assignee,benc,preed
2003-07-09 22:26:26 PDT,justdave,Depends on,,84876
2003-07-09 22:28:44 PDT,justdave,Status,RESOLVED,NEW
2003-07-09 22:28:44 PDT,justdave,Resolution,FIXED,---
2003-07-09 22:28:44 PDT,justdave,Last Resolved,2003-07-09 22:28:44,
2003-07-10 22:52:15 PDT,benc,Status,VERIFIED,RESOLVED
2003-07-18 02:37:52 PDT,justdave,Status,REOPENED,VERIFIED
2003-07-18 02:37:52 PDT,justdave,Resolution,---,FIXED
2003-07-19 17:16:34 PDT,justdave,Flags,,approval+
2003-12-23 12:19:19 PST,benc,Summary,"New"  bugmail should sort by subject above other bugmail,"New" announcements should be tweaked to sort before regular email
2003-12-23 12:19:19 PST,benc,Status,ASSIGNED,REOPENED
2004-03-19 21:00:05 PST,justdave,Target Milestone,Bugzilla 2.20,Bugzilla 2.18
2005-01-14 08:25:04 PST,benc,Status,RESOLVED,ASSIGNED
2005-01-14 08:25:04 PST,benc,Resolution,FIXED,---
2005-01-14 08:25:04 PST,benc,Last Resolved,2005-01-14 08:25:04,2003-07-09 22:28:44
2012-12-18 20:46:27 PST,nobody,QA Contact,default-qa,matty_is_a_geek
