When, Who, What, Added, Removed
2001-10-30 10:41:31 PST,morse,Blocks,87388,
2001-10-30 10:50:57 PST,jmd,CC,mozilla,
2001-10-30 13:04:46 PST,bbaetz,CC,bbaetz,
2001-10-30 13:29:58 PST,darin.moz,CC,rpotts,
2001-11-08 15:22:55 PST,morse,Severity,major,normal
2001-11-15 14:06:25 PST,jmd,Hardware,All,PC
2001-11-15 14:06:25 PST,jmd,OS,All,Windows NT
2001-11-15 14:06:25 PST,jmd,Target Milestone,mozilla1.0,---
2001-11-27 14:22:44 PST,gagan,Keywords,mozilla1.0,
2002-01-06 18:27:03 PST,morse,Attachment #63584                Attachment is obsolete,1,0
2002-01-08 16:04:52 PST,darin.moz,Assignee,darin,neeti
2002-01-10 16:02:21 PST,darin.moz,Priority,P2,--
2002-01-10 16:02:21 PST,darin.moz,Target Milestone,mozilla0.9.8,mozilla1.0
2002-01-10 16:09:12 PST,morse,Attachment #64052                Flags,review+,
2002-01-10 16:43:08 PST,darin.moz,Attachment #63763                Attachment is obsolete,1,0
2002-01-10 16:44:55 PST,darin.moz,Keywords,patch,
2002-01-15 11:34:20 PST,darin.moz,Target Milestone,mozilla0.9.9,mozilla0.9.8
2002-01-22 10:41:11 PST,caillon,CC,caillon,
2002-02-12 13:02:09 PST,gagan,Keywords,nsbeta1+,
2002-02-14 16:46:09 PST,darin.moz,Target Milestone,mozilla1.0,mozilla0.9.9
2002-02-18 23:28:46 PST,morse,Attachment #64052                Attachment is obsolete,1,0
2002-02-18 23:28:46 PST,morse,Attachment #64412                Attachment is obsolete,1,0
2002-02-19 22:57:12 PST,morse,Attachment #70246                Attachment is obsolete,1,0
2002-02-20 16:58:33 PST,mozilla.org,CC,,mozilla.org
2002-02-20 17:51:07 PST,morse,Attachment #70621                Flags,superreview+,
2002-02-21 10:26:51 PST,morse,Attachment #70477                Attachment is obsolete,1,0
2002-02-21 10:26:51 PST,morse,Attachment #70621                Attachment is obsolete,1,0
2002-02-22 07:23:05 PST,morse,Attachment #70737                Attachment is obsolete,1,0
2002-02-22 15:24:14 PST,morse,Attachment #70912                Attachment is obsolete,1,0
2002-03-01 13:13:06 PST,rpotts,Attachment #70990                Flags,review+,
2002-03-01 15:09:17 PST,dveditz,Attachment #70990                Flags,superreview+,
2002-03-01 16:53:37 PST,asa,Attachment #70990                Flags,approval+,
2002-03-01 21:04:09 PST,morse,Status,RESOLVED,NEW
2002-03-01 21:04:09 PST,morse,Resolution,FIXED,---
2002-03-01 21:04:09 PST,morse,Last Resolved,2002-03-01 21:04:09,
2002-03-27 09:12:57 PST,benc,QA Contact,tever,benc
2002-06-18 17:23:47 PDT,tever,Status,VERIFIED,RESOLVED
