When, Who, What, Added, Removed
2001-10-30 09:56:02 PST,billy,Summary,"You need to upgrade your browser" and possibly CSS?,"Please upgrade your browser
2001-11-10 19:36:19 PST,bob,Whiteboard,[USERAGENT][CONTACT-INFO],
2001-11-10 19:36:19 PST,bob,Summary,blodgett.com - "You need to upgrade your browser" and possibly CSS?,"You need to upgrade your browser" and possibly CSS?
2001-11-10 19:36:19 PST,bob,Priority,P3,--
2001-11-10 19:36:37 PST,bob,Status,NEW,UNCONFIRMED
2001-11-10 19:36:37 PST,bob,Ever confirmed,1,0
2002-01-12 03:05:14 PST,doronr,Whiteboard,[USERAGENT][CONTACT-INFO][aok],[USERAGENT][CONTACT-INFO]
2002-01-12 03:05:14 PST,doronr,OS,All,Windows ME
2002-01-25 18:26:29 PST,zach,Assignee,doronr,bclary
2003-03-23 17:46:10 PST,francis.uy,Summary,blodgett.com - "You need to upgrade your browser", server-side browser check thinks Moz is NN3-,blodgett.com - "You need to upgrade your browser" and possibly CSS?
2003-03-23 17:46:10 PST,francis.uy,Hardware,All,PC
2003-03-23 17:46:10 PST,francis.uy,Component,US Ecommerce,US General
2003-06-12 07:58:03 PDT,bob,Component,English US,US Ecommerce
2003-06-12 07:58:03 PDT,bob,Assignee,english-us,doron
2003-06-12 07:58:03 PDT,bob,QA Contact,english-us,zach
2005-01-09 20:21:20 PST,billy,Status,RESOLVED,NEW
2005-01-09 20:21:20 PST,billy,Resolution,FIXED,---
2005-01-09 20:21:20 PST,billy,Last Resolved,2005-01-09 20:21:20,
2005-01-10 10:48:23 PST,francis.uy,Status,VERIFIED,RESOLVED
2015-04-19 23:39:42 PDT,nobody,Product,Tech Evangelism Graveyard,Tech Evangelism
