When, Who, What, Added, Removed
2001-10-30 10:46:52 PST,bzbarsky,Keywords,regression,
2001-10-30 10:46:52 PST,bzbarsky,Status,NEW,UNCONFIRMED
2001-10-30 10:46:52 PST,bzbarsky,Assignee,ben,hyatt
2001-10-30 10:46:52 PST,bzbarsky,Ever confirmed,1,0
2001-10-30 10:55:26 PST,bugzilla,Component,XP Apps: GUI Features,XP Toolkit/Widgets: Menus
2001-10-30 10:55:26 PST,bugzilla,QA Contact,sairuh,jrgm
2001-10-30 17:18:16 PST,bugzilla,OS,All,SunOS
2001-10-30 17:18:16 PST,bugzilla,Keywords,mozilla0.9.6,
2001-10-30 17:18:16 PST,bugzilla,Summary,File->Send Link and File->Send Page don't work,File->Send Link and File->Send Page are no-ops
2001-10-30 17:18:16 PST,bugzilla,Hardware,All,Sun
2001-10-30 17:18:46 PST,sheelar,CC,mscott,
2001-10-30 17:19:19 PST,sheelar,CC,sheelar,
2001-10-30 17:22:11 PST,bugzilla,Blocks,103064,
2001-10-31 07:35:01 PST,spam,CC,bulbul,
2001-10-31 19:17:20 PST,bzbarsky,CC,awnuk,
2001-11-01 04:20:03 PST,amla70,CC,bclinger,
2001-11-01 13:09:58 PST,bugzilla,Keywords,,regression
2001-11-01 16:48:51 PST,bugzilla,Keywords,regression,
2001-11-01 16:48:51 PST,bugzilla,Summary,File->Send Link and File->Send Page [or context menu versions] don't work,File->Send Link and File->Send Page don't work
2001-11-01 16:48:51 PST,bugzilla,Severity,major,normal
2001-11-01 23:26:14 PST,bugzilla,Blocks,,103064
2001-11-01 23:26:53 PST,bugzilla,Depends on,103064,
2001-11-02 08:51:28 PST,baffoni,CC,baffoni,
2001-11-02 11:27:37 PST,twalker,Keywords,smoketest,
2001-11-02 11:27:37 PST,twalker,Severity,blocker,major
2001-11-02 14:36:54 PST,sspitzer,Attachment #56296                Flags,superreview+,
2001-11-02 14:39:23 PST,bugs,Status,RESOLVED,NEW
2001-11-02 14:39:23 PST,bugs,Resolution,FIXED,---
2001-11-02 14:39:23 PST,bugs,Last Resolved,2001-11-02 14:39:23,
2001-11-06 12:20:04 PST,bugzilla,Status,VERIFIED,RESOLVED
2001-11-07 07:25:20 PST,bzbarsky,CC,marciales,
2004-11-23 18:54:58 PST,myk,Product,Mozilla Application Suite,Core
2008-07-31 04:13:30 PDT,timeless,Component,UI Design,XP Apps: GUI Features
