When, Who, What, Added, Removed
2001-10-30 12:05:59 PST,laurel,Keywords,regression,
2001-11-01 17:11:25 PST,naving,CC,marina,
2001-11-01 17:33:51 PST,naving,Summary,Filter UI: newly created folder not selected in filter action(IMAP),Filter UI: newly created folder not selected in filter action
2001-12-07 13:18:02 PST,naving,Keywords,relnote,
2001-12-07 13:18:02 PST,naving,CC,racham,
2002-01-21 13:42:28 PST,scottputterman,Status,ASSIGNED,NEW
2002-01-21 13:42:28 PST,scottputterman,Target Milestone,mozilla1.2,---
2002-02-07 19:30:43 PST,naving,Keywords,nsbeta1+,
2002-02-07 19:31:06 PST,naving,Keywords,nsbeta1,nsbeta1+
2002-02-11 11:02:35 PST,naving,Keywords,nsbeta1+,nsbeta1
2002-02-11 11:02:35 PST,naving,Priority,P2,--
2002-02-11 11:02:35 PST,naving,Target Milestone,mozilla0.9.9,mozilla1.2
2002-02-11 17:15:05 PST,naving,Blocks,45041,
2002-02-11 20:05:48 PST,naving,CC,bienvenu,
2002-02-12 16:51:47 PST,naving,Attachment #68980                Attachment is obsolete,1,0
2002-02-12 17:05:38 PST,mozilla,Attachment #69163                Flags,review+,
2002-02-12 17:54:15 PST,naving,Status,RESOLVED,ASSIGNED
2002-02-12 17:54:15 PST,naving,Resolution,FIXED,---
2002-02-12 17:54:15 PST,naving,Blocks,,45041
2002-02-12 17:54:15 PST,naving,Last Resolved,2002-02-12 17:54:15,
2002-02-22 15:23:52 PST,laurel,Summary,Filter UI: newly created folder not selected in filter action(IMAP) -  Reopened for prefill case,Filter UI: newly created folder not selected in filter action(IMAP)
2002-02-22 15:23:52 PST,laurel,Status,REOPENED,RESOLVED
2002-02-22 15:23:52 PST,laurel,Resolution,---,FIXED
2002-02-22 15:56:34 PST,naving,Status,ASSIGNED,REOPENED
2002-02-22 15:56:34 PST,naving,Target Milestone,mozilla1.0,mozilla0.9.9
2002-02-22 17:59:49 PST,laurel,Last Resolved,2002-02-22 17:59:49,2002-02-12 17:54:15
2002-02-22 17:59:49 PST,laurel,Status,RESOLVED,ASSIGNED
2002-02-22 17:59:49 PST,laurel,Resolution,FIXED,---
2002-02-22 18:00:13 PST,laurel,Status,VERIFIED,RESOLVED
2004-11-22 17:26:45 PST,myk,Product,Core,MailNews
2008-07-31 04:30:00 PDT,nobody,Product,MailNews Core,Core
2012-06-20 03:06:41 PDT,standard8,Keywords,,relnote
