When, Who, What, Added, Removed
2001-10-30 13:16:18 PST,netscape,Attachment #55781                Flags,review+,
2001-11-01 22:54:24 PST,netscape,Summary,../../../../dist/include/xp_core.h:252: warning: `_UINT32' redefined,../../../../dist/include/xp_core.h:252: warning: `_UINT32' redefined
2001-11-01 22:54:24 PST,netscape,Status,RESOLVED,NEW
2001-11-01 22:54:24 PST,netscape,Resolution,FIXED,---
2001-11-01 22:54:24 PST,netscape,Last Resolved,2001-11-01 22:54:24,
2004-11-22 17:25:08 PST,myk,Product,Seamonkey,Browser
