When, Who, What, Added, Removed
2001-10-30 05:28:16 PST,spam,Keywords,patch,
2001-10-30 07:04:43 PST,bzbarsky,Ever confirmed,1,0
2001-10-30 07:04:43 PST,bzbarsky,Summary,Enable the Georgian Decoder,REF: enabling Georgian
2001-10-30 07:04:43 PST,bzbarsky,Status,NEW,UNCONFIRMED
2001-10-30 07:04:43 PST,bzbarsky,CC,bzbarsky,
2001-11-01 18:26:27 PST,ftang,Attachment #55726                Flags,review+,
2001-11-16 00:31:10 PST,ftang,Attachment #56418                Flags,review+,
2001-11-16 00:32:03 PST,ftang,Assignee,nhotta,ftang
2001-11-20 14:12:09 PST,nhottanscp,Attachment #58136                Flags,review+,
2001-11-20 14:14:03 PST,nhottanscp,Attachment #58134                Flags,review+,
2001-11-20 14:15:55 PST,nhottanscp,Attachment #58133                Flags,review+,
2001-11-20 14:17:03 PST,nhottanscp,Attachment #58135                Flags,review+,
2001-11-20 14:18:05 PST,nhottanscp,Attachment #55726                Attachment is obsolete,1,0
2001-11-20 14:32:23 PST,nhottanscp,Attachment #58126                Attachment is obsolete,1,0
2001-11-20 14:32:23 PST,nhottanscp,Attachment #58129                Attachment is obsolete,1,0
2001-11-20 14:32:23 PST,nhottanscp,Attachment #58133                Attachment is obsolete,1,0
2001-11-20 14:32:23 PST,nhottanscp,Attachment #58134                Attachment is obsolete,1,0
2001-11-20 14:32:23 PST,nhottanscp,Attachment #58135                Attachment is obsolete,1,0
2001-11-20 14:32:23 PST,nhottanscp,Attachment #58136                Attachment is obsolete,1,0
2001-11-20 14:32:39 PST,nhottanscp,Attachment #58588                Flags,review+,
2001-11-20 14:33:15 PST,nhottanscp,Status,ASSIGNED,NEW
2001-11-20 14:33:15 PST,nhottanscp,Target Milestone,mozilla0.9.7,---
2001-11-20 14:59:48 PST,brendan,Attachment #56418                Flags,superreview+,
2001-11-20 15:01:22 PST,brendan,Attachment #58588                Flags,superreview+,
2001-11-21 17:29:05 PST,momoi,CC,momoi,
2001-11-26 16:22:21 PST,nhottanscp,CC,yokoyama, ylong,
2001-12-03 13:42:47 PST,tetsuroy,Attachment #60211                Flags,review+,
2001-12-03 15:16:19 PST,nhottanscp,Status,RESOLVED,ASSIGNED
2001-12-03 15:16:19 PST,nhottanscp,Resolution,FIXED,---
2001-12-03 15:16:19 PST,nhottanscp,Last Resolved,2001-12-03 15:16:19,
2001-12-28 13:38:25 PST,teruko,Status,VERIFIED,RESOLVED
