When, Who, What, Added, Removed
2001-10-30 08:54:58 PST,bzbarsky,Assignee,bclary,attinasi
2001-10-30 08:54:58 PST,bzbarsky,QA Contact,zach,petersen
2001-10-30 08:54:58 PST,bzbarsky,Ever confirmed,1,0
2001-10-30 08:54:58 PST,bzbarsky,Whiteboard,[PROPRIETARY-JAVASCRIPT],
2001-10-30 08:54:58 PST,bzbarsky,Product,Tech Evangelism,Browser
2001-10-30 08:54:58 PST,bzbarsky,Version,unspecified,other
2001-10-30 08:54:58 PST,bzbarsky,Status,NEW,UNCONFIRMED
2001-10-30 08:54:58 PST,bzbarsky,Component,English: US,Layout
2001-11-10 20:10:54 PST,bob,Summary,firstcitizens.com - popup menu on page is not displayed,popup menu on page is not displayed
2001-12-04 13:43:16 PST,contact2009,Blocks,113492,
2001-12-28 17:46:08 PST,zach,Component,US Banks,US General
2001-12-28 17:46:08 PST,zach,Assignee,aruner,bclary
2001-12-28 17:46:08 PST,zach,QA Contact,bclary,zach
2002-01-11 20:33:35 PST,contact2009,Blocks,,113492
2003-02-05 12:48:14 PST,phil_mozilla,Status,RESOLVED,NEW
2003-02-05 12:48:14 PST,phil_mozilla,Resolution,FIXED,---
2003-02-05 12:48:14 PST,phil_mozilla,Last Resolved,2003-02-05 12:48:14,
2003-06-12 20:16:45 PDT,nb,Component,English US,US Banks
2015-04-19 23:39:42 PDT,nobody,Product,Tech Evangelism Graveyard,Tech Evangelism
