When, Who, What, Added, Removed
2001-10-30 03:56:30 PST,ajvincent,Summary,MutationEvent .prevValue empty string when .newValue == "",MutationEvent .prevValue, .newValue incorrectly escape quotes
2001-10-30 04:09:37 PST,ajvincent,Summary,MutationEvent .prevValue returns "" when .newValue set to "",MutationEvent .prevValue empty string when .newValue == ""
2001-10-30 04:09:37 PST,ajvincent,OS,All,Windows 98
2001-10-30 04:09:37 PST,ajvincent,Keywords,testcase,
2001-10-30 10:35:27 PST,bzbarsky,Keywords,dom2,
2001-10-30 10:35:27 PST,bzbarsky,CC,bzbarsky,
2001-10-30 14:03:32 PST,bzbarsky,Keywords,patch, review,
2001-10-30 14:03:32 PST,bzbarsky,CC,jst,
2001-10-30 20:26:50 PST,bzbarsky,CC,,bzbarsky
2001-10-30 20:26:50 PST,bzbarsky,Target Milestone,mozilla0.9.7,---
2001-10-30 20:26:50 PST,bzbarsky,Severity,normal,minor
2001-10-30 20:26:50 PST,bzbarsky,Assignee,bzbarsky,joki
2001-10-30 20:33:04 PST,bzbarsky,Status,ASSIGNED,NEW
2001-10-30 20:34:37 PST,bzbarsky,Attachment #55809                Attachment is obsolete,1,0
2001-11-01 09:13:15 PST,bzbarsky,Attachment #55934                Attachment is obsolete,1,0
2001-11-01 19:31:58 PST,bzbarsky,Attachment #56091                Attachment is obsolete,1,0
2001-11-03 15:45:47 PST,fabian,Attachment #56209                Flags,review+,
2001-11-04 20:09:23 PST,jst,Attachment #56209                Flags,superreview+,
2001-11-05 05:33:36 PST,bzbarsky,Status,RESOLVED,ASSIGNED
2001-11-05 05:33:36 PST,bzbarsky,Resolution,FIXED,---
2001-11-05 05:33:36 PST,bzbarsky,Last Resolved,2001-11-05 05:33:36,
2001-11-05 11:59:39 PST,ajvincent,Status,REOPENED,RESOLVED
2001-11-05 11:59:39 PST,ajvincent,Resolution,---,FIXED
2001-11-05 12:00:22 PST,bruppel1,CC,slate,
2001-11-05 12:38:25 PST,bzbarsky,Resolution,FIXED,---
2001-11-05 12:38:25 PST,bzbarsky,Last Resolved,2001-11-05 12:38:25,2001-11-05 05:33:36
2001-11-05 12:38:25 PST,bzbarsky,Status,RESOLVED,REOPENED
2001-11-06 11:35:32 PST,ajvincent,Status,VERIFIED,RESOLVED
2008-01-27 18:31:19 PST,justdave,Attachment #56091                Attachment description,Get rid of nsHTMLValue::ToString() completely.  Use GetAttr() for the strings mutation events need instead.,Get rid of nsHTMLValue::ToString() completely, since the places where it's used it's not appropriate (nsHTMLValue does not have all the information it needs to really convert itself to a string).  Use GetAttr() for the strings mutation events need instead
