When, Who, What, Added, Removed
2001-10-30 08:39:52 PST,bbaetz,URL,ftp://ftp.mozilla.org/pub/mozilla/nightly/latest/,http://ftp.mozilla.org/pub/mozilla/nightly/latest/
2001-10-30 08:39:52 PST,bbaetz,Status,NEW,UNCONFIRMED
2001-10-30 08:39:52 PST,bbaetz,Severity,enhancement,normal
2001-10-30 08:39:52 PST,bbaetz,Priority,P3,--
2001-10-30 08:39:52 PST,bbaetz,CC,ben,
2001-10-30 08:39:52 PST,bbaetz,Target Milestone,mozilla0.9.7,---
2001-10-30 08:39:52 PST,bbaetz,Ever confirmed,1,0
2001-10-30 10:11:01 PST,benson.guthrie,CC,treebeard,
2001-11-08 17:24:31 PST,spam,CC,mikelimax,
2001-11-22 18:11:16 PST,fleona,CC,fjleon,
2001-11-22 18:11:16 PST,fleona,Blocks,98288,
2001-11-22 18:22:17 PST,bbaetz,Priority,P2,P3
2001-11-22 18:22:17 PST,bbaetz,Target Milestone,mozilla0.9.9,mozilla0.9.7
2001-11-28 21:01:12 PST,spam,CC,moz,
2001-12-01 11:02:00 PST,kitame,CC,kitame,
2001-12-15 00:28:40 PST,karl,CC,huftis,
2001-12-20 10:10:56 PST,Tobias.Besemer,CC,Besi,
2002-01-04 16:00:01 PST,caillon,CC,jpierre,
2002-01-06 19:39:47 PST,ian,Blocks,18004,
2002-01-14 14:25:08 PST,bugzilla,CC,sairuh,
2002-01-23 12:20:54 PST,dougt,Attachment #64883                Flags,needs-work+,
2002-01-26 15:55:48 PST,nagi,CC,nagi,
2002-01-28 22:28:45 PST,bbaetz,Attachment #64883                Attachment is obsolete,1,0
2002-01-29 04:23:14 PST,bbaetz,Attachment #66857                Flags,needs-work+,
2002-01-31 14:23:32 PST,andre.bugs2,CC,andre.dahlqvist,
2002-02-06 15:42:49 PST,slogan,Target Milestone,---,mozilla0.9.9
2002-02-06 17:04:58 PST,bbaetz,Status,ASSIGNED,NEW
2002-02-06 17:04:58 PST,bbaetz,Priority,P1,P2
2002-02-06 17:04:58 PST,bbaetz,Target Milestone,mozilla0.9.9,---
2002-02-06 21:36:01 PST,bbaetz,Attachment #66857                Attachment is obsolete,1,0
2002-02-13 06:26:25 PST,dougt,Attachment #68267                Flags,review+,
2002-02-13 15:24:15 PST,darin.moz,Attachment #68267                Flags,superreview+,
2002-02-13 16:34:37 PST,bbaetz,Attachment #68267                Attachment is obsolete,1,0
2002-02-13 17:25:56 PST,bbaetz,Attachment #69355                Flags,review+,
2002-02-13 17:31:08 PST,darin.moz,Attachment #69355                Flags,superreview+,
2002-02-13 19:18:11 PST,bbaetz,Resolution,FIXED,---
2002-02-13 19:18:11 PST,bbaetz,Last Resolved,2002-02-13 19:18:11,
2002-02-13 19:18:11 PST,bbaetz,Status,RESOLVED,ASSIGNED
2002-02-14 12:44:03 PST,dvir,CC,dvir,
2002-04-19 05:01:10 PDT,adam,CC,adam,
2002-08-28 15:43:22 PDT,benc,Keywords,verifyme,
2003-09-18 02:04:16 PDT,benc,Blocks,,98288
2004-07-01 12:45:58 PDT,steffen.wilberg,Blocks,230870,
2004-07-01 13:20:20 PDT,robert,CC,rparenton,
2006-01-10 22:22:22 PST,hauser,CC,hauser,
2006-03-12 16:55:06 PST,robert,CC,,rparenton
2014-01-10 10:40:28 PST,twalker,Keywords,,verifyme
