When, Who, What, Added, Removed
2001-10-30 06:13:39 PST,jg,CC,hwaara,
2001-10-30 06:13:39 PST,jg,Keywords,patch, review,
2001-10-30 06:18:32 PST,hwaara,Attachment #55727                Flags,review+,
2001-10-30 06:23:08 PST,jg,CC,sspitzer, bienvenu,
2001-10-30 06:42:37 PST,mozilla,Attachment #55727                Flags,superreview+,
2001-10-30 06:58:22 PST,bzbarsky,CC,bzbarsky,
2001-10-30 07:01:59 PST,jg,Status,RESOLVED,NEW
2001-10-30 07:01:59 PST,jg,Resolution,FIXED,---
2001-10-30 07:01:59 PST,jg,Last Resolved,2001-10-30 07:01:59,
2001-10-30 19:35:31 PST,stdowa+bugzilla,CC,bugzilla,
2001-11-14 14:42:47 PST,nbaca,Status,VERIFIED,RESOLVED
2004-11-22 17:25:08 PST,myk,Product,Seamonkey,Browser
2005-11-22 15:19:01 PST,bzbarsky,CC,,bzbarsky
