When, Who, What, Added, Removed
2001-10-30 05:18:53 PST,jonitis,Whiteboard,Patch provided,
2001-10-30 05:18:53 PST,jonitis,Target Milestone,mozilla0.9.6,---
2001-10-30 07:16:58 PST,rubydoo123,Whiteboard,Patch provided [bae:20011030],Patch provided
2001-10-30 07:16:58 PST,rubydoo123,Status,NEW,UNCONFIRMED
2001-10-30 07:16:58 PST,rubydoo123,Priority,P3,--
2001-10-30 07:16:58 PST,rubydoo123,Ever confirmed,1,0
2001-10-30 09:30:11 PST,hwaara,Keywords,mlk,
2001-10-30 15:35:01 PST,stephend,Keywords,patch, review,
2001-10-30 15:35:01 PST,stephend,CC,stephend,
2001-10-31 08:19:30 PST,mozilla,CC,mkaply,
2001-11-01 10:21:50 PST,attinasi,Summary,[FIX]Memory leaks in nsRenderingContextImpl.cpp and nsRenderingContextWin.cpp,Memory leaks in nsRenderingContextImpl.cpp and nsRenderingContextWin.cpp
2001-11-05 12:38:49 PST,attinasi,Attachment #55921                Flags,superreview+,
2001-11-05 12:42:41 PST,attinasi,Status,ASSIGNED,NEW
2001-11-05 13:30:43 PST,mozilla,Attachment #55921                Flags,review+,
2001-11-05 23:17:31 PST,attinasi,Status,RESOLVED,ASSIGNED
2001-11-05 23:17:31 PST,attinasi,Resolution,FIXED,---
2001-11-05 23:17:31 PST,attinasi,Last Resolved,2001-11-05 23:17:31,
