When, Who, What, Added, Removed
2001-10-30 05:25:45 PST,rods,Keywords,regression, smoketest,
2001-10-30 05:25:45 PST,rods,Severity,blocker,normal
2001-10-30 05:25:45 PST,rods,Priority,P1,--
2001-10-30 13:27:31 PST,dbaron,URL,resource:///res/samples/test0.html,
2001-10-30 13:27:31 PST,dbaron,Summary,assertions on test0.html,viewer asserts badly and is unusable
2001-10-30 16:01:58 PST,attinasi,Attachment #55816                Flags,review+,
2001-10-30 18:58:24 PST,dbaron,Resolution,FIXED,---
2001-10-30 18:58:24 PST,dbaron,Last Resolved,2001-10-30 18:58:24,
2001-10-30 18:58:24 PST,dbaron,Status,RESOLVED,NEW
2002-11-06 15:03:22 PST,madhur,Status,VERIFIED,RESOLVED
