When, Who, What, Added, Removed
2001-10-30 09:35:22 PST,daniel,Status,ASSIGNED,NEW
2001-10-30 09:35:22 PST,daniel,Blocks,34849,
2001-10-30 10:47:52 PST,bzbarsky,CC,bzbarsky,
2001-10-31 02:43:36 PST,peterv,Attachment #55896                Flags,review+,
2001-10-31 04:05:27 PST,adam,OS,All,Windows 2000
2001-10-31 04:05:27 PST,adam,CC,adam,
2001-10-31 07:51:17 PST,kinmoz,Attachment #55896                Flags,superreview+,
2001-10-31 07:57:59 PST,daniel,Status,RESOLVED,ASSIGNED
2001-10-31 07:57:59 PST,daniel,Resolution,FIXED,---
2001-10-31 07:57:59 PST,daniel,Last Resolved,2001-10-31 07:57:59,
2001-10-31 09:33:44 PST,kinmoz,CC,kin,
2001-10-31 10:05:58 PST,kinmoz,Status,REOPENED,RESOLVED
2001-10-31 10:05:58 PST,kinmoz,Resolution,---,FIXED
2001-10-31 13:27:14 PST,bratell,CC,bratell,
2001-10-31 17:38:06 PST,pierre,CC,dbaron,
2001-11-01 06:55:05 PST,nbidwell,CC,nbidwell,
2001-11-05 03:12:27 PST,daniel,CC,peterv,
2001-12-20 01:18:57 PST,daniel,Target Milestone,mozilla1.0.1,---
2001-12-29 21:40:06 PST,basic,CC,_basic,
2002-02-09 13:22:33 PST,jonas,Summary,Fix mSheetMap table in nsCSSLoader so that it can handle dynamically added/removed stylesheets,Remove useless mSheetMap table from nsCSSLoader
2002-02-15 10:45:13 PST,bob,CC,bclary,
2002-04-05 10:13:20 PST,hjtoi-bugzilla,CC,heikki,
2002-04-05 10:44:45 PST,peterv,Blocks,,34849
2002-11-15 00:02:34 PST,bzbarsky,Status,NEW,REOPENED
2002-11-15 00:02:34 PST,bzbarsky,Priority,P1,--
2002-11-15 00:02:34 PST,bzbarsky,Assignee,bzbarsky,glazman
2002-11-15 00:02:34 PST,bzbarsky,CC,jst, glazman,
2002-11-15 00:02:34 PST,bzbarsky,Blocks,47734, 57225, 178407,
2002-11-15 00:02:34 PST,bzbarsky,Target Milestone,mozilla1.3alpha,mozilla1.0.1
2002-11-15 00:02:34 PST,bzbarsky,URL,http://web.mit.edu/bzbarsky/www/testcases/css-loading/,
2002-11-15 00:18:47 PST,bzbarsky,Attachment #55896                Attachment is obsolete,1,0
2002-11-16 23:51:22 PST,fantasai.bugs,CC,fantasai,
2002-11-24 11:15:49 PST,bzbarsky,Depends on,36511,
2002-11-24 13:10:51 PST,bzbarsky,Attachment #106332                Attachment is obsolete,1,0
2002-11-25 00:20:48 PST,bzbarsky,Attachment #107296                Attachment is obsolete,1,0
2002-11-25 00:22:39 PST,bzbarsky,Depends on,181808,
2002-11-25 02:12:30 PST,bzbarsky,Attachment #107343                Attachment is obsolete,1,0
2002-11-25 16:52:16 PST,bzbarsky,Attachment #107349                Attachment is obsolete,1,0
2002-11-25 16:54:14 PST,bzbarsky,Attachment #107408                Flags,review?(bugmail), superreview?(peterv),
2002-11-25 17:08:21 PST,bzbarsky,Attachment #107408                Flags,,review?(bugmail), superreview?(peterv)
2002-11-25 17:10:39 PST,bzbarsky,Attachment #107408                Attachment is obsolete,1,0
2002-11-25 17:10:40 PST,bzbarsky,Attachment #107409                Attachment is obsolete,1,0
2002-11-25 17:12:37 PST,bzbarsky,Attachment #107410                Flags,superreview?(peterv), review?(bugmail),
2002-11-25 17:50:00 PST,bzbarsky,Summary,[FIX]Fix mSheetMap table in nsCSSLoader so that it can handle dynamically added/removed stylesheets,Fix mSheetMap table in nsCSSLoader so that it can handle dynamically added/removed stylesheets
2002-11-25 21:46:30 PST,bzbarsky,CC,jrgm,
2002-11-26 10:43:59 PST,bzbarsky,Depends on,85631,
2002-11-26 13:48:47 PST,bzbarsky,Flags,wanted1.3a?,
2002-11-27 09:31:35 PST,bzbarsky,Blocks,182248,
2002-11-27 09:59:11 PST,bzbarsky,CC,caillon,
2002-11-30 11:28:38 PST,asa,Flags,blocking1.3a-,blocking1.3a?
2002-12-01 18:53:51 PST,peterv,Attachment #107410                Flags,superreview+,superreview?(peterv)
2002-12-01 20:40:04 PST,jonas,Attachment #107410                Flags,superreview?(peterv),superreview+
2002-12-01 20:41:23 PST,jonas,Attachment #107410                Flags,superreview+,superreview?(peterv)
2002-12-02 16:12:47 PST,bzbarsky,Attachment #107410                Attachment is obsolete,1,0
2002-12-02 16:12:47 PST,bzbarsky,Attachment #107462                Attachment is obsolete,1,0
2002-12-02 16:38:00 PST,peterv,Attachment #107961                Flags,superreview+,
2002-12-02 20:50:42 PST,bzbarsky,Blocks,183131,
2002-12-02 20:51:58 PST,bzbarsky,Depends on,183038,
2002-12-02 21:08:56 PST,jonas,Depends on,,183038
2002-12-02 21:08:56 PST,jonas,Blocks,,183131
2002-12-02 21:10:26 PST,jonas,Depends on,183038,
2002-12-02 21:10:26 PST,jonas,Blocks,183131,
2002-12-02 21:18:28 PST,bzbarsky,Attachment #107961                Attachment is obsolete,1,0
2002-12-02 21:36:27 PST,jonas,Attachment #107986                Flags,review+, superreview+,
2002-12-02 21:36:32 PST,bzbarsky,Attachment #107986                Attachment is obsolete,1,0
2002-12-02 21:38:21 PST,jonas,Attachment #107988                Flags,review+, superreview+,
2002-12-03 06:38:17 PST,david,CC,dkoppenh,
2002-12-03 06:51:49 PST,Sebastian,CC,Sebastian,
2002-12-03 07:19:24 PST,bzbarsky,Last Resolved,2002-12-03 07:19:24,2001-10-31 07:57:59
2002-12-03 07:19:24 PST,bzbarsky,Status,RESOLVED,NEW
2002-12-03 07:19:24 PST,bzbarsky,Resolution,FIXED,---
2002-12-03 11:22:20 PST,bzbarsky,CC,alecf,
2002-12-03 14:12:03 PST,bzbarsky,Blocks,183299,
2002-12-05 23:42:29 PST,asa,Attachment #107410                Flags,,review?(bugmail)
2003-02-24 12:48:07 PST,madhur,Whiteboard,[whitebox],
2014-04-26 03:10:29 PDT,basic,CC,,basic
