When, Who, What, Added, Removed
2001-10-30 09:34:42 PST,morse,Status,ASSIGNED,UNCONFIRMED
2001-10-30 09:34:42 PST,morse,Target Milestone,mozilla1.1,---
2001-10-30 09:34:42 PST,morse,Ever confirmed,1,0
2002-03-28 15:21:31 PST,cbiesinger,Depends on,134066,
2002-06-29 11:30:21 PDT,morse,Target Milestone,mozilla1.2beta,mozilla1.1alpha
2002-06-29 11:30:21 PDT,morse,Priority,P4,--
2002-08-14 14:13:03 PDT,morse,Target Milestone,mozilla1.3beta,mozilla1.2beta
2002-10-07 18:43:28 PDT,bugzilla,CC,bugzilla,
2002-11-07 14:04:56 PST,tever,CC,bclarke,
2002-11-10 04:11:22 PST,andre.bugs2,CC,bescoto,
2003-01-21 14:32:22 PST,skasinathan,Status,NEW,ASSIGNED
2003-01-21 14:32:22 PST,skasinathan,Assignee,suresh,morse
2003-01-21 14:33:35 PST,skasinathan,Status,RESOLVED,NEW
2003-01-21 14:33:35 PST,skasinathan,Resolution,FIXED,---
2003-01-21 14:33:35 PST,skasinathan,Last Resolved,2003-01-21 14:33:35,
