When, Who, What, Added, Removed
2001-10-30 10:07:28 PST,alecf,Blocks,66759,
2001-10-30 17:50:43 PST,alecf,Status,ASSIGNED,NEW
2001-10-30 17:50:43 PST,alecf,Priority,P2,--
2001-10-30 17:50:43 PST,alecf,Target Milestone,mozilla0.9.6,---
2001-10-30 17:51:07 PST,alecf,Depends on,104158,
2001-10-31 13:50:29 PST,alecf,Target Milestone,mozilla0.9.7,mozilla0.9.6
2001-11-05 15:52:42 PST,stephend,CC,stephend,
2001-12-06 13:59:50 PST,alecf,Target Milestone,mozilla0.9.8,mozilla0.9.7
2001-12-14 14:37:55 PST,alecf,Depends on,114450,104158
2002-01-16 20:58:11 PST,alecf,Target Milestone,mozilla0.9.9,mozilla0.9.8
2002-01-22 14:37:39 PST,caustin,CC,aegis,
2002-01-23 15:54:38 PST,alecf,Priority,P1,P2
2002-01-26 04:52:24 PST,bratell,Blocks,92709,
2002-01-28 10:28:13 PST,alecf,Attachment #66761                Attachment is obsolete,1,0
2002-01-28 10:31:17 PST,alecf,Attachment #66768                Attachment is obsolete,1,0
2002-01-28 16:50:16 PST,alecf,Attachment #66769                Attachment is obsolete,1,0
2002-01-29 11:12:57 PST,alecf,CC,dougt,
2002-01-29 12:32:37 PST,dougt,Attachment #66829                Flags,review+,
2002-01-29 20:10:47 PST,jag-mozilla,Attachment #66829                Flags,superreview+,
2002-01-31 16:46:19 PST,alecf,Attachment #67340                Attachment is obsolete,1,0
2002-01-31 17:26:35 PST,jag-mozilla,Attachment #67344                Flags,superreview+,
2002-01-31 17:29:28 PST,jag-mozilla,Blocks,122772,
2002-01-31 17:50:16 PST,shaver,Attachment #67344                Flags,review+,
2002-02-15 10:06:18 PST,alecf,Attachment #69482                Attachment is obsolete,1,0
2002-02-15 10:45:25 PST,jag-mozilla,Attachment #69677                Flags,superreview+,
2002-02-19 08:03:56 PST,timeless,Attachment #69677                Flags,review+,
2002-02-22 00:51:18 PST,alecf,Target Milestone,mozilla1.0,mozilla0.9.9
2002-02-25 15:16:42 PST,jud,Keywords,topembed,
2002-02-28 13:47:46 PST,asa,Keywords,mozilla1.0+,
2002-03-12 17:14:33 PST,jag-mozilla,Attachment #73772                Flags,needs-work+,
2002-03-13 06:03:32 PST,alecf,Attachment #73772                Attachment is obsolete,1,0
2002-03-14 17:55:15 PST,jag-mozilla,Attachment #73865                Flags,superreview+,
2002-03-16 10:10:21 PST,alecf,Attachment #73865                Attachment is obsolete,1,0
2002-03-16 10:10:21 PST,alecf,Attachment #74213                Attachment is obsolete,1,0
2002-03-16 10:10:21 PST,alecf,Attachment #74531                Attachment is obsolete,1,0
2002-03-16 10:12:26 PST,alecf,Attachment #74533                Attachment is obsolete,1,0
2002-03-18 21:02:34 PST,jag-mozilla,Attachment #74534                Flags,review+, superreview+,
2002-03-18 22:41:41 PST,scc,Attachment #74534                Flags,approval+,
2002-03-19 11:04:15 PST,stephend,CC,,stephend
2002-03-19 15:07:00 PST,alecf,Attachment #74994                Attachment is obsolete,1,0
2002-03-19 15:12:00 PST,alecf,Attachment #75059                Attachment is obsolete,1,0
2002-03-19 15:12:49 PST,alecf,CC,dbaron,
2002-03-19 17:27:14 PST,alecf,Attachment #75063                Attachment is obsolete,1,0
2002-03-20 09:01:56 PST,alecf,Attachment #75099                Attachment is obsolete,1,0
2002-03-20 15:29:36 PST,alecf,Attachment #75187                Attachment is obsolete,1,0
2002-03-20 15:41:32 PST,jag-mozilla,Attachment #75282                Flags,superreview+,
2002-03-21 12:17:20 PST,dbaron,Attachment #75282                Flags,review+,
2002-03-21 14:40:47 PST,asa,Attachment #75282                Flags,approval+,
2002-03-21 18:34:30 PST,alecf,Status,RESOLVED,ASSIGNED
2002-03-21 18:34:30 PST,alecf,Resolution,FIXED,---
2002-03-21 18:34:30 PST,alecf,Last Resolved,2002-03-21 18:34:30,
