When, Who, What, Added, Removed
2001-10-30 04:46:56 PST,jonitis,Whiteboard,Patch provided,
2001-10-30 04:46:56 PST,jonitis,Target Milestone,mozilla0.9.6,---
2001-10-30 16:32:46 PST,choess,Keywords,patch, review,
2001-10-30 16:32:46 PST,choess,Status,NEW,UNCONFIRMED
2001-10-30 16:32:46 PST,choess,Ever confirmed,1,0
2001-10-31 08:15:32 PST,mozilla,Attachment #55920                Flags,review+,
2001-10-31 12:38:27 PST,kmcclusk,Target Milestone,mozilla0.9.7,mozilla0.9.6
2001-11-01 10:26:58 PST,attinasi,Status,ASSIGNED,NEW
2001-11-01 10:26:58 PST,attinasi,Target Milestone,mozilla0.9.6,mozilla0.9.7
2001-11-05 09:50:35 PST,attinasi,Summary,[FIX] Error in transformation in nsTransform2D.cpp,Error in transformation in nsTransform2D.cpp
2001-11-05 17:32:46 PST,attinasi,Status,RESOLVED,ASSIGNED
2001-11-05 17:32:46 PST,attinasi,Resolution,FIXED,---
2001-11-05 17:32:46 PST,attinasi,Last Resolved,2001-11-05 17:32:46,
