When, Who, What, Added, Removed
2001-10-30 11:13:39 PST,depman1,CC,alecf,
2001-10-30 11:13:39 PST,depman1,Depends on,107391,
2001-10-30 11:52:28 PST,samir_bugzilla,Component,Preferences: Backend,Preferences
2001-10-30 11:52:28 PST,samir_bugzilla,Assignee,bnesse,sgehani
2001-10-30 12:27:30 PST,bnesse,Status,ASSIGNED,NEW
2001-10-30 12:33:45 PST,dougt,Attachment #55786                Flags,review+,
2001-10-30 13:25:46 PST,alecf,Attachment #55786                Flags,superreview+,
2001-10-30 15:04:18 PST,bnesse,Status,RESOLVED,ASSIGNED
2001-10-30 15:04:18 PST,bnesse,Resolution,FIXED,---
2001-10-30 15:04:18 PST,bnesse,Last Resolved,2001-10-30 15:04:18,
2001-11-05 18:44:11 PST,depman1,Status,VERIFIED,RESOLVED
