When, Who, What, Added, Removed
2001-10-30 06:40:05 PST,bugzilla3,CC,dipa,
2001-10-30 07:08:57 PST,bzbarsky,CC,bzbarsky,
2001-10-30 07:26:20 PST,bzbarsky,Whiteboard,dup?,
2001-10-30 07:26:20 PST,bzbarsky,Status,NEW,UNCONFIRMED
2001-10-30 07:26:20 PST,bzbarsky,Component,Parser,Browser-General
2001-10-30 07:26:20 PST,bzbarsky,Assignee,harishd,asa
2001-10-30 07:26:20 PST,bzbarsky,QA Contact,moied,doronr
2001-10-30 07:26:20 PST,bzbarsky,Ever confirmed,1,0
2001-11-07 04:26:59 PST,frank.zimper,CC,frank.zimper,
2001-11-08 13:51:44 PST,harishd,Status,ASSIGNED,NEW
2001-11-08 13:51:44 PST,harishd,Target Milestone,Future,---
2001-12-03 22:17:28 PST,choess,Keywords,compat,
2002-08-05 18:23:02 PDT,john,Resolution,INVALID,---
2002-08-05 18:23:02 PDT,john,Last Resolved,2002-08-05 18:23:02,
2002-08-05 18:23:02 PDT,john,Status,RESOLVED,ASSIGNED
2002-08-06 09:45:55 PDT,hjtoi-bugzilla,Status,REOPENED,RESOLVED
2002-08-06 09:45:55 PDT,hjtoi-bugzilla,Resolution,---,INVALID
2003-04-03 11:45:41 PST,mkanat,Summary,Accept raw > in textarea,Error in textarea
2003-07-08 13:47:15 PDT,harishd,Status,RESOLVED,REOPENED
2003-07-08 13:47:15 PDT,harishd,Resolution,FIXED,---
2003-07-08 13:47:15 PDT,harishd,Last Resolved,2003-07-08 13:47:15,2002-08-05 18:23:02
