When, Who, What, Added, Removed
2001-11-01 12:50:08 PST,janbenes,Summary,Mail freezes with Norton Internet Security,Mail freezes with Norton Internet Security Ad Trashcan enabled
2002-04-23 01:44:40 PDT,janbenes,Status,RESOLVED,UNCONFIRMED
2002-04-23 01:44:40 PDT,janbenes,Resolution,FIXED,---
2002-04-23 01:44:40 PDT,janbenes,Last Resolved,2002-04-23 01:44:40,
2002-06-14 15:15:09 PDT,stephend,Status,VERIFIED,RESOLVED
2004-11-22 17:26:45 PST,myk,Product,Core,MailNews
2008-07-31 04:30:00 PDT,nobody,Product,MailNews Core,Core
