When, Who, What, Added, Removed
2001-10-30 07:46:21 PST,greer,Keywords,crash, topcrash,
2001-10-30 09:40:18 PST,morse,Assignee,waterson,morse
2001-11-14 11:47:31 PST,greer,Keywords,qawanted,
2001-11-20 19:02:58 PST,jaymoz,Summary,M095 N620 Trunk crash [@ PlaceFrameView]  [@ .__ptr_glue - nsBlockFrame::PostPlaceLine],M095 N620 Trunk crash [@ PlaceFrameView]
2001-12-24 08:25:50 PST,greer,URL,http://football258.fantasy.sportsline.com    http://members4.fantasy.sportsline.com/home?    www.wheresgeorge.com,http://football258.fantasy.sportsline.com    http://members4.fantasy.sportsline.com/home?
2001-12-24 08:25:50 PST,greer,Summary,M097 N621 Trunk crash [@ PlaceFrameView]  [@ .__ptr_glue - nsBlockFrame::PostPlaceLine],M095 N620 Trunk crash [@ PlaceFrameView]  [@ .__ptr_glue - nsBlockFrame::PostPlaceLine]
2001-12-26 10:33:36 PST,waterson,Status,ASSIGNED,NEW
2001-12-26 10:33:36 PST,waterson,Priority,P1,--
2001-12-26 10:33:36 PST,waterson,Target Milestone,mozilla0.9.8,---
2002-01-14 12:34:58 PST,waterson,Target Milestone,mozilla0.9.9,mozilla0.9.8
2002-01-29 10:59:08 PST,waterson,Status,RESOLVED,ASSIGNED
2002-01-29 10:59:08 PST,waterson,Resolution,WORKSFORME,---
2002-01-29 10:59:08 PST,waterson,Last Resolved,2002-01-29 10:59:08,
2002-01-29 16:43:18 PST,tpreston,Status,VERIFIED,RESOLVED
2002-02-11 08:47:57 PST,greer,Summary,M098 N621 Trunk crash [@ PlaceFrameView]  [@ .__ptr_glue - nsBlockFrame::PostPlaceLine],M097 N621 Trunk crash [@ PlaceFrameView]  [@ .__ptr_glue - nsBlockFrame::PostPlaceLine]
2002-02-11 08:47:57 PST,greer,Status,REOPENED,VERIFIED
2002-02-11 08:47:57 PST,greer,Resolution,---,WORKSFORME
2002-02-23 20:17:38 PST,namachi,Keywords,nsbeta1,
2002-02-27 14:01:34 PST,kmcclusk,Keywords,nsbeta1+,nsbeta1
2002-02-27 14:01:34 PST,kmcclusk,Status,NEW,REOPENED
2002-02-27 14:01:34 PST,kmcclusk,Assignee,alexsavulov,waterson
2002-02-27 14:01:34 PST,kmcclusk,Target Milestone,mozilla1.0,mozilla0.9.9
2002-03-05 10:50:56 PST,kmcclusk,CC,harishd,
2002-03-06 17:33:10 PST,jaymoz,URL,www.wheresgeorge.com http://football258.fantasy.sportsline.com    http://members4.fantasy.sportsline.com/home?,http://football258.fantasy.sportsline.com    http://members4.fantasy.sportsline.com/home?    www.wheresgeorge.com
2002-03-07 07:37:09 PST,kmcclusk,Component,Layout,Password Manager
2002-03-14 16:11:33 PST,alexsavulov,Keywords,nsbeta1,nsbeta1+
2002-03-15 09:46:20 PST,karnaze,Keywords,nsbeta1-,nsbeta1
2002-04-05 18:26:08 PST,lchiang,Keywords,,qawanted
2002-04-05 18:26:08 PST,lchiang,CC,lchiang,
2002-04-09 09:52:47 PDT,greer,Whiteboard,[patch],
2002-04-09 17:18:25 PDT,alexsavulov,Keywords,nsbeta1,nsbeta1-
2002-04-09 17:34:39 PDT,attinasi,Attachment #78460                Flags,superreview+,
2002-04-09 17:38:57 PDT,alexsavulov,Attachment #78460                Attachment is obsolete,1,0
2002-04-09 17:39:35 PDT,alexsavulov,Attachment #78464                Flags,superreview+,
2002-04-09 17:50:41 PDT,kmcclusk,Keywords,nsbeta1+,nsbeta1
2002-04-09 17:54:24 PDT,kmcclusk,Attachment #78464                Flags,review+,
2002-04-09 17:56:24 PDT,greer,Keywords,topcrash+,topcrash
2002-04-09 17:56:24 PDT,greer,Whiteboard,[patch][adt1],[patch]
2002-04-09 18:18:32 PDT,dbaron,CC,dbaron,
2002-04-09 18:21:34 PDT,dbaron,Attachment #78464                Flags,needs-work+,
2002-04-09 18:41:32 PDT,alexsavulov,Attachment #78464                Attachment is obsolete,1,0
2002-04-09 18:42:38 PDT,alexsavulov,Attachment #78480                Flags,review+, superreview+,
2002-04-09 23:49:26 PDT,scottputterman,Keywords,adt1.0.0,
2002-04-10 01:31:43 PDT,slogan,Keywords,adt1.0.0+,adt1.0.0
2002-04-10 08:57:12 PDT,rjesup,Attachment #78480                Flags,approval+,
2002-04-10 09:08:44 PDT,namachi,Blocks,136392,
2002-04-10 17:24:14 PDT,alexsavulov,Status,RESOLVED,NEW
2002-04-10 17:24:14 PDT,alexsavulov,Resolution,FIXED,---
2002-04-10 17:24:14 PDT,alexsavulov,Last Resolved,2002-04-10 17:24:14,2002-01-29 10:59:08
2002-04-10 19:07:35 PDT,dbaron,Status,REOPENED,RESOLVED
2002-04-10 19:07:35 PDT,dbaron,Resolution,---,FIXED
2002-04-10 19:33:01 PDT,waterson,CC,waterson,
2002-04-11 11:42:47 PDT,alexsavulov,Status,RESOLVED,REOPENED
2002-04-11 11:42:47 PDT,alexsavulov,Resolution,FIXED,---
2002-04-11 11:42:47 PDT,alexsavulov,Last Resolved,2002-04-11 11:42:47,2002-04-10 17:24:14
2002-04-11 15:29:52 PDT,tpreston,Status,VERIFIED,RESOLVED
2002-04-15 13:08:35 PDT,kmcclusk,Keywords,fixed1.0.0,
2011-06-13 10:01:40 PDT,nobody,Crash Signature,[@ PlaceFrameView][@ .__ptr_glue - nsBlockFrame::PostPlaceLine],
