When, Who, What, Added, Removed
2001-10-30 10:34:52 PST,greer,Keywords,crash, topcrash,
2001-11-09 12:46:14 PST,joki,Target Milestone,mozilla0.9.7,---
2001-11-20 15:10:15 PST,greer,Summary,M096(branch) Trunk Crash with pop-ups [@ PresShell::HandleEventInternal],M095 Trunk Crash with pop-ups [@ PresShell::HandleEventInternal]
2002-01-03 15:05:12 PST,joki,Target Milestone,mozilla0.9.8,mozilla0.9.7
2002-01-17 13:53:46 PST,jaymoz,Keywords,qawanted,
2002-01-17 13:53:46 PST,jaymoz,Summary,M097, Trunk crash [@ PresShell::HandleEventInternal],M096(branch) Trunk Crash with pop-ups [@ PresShell::HandleEventInternal]
2002-01-31 13:05:56 PST,joki,Target Milestone,mozilla0.9.9,mozilla0.9.8
2002-02-18 08:06:16 PST,greer,Status,RESOLVED,NEW
2002-02-18 08:06:16 PST,greer,Resolution,FIXED,---
2002-02-18 08:06:16 PST,greer,Last Resolved,2002-02-18 08:06:16,
2002-04-17 18:35:47 PDT,rakeshmishra,QA Contact,rakeshmishra,madhur
2002-11-21 13:05:10 PST,trix,QA Contact,trix,rakeshmishra
2011-06-09 14:58:34 PDT,nobody,Crash Signature,[@ PresShell::HandleEventInternal],
2014-10-11 16:53:38 PDT,pbylenga,Keywords,,qawanted
2014-10-11 16:53:38 PDT,pbylenga,CC,pbylenga,
