When, Who, What, Added, Removed
2001-10-31 16:14:00 PST,bbaetz,Attachment #55844                Flags,review+,
2001-11-02 11:59:00 PST,jake,Assignee,timeless,myk
2001-11-02 11:59:00 PST,jake,CC,myk,
2001-11-02 13:15:35 PST,justdave,CC,justdave,
2001-11-02 13:27:54 PST,justdave,Attachment #55844                Flags,review-,
2001-11-04 19:47:25 PST,timeless,Status,ASSIGNED,NEW
2001-11-04 20:11:20 PST,jake,Attachment #55844                Flags,review+,review-
2001-11-04 20:11:37 PST,timeless,Depends on,92763,
2001-11-04 20:50:12 PST,timeless,Last Resolved,2001-11-04 20:50:12,
2001-11-04 20:50:12 PST,timeless,Status,RESOLVED,ASSIGNED
2001-11-04 20:50:12 PST,timeless,Resolution,FIXED,---
2002-03-31 18:17:54 PST,justdave,Target Milestone,Bugzilla 2.16,---
2002-04-05 21:01:54 PST,justdave,CC,johannes.pellenz,
2012-12-18 20:46:27 PST,nobody,QA Contact,default-qa,matty_is_a_geek
