When, Who, What, Added, Removed
2001-10-30 19:39:12 PST,rdayal,Summary,Change MAPI SendMail, SendMail to comply with Message Compose changes,Change MAPI SendMail, To comply with Message Compose design changes modify SendMail and SendDoc design
2001-10-31 11:26:21 PST,rdayal,Blocks,104672,
2001-10-31 11:54:55 PST,tiantian,Target Milestone,mozilla0.9.6,---
2001-11-05 16:09:32 PST,tiantian,Target Milestone,mozilla0.9.7,mozilla0.9.6
2001-11-06 13:13:42 PST,rdayal,Summary,Change MAPI SendMail to comply with Message Compose changes,Change MAPI SendMail, SendMail to comply with Message Compose changes
2001-11-07 15:48:02 PST,tiantian,Assignee,kkhandrika,rdayal
2001-11-07 15:48:02 PST,tiantian,CC,ducarroz,
2001-11-07 18:14:57 PST,bugzilla,Attachment #56761                Flags,review+,
2001-11-08 11:33:44 PST,tiantian,Priority,P1,--
2001-11-14 23:45:48 PST,scottputterman,Assignee,rdayal,kkhandrika
2001-12-10 11:43:26 PST,rdayal,Target Milestone,mozilla0.9.8,mozilla0.9.7
2001-12-11 15:16:20 PST,mscott,Attachment #56761                Flags,superreview+,
2002-01-04 19:06:06 PST,rdayal,Status,RESOLVED,NEW
2002-01-04 19:06:06 PST,rdayal,Resolution,FIXED,---
2002-01-04 19:06:06 PST,rdayal,Last Resolved,2002-01-04 19:06:06,
2002-02-27 23:00:27 PST,trix,Status,VERIFIED,RESOLVED
2004-11-22 17:26:45 PST,myk,Product,Core,MailNews
2008-07-31 04:30:00 PDT,nobody,Product,MailNews Core,Core
