When, Who, What, Added, Removed
2001-10-30 12:45:31 PST,rjesup,Keywords,patch,
2001-10-30 12:45:31 PST,rjesup,Severity,critical,normal
2001-10-30 12:45:31 PST,rjesup,Target Milestone,mozilla0.9.6,---
2001-10-30 13:05:42 PST,waterson,Attachment #55790                Flags,superreview+,
2001-10-30 13:25:05 PST,rjesup,Status,ASSIGNED,NEW
2001-10-30 14:35:39 PST,rjesup,Blocks,96108,
2001-10-30 17:15:55 PST,bugzilla,QA Contact,nobody,sairuh
2001-11-02 19:09:13 PST,rjesup,Status,RESOLVED,ASSIGNED
2001-11-02 19:09:13 PST,rjesup,Resolution,FIXED,---
2001-11-02 19:09:13 PST,rjesup,Last Resolved,2001-11-02 19:09:13,
2002-12-14 09:36:06 PST,ezh,CC,ezh,
2004-11-23 18:54:58 PST,myk,Product,Mozilla Application Suite,Core
2008-07-31 04:13:31 PDT,timeless,Component,UI Design,XP Apps: GUI Features
