When, Who, What, Added, Removed
2001-10-30 12:34:18 PST,ftang,Keywords,intl, meta,
2001-10-30 12:34:18 PST,ftang,Status,ASSIGNED,NEW
2001-10-30 12:34:18 PST,ftang,Component,Tracking,Internationalization
2001-10-30 12:34:18 PST,ftang,Target Milestone,mozilla1.1,---
2001-10-30 12:34:34 PST,ftang,Status,NEW,ASSIGNED
2001-10-30 12:34:34 PST,ftang,Assignee,ftang,yokoyama
2001-10-30 17:19:55 PST,nhottanscp,Blocks,106360,
2001-11-05 16:42:51 PST,nhottanscp,Blocks,40469,
2001-11-06 17:31:01 PST,ftang,Status,ASSIGNED,NEW
2001-11-06 17:31:01 PST,ftang,Blocks,,40469, 106360
2001-11-06 17:31:44 PST,ftang,Depends on,40469, 106360,
2001-11-06 18:40:49 PST,ftang,Depends on,,40469, 106360
2001-11-09 11:28:29 PST,shanjian,Blocks,62929,
2001-11-14 09:51:06 PST,shanjian,Blocks,109913,
2002-02-14 11:51:40 PST,ftang,Target Milestone,M1,mozilla1.1
2004-02-01 01:31:15 PST,danielwang,Status,RESOLVED,ASSIGNED
2004-02-01 01:31:15 PST,danielwang,Resolution,FIXED,---
2004-02-01 01:31:15 PST,danielwang,Last Resolved,2004-02-01 01:31:15,
