When, Who, What, Added, Removed
2001-10-30 16:12:10 PST,choess,Assignee,karnaze,asa
2001-10-30 16:12:10 PST,choess,QA Contact,amar,doronr
2001-10-30 16:12:10 PST,choess,Component,HTMLTables,Browser-General
2001-10-30 23:20:57 PST,choess,Status,NEW,UNCONFIRMED
2001-10-30 23:20:57 PST,choess,Ever confirmed,1,0
2002-01-07 09:37:28 PST,karnaze,Status,ASSIGNED,NEW
2002-01-07 09:37:28 PST,karnaze,Target Milestone,Future,---
2002-01-14 13:15:43 PST,anthonyd,Whiteboard,[awd:tbl][p3],
2002-02-07 12:50:23 PST,momoi,CC,ftang, momoi,
2002-02-11 07:19:15 PST,karnaze,Target Milestone,mozilla1.0,Future
2002-02-19 16:20:50 PST,kmcclusk,Product,Tech Evangelism,Browser
2002-02-19 16:20:50 PST,kmcclusk,Version,unspecified,other
2002-02-19 16:20:50 PST,kmcclusk,Status,NEW,ASSIGNED
2002-02-19 16:20:50 PST,kmcclusk,Component,African,HTMLTables
2002-02-19 16:20:50 PST,kmcclusk,Assignee,nitot,karnaze
2002-02-19 16:20:50 PST,kmcclusk,QA Contact,momoi,amar
2002-02-19 16:20:50 PST,kmcclusk,Target Milestone,---,mozilla1.0
2002-03-05 07:32:27 PST,tristan,Component,Asian,African
2002-03-05 08:53:29 PST,tristan,Assignee,momoi,nitot
2002-04-19 15:39:31 PDT,momoi,Component,China,Asian
2002-05-03 16:07:20 PDT,bugzilla_kl,CC,kl,
2002-05-06 14:21:54 PDT,jiang_wq,Status,RESOLVED,NEW
2002-05-06 14:21:54 PDT,jiang_wq,Resolution,FIXED,---
2002-05-06 14:21:54 PDT,jiang_wq,Last Resolved,2002-05-06 14:21:54,
2015-04-19 23:37:56 PDT,nobody,Product,Tech Evangelism Graveyard,Tech Evangelism
