When, Who, What, Added, Removed
2001-10-30 17:32:23 PST,bzbarsky,Status,RESOLVED,UNCONFIRMED
2001-10-30 17:32:23 PST,bzbarsky,Resolution,DUPLICATE,---
2001-10-30 17:32:23 PST,bzbarsky,Last Resolved,2001-10-30 17:32:23,
2001-10-30 19:32:02 PST,bzbarsky,Status,UNCONFIRMED,RESOLVED
2001-10-30 19:32:02 PST,bzbarsky,Resolution,---,DUPLICATE
2001-10-30 19:32:24 PST,bzbarsky,Status,NEW,UNCONFIRMED
2001-10-30 19:32:24 PST,bzbarsky,Assignee,ben,asa
2001-10-30 19:32:24 PST,bzbarsky,Ever confirmed,1,0
2001-10-31 14:24:05 PST,awagner,Status,RESOLVED,NEW
2001-10-31 14:24:05 PST,awagner,Resolution,FIXED,---
2001-10-31 14:24:05 PST,awagner,Last Resolved,2001-10-31 14:24:05,2001-10-30 17:32:23
2004-11-22 17:25:08 PST,myk,Product,Seamonkey,Browser
