When, Who, What, Added, Removed
2001-10-30 16:17:50 PST,amyy,CC,bstell, teruko, ruixu,
2001-10-30 16:17:50 PST,amyy,Keywords,intl,
2001-10-30 16:17:50 PST,amyy,QA Contact,ylong,teruko
2001-10-30 16:40:58 PST,tetsuroy,Status,RESOLVED,NEW
2001-10-30 16:40:58 PST,tetsuroy,Resolution,DUPLICATE,---
2001-10-30 16:40:58 PST,tetsuroy,Depends on,104305,
2001-10-30 16:40:58 PST,tetsuroy,Last Resolved,2001-10-30 16:40:58,
2001-11-16 15:11:29 PST,amyy,Status,REOPENED,RESOLVED
2001-11-16 15:11:29 PST,amyy,Resolution,---,DUPLICATE
2001-11-19 10:30:06 PST,tetsuroy,Status,NEW,REOPENED
2001-11-19 10:30:06 PST,tetsuroy,Assignee,shanjian,yokoyama
2001-11-21 18:11:25 PST,tetsuroy,Depends on,,104305
2001-11-29 11:29:57 PST,shanjian,Summary,disable debug message in optimized build,The Japanese profile name is display as "..." in terminal window
2001-11-29 11:29:57 PST,shanjian,Status,ASSIGNED,NEW
2001-11-29 11:29:57 PST,shanjian,CC,danm,
2001-11-29 13:07:36 PST,shanjian,Attachment #59722                Flags,review+,
2001-11-29 13:10:33 PST,shanjian,CC,waterson,
2001-11-29 15:35:09 PST,waterson,Attachment #59722                Flags,superreview+,
2001-11-29 16:41:42 PST,shanjian,Resolution,FIXED,---
2001-11-29 16:41:42 PST,shanjian,Last Resolved,2001-11-29 16:41:42,2001-10-30 16:40:58
2001-11-29 16:41:42 PST,shanjian,Status,RESOLVED,ASSIGNED
2001-11-30 10:46:43 PST,amyy,Status,VERIFIED,RESOLVED
