When, Who, What, Added, Removed
2001-10-31 09:14:13 PST,alexsavulov,Summary,isindex to .shtml gets sent to *.html instead[from sub],isindex to .shtml gets sent to *.html instead
2001-10-31 11:04:59 PST,vladimire,Status,RESOLVED,UNCONFIRMED
2001-10-31 11:04:59 PST,vladimire,Resolution,INVALID,---
2001-10-31 11:04:59 PST,vladimire,Last Resolved,2001-10-31 11:04:59,
2001-10-31 11:06:28 PST,vladimire,Status,UNCONFIRMED,RESOLVED
2001-10-31 11:06:28 PST,vladimire,Resolution,---,INVALID
2001-10-31 11:07:14 PST,vladimire,Component,English: US,Form Submission
2001-10-31 11:07:14 PST,vladimire,Ever confirmed,1,0
2001-10-31 11:07:14 PST,vladimire,Product,Tech Evangelism,Browser
2001-10-31 11:07:14 PST,vladimire,Version,unspecified,other
2001-10-31 11:07:14 PST,vladimire,Status,NEW,UNCONFIRMED
2001-10-31 15:09:47 PST,alexsavulov,Assignee,bclary,alexsavulov
2001-10-31 15:09:47 PST,alexsavulov,QA Contact,zach,vladimire
2001-11-05 18:20:06 PST,james,CC,james,
2001-12-28 17:47:41 PST,zach,Whiteboard,aok,
2001-12-28 17:47:41 PST,zach,Summary,duats.com - isindex to .shtml gets sent to *.html instead[from sub],isindex to .shtml gets sent to *.html instead[from sub]
2002-01-25 18:30:02 PST,zach,Assignee,doronr,bclary
2002-12-09 11:14:48 PST,bob,URL,http://www.duats.com/actypesearch.html,
2003-06-12 06:34:41 PDT,bob,Assignee,english-us,doron
2003-06-12 06:34:41 PDT,bob,QA Contact,english-us,zach
2006-02-07 22:19:53 PST,ian,Depends on,326369,
2006-02-08 14:49:38 PST,jonas,Status,RESOLVED,NEW
2006-02-08 14:49:38 PST,jonas,Resolution,FIXED,---
2006-02-08 14:49:38 PST,jonas,Last Resolved,2006-02-08 14:49:38,2001-10-31 11:04:59
2015-04-19 23:39:42 PDT,nobody,Product,Tech Evangelism Graveyard,Tech Evangelism
