When, Who, What, Added, Removed
2001-10-30 19:03:13 PST,asa,Status,RESOLVED,NEW
2001-10-30 19:03:13 PST,asa,Resolution,FIXED,---
2001-10-30 19:03:13 PST,asa,Last Resolved,2001-10-30 19:03:13,
2001-10-31 18:35:22 PST,timeless,Summary,change tech evangelism to use calendar milestones,fix tech evangelism milestones
2001-10-31 18:35:22 PST,timeless,Status,VERIFIED,RESOLVED
2011-06-26 22:54:48 PDT,nobody,Product,bugzilla.mozilla.org,mozilla.org
2011-06-26 22:54:48 PDT,nobody,Component,Administration,Bugzilla: Keywords & Components
