When, Who, What, Added, Removed
2001-11-09 11:37:08 PST,brade,CC,cmanske,
2001-11-09 11:37:08 PST,brade,Target Milestone,mozilla0.9.7,---
2001-11-15 07:28:49 PST,brade,Status,ASSIGNED,NEW
2001-11-15 11:24:58 PST,brade,Attachment #57823                Attachment is obsolete,1,0
2001-11-15 11:39:39 PST,cmanske,Attachment #57942                Flags,review+,
2001-11-15 14:28:24 PST,brade,Attachment #57942                Attachment is obsolete,1,0
2001-11-15 14:54:28 PST,cmanske,Attachment #57985                Flags,review+,
2001-11-15 17:03:07 PST,brade,Attachment #57985                Attachment is obsolete,1,0
2001-11-16 12:10:52 PST,brade,Attachment #58034                Attachment is obsolete,1,0
2001-11-19 18:41:12 PST,sfraser_bugs,Attachment #58142                Flags,superreview+,
2001-11-19 21:51:15 PST,kinmoz,Attachment #58142                Flags,review+,
2001-11-26 08:31:34 PST,kinmoz,Attachment #58595                Flags,superreview+,
2001-11-26 10:19:32 PST,cmanske,Attachment #58595                Flags,review+,
2001-11-27 06:05:39 PST,brade,Status,RESOLVED,ASSIGNED
2001-11-27 06:05:39 PST,brade,Resolution,FIXED,---
2001-11-27 06:05:39 PST,brade,Last Resolved,2001-11-27 06:05:39,
2002-02-13 06:13:15 PST,brade,Status,VERIFIED,RESOLVED
2004-11-22 17:25:08 PST,myk,Product,Seamonkey,Browser
