When, Who, What, Added, Removed
2001-10-31 17:25:41 PST,netscape,Status,RESOLVED,NEW
2001-10-31 17:25:41 PST,netscape,Resolution,FIXED,---
2001-10-31 17:25:41 PST,netscape,Last Resolved,2001-10-31 17:25:41,
2001-11-02 13:27:48 PST,netscape,Status,REOPENED,RESOLVED
2001-11-02 13:27:48 PST,netscape,Resolution,---,FIXED
2001-11-02 13:27:48 PST,netscape,CC,darin,
2001-11-02 22:19:11 PST,netscape,Last Resolved,2001-11-02 22:19:11,2001-10-31 17:25:41
2001-11-02 22:19:11 PST,netscape,Status,RESOLVED,REOPENED
2001-11-02 22:19:11 PST,netscape,Resolution,FIXED,---
2003-04-11 14:19:24 PDT,twalker,Status,VERIFIED,RESOLVED
2004-11-22 17:25:08 PST,myk,Product,Seamonkey,Browser
