When, Who, What, Added, Removed
2001-10-30 19:13:34 PST,morse,Component,HTML Form Controls,Form Manager
2001-10-30 19:13:34 PST,morse,Assignee,rods,morse
2001-10-30 19:13:34 PST,morse,QA Contact,madhur,tpreston
2001-11-02 10:45:03 PST,mozilla,Assignee,mkaply,rods
2001-11-02 10:45:03 PST,mozilla,Ever confirmed,1,0
2001-11-02 10:45:03 PST,mozilla,Status,NEW,UNCONFIRMED
2001-11-05 06:57:10 PST,mozilla,Status,RESOLVED,NEW
2001-11-05 06:57:10 PST,mozilla,Resolution,FIXED,---
2001-11-05 06:57:10 PST,mozilla,Last Resolved,2001-11-05 06:57:10,
2001-11-20 16:21:39 PST,madhur,Status,VERIFIED,RESOLVED
