When, Who, What, Added, Removed
2001-10-30 15:32:14 PST,jg,Keywords,polish,
2001-10-30 15:32:14 PST,jg,CC,jg,
2001-11-01 06:41:35 PST,morse,Status,ASSIGNED,NEW
2001-11-01 06:41:35 PST,morse,Target Milestone,mozilla0.9.9,---
2001-11-27 21:13:45 PST,andreas.premstaller,CC,andreas.premstaller,
2001-11-28 07:06:00 PST,morse,Resolution,FIXED,---
2001-11-28 07:06:00 PST,morse,Last Resolved,2001-11-28 07:06:00,
2001-11-28 07:06:00 PST,morse,Status,RESOLVED,ASSIGNED
2004-10-09 00:00:36 PDT,benc,Status,VERIFIED,RESOLVED
2004-10-09 00:00:36 PDT,benc,QA Contact,benc,tever
