When, Who, What, Added, Removed
2001-11-09 15:54:04 PST,bnesse,Whiteboard,[patch],
2001-11-09 15:54:04 PST,bnesse,Hardware,All,PC
2001-11-09 15:54:04 PST,bnesse,OS,All,Linux
2001-11-09 15:54:04 PST,bnesse,Target Milestone,mozilla0.9.7,---
2001-12-03 15:12:02 PST,alecf,Attachment #56756                Flags,superreview+,
2001-12-04 15:44:09 PST,bnesse,Attachment #56756                Attachment is obsolete,1,0
2001-12-04 16:10:02 PST,bnesse,Attachment #60397                Attachment is obsolete,1,0
2001-12-04 16:39:48 PST,alecf,Attachment #60405                Flags,superreview+,
2001-12-05 09:50:33 PST,ccarlen,Attachment #60405                Flags,review+,
2001-12-06 12:25:27 PST,bnesse,Status,RESOLVED,NEW
2001-12-06 12:25:27 PST,bnesse,Resolution,FIXED,---
2001-12-06 12:25:27 PST,bnesse,Last Resolved,2001-12-06 12:25:27,
2002-01-07 13:33:57 PST,bugzilla,Status,VERIFIED,RESOLVED
