When, Who, What, Added, Removed
2001-10-30 17:00:30 PST,bugzilla,Assignee,bryner,law
2001-11-06 13:53:26 PST,bryner,Status,ASSIGNED,NEW
2001-11-06 13:53:26 PST,bryner,Target Milestone,mozilla0.9.8,---
2002-01-15 21:48:36 PST,bryner,CC,pete,
2002-01-16 06:04:57 PST,pete,Status,NEW,ASSIGNED
2002-01-16 06:04:57 PST,pete,Assignee,petejc,bryner
2002-01-16 06:04:57 PST,pete,CC,,pete
2002-01-16 06:05:13 PST,pete,Status,ASSIGNED,NEW
2002-01-16 12:11:37 PST,gsmedley,Attachment #65235                Attachment is obsolete,1,0
2002-01-16 13:06:52 PST,bugzilla,QA Contact,tpreston,sairuh
2002-01-16 13:06:52 PST,bugzilla,CC,sairuh,
2002-01-16 14:21:32 PST,pete,Attachment #65270                Attachment is obsolete,1,0
2002-01-17 10:00:23 PST,pete,Attachment #65314                Attachment is obsolete,1,0
2002-01-17 10:05:45 PST,pete,Attachment #65440                Attachment is obsolete,1,0
2002-01-17 10:08:50 PST,pete,CC,dougt, brendan,
2002-01-17 10:10:14 PST,pete,Summary,on Linux CopyTo won't copy read-only files or broken symlinks[FIX],on Linux CopyTo won't copy read-only files
2002-01-17 10:10:14 PST,pete,Keywords,patch, review,
2002-01-17 10:46:02 PST,dougt,CC,blizzard,
2002-01-17 11:55:27 PST,blizzard,Attachment #65441                Flags,review+,
2002-01-23 12:47:54 PST,pete,Target Milestone,mozilla0.9.9,mozilla0.9.8
2002-01-26 16:19:05 PST,brendan,Attachment #65441                Flags,needs-work+,
2002-01-26 17:27:06 PST,pete,Attachment #65292                Attachment is obsolete,1,0
2002-01-26 17:27:06 PST,pete,Attachment #65441                Attachment is obsolete,1,0
2002-01-26 19:47:21 PST,brendan,Attachment #66638                Flags,review+, superreview+,
2002-01-27 06:33:25 PST,pete,Attachment #66638                Attachment is obsolete,1,0
2002-01-27 06:42:50 PST,pete,Status,RESOLVED,ASSIGNED
2002-01-27 06:42:50 PST,pete,Resolution,FIXED,---
2002-01-27 06:42:50 PST,pete,Last Resolved,2002-01-27 06:42:50,
2002-01-27 08:49:47 PST,adam,CC,adam,
