When, Who, What, Added, Removed
2001-10-31 07:53:15 PST,marina,CC,putterman,
2001-10-31 09:43:04 PST,scottputterman,Target Milestone,mozilla0.9.6,---
2001-10-31 09:43:04 PST,scottputterman,Keywords,regression,
2001-10-31 09:43:04 PST,scottputterman,Assignee,ducarroz,sspitzer
2001-10-31 09:43:04 PST,scottputterman,CC,varada,
2001-10-31 12:21:31 PST,bugzilla,Whiteboard,have fix,
2001-10-31 12:21:31 PST,bugzilla,Status,ASSIGNED,NEW
2001-10-31 12:24:22 PST,vparthas,Attachment #55955                Flags,review+,
2001-10-31 12:26:08 PST,mozilla,Attachment #55955                Flags,superreview+,
2001-11-02 16:38:15 PST,bugzilla,Whiteboard,,have fix
2001-11-02 16:38:15 PST,bugzilla,Status,RESOLVED,ASSIGNED
2001-11-02 16:38:15 PST,bugzilla,Resolution,FIXED,---
2001-11-02 16:38:15 PST,bugzilla,Last Resolved,2001-11-02 16:38:15,
2001-11-15 14:15:55 PST,laurel,QA Contact,sheelar,esther
2001-11-15 17:10:34 PST,sheelar,Status,VERIFIED,RESOLVED
2004-11-22 17:25:08 PST,myk,Product,Seamonkey,Browser
