When, Who, What, Added, Removed
2001-10-30 20:12:09 PST,tuukka.tolvanen,CC,mike,
2001-10-30 20:15:53 PST,tuukka.tolvanen,CC,t.bugz,
2001-10-30 21:12:24 PST,spam,Keywords,regression, top100,
2001-10-30 21:12:24 PST,spam,Severity,critical,major
2001-10-31 06:19:25 PST,spam,CC,dark,
2001-10-31 08:33:20 PST,peterlubczynski-bugs,CC,peterlubczynski,
2001-10-31 08:47:12 PST,f300v10,CC,f300v10,
2001-10-31 09:35:26 PST,piskozub,CC,piskozub,
2001-10-31 10:44:02 PST,peterlubczynski-bugs,Priority,P1,--
2001-10-31 10:44:02 PST,peterlubczynski-bugs,CC,beard,
2001-10-31 10:44:02 PST,peterlubczynski-bugs,Target Milestone,mozilla0.9.6,---
2001-10-31 10:44:02 PST,peterlubczynski-bugs,Severity,blocker,critical
2001-10-31 11:18:51 PST,spam,CC,rebron,
2001-10-31 12:08:25 PST,dbaron,Keywords,smoketest,
2001-10-31 12:08:25 PST,dbaron,CC,dbaron,
2001-10-31 12:23:47 PST,jst,Keywords,,smoketest
2001-10-31 12:23:47 PST,jst,Assignee,jst,av
2001-10-31 12:36:14 PST,jst,Status,ASSIGNED,NEW
2001-10-31 12:36:14 PST,jst,Whiteboard,[HAVE FIX],
2001-10-31 12:48:53 PST,bzbarsky,Attachment #55957                Flags,review+,
2001-10-31 12:49:36 PST,bzbarsky,CC,bzbarsky,
2001-10-31 12:55:23 PST,sfraser_bugs,Attachment #55957                Flags,superreview+,
2001-10-31 13:07:38 PST,jst,Status,RESOLVED,ASSIGNED
2001-10-31 13:07:38 PST,jst,Resolution,FIXED,---
2001-10-31 13:07:38 PST,jst,Last Resolved,2001-10-31 13:07:38,
2001-10-31 13:23:11 PST,sujay,Keywords,smoketest,
2001-10-31 14:49:50 PST,tuukka.tolvanen,CC,tswan,
2001-10-31 15:03:03 PST,twalker,Status,VERIFIED,RESOLVED
2001-11-06 22:27:01 PST,spam,CC,bdery,
