When, Who, What, Added, Removed
2001-10-30 19:14:21 PST,hyatt,Status,RESOLVED,UNCONFIRMED
2001-10-30 19:14:21 PST,hyatt,Resolution,INVALID,---
2001-10-30 19:14:21 PST,hyatt,Last Resolved,2001-10-30 19:14:21,
2001-10-30 19:31:08 PST,phil_mozilla,Status,UNCONFIRMED,RESOLVED
2001-10-30 19:31:08 PST,phil_mozilla,Resolution,---,INVALID
2001-10-30 19:47:48 PST,hyatt,Ever confirmed,1,0
2001-10-30 19:47:48 PST,hyatt,Status,ASSIGNED,UNCONFIRMED
2001-11-02 19:24:15 PST,jrgmorrison,CC,greg,
2001-11-07 10:30:07 PST,david,CC,dkoppenh,
2001-11-19 05:31:58 PST,david,CC,david,
2001-11-20 04:56:07 PST,aha,CC,aha,
2001-11-21 14:34:51 PST,jrgmorrison,CC,junk,
2001-11-22 13:52:31 PST,jrgmorrison,Summary,tab buttons do not resize themselves correctly [with large screen size],tab buttons do not resize themselves correctly.
2001-11-22 13:52:44 PST,jrgmorrison,CC,hya,
2001-11-23 06:04:24 PST,mozbug,CC,cz,
2001-11-23 15:59:32 PST,bzbarsky,CC,axh0,
2001-11-27 13:15:58 PST,wombat,CC,chaos,
2001-11-27 18:17:34 PST,spam,CC,MagerValp,
2001-11-27 18:18:03 PST,spam,OS,All,Windows NT
2001-11-27 19:36:39 PST,bugzilla,QA Contact,sairuh,blakeross
2001-11-29 11:03:25 PST,hyatt,Target Milestone,mozilla1.1,---
2001-12-01 21:12:07 PST,jrgmorrison,CC,kperkins,
2001-12-05 09:45:48 PST,spam,CC,sicksegv,
2001-12-06 12:00:26 PST,wombat,CC,im14u2c,
2001-12-09 16:19:46 PST,spam,CC,dan,
2001-12-12 01:49:21 PST,killian,CC,killian,
2001-12-13 01:54:32 PST,wombat,CC,archon,
2001-12-13 02:10:44 PST,wombat,Keywords,patch, polish, review,
2001-12-13 02:10:44 PST,wombat,CC,wombat,
2001-12-13 08:29:28 PST,hwaara,Attachment #59299                Flags,review+,
2001-12-22 01:33:08 PST,jrgmorrison,CC,mozilla.bugzilla,
2001-12-24 22:43:54 PST,bzbarsky,CC,IgorF,
2002-01-02 07:42:26 PST,wombat,CC,zlorbm,
2002-01-08 00:22:35 PST,jrgmorrison,CC,atmjav,
2002-01-08 11:30:47 PST,bugzilla,Keywords,nsbeta1,
2002-01-21 13:52:29 PST,hyatt,Status,NEW,ASSIGNED
2002-01-21 13:52:29 PST,hyatt,Assignee,jaggernaut,hyatt
2002-01-27 19:54:14 PST,spam,CC,mysteryisman,
2002-01-28 07:39:47 PST,jag-mozilla,CC,jonabbey,
2002-01-28 07:42:04 PST,bugzilla,CC,JSaar,
2002-02-01 04:19:05 PST,spam,CC,jose.jeria,
2002-02-01 05:48:38 PST,zug_treno,CC,zug_treno,
2002-02-02 20:06:32 PST,timeless,URL,,http://na
2002-02-05 04:18:38 PST,tuukka.tolvanen,CC,tamm,
2002-02-05 19:47:27 PST,bugzilla,CC,peder-mozilla,
2002-02-05 22:40:38 PST,timeless,CC,mugendai,
2002-02-10 23:42:50 PST,jag-mozilla,CC,gefdavis,
2002-02-10 23:44:07 PST,bugs,Attachment #68101                Flags,superreview+,
2002-02-10 23:50:18 PST,bryner,Attachment #68101                Flags,review+,
2002-02-10 23:53:08 PST,jag-mozilla,Target Milestone,mozilla0.9.9,mozilla1.1
2002-02-11 17:11:32 PST,bugzilla,CC,s.strong,
2002-02-12 15:51:29 PST,jag-mozilla,Status,RESOLVED,NEW
2002-02-12 15:51:29 PST,jag-mozilla,Resolution,FIXED,---
2002-02-12 15:51:29 PST,jag-mozilla,CC,smaug,
2002-02-12 15:51:29 PST,jag-mozilla,Last Resolved,2002-02-12 15:51:29,2001-10-30 19:14:21
2002-02-17 23:57:57 PST,bzbarsky,CC,estartu,
2002-02-20 11:07:25 PST,spam,CC,amitkuchu,
2002-02-22 15:37:44 PST,amla70,CC,po0b4goleg7001,
2002-03-11 06:05:14 PST,bzbarsky,CC,cbaegert,
2002-03-11 06:06:09 PST,bzbarsky,CC,contact,
2002-03-11 16:14:10 PST,po0b4goleg7001,CC,,po0b4goleg7001
2002-03-13 16:09:44 PST,bugzilla,Status,VERIFIED,RESOLVED
2008-07-31 04:30:00 PDT,nobody,Product,SeaMonkey,Core
