When, Who, What, Added, Removed
2001-10-30 16:08:24 PST,markh,Status,NEW,UNCONFIRMED
2001-10-30 16:08:24 PST,markh,Ever confirmed,1,0
2001-10-30 16:13:31 PST,markh,Attachment #55829                Flags,review+,
2001-10-30 16:19:58 PST,brendan,Assignee,blizzard,hyatt
2001-10-30 16:23:44 PST,brendan,CC,brendan, hyatt,
2001-11-06 15:21:55 PST,blizzard,Attachment #56000                Flags,superreview+,
2001-11-06 15:35:32 PST,blizzard,Last Resolved,2001-11-06 15:35:32,
2001-11-06 15:35:32 PST,blizzard,Status,RESOLVED,NEW
2001-11-06 15:35:32 PST,blizzard,Resolution,FIXED,---
