When, Who, What, Added, Removed
2001-10-30 14:56:21 PST,mozilla,Status,NEW,UNCONFIRMED
2001-10-30 14:56:21 PST,mozilla,CC,hewitt,
2001-10-30 14:56:21 PST,mozilla,Ever confirmed,1,0
2001-11-05 11:21:07 PST,grylchan,CC,blizzard,
2001-11-05 11:31:22 PST,bugzilla,CC,blakeross,
2001-11-05 12:07:48 PST,bugzilla,CC,sspitzer,
2001-11-05 12:09:23 PST,sspitzer,Assignee,blakeross,bienvenu
2001-11-05 12:09:23 PST,sspitzer,CC,bienvenu,
2001-11-05 16:55:04 PST,sspitzer,Status,RESOLVED,NEW
2001-11-05 16:55:04 PST,sspitzer,Resolution,FIXED,---
2001-11-05 16:55:04 PST,sspitzer,Last Resolved,2001-11-05 16:55:04,
2001-11-09 17:12:27 PST,grylchan,Status,VERIFIED,RESOLVED
2004-11-22 17:25:08 PST,myk,Product,Seamonkey,Browser
