When, Who, What, Added, Removed
2001-10-30 16:35:59 PST,laurel,QA Contact,laurel,esther
2001-10-31 14:30:27 PST,laurel,Keywords,nsbeta1,
2001-11-07 16:00:06 PST,robinf,CC,robinf,
2001-11-07 16:52:43 PST,ssu0262,Depends on,81292,
2001-11-07 16:52:43 PST,ssu0262,Last Resolved,2001-11-07 16:52:43,
2001-11-07 16:52:43 PST,ssu0262,Status,RESOLVED,NEW
2001-11-07 16:52:43 PST,ssu0262,Resolution,DUPLICATE,---
2001-11-14 14:38:59 PST,laurel,Status,VERIFIED,RESOLVED
2001-12-03 17:11:52 PST,ssu0262,Status,REOPENED,VERIFIED
2001-12-03 17:11:52 PST,ssu0262,Resolution,---,DUPLICATE
2001-12-03 17:11:52 PST,ssu0262,Depends on,,81292
2001-12-03 17:12:43 PST,ssu0262,CC,ssu,
2001-12-04 14:43:59 PST,ssu0262,Status,ASSIGNED,REOPENED
2001-12-04 14:43:59 PST,ssu0262,Target Milestone,mozilla0.9.8,---
2001-12-09 17:17:02 PST,ssu0262,Last Resolved,2001-12-09 17:17:02,2001-11-07 16:52:43
2001-12-09 17:17:02 PST,ssu0262,Status,RESOLVED,ASSIGNED
2001-12-09 17:17:02 PST,ssu0262,Resolution,FIXED,---
2001-12-18 11:15:49 PST,laurel,Status,VERIFIED,RESOLVED
2004-11-22 17:25:08 PST,myk,Product,Seamonkey,Browser
