When, Who, What, Added, Removed
2001-10-30 17:34:47 PST,netscape,Severity,blocker,normal
2001-10-30 17:34:47 PST,netscape,Priority,P3,--
2001-10-30 17:34:47 PST,netscape,CC,briane, dinglis,
2001-10-30 17:34:47 PST,netscape,Target Milestone,mozilla0.9.7,---
2001-12-06 17:53:04 PST,netscape,Status,RESOLVED,NEW
2001-12-06 17:53:04 PST,netscape,Resolution,FIXED,---
2001-12-06 17:53:04 PST,netscape,Last Resolved,2001-12-06 17:53:04,
2003-01-31 13:43:42 PST,twalker,Status,VERIFIED,RESOLVED
2004-11-22 17:25:08 PST,myk,Product,Seamonkey,Browser
