When, Who, What, Added, Removed
2001-10-30 15:49:11 PST,samir_bugzilla,Status,ASSIGNED,NEW
2001-10-30 15:49:11 PST,samir_bugzilla,Priority,P2,--
2001-10-30 15:49:11 PST,samir_bugzilla,Target Milestone,mozilla0.9.6,---
2001-10-30 15:52:10 PST,samir_bugzilla,Summary,JS error @ search-panel.js line 363: lastCategoryName.indexOf not a function,JS error @ search-panel.js line 363: lastCategoryName.indeOf not a function
2001-10-30 15:54:08 PST,samir_bugzilla,Keywords,mozilla0.9.6,
2001-10-30 15:54:08 PST,samir_bugzilla,Status,NEW,ASSIGNED
2001-10-30 15:54:08 PST,samir_bugzilla,Severity,major,normal
2001-10-30 15:54:08 PST,samir_bugzilla,Assignee,bnesse,sgehani
2001-10-30 16:18:35 PST,bnesse,Status,RESOLVED,NEW
2001-10-30 16:18:35 PST,bnesse,Resolution,FIXED,---
2001-10-30 16:18:35 PST,bnesse,Last Resolved,2001-10-30 16:18:35,
2002-12-17 23:47:53 PST,bugzilla,Status,VERIFIED,RESOLVED
2008-07-31 04:30:00 PDT,nobody,Product,SeaMonkey,Core
