When, Who, What, Added, Removed
2001-10-31 21:17:42 PST,Jan.Varga,CC,varga,
2001-11-01 08:26:58 PST,bugzilla,Attachment #56047                Flags,superreview+,
2001-11-01 08:52:33 PST,bugzilla,Target Milestone,mozilla0.9.6,---
2001-11-01 08:52:33 PST,bugzilla,Keywords,footprint,
2001-11-01 08:52:33 PST,bugzilla,Status,ASSIGNED,NEW
2001-11-01 09:07:52 PST,sspitzer,Attachment #56083                Flags,superreview+,
2001-11-01 10:54:06 PST,cmanske,Attachment #56095                Flags,review+,
2001-11-01 15:46:18 PST,jens-uwe,CC,jens-uwe,
2001-11-02 20:22:48 PST,bugzilla,Status,RESOLVED,ASSIGNED
2001-11-02 20:22:48 PST,bugzilla,Resolution,FIXED,---
2001-11-02 20:22:48 PST,bugzilla,Last Resolved,2001-11-02 20:22:48,
2001-11-04 14:30:50 PST,roland.mainz,CC,Roland.Mainz,
2001-11-06 12:08:59 PST,bugzilla,CC,cmanske,
2008-07-31 03:03:43 PDT,timeless,Component,XUL,XP Toolkit/Widgets: XUL
2008-07-31 03:03:43 PDT,timeless,QA Contact,xptoolkit.widgets,jrgmorrison
