When, Who, What, Added, Removed
2001-11-09 14:05:34 PST,momoi,CC,havill, shanjian,
2001-11-14 16:32:41 PST,teruko,Keywords,intl,
2001-12-06 11:10:21 PST,tetsuroy,Assignee,ftang,yokoyama
2001-12-06 11:10:21 PST,tetsuroy,CC,,jbetak
2001-12-19 09:37:01 PST,ftang,Status,ASSIGNED,NEW
2001-12-19 09:37:01 PST,ftang,Priority,P4,--
2001-12-19 09:37:01 PST,ftang,Target Milestone,mozilla0.9.9,---
2002-02-14 11:37:10 PST,ftang,Hardware,All,PC
2002-02-14 11:37:10 PST,ftang,OS,All,Windows 2000
2002-02-15 23:10:24 PST,momoi,URL,http://lcweb.loc.gov/standards/iso639-2/englangn.html,
2002-02-16 01:34:46 PST,momoi,CC,yokoyama, rchen,
2002-02-16 01:58:40 PST,momoi,CC,mahar, smontagu,
2002-02-16 02:10:04 PST,momoi,CC,xspuente,
2002-02-16 14:05:52 PST,momoi,CC,jshin,
2002-02-19 08:18:20 PST,ftang,Attachment #69991                Flags,review+,
2002-02-19 10:55:36 PST,ftang,Attachment #70317                Flags,review+,
2002-02-19 17:50:14 PST,ftang,Keywords,nsbeta1,
2002-02-21 14:29:13 PST,alecf,Attachment #70317                Flags,superreview+,
2002-02-21 18:54:58 PST,shaver,Attachment #70317                Flags,approval+,
2002-02-22 10:27:10 PST,ftang,Blocks,104060,
2002-02-22 14:20:08 PST,ftang,Status,RESOLVED,ASSIGNED
2002-02-22 14:20:08 PST,ftang,Resolution,FIXED,---
2002-02-22 14:20:08 PST,ftang,Last Resolved,2002-02-22 14:20:08,
2002-02-26 13:53:50 PST,teruko,Status,VERIFIED,RESOLVED
2002-02-27 14:39:40 PST,ftang,Blocks,,104060
2002-02-27 14:42:10 PST,ciopz,Blocks,104060,
2002-02-28 00:11:37 PST,ciopz,CC,ciopz,
2002-03-03 20:37:51 PST,momoi,CC,adsharma,
2002-03-07 10:10:50 PST,ftang,Blocks,,104060
