When, Who, What, Added, Removed
2001-11-02 12:55:01 PST,kirk.erickson,Summary,selfserv needs "log stats" mode,strsclnt needs infinite ops/sec log mode
2001-11-08 11:18:25 PST,wtc,Attachment #56786                Flags,needs-work+,
2001-11-12 18:20:32 PST,kirk.erickson,Last Resolved,2001-11-12 18:20:32,
2001-11-12 18:20:32 PST,kirk.erickson,Status,RESOLVED,NEW
2001-11-12 18:20:32 PST,kirk.erickson,Resolution,FIXED,---
2001-11-13 09:29:48 PST,kirk.erickson,Status,REOPENED,RESOLVED
2001-11-13 09:29:48 PST,kirk.erickson,Resolution,---,FIXED
2001-11-26 14:57:19 PST,wtc,Attachment #59206                Flags,needs-work+,
2001-11-26 15:00:35 PST,wtc,Attachment #59186                Attachment is obsolete,1,0
2001-11-27 10:14:56 PST,kirk.erickson,Attachment #59206                Attachment is obsolete,1,0
2001-11-27 10:31:57 PST,wtc,Attachment #59348                Flags,review+,
2001-11-27 11:09:12 PST,kirk.erickson,Attachment #59348                Attachment is obsolete,1,0
2001-11-27 12:21:12 PST,kirk.erickson,Attachment #56786                Attachment is obsolete,1,0
2001-11-27 12:21:39 PST,kirk.erickson,Attachment #57074                Attachment is obsolete,1,0
2001-11-27 12:22:49 PST,kirk.erickson,Attachment #57539                Attachment is obsolete,1,0
2001-11-27 12:23:23 PST,kirk.erickson,Attachment #57808                Attachment is obsolete,1,0
2001-11-27 13:06:43 PST,wtc,Attachment #59365                Flags,review+,
2001-11-27 13:20:02 PST,wtc,Attachment #59367                Flags,needs-work+,
2001-12-19 12:00:02 PST,wtc,Priority,P1,--
2001-12-19 12:00:02 PST,wtc,Target Milestone,3.4,---
2002-01-10 09:55:43 PST,kirk.erickson,Last Resolved,2002-01-10 09:55:43,2001-11-12 18:20:32
2002-01-10 09:55:43 PST,kirk.erickson,Status,RESOLVED,REOPENED
2002-01-10 09:55:43 PST,kirk.erickson,Resolution,FIXED,---
2002-01-11 09:42:53 PST,kirk.erickson,Status,REOPENED,RESOLVED
2002-01-11 09:42:53 PST,kirk.erickson,Resolution,---,FIXED
2002-01-11 09:42:53 PST,kirk.erickson,Priority,P2,P1
2002-02-08 12:43:09 PST,kirk.erickson,Status,RESOLVED,REOPENED
2002-02-08 12:43:09 PST,kirk.erickson,Resolution,FIXED,---
2002-02-08 12:43:09 PST,kirk.erickson,Last Resolved,2002-02-08 12:43:09,2002-01-10 09:55:43
