When, Who, What, Added, Removed
2001-10-30 21:34:37 PST,aaronlev,CC,aaronl,
2001-10-31 13:53:38 PST,hewitt,Status,ASSIGNED,NEW
2001-10-31 13:53:38 PST,hewitt,Priority,P2,--
2001-10-31 13:53:38 PST,hewitt,Target Milestone,Future,---
2001-10-31 14:24:32 PST,aaronlev,Whiteboard,needs reporter to test and see if this fixes problem,
2001-10-31 15:31:42 PST,hewitt,Attachment #55979                Flags,superreview+,
2001-10-31 15:44:22 PST,timeless,Attachment #55979                Flags,review+,
2001-10-31 17:58:41 PST,timeless,Keywords,crash,
2001-11-06 23:34:13 PST,hewitt,Status,RESOLVED,ASSIGNED
2001-11-06 23:34:13 PST,hewitt,Resolution,FIXED,---
2001-11-06 23:34:13 PST,hewitt,Last Resolved,2001-11-06 23:34:13,
2004-11-23 18:54:30 PST,myk,Product,Other Applications,Core
2007-07-06 00:44:14 PDT,reed,QA Contact,dom-inspector,timeless
2011-06-13 10:01:40 PDT,nobody,Crash Signature,[@nsFrame::GetParentStyleContextProvider],
