When, Who, What, Added, Removed
2001-10-31 10:47:04 PST,jlarsen,Whiteboard,evangelism,
2001-10-31 10:47:04 PST,jlarsen,Status,NEW,UNCONFIRMED
2001-10-31 10:47:04 PST,jlarsen,Ever confirmed,1,0
2001-10-31 11:50:37 PST,bugzilla,Product,Tech Evangelism,Browser
2001-10-31 11:50:37 PST,bugzilla,Version,unspecified,other
2001-10-31 11:50:37 PST,bugzilla,Component,Europe: West,XP Apps
2001-10-31 11:50:37 PST,bugzilla,Assignee,nitot,pchen
2001-10-31 11:50:37 PST,bugzilla,QA Contact,caillon,sairuh
2001-11-20 05:05:33 PST,tristan,OS,All,Linux
2001-11-20 05:05:33 PST,tristan,Status,ASSIGNED,NEW
2001-11-20 05:05:33 PST,tristan,Priority,P2,--
2001-11-20 11:56:19 PST,z-aillon.c-obsolete2,Whiteboard,,evangelism
2001-11-20 11:56:19 PST,z-aillon.c-obsolete2,Summary,nouvelles-frontieres.fr - When I click on the button "Rechercher", nothing is done,When I click on the button "Rechercher", nothing is done
2002-03-18 07:28:30 PST,mat,CC,mat,
2002-04-11 05:02:35 PDT,mat,CC,bugzillamat,mat
2002-06-05 07:02:44 PDT,mpillard,Whiteboard,[havefix],
2002-07-08 12:46:06 PDT,fredbezies,Whiteboard,[havefix][havecontact],[havefix]
2002-08-21 12:09:16 PDT,fredbezies,CC,frederic.bezies,
2002-08-21 14:14:40 PDT,jean-max.reymond,Resolution,FIXED,---
2002-08-21 14:14:40 PDT,jean-max.reymond,Last Resolved,2002-08-21 14:14:40,
2002-08-21 14:14:40 PDT,jean-max.reymond,Status,RESOLVED,ASSIGNED
2003-04-13 20:41:59 PDT,brant,Status,VERIFIED,RESOLVED
2003-06-13 12:16:45 PDT,bob,Component,French,Europe: West
2015-04-19 23:42:52 PDT,nobody,Product,Tech Evangelism Graveyard,Tech Evangelism
