When, Who, What, Added, Removed
2001-10-30 23:24:20 PST,bbaetz,Keywords,dataloss,
2001-10-30 23:26:37 PST,justdave,Priority,P1,--
2001-10-30 23:26:37 PST,justdave,Blocks,103885,
2001-10-30 23:26:37 PST,justdave,Target Milestone,Bugzilla 2.16,---
2001-10-30 23:43:31 PST,bbaetz,Blocks,,103885
2001-10-30 23:45:11 PST,bbaetz,Blocks,103885,
2001-10-31 13:35:32 PST,bbaetz,Assignee,bbaetz,myk
2001-10-31 14:28:42 PST,bbaetz,Keywords,patch, review,
2001-11-02 15:37:03 PST,justdave,Attachment #55982                Flags,review+,
2001-11-02 21:25:09 PST,jake,Attachment #55982                Flags,review+,
2001-11-02 21:53:32 PST,bbaetz,Resolution,FIXED,---
2001-11-02 21:53:32 PST,bbaetz,Last Resolved,2001-11-02 21:53:32,
2001-11-02 21:53:32 PST,bbaetz,Status,RESOLVED,NEW
2001-11-05 21:27:02 PST,justdave,Status,REOPENED,RESOLVED
2001-11-05 21:27:02 PST,justdave,Resolution,---,FIXED
2001-11-05 21:27:02 PST,justdave,CC,justdave, jake,
2001-11-05 21:33:16 PST,justdave,Depends on,68022,
2001-11-05 21:47:13 PST,bbaetz,CC,dkl,
2001-11-07 16:48:45 PST,myk,Blocks,,103885
2001-11-08 11:26:15 PST,mattdm,CC,mattdm,
2001-11-13 17:14:14 PST,bbaetz,Attachment #55982                Attachment is obsolete,1,0
2001-11-13 17:14:55 PST,bbaetz,Status,ASSIGNED,REOPENED
2001-11-13 18:17:40 PST,bbaetz,Attachment #57691                Attachment is obsolete,1,0
2001-11-14 07:06:06 PST,jake,Attachment #57701                Flags,review+, review+,
2001-11-14 07:36:11 PST,bbaetz,Status,RESOLVED,ASSIGNED
2001-11-14 07:36:11 PST,bbaetz,Resolution,FIXED,---
2001-11-14 07:36:11 PST,bbaetz,Last Resolved,2001-11-14 07:36:11,2001-11-02 21:53:32
2002-05-27 21:29:35 PDT,bbaetz,Attachment #85131                Flags,review+,
2002-05-27 21:30:29 PDT,matty_is_a_geek,Attachment #85131                Flags,review+,
2002-07-08 09:23:39 PDT,mozilla-work,CC,bugzilla,
2002-10-11 18:09:38 PDT,bbaetz,CC,phde,
2012-12-18 20:46:27 PST,nobody,QA Contact,default-qa,matty_is_a_geek
