When, Who, What, Added, Removed
2001-10-30 20:56:10 PST,bugzilla,Whiteboard,have fix,
2001-10-30 20:56:10 PST,bugzilla,Status,ASSIGNED,NEW
2001-10-30 20:56:10 PST,bugzilla,Target Milestone,mozilla0.9.6,---
2001-10-31 09:53:32 PST,sheelar,QA Contact,esther,sheelar
2001-10-31 09:53:32 PST,sheelar,CC,sheelar,
2001-10-31 10:57:30 PST,vparthas,Attachment #55875                Flags,review+,
2001-11-01 09:25:26 PST,sspitzer,Attachment #55875                Flags,superreview+,
2001-11-02 16:56:15 PST,bugzilla,Whiteboard,,have fix
2001-11-02 16:56:15 PST,bugzilla,Status,RESOLVED,ASSIGNED
2001-11-02 16:56:15 PST,bugzilla,Resolution,FIXED,---
2001-11-02 16:56:15 PST,bugzilla,Last Resolved,2001-11-02 16:56:15,
2002-01-07 15:12:19 PST,esther,QA Contact,trix,esther
2002-02-28 00:16:49 PST,trix,Status,VERIFIED,RESOLVED
2004-11-22 17:26:45 PST,myk,Product,Core,MailNews
2008-07-31 04:30:00 PDT,nobody,Product,MailNews Core,Core
