When, Who, What, Added, Removed
2001-10-31 10:50:23 PST,mscott,Keywords,crash,
2001-10-31 23:49:48 PST,sspitzer,Status,RESOLVED,NEW
2001-10-31 23:49:48 PST,sspitzer,Resolution,FIXED,---
2001-10-31 23:49:48 PST,sspitzer,Last Resolved,2001-10-31 23:49:48,
2001-10-31 23:50:10 PST,mscott,Attachment #56058                Flags,superreview+,
2001-11-01 18:57:13 PST,stephend,Status,VERIFIED,RESOLVED
2004-11-22 17:26:45 PST,myk,Product,Core,MailNews
2009-01-22 10:17:39 PST,nobody,Product,MailNews Core,Core
2011-06-09 14:58:34 PDT,nobody,Crash Signature,[@ nsNNTPProtocol::SendModeReaderResponse ],
