When, Who, What, Added, Removed
2001-10-31 19:29:06 PST,matty_is_a_geek,CC,terry,
2001-11-02 22:57:29 PST,bbaetz,Depends on,106993,
2001-11-09 05:06:54 PST,matty_is_a_geek,Target Milestone,Bugzilla 2.18,---
2001-11-09 05:06:54 PST,matty_is_a_geek,Priority,P1,--
2002-01-12 22:37:40 PST,matty_is_a_geek,Blocks,119715,
2002-01-21 17:33:43 PST,matty_is_a_geek,Target Milestone,Bugzilla 2.16,Bugzilla 2.18
2002-02-04 17:03:25 PST,bbaetz,Keywords,patch, review,
2002-02-04 17:03:25 PST,bbaetz,Assignee,bbaetz,myk
2002-02-07 18:37:47 PST,bbaetz,Blocks,63018,
2002-02-12 02:29:42 PST,matty_is_a_geek,Attachment #67820                Flags,review-,
2002-02-12 19:00:03 PST,bbaetz,Attachment #67820                Attachment is obsolete,1,0
2002-02-24 15:06:31 PST,gerv,Attachment #69190                Flags,review+,
2002-02-28 21:41:19 PST,justdave,Attachment #69190                Flags,review+,
2002-02-28 21:45:41 PST,bbaetz,Status,RESOLVED,NEW
2002-02-28 21:45:41 PST,bbaetz,Resolution,FIXED,---
2002-02-28 21:45:41 PST,bbaetz,Last Resolved,2002-02-28 21:45:41,
2002-03-03 17:38:35 PST,justdave,Status,REOPENED,RESOLVED
2002-03-03 17:38:35 PST,justdave,Resolution,---,FIXED
2002-03-04 05:01:12 PST,bbaetz,Status,RESOLVED,REOPENED
2002-03-04 05:01:12 PST,bbaetz,Resolution,FIXED,---
2002-03-04 05:01:12 PST,bbaetz,Last Resolved,2002-03-04 05:01:12,2002-02-28 21:45:41
2012-12-18 20:46:27 PST,nobody,QA Contact,default-qa,matty_is_a_geek
