When, Who, What, Added, Removed
2001-10-31 11:18:30 PST,bzbarsky,Hardware,All,PC
2001-10-31 11:18:30 PST,bzbarsky,OS,All,Windows NT
2001-10-31 11:18:30 PST,bzbarsky,Status,NEW,UNCONFIRMED
2001-10-31 11:18:30 PST,bzbarsky,Component,English: US,DOM Other
2001-10-31 11:18:30 PST,bzbarsky,Assignee,bclary,jst
2001-10-31 11:18:30 PST,bzbarsky,QA Contact,zach,gerardok
2001-10-31 11:18:30 PST,bzbarsky,CC,bzbarsky,
2001-10-31 11:18:30 PST,bzbarsky,Ever confirmed,1,0
2001-10-31 11:18:30 PST,bzbarsky,Product,Tech Evangelism,Browser
2001-10-31 11:18:30 PST,bzbarsky,Version,unspecified,other
2001-10-31 11:32:11 PST,bob,Status,ASSIGNED,NEW
2001-11-10 07:55:05 PST,bob,Status,RESOLVED,ASSIGNED
2001-11-10 07:55:05 PST,bob,Resolution,FIXED,---
2001-11-10 07:55:05 PST,bob,Last Resolved,2001-11-10 07:55:05,
2002-02-25 03:20:25 PST,brant,Status,VERIFIED,RESOLVED
2003-06-13 20:34:41 PDT,bzbarsky,CC,,bz-bugspam
2015-04-19 23:39:42 PDT,nobody,Product,Tech Evangelism Graveyard,Tech Evangelism
