When, Who, What, Added, Removed
2001-10-30 23:37:13 PST,darin.moz,Status,ASSIGNED,NEW
2001-10-30 23:37:13 PST,darin.moz,Priority,P3,--
2001-10-30 23:37:13 PST,darin.moz,Target Milestone,mozilla0.9.6,---
2001-10-30 23:37:13 PST,darin.moz,Keywords,perf,
2001-10-31 07:17:42 PST,bbaetz,Attachment #55893                Flags,needs-work+,
2001-10-31 10:32:06 PST,bbaetz,Attachment #55893                Flags,review+,needs-work+
2001-11-01 19:17:26 PST,mscott,Attachment #55893                Flags,superreview+,
2001-11-03 21:54:53 PST,darin.moz,Status,RESOLVED,ASSIGNED
2001-11-03 21:54:53 PST,darin.moz,Resolution,FIXED,---
2001-11-03 21:54:53 PST,darin.moz,Last Resolved,2001-11-03 21:54:53,
