When, Who, What, Added, Removed
2001-10-31 09:41:14 PST,scottputterman,Keywords,nsbeta1+, regression,
2001-10-31 09:41:14 PST,scottputterman,Priority,P1,--
2001-10-31 09:41:14 PST,scottputterman,Target Milestone,mozilla0.9.6,---
2001-10-31 10:51:31 PST,aleksander.adamowski,CC,olo,
2001-10-31 11:17:32 PST,laurel,QA Contact,olgam,esther
2001-10-31 13:27:39 PST,racham,Status,ASSIGNED,NEW
2001-10-31 14:08:44 PST,ssu0262,Attachment #55969                Flags,review+,
2001-10-31 14:16:51 PST,sspitzer,Attachment #55969                Flags,superreview+,
2001-10-31 14:18:03 PST,sspitzer,CC,ben,
2001-10-31 15:37:16 PST,racham,Status,RESOLVED,ASSIGNED
2001-10-31 15:37:16 PST,racham,Resolution,FIXED,---
2001-10-31 15:37:16 PST,racham,Last Resolved,2001-10-31 15:37:16,
2001-11-01 08:36:17 PST,piskozub,CC,piskozub,
2001-11-01 08:50:05 PST,piskozub,CC,erich,
2001-11-14 16:31:46 PST,olgam,Status,VERIFIED,RESOLVED
2002-04-25 06:40:54 PDT,calocybe,CC,calocybe,
2002-05-29 18:53:48 PDT,racham,Summary,Can't open link in new window via context menu in a standalone message window,Can't open link in new window
2002-05-29 18:53:48 PDT,racham,Status,REOPENED,VERIFIED
2002-05-29 18:53:48 PDT,racham,Resolution,---,FIXED
2002-05-29 18:54:40 PDT,racham,Whiteboard,[WFM on trunk, doesn't work on branch],
2002-05-29 22:13:14 PDT,scottputterman,Status,RESOLVED,REOPENED
2002-05-29 22:13:14 PDT,scottputterman,Resolution,FIXED,---
2002-05-29 22:13:14 PDT,scottputterman,Last Resolved,2002-05-29 22:13:14,2001-10-31 15:37:16
2002-06-17 14:03:28 PDT,olgam,Status,VERIFIED,RESOLVED
2002-08-24 07:16:26 PDT,oliver,CC,oliver,
2004-11-22 17:25:08 PST,myk,Product,Seamonkey,Browser
