When, Who, What, Added, Removed
2001-10-31 17:31:47 PST,verbal,CC,ksosez,
2001-10-31 17:31:47 PST,verbal,Ever confirmed,1,0
2001-10-31 17:31:47 PST,verbal,Summary,[RFE] print option to output in Postscript Level 2.,Need a print option to output in Postscript Level 2.
2001-10-31 17:31:47 PST,verbal,Status,NEW,UNCONFIRMED
2001-10-31 22:52:06 PST,atontti,CC,atontti,
2001-11-07 17:38:34 PST,kmcclusk,Target Milestone,mozilla1.2,---
2001-11-14 12:49:58 PST,roland.mainz,CC,Roland.Mainz,
2002-03-26 14:47:28 PST,contact2009,Blocks,125824,
2002-04-27 13:27:06 PDT,axion,CC,axion,
2002-05-14 03:05:28 PDT,roland.mainz,Summary,[ps] RFE: print option to output in Postscript Level 2.,[RFE] print option to output in Postscript Level 2.
2004-03-18 19:19:24 PST,jshin1987,CC,jshin, kjh-5727,
2004-06-09 12:08:07 PDT,pkwarren,CC,pkw,
2005-09-21 19:20:39 PDT,federico,CC,federico,
2005-09-23 10:53:44 PDT,jshin1987,Status,RESOLVED,NEW
2005-09-23 10:53:44 PDT,jshin1987,Resolution,FIXED,---
2005-09-23 10:53:44 PDT,jshin1987,Last Resolved,2005-09-23 10:53:44,
