When, Who, What, Added, Removed
2001-10-31 10:50:16 PST,hjtoi-bugzilla,Assignee,rayw,heikki
2001-10-31 10:54:06 PST,hjtoi-bugzilla,Depends on,107795,
2001-10-31 10:54:06 PST,hjtoi-bugzilla,Target Milestone,mozilla0.9.7,---
2001-12-11 21:49:34 PST,rayw,Target Milestone,mozilla0.9.8,mozilla0.9.7
2002-01-17 14:13:47 PST,rayw,Target Milestone,Future,mozilla0.9.8
2002-01-17 14:15:37 PST,rayw,Status,ASSIGNED,NEW
2002-01-17 14:19:40 PST,rayw,Target Milestone,mozilla0.9.9,Future
2002-01-31 11:02:49 PST,hjtoi-bugzilla,Keywords,nsbeta1,
2002-02-05 14:46:36 PST,hjtoi-bugzilla,Keywords,nsbeta1+,nsbeta1
2002-02-21 16:37:15 PST,vidur,Attachment #70820                Flags,superreview+,
2002-02-22 12:09:23 PST,dveditz,Attachment #70820                Flags,review+,
2002-02-22 14:41:40 PST,dbaron,Attachment #70820                Flags,approval+,
2002-02-22 14:42:19 PST,dbaron,Keywords,mozilla0.9.9+,
2002-02-23 02:11:33 PST,rayw,Status,RESOLVED,ASSIGNED
2002-02-23 02:11:33 PST,rayw,Resolution,FIXED,---
2002-02-23 02:11:33 PST,rayw,Last Resolved,2002-02-23 02:11:33,
2002-04-23 15:40:51 PDT,rakeshmishra,QA Contact,rakeshmishra,petersen
2002-06-07 13:18:23 PDT,rakeshmishra,Status,VERIFIED,RESOLVED
