When, Who, What, Added, Removed
2001-10-31 10:54:06 PST,hjtoi-bugzilla,Blocks,107796,
2001-10-31 10:55:40 PST,hjtoi-bugzilla,Depends on,71394, 107794,
2001-10-31 10:55:40 PST,hjtoi-bugzilla,Target Milestone,mozilla0.9.7,---
2001-10-31 10:56:53 PST,hjtoi-bugzilla,Depends on,,107794
2001-12-11 21:48:33 PST,rayw,Target Milestone,mozilla0.9.8,mozilla0.9.7
2002-01-17 14:13:11 PST,rayw,Target Milestone,Future,mozilla0.9.8
2002-01-17 14:14:57 PST,rayw,Status,ASSIGNED,NEW
2002-01-17 15:06:15 PST,hjtoi-bugzilla,Target Milestone,mozilla0.9.9,Future
2002-01-31 11:02:46 PST,hjtoi-bugzilla,Keywords,nsbeta1,
2002-01-31 11:12:27 PST,hjtoi-bugzilla,CC,mstoltz,
2002-02-05 14:47:06 PST,hjtoi-bugzilla,Keywords,nsbeta1+,nsbeta1
2002-02-12 10:57:28 PST,hjtoi-bugzilla,CC,peterv,
2002-02-15 17:55:07 PST,hjtoi-bugzilla,CC,sfraser,
2002-02-16 00:12:52 PST,rayw,Attachment #69795                Attachment description,Fix to last issues of Heikki. (applied),Fix to last issues of Heikki.
2002-02-16 00:12:52 PST,rayw,Attachment #69795                Attachment is obsolete,1,0
2002-02-16 13:04:09 PST,joschi,CC,joschi,
2002-02-18 15:45:11 PST,rayw,Attachment #70123                Attachment is obsolete,1,0
2002-02-18 15:48:08 PST,rayw,Attachment #68637                Attachment is obsolete,1,0
2002-02-18 15:48:08 PST,rayw,Attachment #68637                Flags,review+,
2002-02-18 15:52:12 PST,rayw,Attachment #69738                Flags,needs-work+,
2002-02-18 15:53:31 PST,rayw,Attachment #68637                Attachment description,Windows and Linux makefile changes (applied),Windows and Linux makefile changes
2002-02-18 15:55:41 PST,rayw,Attachment #69795                Flags,review+,
2002-02-18 15:57:10 PST,rayw,Attachment #70112                Attachment description,compiler warnings on Win32 (should be fixed),compiler warnings on Win32
2002-02-18 15:57:10 PST,rayw,Attachment #70112                Attachment is obsolete,1,0
2002-02-18 15:57:59 PST,jband_mozilla,CC,jband,
2002-02-19 12:16:47 PST,jeffp,CC,jeffp,
2002-02-20 09:30:04 PST,peterv,Attachment #68011                Attachment is obsolete,1,0
2002-02-20 09:30:04 PST,peterv,Attachment #68687                Attachment is obsolete,1,0
2002-02-20 09:30:05 PST,peterv,Attachment #68689                Attachment is obsolete,1,0
2002-02-20 11:58:29 PST,rayw,Attachment #69738                Attachment is obsolete,1,0
2002-02-20 14:11:57 PST,sfraser_bugs,Attachment #70529                Flags,superreview+,
2002-02-20 16:53:21 PST,rayw,Attachment #70616                Attachment is obsolete,1,0
2002-02-20 16:54:38 PST,rayw,Attachment #70620                Attachment description,Final soap enabling patch (with the Mac build patch.,Final soap enabling batch.
2002-02-20 16:55:16 PST,jband_mozilla,Attachment #70620                Flags,superreview+,
2002-02-20 17:46:17 PST,shaver,Attachment #70620                Flags,approval+,
2002-02-20 18:25:43 PST,sfraser_bugs,Attachment #70645                Flags,superreview+,
2002-02-20 18:28:08 PST,peterv,Attachment #70529                Attachment is obsolete,1,0
2002-02-21 06:36:18 PST,peterv,Attachment #70620                Attachment is obsolete,1,0
2002-02-21 06:39:36 PST,peterv,Attachment #70645                Attachment is obsolete,1,0
2002-02-21 10:45:46 PST,blizzard,Keywords,mozilla0.9.9+,
2002-02-21 17:46:21 PST,mozilla-bugs,CC,ayn2,
2002-02-21 18:36:06 PST,rayw,Resolution,FIXED,---
2002-02-21 18:36:06 PST,rayw,Last Resolved,2002-02-21 18:36:06,
2002-02-21 18:36:06 PST,rayw,Status,RESOLVED,ASSIGNED
2002-04-23 15:41:54 PDT,rakeshmishra,QA Contact,rakeshmishra,petersen
2002-06-07 12:58:39 PDT,rakeshmishra,Status,VERIFIED,RESOLVED
