When, Who, What, Added, Removed
2001-10-30 20:39:57 PST,mscott,Keywords,nsbeta1, regression,
2001-10-30 20:39:57 PST,mscott,Hardware,All,PC
2001-10-30 20:39:57 PST,mscott,Target Milestone,mozilla0.9.6,---
2001-10-31 00:19:43 PST,scottputterman,Keywords,nsbeta1+,nsbeta1
2001-10-31 00:19:43 PST,scottputterman,Priority,P1,--
2001-10-31 00:19:43 PST,scottputterman,CC,putterman,
2001-10-31 06:11:34 PST,spam,CC,ryan,
2001-10-31 11:13:38 PST,laurel,QA Contact,laurel,esther
2001-10-31 11:15:18 PST,laurel,CC,granrose,
2001-10-31 11:20:13 PST,pratik.solanki,CC,psolanki,
2001-10-31 11:38:24 PST,hwaara,CC,hwaara,
2001-10-31 11:40:18 PST,andreas.premstaller,CC,andreas.premstaller,
2001-10-31 11:47:29 PST,bugzilla,OS,All,Windows 2000
2001-10-31 11:47:29 PST,bugzilla,Severity,critical,normal
2001-10-31 11:47:29 PST,bugzilla,CC,sairuh,
2001-10-31 12:38:24 PST,laurel,CC,rebron,
2001-10-31 12:47:07 PST,mythdraug,CC,mythdraug,
2001-10-31 13:10:03 PST,bruppel1,CC,slate,
2001-10-31 13:38:59 PST,asa,Blocks,104864,
2001-10-31 13:52:23 PST,eric,Blocks,,104864
2001-10-31 18:22:59 PST,awagner,CC,awagner,
2001-10-31 22:13:20 PST,asa,CC,asa,
2001-10-31 22:13:20 PST,asa,Blocks,104864,
2001-11-01 13:47:08 PST,bugzilla,CC,Besi,
2001-11-01 17:14:08 PST,stephend,CC,stephend,
2001-11-01 23:22:53 PST,moz,CC,moz,
2001-11-02 00:48:20 PST,aleksander.adamowski,CC,olo,
2001-11-02 09:45:11 PST,piskozub,CC,piskozub,
2001-11-02 09:45:11 PST,piskozub,Blocks,,104864
2001-11-02 11:03:47 PST,asa,Blocks,104864,
2001-11-02 16:03:43 PST,amla70,CC,lenbok,
2001-11-03 09:14:30 PST,bugs,CC,smaug,
2001-11-04 07:27:37 PST,caillon,CC,caillon,
2001-11-05 03:30:43 PST,amla70,CC,garretta,
2001-11-05 08:11:15 PST,mozilla.org,CC,mozilla.org,
2001-11-05 11:12:07 PST,laurel,CC,silviu,
2001-11-05 11:24:43 PST,olgam,CC,olgam,
2001-11-05 21:21:04 PST,gabrielseah,CC,gabrielseah,
2001-11-06 00:45:32 PST,basic,CC,_basic,
2001-11-06 11:34:22 PST,bugzilla,Keywords,patch, review,
2001-11-06 13:06:08 PST,mscott,Attachment #56545                Attachment is obsolete,1,0
2001-11-06 13:10:24 PST,mscott,Status,ASSIGNED,NEW
2001-11-06 14:13:46 PST,mscott,Attachment #56762                Flags,superreview+,
2001-11-06 15:53:05 PST,mscott,Status,RESOLVED,ASSIGNED
2001-11-06 15:53:05 PST,mscott,Resolution,FIXED,---
2001-11-06 15:53:05 PST,mscott,Last Resolved,2001-11-06 15:53:05,
2001-11-06 18:08:40 PST,eric,Status,REOPENED,RESOLVED
2001-11-06 18:08:40 PST,eric,Resolution,---,FIXED
2001-11-06 18:09:27 PST,eric,Status,NEW,REOPENED
2001-11-06 18:09:27 PST,eric,Assignee,evaughan,mscott
2001-11-07 09:04:04 PST,eennjp,CC,eennjp,
2001-11-07 13:14:44 PST,eric,Status,ASSIGNED,NEW
2001-11-07 14:52:15 PST,spam,CC,t.rother,
2001-11-07 17:42:43 PST,jag-mozilla,Attachment #56918                Flags,review+,
2001-11-07 18:04:26 PST,asa,Keywords,mozilla0.9.6+,
2001-11-08 12:51:26 PST,eric,Status,RESOLVED,ASSIGNED
2001-11-08 12:51:26 PST,eric,Resolution,FIXED,---
2001-11-08 12:51:26 PST,eric,Last Resolved,2001-11-08 12:51:26,2001-11-06 15:53:05
2001-11-08 14:05:28 PST,mozilla.org,CC,,mozilla.org
2001-11-08 22:11:33 PST,bzbarsky,CC,blakdogg,
2001-11-09 10:33:03 PST,laurel,CC,superbiskit,
2001-11-14 14:41:15 PST,laurel,Status,VERIFIED,RESOLVED
2003-02-27 23:31:44 PST,gabrielseah,CC,,gabrielseah
2004-11-22 17:25:08 PST,myk,Product,Seamonkey,Browser
2011-08-05 22:43:59 PDT,asa,CC,,asa
2014-04-26 03:33:21 PDT,basic,CC,,basic
