When, Who, What, Added, Removed
2001-10-31 17:00:33 PST,ajvincent,Summary,Javascript not updating variable quickly enough for method call,Javascript URL redirect not written correctly
2001-10-31 17:00:33 PST,ajvincent,Status,NEW,UNCONFIRMED
2001-10-31 17:00:33 PST,ajvincent,Ever confirmed,1,0
2001-10-31 17:20:31 PST,ajvincent,Keywords,regression, testcase,
2001-10-31 17:20:31 PST,ajvincent,CC,ajvincent,
2001-10-31 17:39:44 PST,brendan,Keywords,js1.5, mozilla0.9.6,
2001-10-31 17:39:44 PST,brendan,Priority,P1,--
2001-10-31 17:39:44 PST,brendan,Assignee,brendan,rogerl
2001-10-31 17:39:44 PST,brendan,CC,khanson, shaver, jband, rogerl,
2001-10-31 17:39:44 PST,brendan,Target Milestone,mozilla0.9.6,---
2001-10-31 17:45:11 PST,brendan,Summary,String.prototype.lastIndexOf counts on 0 termination of JSSTRING_CHARS,Javascript not updating variable quickly enough for method call
2001-10-31 17:45:11 PST,brendan,Status,ASSIGNED,NEW
2001-10-31 19:23:10 PST,brendan,Attachment #56017                Flags,review+, superreview+,
2001-10-31 19:24:02 PST,brendan,CC,waterson,
2001-10-31 19:24:02 PST,brendan,Last Resolved,2001-10-31 19:24:02,
2001-10-31 19:24:02 PST,brendan,Status,RESOLVED,ASSIGNED
2001-10-31 19:24:02 PST,brendan,Resolution,FIXED,---
2001-11-01 13:55:49 PST,ajvincent,URL,https://web1.e-travel.com/ericsson,http://https://web1.e-travel.com/ericsson
2001-11-01 18:14:04 PST,pschwartau,Status,VERIFIED,RESOLVED
2005-04-28 14:29:42 PDT,bob,Flags,testcase+,
