When, Who, What, Added, Removed
2001-11-03 00:39:25 PST,slogan,Assignee,cmanske,syd
2001-11-07 14:36:55 PST,cmanske,Keywords,patch, review,
2001-11-07 14:36:55 PST,cmanske,Whiteboard,EDITORBASE, FIX IN HAND, need r=,sr=,
2001-11-07 14:36:55 PST,cmanske,Summary,Insert character dialog's "category" radiobuttons are not initialized correctly; "Insert" button not disabled correctly,misrepresentation of characters and symbols after making changes to individual character in body of HTML document.
2001-11-07 14:36:55 PST,cmanske,Status,ASSIGNED,UNCONFIRMED
2001-11-07 14:36:55 PST,cmanske,Target Milestone,mozilla0.9.7,---
2001-11-07 14:36:55 PST,cmanske,Ever confirmed,1,0
2001-11-07 14:40:45 PST,cmanske,Attachment #56948                Attachment is obsolete,1,0
2001-11-14 14:55:35 PST,brade,Attachment #56950                Attachment is obsolete,1,0
2001-11-14 14:55:35 PST,brade,Attachment #56950                Flags,needs-work+,
2001-11-14 15:11:44 PST,brade,Attachment #57831                Flags,review+,
2001-11-14 15:19:42 PST,brade,Whiteboard,EDITORBASE, FIX IN HAND, need sr=,EDITORBASE, FIX IN HAND, need r=,sr=
2001-11-14 16:32:00 PST,kinmoz,Attachment #57831                Flags,superreview+,
2001-11-14 16:32:21 PST,kinmoz,Whiteboard,EDITORBASE, FIX IN HAND, reviewed,EDITORBASE, FIX IN HAND, need sr=
2001-11-14 21:34:47 PST,cmanske,Resolution,FIXED,---
2001-11-14 21:34:47 PST,cmanske,Last Resolved,2001-11-14 21:34:47,
2001-11-14 21:34:47 PST,cmanske,Keywords,,patch, review
2001-11-14 21:34:47 PST,cmanske,Whiteboard,EDITORBASE,EDITORBASE, FIX IN HAND, reviewed
2001-11-14 21:34:47 PST,cmanske,Status,RESOLVED,ASSIGNED
2001-11-15 09:49:46 PST,dslmichael,Status,VERIFIED,RESOLVED
2004-11-22 17:25:08 PST,myk,Product,Seamonkey,Browser
