When, Who, What, Added, Removed
2001-10-31 10:19:45 PST,darin.moz,Status,ASSIGNED,NEW
2001-10-31 10:19:45 PST,darin.moz,Priority,P3,--
2001-10-31 10:19:45 PST,darin.moz,Target Milestone,mozilla0.9.6,---
2001-10-31 16:51:41 PST,dougt,Attachment #55960                Flags,review+,
2001-11-02 11:21:47 PST,rpotts,Attachment #55960                Flags,superreview+,
2001-11-02 12:01:33 PST,darin.moz,CC,av, beard, peterlubczynski,
2001-11-05 18:54:56 PST,darin.moz,Status,RESOLVED,ASSIGNED
2001-11-05 18:54:56 PST,darin.moz,Resolution,FIXED,---
2001-11-05 18:54:56 PST,darin.moz,Last Resolved,2001-11-05 18:54:56,
2001-11-05 23:30:20 PST,netscape,Status,REOPENED,RESOLVED
2001-11-05 23:30:20 PST,netscape,Resolution,---,FIXED
2001-11-06 08:33:24 PST,blizzard,Depends on,108637,
2001-11-06 09:51:35 PST,bruppel1,CC,slate,
2001-11-06 11:05:35 PST,aleksander.adamowski,CC,olo,
2001-11-06 11:32:02 PST,stephend,CC,stephend,
2001-11-06 11:54:43 PST,darin.moz,Target Milestone,mozilla0.9.7,mozilla0.9.6
2001-11-06 13:51:55 PST,serhunt,Summary,deprecate nsIRandomAccessStore (superceded by nsISeekableStream),depracate nsIRandomAccessStore (superceded by nsISeekableStream)
2001-11-06 16:08:22 PST,ezh,CC,ezh,
2001-11-08 18:12:22 PST,darin.moz,Attachment #55960                Attachment is obsolete,1,0
2001-11-08 23:32:03 PST,darin.moz,Keywords,arch,
2001-11-12 13:46:48 PST,dougt,Attachment #57170                Flags,review+,
2001-11-13 14:19:53 PST,rpotts,Attachment #57170                Flags,superreview+,
2001-11-13 22:50:50 PST,darin.moz,Status,RESOLVED,REOPENED
2001-11-13 22:50:50 PST,darin.moz,Resolution,FIXED,---
2001-11-13 22:50:50 PST,darin.moz,Last Resolved,2001-11-13 22:50:50,2001-11-05 18:54:56
