When, Who, What, Added, Removed
2001-11-06 15:13:50 PST,hwaara,CC,mscott,
2001-11-06 15:15:28 PST,hwaara,Keywords,dataloss,
2001-11-06 15:15:28 PST,hwaara,OS,All,Windows 2000
2001-11-06 15:15:28 PST,hwaara,Severity,critical,normal
2001-11-06 15:15:28 PST,hwaara,CC,hwaara,
2001-11-10 11:35:57 PST,robert.pollak,CC,robert_pollak,
2001-11-11 16:04:15 PST,stephend,Hardware,All,PC
2002-01-09 03:32:06 PST,hwaara,Summary,NNTP error (like "400 Too_Many_Connections") seems to cache selected article even though the article is not download,NNTP error (like "400 Too_Many_Connections") seems to seems to cache selected article even thought the article is not download
2002-01-09 03:32:06 PST,hwaara,Severity,major,critical
2002-01-15 12:55:49 PST,scottputterman,Status,ASSIGNED,NEW
2002-01-15 12:55:49 PST,scottputterman,Target Milestone,mozilla1.2,---
2003-01-18 17:47:51 PST,brant,Severity,critical,major
2003-03-06 04:35:48 PST,3.14,CC,neil,
2003-03-06 04:38:52 PST,3.14,CC,bugzilla,
2003-03-06 04:38:52 PST,3.14,Target Milestone,---,mozilla1.2alpha
2003-03-06 04:38:52 PST,3.14,Flags,blocking1.4a?,
2003-03-21 11:38:26 PST,asa,Flags,blocking1.4a-,blocking1.4a?
2003-04-07 05:15:14 PDT,3.14,Flags,blocking1.4b?,
2003-04-22 14:46:09 PDT,asa,Flags,blocking1.4b-,blocking1.4b?
2003-06-05 07:37:01 PDT,pbyrne,CC,pbyrne,
2003-11-01 08:15:40 PST,ch.ey,CC,cstef,
2003-11-01 08:17:49 PST,ch.ey,CC,ch.ey,
2004-01-19 05:24:12 PST,3.14,Flags,blocking1.7a?,
2004-02-02 13:00:56 PST,asa,CC,mscott,
2004-02-09 15:10:05 PST,asa,Flags,blocking1.7a-,blocking1.7a?
2004-03-24 19:27:44 PST,spam,CC,solovam,
2004-03-25 09:10:11 PST,pbyrne,Flags,blocking1.7?,
2004-04-22 14:28:04 PDT,asa,Flags,blocking1.7-,blocking1.7?
2004-04-28 06:26:06 PDT,3.14,Flags,blocking1.8a?,
2004-05-19 22:36:09 PDT,asa,Flags,blocking1.8a-,blocking1.4a-, blocking1.4b-, blocking1.7a-, blocking1.8a?
2004-11-22 17:26:45 PST,myk,Product,Core,MailNews
2005-01-12 09:43:33 PST,3.14,Flags,blocking1.8b?,
2005-01-31 10:12:05 PST,asa,Flags,blocking1.8b+,blocking1.7-, blocking1.8a1-, blocking1.8b?
2005-01-31 13:52:41 PST,d_king,CC,dgk,
2005-02-01 09:11:08 PST,bugzillamozillaorg_serge_20140323,CC,,mscott
2005-02-01 12:53:49 PST,mikael,CC,mikael,
2005-02-01 14:53:31 PST,bugzilla1,CC,bugzilla,
2005-02-14 12:49:47 PST,bugzilla,CC,bugzilla,
2005-02-14 14:25:18 PST,mozilla,Status,NEW,ASSIGNED
2005-02-14 14:25:18 PST,mozilla,Assignee,bienvenu,sspitzer
2005-02-15 06:08:39 PST,ch.ey,CC,,ch.ey
2005-02-15 08:20:53 PST,mozilla,Attachment #174381                Flags,superreview?(mscott),
2005-02-15 09:46:51 PST,mscott,Attachment #174381                Flags,superreview+,superreview?(mscott)
2005-02-15 10:01:10 PST,mozilla,Attachment #174381                Flags,approval1.8b?,
2005-02-15 14:38:52 PST,sspitzer,Attachment #174381                Flags,approval1.8b+,approval1.8b?
2005-02-15 19:24:20 PST,mozilla,Last Resolved,2005-02-15 19:24:20,
2005-02-15 19:24:20 PST,mozilla,Status,RESOLVED,NEW
2005-02-15 19:24:20 PST,mozilla,Resolution,FIXED,---
2005-04-04 08:27:44 PDT,mozilla,CC,tolid,
2005-08-31 07:35:55 PDT,mozilla,CC,beetles,
2009-01-22 10:17:39 PST,nobody,Product,MailNews Core,Core
2010-03-17 05:50:36 PDT,Pidgeot18,CC,cavin,
