When, Who, What, Added, Removed
2001-10-31 13:01:36 PST,lchiang,Summary,Remove vbranch and vtrunk keywords.,Remove vbranch and vtrunk keywords.
2001-11-01 14:18:40 PST,bugzilla,CC,valeski,
2002-03-21 17:32:35 PST,asa,Last Resolved,2002-03-21 17:32:35,
2002-03-21 17:32:35 PST,asa,Status,RESOLVED,NEW
2002-03-21 17:32:35 PST,asa,Resolution,FIXED,---
2002-03-21 20:10:18 PST,timeless,Status,VERIFIED,RESOLVED
2011-06-26 22:54:48 PDT,nobody,Product,bugzilla.mozilla.org,mozilla.org
2011-06-26 22:54:48 PDT,nobody,Component,Administration,Bugzilla: Keywords & Components
