When, Who, What, Added, Removed
2001-10-31 11:08:31 PST,bzbarsky,Status,NEW,UNCONFIRMED
2001-10-31 11:08:31 PST,bzbarsky,CC,bzbarsky,
2001-10-31 11:08:31 PST,bzbarsky,Ever confirmed,1,0
2001-11-12 07:50:13 PST,bzbarsky,CC,bstell,
2001-11-13 10:35:07 PST,bstell,CC,ftang, nhotta,
2001-11-13 10:39:14 PST,tetsuroy,Assignee,nhotta,yokoyama
2001-11-13 10:39:14 PST,tetsuroy,CC,yokoyama, rbs, shanjian,
2001-11-13 12:51:46 PST,nhottanscp,Assignee,ftang,nhotta
2001-11-16 00:35:26 PST,ftang,Assignee,nhotta,ftang
2001-11-16 10:08:00 PST,nhottanscp,Status,ASSIGNED,NEW
2001-11-16 10:08:00 PST,nhottanscp,Target Milestone,mozilla0.9.8,---
2001-12-04 10:19:28 PST,nhottanscp,Status,NEW,ASSIGNED
2001-12-04 10:19:28 PST,nhottanscp,Assignee,ftang,nhotta
2001-12-04 10:19:28 PST,nhottanscp,Target Milestone,---,mozilla0.9.8
2001-12-04 10:19:48 PST,nhottanscp,Resolution,FIXED,---
2001-12-04 10:19:48 PST,nhottanscp,Last Resolved,2001-12-04 10:19:48,
2001-12-04 10:19:48 PST,nhottanscp,Status,RESOLVED,NEW
2001-12-28 14:05:18 PST,teruko,Status,VERIFIED,RESOLVED
