When, Who, What, Added, Removed
2001-10-31 11:13:17 PST,alecf,Attachment #55943                Flags,superreview+,
2001-10-31 15:37:52 PST,samir_bugzilla,Attachment #55943                Flags,review+,
2001-10-31 15:39:00 PST,samir_bugzilla,Keywords,mozilla0.9.6,
2001-10-31 15:39:42 PST,samir_bugzilla,CC,bugzilla,
2001-10-31 16:13:30 PST,bnesse,Status,RESOLVED,NEW
2001-10-31 16:13:30 PST,bnesse,Resolution,FIXED,---
2001-10-31 16:13:30 PST,bnesse,Last Resolved,2001-10-31 16:13:30,
2002-12-17 23:36:20 PST,bugzilla,Status,VERIFIED,RESOLVED
2008-07-31 04:30:00 PDT,nobody,Product,SeaMonkey,Core
