When, Who, What, Added, Removed
2001-10-31 13:55:46 PST,jake,Assignee,jake,tara
2001-10-31 13:55:46 PST,jake,CC,tara,
2001-10-31 13:56:06 PST,jake,Status,ASSIGNED,NEW
2002-12-30 20:01:43 PST,justdave,Attachment #55936                Flags,review?(tara),
2003-05-01 23:20:03 PDT,tara,Resolution,FIXED,---
2003-05-01 23:20:03 PDT,tara,Last Resolved,2003-05-01 23:20:03,
2003-05-01 23:20:03 PDT,tara,Status,RESOLVED,ASSIGNED
2005-06-16 19:56:21 PDT,asa,Attachment #55936                Flags,,review?(tara)
