When, Who, What, Added, Removed
2001-12-07 07:08:23 PST,mikepinkerton,CC,rginda, darin, beard, jband,
2001-12-07 13:50:22 PST,mikepinkerton,Attachment #60840                Flags,review+,
2001-12-07 13:50:39 PST,jband_mozilla,Attachment #60840                Flags,superreview+,review+
2001-12-07 13:51:49 PST,mikepinkerton,CC,sfraser,
2001-12-07 14:34:20 PST,darin.moz,Status,RESOLVED,NEW
2001-12-07 14:34:20 PST,darin.moz,Resolution,FIXED,---
2001-12-07 14:34:20 PST,darin.moz,Last Resolved,2001-12-07 14:34:20,
2001-12-26 14:17:12 PST,tpreston,Status,VERIFIED,RESOLVED
