When, Who, What, Added, Removed
2001-10-31 10:55:40 PST,hjtoi-bugzilla,Blocks,107795,
2001-10-31 10:56:53 PST,hjtoi-bugzilla,Target Milestone,mozilla0.9.7,---
2001-10-31 10:56:53 PST,hjtoi-bugzilla,Blocks,,107795
2001-10-31 10:58:41 PST,hjtoi-bugzilla,Depends on,44675,
2001-11-26 09:21:54 PST,tpowellmoz,CC,tpowell,
2001-11-26 09:40:05 PST,rayw,Status,ASSIGNED,NEW
2001-12-11 21:47:59 PST,rayw,Target Milestone,mozilla0.9.8,mozilla0.9.7
2002-01-17 14:12:43 PST,rayw,Target Milestone,Future,mozilla0.9.8
2002-01-17 14:18:53 PST,rayw,Target Milestone,mozilla0.9.9,Future
2002-01-22 14:50:44 PST,andyed,CC,andy.edmonds,
2002-01-24 10:23:09 PST,rayw,Status,RESOLVED,ASSIGNED
2002-01-24 10:23:09 PST,rayw,Resolution,FIXED,---
2002-01-24 10:23:09 PST,rayw,Last Resolved,2002-01-24 10:23:09,
2002-12-02 17:15:31 PST,rakeshmishra,QA Contact,rakeshmishra,petersen
