When, Who, What, Added, Removed
2001-10-30 20:36:20 PST,shrutiv,CC,blee,
2001-10-31 08:30:12 PST,kristif,Assignee,kristif,shrutiv
2001-10-31 13:42:56 PST,kristif,Status,RESOLVED,NEW
2001-10-31 13:42:56 PST,kristif,Resolution,REMIND,---
2001-10-31 13:42:56 PST,kristif,Last Resolved,2001-10-31 13:42:56,
2001-11-06 08:25:03 PST,BarrettLndstrm,QA Contact,blee,barrettl
2002-04-29 12:43:10 PDT,choess,Status,REOPENED,RESOLVED
2002-04-29 12:43:10 PDT,choess,Resolution,---,REMIND
2002-04-29 12:43:31 PDT,choess,Status,NEW,REOPENED
2002-04-29 12:43:31 PDT,choess,Assignee,shrutiv,kristif
2002-06-03 10:37:53 PDT,jaworskirob,Assignee,kristif,shrutiv
2002-06-03 10:37:53 PDT,jaworskirob,Whiteboard,[cckrtm],
2002-06-04 10:03:10 PDT,jaworskirob,Whiteboard,[cckrtm+],[cckrtm]
2002-07-12 12:15:48 PDT,kristif,Status,ASSIGNED,NEW
2002-08-26 17:12:33 PDT,kristif,Status,NEW,ASSIGNED
2002-08-26 17:12:33 PDT,kristif,Assignee,mhube,kristif
2002-08-26 17:14:12 PDT,kristif,Status,RESOLVED,NEW
2002-08-26 17:14:12 PDT,kristif,Resolution,FIXED,---
2002-08-26 17:14:12 PDT,kristif,Last Resolved,2002-08-26 17:14:12,2001-10-31 13:42:56
