When, Who, What, Added, Removed
2001-10-31 05:13:18 PST,wolruf,OS,All,FreeBSD
2001-10-31 05:13:18 PST,wolruf,CC,cahagn_o,
2001-10-31 17:55:43 PST,pschwartau,Summary,DynAPI JS Scroll object doesn't work,JS Scroll object doesn't work on BSD 4.4
2001-10-31 17:55:43 PST,pschwartau,Status,NEW,UNCONFIRMED
2001-10-31 17:55:43 PST,pschwartau,CC,pschwartau,
2001-10-31 17:55:43 PST,pschwartau,Ever confirmed,1,0
2001-11-01 14:37:20 PST,pschwartau,Component,DOM Level 0,Javascript Engine
2001-11-01 14:37:20 PST,pschwartau,Assignee,jst,rogerl
2001-11-01 14:37:20 PST,pschwartau,QA Contact,amar,pschwartau
2001-11-01 14:37:20 PST,pschwartau,CC,bclary,
2001-11-01 17:20:49 PST,pschwartau,Product,Tech Evangelism,Browser
2001-11-01 17:20:49 PST,pschwartau,Version,unspecified,other
2001-11-01 17:20:49 PST,pschwartau,Component,Europe: West,DOM Level 0
2001-11-01 17:20:49 PST,pschwartau,Assignee,nitot,jst
2001-11-01 17:20:49 PST,pschwartau,QA Contact,caillon,amar
2001-11-01 17:24:07 PST,pschwartau,Severity,major,normal
2001-11-01 17:29:27 PST,pschwartau,Summary,DynAPI JS Scroll2 object doesn't work,DynAPI JS Scroll object doesn't work
2001-11-06 07:34:44 PST,tristan,Status,ASSIGNED,NEW
2001-11-06 07:34:44 PST,tristan,Priority,P2,--
2001-11-23 03:24:21 PST,z-aillon.c-obsolete2,Summary,pariscope.fr - DynAPI JS Scroll2 object doesn't work,DynAPI JS Scroll2 object doesn't work
2001-11-23 03:24:21 PST,z-aillon.c-obsolete2,Blocks,54458,
2001-12-24 10:59:23 PST,bob,Whiteboard,[TOOL][DYNAPI],
2002-04-16 07:05:41 PDT,mpillard,CC,bugzillamat,
2002-05-06 10:22:05 PDT,p_ch,CC,pierrechanial,
2002-06-28 10:23:56 PDT,p_ch,Target Milestone,Sep,---
2002-06-28 11:09:45 PDT,tristan,CC,peterv,
2002-07-31 03:21:33 PDT,mpillard,Whiteboard,[TOOL][DYNAPI][havefix],[TOOL][DYNAPI]
2002-08-26 09:04:39 PDT,mpillard,Whiteboard,[TOOL][DYNAPI][havefix][havecontact],[TOOL][DYNAPI][havefix]
2002-10-13 14:04:27 PDT,mpillard,Status,RESOLVED,ASSIGNED
2002-10-13 14:04:27 PDT,mpillard,Resolution,FIXED,---
2002-10-13 14:04:27 PDT,mpillard,Last Resolved,2002-10-13 14:04:27,
2002-10-14 08:38:45 PDT,peterv,Status,VERIFIED,RESOLVED
2003-06-13 12:18:07 PDT,bob,Component,French,Europe: West
2003-06-13 12:18:07 PDT,bob,Target Milestone,---,Sep
2015-04-19 23:42:52 PDT,nobody,Product,Tech Evangelism Graveyard,Tech Evangelism
