When, Who, What, Added, Removed
2001-11-02 16:59:00 PST,gordon,Target Milestone,mozilla0.9.8,---
2002-01-15 17:22:05 PST,gordon,Target Milestone,mozilla0.9.9,mozilla0.9.8
2002-02-07 18:03:25 PST,gordon,Priority,P1,--
2002-02-12 12:45:43 PST,gagan,Keywords,nsbeta1+,
2002-02-14 17:57:32 PST,gordon,Whiteboard,patch,
2002-02-18 19:30:53 PST,gordon,Attachment #69575                Flags,superreview+,
2002-02-18 19:40:20 PST,gagan,Attachment #69575                Flags,review+,
2002-02-18 22:46:22 PST,gordon,Status,RESOLVED,NEW
2002-02-18 22:46:22 PST,gordon,Resolution,FIXED,---
2002-02-18 22:46:22 PST,gordon,Last Resolved,2002-02-18 22:46:22,
2002-03-01 18:03:22 PST,tever,Status,VERIFIED,RESOLVED
