When, Who, What, Added, Removed
2001-10-31 06:07:55 PST,t8m,Keywords,mozilla0.9.6, regression,
2001-10-31 06:07:55 PST,t8m,Status,NEW,UNCONFIRMED
2001-10-31 06:07:55 PST,t8m,Severity,major,normal
2001-10-31 06:07:55 PST,t8m,CC,t8m,
2001-10-31 06:07:55 PST,t8m,Ever confirmed,1,0
2001-10-31 08:54:02 PST,twalker,Hardware,All,PC
2001-10-31 08:54:02 PST,twalker,OS,All,Linux
2001-10-31 11:48:23 PST,wd,CC,wd,
2001-10-31 13:43:31 PST,hewitt,Status,ASSIGNED,NEW
2001-10-31 13:43:31 PST,hewitt,Priority,P1,--
2001-10-31 13:43:31 PST,hewitt,Target Milestone,mozilla0.9.6,---
2001-10-31 21:29:22 PST,atontti,CC,mozilla,
2001-11-01 09:00:24 PST,cbiesinger,CC,cbiesinger,
2001-11-01 09:01:38 PST,alex,CC,alex,
2001-11-01 13:42:47 PST,bugzilla,CC,fjleon,
2001-11-01 15:21:45 PST,hewitt,CC,dbaron, hyatt,
2001-11-01 16:25:05 PST,hewitt,Status,NEW,ASSIGNED
2001-11-01 16:25:05 PST,hewitt,Assignee,dbaron,hewitt
2001-11-01 16:59:58 PST,hyatt,Attachment #56181                Flags,superreview+,
2001-11-01 18:20:55 PST,blizzard,Blocks,104864,
2001-11-01 20:20:41 PST,dbaron,Resolution,FIXED,---
2001-11-01 20:20:41 PST,dbaron,Last Resolved,2001-11-01 20:20:41,
2001-11-01 20:20:41 PST,dbaron,Status,RESOLVED,NEW
2001-11-02 05:36:59 PST,Tobias.Besemer,CC,Besi,
2001-11-02 07:01:58 PST,fleona,Status,VERIFIED,RESOLVED
2001-11-15 18:21:57 PST,blizzard,Blocks,,104864
2004-11-23 18:54:58 PST,myk,Product,Mozilla Application Suite,Core
