When, Who, What, Added, Removed
2001-10-31 08:12:27 PST,bzbarsky,CC,bzbarsky,
2001-10-31 11:11:48 PST,bugzilla,Status,RESOLVED,UNCONFIRMED
2001-10-31 11:11:48 PST,bugzilla,Resolution,FIXED,---
2001-10-31 11:11:48 PST,bugzilla,Last Resolved,2001-10-31 11:11:48,
2001-11-08 15:22:50 PST,bugzilla,Status,VERIFIED,RESOLVED
2004-11-23 18:54:58 PST,myk,Product,Mozilla Application Suite,Core
2005-11-22 15:19:04 PST,bzbarsky,CC,,bzbarsky
2008-07-31 04:13:32 PDT,timeless,Component,UI Design,XP Apps: GUI Features
