When, Who, What, Added, Removed
2001-11-01 00:18:43 PST,sspitzer,Assignee,sspitzer,naving
2001-11-01 00:18:43 PST,sspitzer,CC,bienvenu, ssu,
2001-11-01 00:19:15 PST,sspitzer,Status,ASSIGNED,NEW
2001-11-01 00:19:15 PST,sspitzer,CC,naving,
2001-11-01 00:22:44 PST,sspitzer,Status,RESOLVED,ASSIGNED
2001-11-01 00:22:44 PST,sspitzer,Resolution,FIXED,---
2001-11-01 00:22:44 PST,sspitzer,Last Resolved,2001-11-01 00:22:44,
2001-11-14 14:37:48 PST,laurel,Status,VERIFIED,RESOLVED
2004-11-22 17:25:08 PST,myk,Product,Seamonkey,Browser
2008-07-31 02:19:00 PDT,timeless,QA Contact,search,laurel
2008-07-31 02:19:00 PDT,timeless,Component,MailNews: Message Display,MailNews: Search
