When, Who, What, Added, Removed
2001-11-03 16:21:52 PST,lohphat,CC,lohphat,
2001-11-12 04:06:05 PST,cesarb,CC,cesarb,
2001-11-15 01:56:50 PST,daniel,CC,daniel,
2001-11-26 12:59:51 PST,basic,CC,_basic,
2001-11-29 11:03:45 PST,hyatt,Status,ASSIGNED,NEW
2001-11-29 11:03:45 PST,hyatt,Target Milestone,mozilla1.1,---
2001-11-29 22:17:20 PST,bugzilla,CC,down8,
2001-12-03 07:05:19 PST,hendikins,CC,groginsky,
2001-12-03 07:06:52 PST,hendikins,CC,nobandwidth,
2001-12-03 13:00:10 PST,bugzilla,QA Contact,sairuh,blakeross
2001-12-18 14:05:55 PST,amla70,CC,atmjav,
2002-01-07 01:46:32 PST,bugzilla,CC,jose.jeria,
2002-01-21 13:52:51 PST,hyatt,Status,NEW,ASSIGNED
2002-01-21 13:52:51 PST,hyatt,Assignee,jaggernaut,hyatt
2002-02-11 11:03:53 PST,j.moz,CC,joonas,
2002-03-12 05:54:17 PST,boullet.marc,CC,amitkuchu,
2002-03-22 11:48:17 PST,wkemp,CC,wkemp,
2002-07-09 08:15:48 PDT,amla70,CC,alfonsobugs,
2002-07-09 08:56:39 PDT,bugzilla,CC,,jose.jeria
2002-07-09 14:06:55 PDT,jag-mozilla,Attachment #90621                Attachment is obsolete,1,0
2002-07-09 14:11:52 PDT,caillon,Attachment #90658                Flags,review+,
2002-07-09 14:50:24 PDT,amla70,CC,jkng,
2002-07-10 12:16:50 PDT,bugs,Attachment #90658                Flags,superreview+,
2002-07-15 11:57:53 PDT,asa,Attachment #90658                Flags,approval+,
2002-07-18 00:39:40 PDT,jag-mozilla,Resolution,FIXED,---
2002-07-18 00:39:40 PDT,jag-mozilla,Last Resolved,2002-07-18 00:39:40,
2002-07-18 00:39:40 PDT,jag-mozilla,Status,RESOLVED,NEW
2002-09-17 11:23:40 PDT,bugzilla,Status,VERIFIED,RESOLVED
2003-02-27 03:18:17 PST,torben,CC,eippihuoywercs,
2008-07-31 04:30:00 PDT,nobody,Product,SeaMonkey,Core
2014-04-26 03:30:36 PDT,basic,CC,,basic
