When, Who, What, Added, Removed
2001-10-31 13:52:08 PST,ssu0262,Keywords,nsbeta1, regression,
2001-10-31 14:46:50 PST,laurel,QA Contact,olgam,esther
2001-10-31 18:09:09 PST,racham,Assignee,ben,racham
2001-11-02 14:43:15 PST,bugs,Status,ASSIGNED,NEW
2001-11-03 23:16:33 PST,bugs,CC,sspitzer,
2001-11-03 23:20:20 PST,bugzilla,Attachment #56395                Flags,review+,
2001-11-05 14:20:33 PST,sspitzer,Attachment #56395                Flags,superreview+,
2001-11-05 17:45:37 PST,bugs,Status,RESOLVED,ASSIGNED
2001-11-05 17:45:37 PST,bugs,Resolution,FIXED,---
2001-11-05 17:45:37 PST,bugs,Last Resolved,2001-11-05 17:45:37,
2001-11-14 16:32:38 PST,olgam,Status,VERIFIED,RESOLVED
2004-11-22 17:25:08 PST,myk,Product,Seamonkey,Browser
