When, Who, What, Added, Removed
2001-10-31 15:43:30 PST,alex,Status,NEW,UNCONFIRMED
2001-10-31 15:43:30 PST,alex,Component,ImageLib,Layout
2001-10-31 15:43:30 PST,alex,Assignee,pavlov,attinasi
2001-10-31 15:43:30 PST,alex,QA Contact,tpreston,petersen
2001-10-31 15:43:30 PST,alex,CC,alex,
2001-10-31 15:43:30 PST,alex,Ever confirmed,1,0
2002-02-01 14:15:29 PST,contact2009,Blocks,119597,
2002-02-07 05:01:57 PST,pavlov,Target Milestone,Future,---
2002-02-07 11:22:13 PST,basic,CC,_basic,
2002-10-10 12:11:42 PDT,paper,CC,paper,
2002-10-10 12:11:42 PDT,paper,Depends on,152756,
2002-10-10 12:59:54 PDT,paper,Status,RESOLVED,NEW
2002-10-10 12:59:54 PDT,paper,Resolution,FIXED,---
2002-10-10 12:59:54 PDT,paper,Last Resolved,2002-10-10 12:59:54,
2014-04-26 02:24:34 PDT,basic,CC,,basic
