When, Who, What, Added, Removed
2001-10-31 15:11:21 PST,bzbarsky,Status,NEW,UNCONFIRMED
2001-10-31 15:11:21 PST,bzbarsky,Ever confirmed,1,0
2001-10-31 15:26:00 PST,laurel,CC,sspitzer,
2001-11-01 06:31:30 PST,peter.oshea,Keywords,mozilla1.0,
2001-12-18 13:27:54 PST,peter.oshea,Target Milestone,mozilla0.9.8,---
2002-04-15 13:59:39 PDT,adam,Keywords,helpwanted,
2002-04-15 13:59:39 PDT,adam,Assignee,nobody,adam
2002-04-15 13:59:39 PDT,adam,Target Milestone,Future,mozilla0.9.8
2002-04-15 14:00:03 PDT,adam,CC,adam,
2002-09-22 05:07:43 PDT,adam,CC,ac131313,
2002-09-22 05:27:02 PDT,johann.petrak,CC,johann,
2002-09-22 08:54:15 PDT,johann.petrak,Status,ASSIGNED,NEW
2002-09-22 08:54:15 PDT,johann.petrak,Severity,major,normal
2002-09-22 09:18:36 PDT,johann.petrak,Status,NEW,ASSIGNED
2002-09-22 09:18:36 PDT,johann.petrak,Assignee,johann,nobody
2002-09-22 09:45:53 PDT,adam,Keywords,,mozilla1.0
2002-09-22 23:34:27 PDT,roland.mainz,CC,Roland.Mainz,
2002-09-23 00:02:47 PDT,roland.mainz,CC,pete.zha,
2003-02-13 14:19:11 PST,pkwarren,CC,pkw,
2003-02-14 14:16:07 PST,pkwarren,Depends on,193376,
2003-04-05 05:51:11 PST,pkwarren,Assignee,pkw,johann.petrak
2003-04-22 16:40:37 PDT,bugzilla,CC,kuestner,
2003-06-17 16:52:20 PDT,pkwarren,Attachment #114486                Attachment is obsolete,1,0
2003-06-17 16:55:15 PDT,pkwarren,Attachment #125861                Flags,review?(sspitzer),
2003-06-19 15:06:34 PDT,pkwarren,Attachment #125861                Attachment is obsolete,1,0
2003-06-19 15:07:12 PDT,pkwarren,Attachment #125861                Flags,,review?(sspitzer)
2003-06-19 15:07:58 PDT,pkwarren,Attachment #126062                Flags,review?(sspitzer),
2003-07-13 09:47:11 PDT,sspitzer,Status,ASSIGNED,NEW
2003-07-13 09:50:31 PDT,sspitzer,Attachment #126062                Flags,review+, superreview+,review?(sspitzer)
2003-07-15 13:57:43 PDT,pkwarren,Status,RESOLVED,ASSIGNED
2003-07-15 13:57:43 PDT,pkwarren,Resolution,FIXED,---
2003-07-15 13:57:43 PDT,pkwarren,Last Resolved,2003-07-15 13:57:43,
2003-10-16 15:56:57 PDT,pkwarren,Keywords,,helpwanted
2004-11-22 17:26:45 PST,myk,Product,Core,MailNews
2008-07-31 04:30:00 PDT,nobody,Product,MailNews Core,Core
