When, Who, What, Added, Removed
2001-10-31 11:08:34 PST,bugzilla,Severity,blocker,critical
2001-10-31 11:08:34 PST,bugzilla,CC,leaf,
2001-10-31 11:18:02 PST,bugzilla,QA Contact,ktrina,bugzilla
2001-10-31 11:42:24 PST,bugzilla,Status,RESOLVED,NEW
2001-10-31 11:42:24 PST,bugzilla,Resolution,WORKSFORME,---
2001-10-31 11:42:24 PST,bugzilla,Last Resolved,2001-10-31 11:42:24,
2001-10-31 14:49:22 PST,curt,Summary,Not enough disk space in for /tmp,unable to use the linux installer: error -616, xpcom install failed
2001-10-31 14:49:22 PST,curt,Status,REOPENED,RESOLVED
2001-10-31 14:49:22 PST,curt,Resolution,---,WORKSFORME
2001-10-31 14:52:19 PST,curt,Status,NEW,REOPENED
2001-10-31 14:52:19 PST,curt,Assignee,curt,syd
2001-10-31 14:52:58 PST,curt,Status,ASSIGNED,NEW
2001-10-31 14:52:58 PST,curt,Target Milestone,mozilla0.9.8,---
2001-10-31 16:03:33 PST,bugzilla,Severity,major,blocker
2001-12-11 19:49:09 PST,curt,Keywords,nsbeta1,
2002-01-11 13:21:52 PST,curt,Target Milestone,mozilla0.9.9,mozilla0.9.8
2002-01-23 10:22:44 PST,curt,Target Milestone,mozilla1.0,mozilla0.9.9
2002-01-30 17:36:47 PST,slogan,Assignee,syd,curt
2002-01-30 17:36:47 PST,slogan,Keywords,nsbeta1+,nsbeta1
2002-01-30 17:36:47 PST,slogan,Status,NEW,ASSIGNED
2002-01-30 17:37:06 PST,dveditz,CC,pschwartau,
2002-02-02 11:50:00 PST,slogan,Keywords,patch,
2002-02-04 17:27:43 PST,samir_bugzilla,Attachment #67237                Flags,review+,
2002-02-05 15:01:11 PST,dveditz,Attachment #67237                Flags,needs-work+,
2002-02-05 16:35:38 PST,slogan,Attachment #67237                Attachment is obsolete,1,0
2002-02-05 17:11:57 PST,slogan,Attachment #68031                Attachment is obsolete,1,0
2002-02-05 17:57:25 PST,dveditz,Attachment #68037                Flags,review+, superreview+,
2002-02-06 19:54:45 PST,slogan,Status,RESOLVED,NEW
2002-02-06 19:54:45 PST,slogan,Resolution,FIXED,---
2002-02-06 19:54:45 PST,slogan,Last Resolved,2002-02-06 19:54:45,2001-10-31 11:42:24
2002-02-07 11:26:40 PST,ktrina,Status,VERIFIED,RESOLVED
2004-11-22 17:25:08 PST,myk,Product,Seamonkey,Browser
