When, Who, What, Added, Removed
2001-10-31 13:48:20 PST,pete,Status,ASSIGNED,NEW
2001-10-31 13:48:20 PST,pete,Target Milestone,mozilla0.9.6,---
2001-10-31 14:11:41 PST,brendan,Attachment #55973                Flags,superreview+,
2001-10-31 17:41:49 PST,pete,Last Resolved,2001-10-31 17:41:49,
2001-10-31 17:41:49 PST,pete,Status,RESOLVED,ASSIGNED
2001-10-31 17:41:49 PST,pete,Resolution,FIXED,---
2001-11-01 14:32:13 PST,timeless,CC,bryner,
2001-11-01 14:32:13 PST,timeless,Summary,Rename nsIFile lastModificationDate to lastModificationTime,Rename nsIFIle lastModificationDate to lastModificationTime
2001-11-01 14:32:13 PST,timeless,Status,REOPENED,RESOLVED
2001-11-01 14:32:13 PST,timeless,Resolution,---,FIXED
2001-11-01 14:41:44 PST,timeless,Hardware,All,PC
2001-11-01 14:41:44 PST,timeless,OS,All,FreeBSD
2001-11-01 14:45:03 PST,jst,Attachment #56149                Flags,superreview+,
2001-11-20 10:43:51 PST,akkzilla,Attachment #56235                Flags,review+,
2001-11-22 17:50:43 PST,pete,Target Milestone,mozilla0.9.7,mozilla0.9.6
2001-11-25 17:06:59 PST,brendan,Attachment #56235                Flags,superreview+,
2001-11-26 01:41:14 PST,timeless,Summary,Rename nsIFile lastModificationDate to lastModifiedTime,Rename nsIFile lastModificationDate to lastModificationTime
2001-11-26 01:41:14 PST,timeless,Status,RESOLVED,REOPENED
2001-11-26 01:41:14 PST,timeless,Resolution,FIXED,---
2001-11-26 01:41:14 PST,timeless,Last Resolved,2001-11-26 01:41:14,2001-10-31 17:41:49
