When, Who, What, Added, Removed
2001-10-31 19:18:56 PST,bzbarsky,Status,NEW,UNCONFIRMED
2001-10-31 19:18:56 PST,bzbarsky,Ever confirmed,1,0
2002-01-15 16:48:45 PST,scottputterman,Target Milestone,Future,---
2002-01-15 16:48:45 PST,scottputterman,Status,ASSIGNED,NEW
2002-04-16 21:13:43 PDT,spam,CC,kiaser_zohsay,
2002-04-16 21:13:57 PDT,spam,CC,burleigh,
2002-04-16 21:15:07 PDT,spam,CC,SmokeyDP,
2002-06-06 16:36:39 PDT,spam,CC,kenneth,
2002-07-03 23:19:46 PDT,alex,CC,ehays95,
2002-08-08 18:17:57 PDT,Mark.McKay,CC,Mark.McKay,
2002-08-18 15:27:57 PDT,amla70,CC,smlovell,
2002-08-19 01:37:43 PDT,lasse,CC,lasse,
2002-09-15 16:32:58 PDT,spam,CC,denis,
2002-10-03 13:18:41 PDT,spam,CC,something_about_dave,
2002-10-08 10:39:27 PDT,amla70,CC,juggler,
2002-11-20 23:36:33 PST,mfedyk,CC,mfedyk,
2002-12-05 13:35:03 PST,mfedyk,Blocks,11055,
2002-12-07 04:04:44 PST,sbkohsg,CC,sbkoh_sg,
2002-12-17 15:53:41 PST,mfedyk,Blocks,117037,
2003-01-08 19:24:14 PST,alanweber,CC,AlanWeber,
2003-02-07 18:20:40 PST,svl-bmo,Blocks,,117037
2003-02-19 02:45:35 PST,spam,CC,der1way,
2003-03-21 06:09:22 PST,level,CC,level,
2003-03-28 06:06:57 PST,bugzilla2,CC,FLLJimmB,
2003-03-28 06:06:57 PST,bugzilla2,Flags,blocking1.4a?,
2003-04-01 22:06:10 PST,asa,Flags,blocking1.4a-,blocking1.4a?
2003-04-05 04:32:16 PST,amla70,CC,kriskelvin,
2003-04-25 05:01:05 PDT,Squadron76,CC,Squadron76,
2003-04-25 13:11:18 PDT,mc_legolas,Flags,blocking1.4b?,
2003-04-25 13:14:11 PDT,mc_legolas,CC,mike-mozilla,
2003-04-26 15:04:43 PDT,sspitzer,Flags,blocking1.4b-,blocking1.4b?
2003-04-26 15:04:43 PDT,sspitzer,Status,NEW,ASSIGNED
2003-04-26 15:04:43 PDT,sspitzer,Assignee,sspitzer,naving
2003-05-25 18:46:13 PDT,bugzilla2,Keywords,helpwanted,
2003-06-13 06:54:17 PDT,jo.hermans,CC,lucianolnx,
2003-06-27 15:15:11 PDT,bugzilla2,CC,manuel.segura,
2003-06-27 15:19:23 PDT,bugzilla2,CC,pmaddox,
2003-06-27 15:21:35 PDT,bugzilla2,CC,jilles,
2003-07-16 06:05:39 PDT,bugzilla2,Blocks,163993,
2003-07-16 10:33:21 PDT,samuel,CC,samuel,
2003-07-16 11:56:30 PDT,ezh,CC,ezh,
2003-07-21 03:50:17 PDT,whitwhittle,CC,whitwhittle,
2003-08-21 14:21:28 PDT,mozilla,Assignee,bienvenu,sspitzer
2003-08-24 13:44:09 PDT,mozilla,Attachment #130320                Attachment is obsolete,1,0
2003-08-24 13:45:58 PDT,mozilla,Attachment #130339                Flags,review?(scott),
2003-08-25 13:52:11 PDT,mscott,Attachment #130339                Flags,review+,review?(scott)
2003-09-05 09:05:39 PDT,mozilla,Attachment #130466                Attachment is obsolete,1,0
2003-09-07 12:15:22 PDT,martijn.martijn,CC,m.wargers,
2003-09-07 16:24:54 PDT,bruno.lutterotti,CC,bruno.lutterotti,
2003-09-08 18:16:18 PDT,john,CC,john,
2003-09-10 05:41:55 PDT,lists,CC,rick,
2003-09-11 02:22:45 PDT,theant,CC,orders,
2003-09-11 04:06:17 PDT,pbartecki,CC,pbartecki,
2003-09-11 08:33:54 PDT,mozilla,Attachment #130339                Attachment is obsolete,1,0
2003-09-11 08:33:54 PDT,mozilla,Attachment #130958                Attachment is obsolete,1,0
2003-09-13 08:15:34 PDT,mozilla,Status,RESOLVED,NEW
2003-09-13 08:15:34 PDT,mozilla,Resolution,FIXED,---
2003-09-13 08:15:34 PDT,mozilla,Last Resolved,2003-09-13 08:15:34,
2003-09-13 23:53:29 PDT,jan.public,CC,wr26244,
2003-09-22 21:36:58 PDT,mscott,Blocks,219336,
2003-10-12 06:57:06 PDT,listdump,CC,listdump,
2003-11-04 12:03:57 PST,bulbul,CC,bulbul,
2004-11-22 17:26:45 PST,myk,Product,Core,MailNews
2005-04-04 05:59:37 PDT,hskupin,CC,rico,
2005-04-04 06:01:44 PDT,hskupin,Keywords,,helpwanted
2005-04-04 06:01:44 PDT,hskupin,Status,VERIFIED,RESOLVED
2005-04-04 06:01:44 PDT,hskupin,CC,hskupin,
2005-05-26 10:49:09 PDT,mozilla,Blocks,,163993
2009-01-22 10:17:31 PST,nobody,Product,MailNews Core,Core
