When, Who, What, Added, Removed
2001-10-31 12:50:42 PST,laurel,QA Contact,laurel,esther
2001-10-31 14:29:42 PST,laurel,Keywords,nsbeta1,
2001-11-08 18:38:40 PST,scottputterman,Keywords,nsbeta1+,nsbeta1
2001-11-30 16:12:09 PST,scottputterman,Priority,P2,--
2002-01-15 12:58:31 PST,scottputterman,Status,ASSIGNED,NEW
2002-01-15 12:58:31 PST,scottputterman,Target Milestone,mozilla0.9.9,---
2002-01-23 17:56:52 PST,naving,Status,RESOLVED,ASSIGNED
2002-01-23 17:56:52 PST,naving,Resolution,FIXED,---
2002-01-23 17:56:52 PST,naving,Depends on,119965,
2002-01-23 17:56:52 PST,naving,Last Resolved,2002-01-23 17:56:52,
2002-01-28 16:24:03 PST,laurel,CC,jglick,
2002-01-31 16:08:16 PST,laurel,Summary,Clear QuickSearch, must select msg/folder pane to use Next/navig button/shortcuts,Returning to folder after QuickSearch disables Next toolbar button.
2002-01-31 16:14:28 PST,laurel,Resolution,---,FIXED
2002-01-31 16:14:28 PST,laurel,Status,REOPENED,RESOLVED
2002-01-31 18:54:33 PST,naving,Status,ASSIGNED,REOPENED
2002-01-31 18:54:33 PST,naving,Depends on,,119965
2002-02-10 14:55:48 PST,scottputterman,Keywords,nsbeta1-,nsbeta1+
2002-02-10 14:55:48 PST,scottputterman,Blocks,122274,
2002-02-10 14:55:48 PST,scottputterman,Target Milestone,mozilla1.2,mozilla0.9.9
2002-02-11 02:59:02 PST,neil,Keywords,patch, polish, review,
2002-02-11 06:14:23 PST,Tobias.Besemer,Blocks,,122274
2002-02-11 10:45:03 PST,naving,Attachment #68853                Flags,review+,
2002-02-11 10:45:52 PST,naving,Status,NEW,ASSIGNED
2002-02-11 10:45:52 PST,naving,Assignee,neil,naving
2002-02-26 17:47:55 PST,sspitzer,Attachment #68853                Flags,superreview+,
2002-02-27 10:47:16 PST,naving,Target Milestone,mozilla1.0,mozilla1.2
2002-03-04 11:45:52 PST,asa,Attachment #68853                Flags,approval+,
2002-04-02 01:24:35 PST,neil,Status,RESOLVED,NEW
2002-04-02 01:24:35 PST,neil,Resolution,FIXED,---
2002-04-02 01:24:35 PST,neil,Last Resolved,2002-04-02 01:24:35,2002-01-23 17:56:52
2002-04-05 15:18:40 PST,laurel,Status,VERIFIED,RESOLVED
2004-11-22 17:25:08 PST,myk,Product,Seamonkey,Browser
