When, Who, What, Added, Removed
2001-11-01 11:05:00 PST,rangansen,Status,ASSIGNED,NEW
2001-11-01 11:05:00 PST,rangansen,Priority,P1,--
2001-11-01 15:03:53 PST,rangansen,CC,lord, javi, ddrinan, relyea, kaie, ssaux,
2001-11-01 16:07:46 PST,ssaux,Target Milestone,2.2,---
2001-11-01 16:31:13 PST,ssaux,Version,2.1,unspecified
2001-11-01 16:31:13 PST,ssaux,CC,thayes,
2001-11-15 18:02:37 PST,rangansen,Keywords,patch,
2001-11-19 10:20:13 PST,rangansen,Keywords,review,
2001-11-21 14:47:48 PST,rangansen,Attachment #56135                Attachment is obsolete,1,0
2001-11-21 14:48:10 PST,rangansen,Attachment #58042                Attachment is obsolete,1,0
2001-11-29 19:15:12 PST,rangansen,Attachment #58778                Attachment is obsolete,1,0
2001-12-01 17:33:00 PST,rangansen,Attachment #60049                Attachment description,updated patch - sorry, wrong patch uploaded accidentally,updated patch
2001-12-01 17:33:00 PST,rangansen,Attachment #60049                Attachment is obsolete,1,0
2001-12-02 14:27:02 PST,rangansen,Attachment #59798                Attachment is obsolete,1,0
2001-12-03 12:18:42 PST,kaie,Attachment #60194                Flags,review+,
2001-12-03 13:22:13 PST,darin.moz,Attachment #60194                Flags,needs-work+,
2001-12-03 17:20:39 PST,rangansen,CC,darin,
2001-12-03 17:24:10 PST,rangansen,CC,hewitt,
2001-12-03 17:24:36 PST,rangansen,Attachment #60050                Attachment is obsolete,1,0
2001-12-03 17:24:59 PST,rangansen,Attachment #60194                Attachment is obsolete,1,0
2001-12-05 18:45:23 PST,rangansen,Attachment #60437                Attachment is obsolete,1,0
2001-12-05 18:46:16 PST,rangansen,Attachment #60263                Attachment is obsolete,1,0
2001-12-05 18:58:40 PST,hewitt,Attachment #60583                Flags,superreview+,
2001-12-06 17:08:23 PST,rangansen,Status,RESOLVED,ASSIGNED
2001-12-06 17:08:23 PST,rangansen,Resolution,FIXED,---
2001-12-06 17:08:23 PST,rangansen,Last Resolved,2001-12-06 17:08:23,
2001-12-06 17:53:02 PST,rangansen,CC,cotter,
2002-02-19 10:29:14 PST,junruh,Status,VERIFIED,RESOLVED
2005-03-09 01:20:27 PST,timeless,Product,Core,PSM
2005-03-09 01:20:27 PST,timeless,Component,Security: UI,Security: UI
2008-07-10 02:17:13 PDT,timeless,Version,1.0 Branch,psm2.1
