When, Who, What, Added, Removed
2001-10-31 12:56:08 PST,benjamin,CC,mucci,
2001-12-12 19:51:57 PST,sfraser_bugs,Status,ASSIGNED,NEW
2001-12-12 19:51:57 PST,sfraser_bugs,CC,pierre, pinkerton,
2001-12-13 07:29:49 PST,mikepinkerton,CC,dcone,
2002-01-17 16:41:30 PST,pierre,CC,kmcclusk,
2002-01-18 18:54:54 PST,sfraser_bugs,Keywords,perf,
2002-01-18 18:54:54 PST,sfraser_bugs,CC,hyatt,
2002-01-18 18:54:54 PST,sfraser_bugs,Target Milestone,mozilla0.9.8,---
2002-01-22 16:41:58 PST,asa,Keywords,mozilla0.9.8+,
2002-01-22 16:53:38 PST,sfraser_bugs,Last Resolved,2002-01-22 16:53:38,
2002-01-22 16:53:38 PST,sfraser_bugs,Status,RESOLVED,ASSIGNED
2002-01-22 16:53:38 PST,sfraser_bugs,Resolution,FIXED,---
2002-01-24 14:11:38 PST,mozillaBugzilla,CC,mpal1,
