When, Who, What, Added, Removed
2001-10-31 14:54:02 PST,bob,CC,aruner,
2001-11-01 09:46:40 PST,rubydoo123,Keywords,topembed,
2001-11-01 09:46:40 PST,rubydoo123,Whiteboard,[bugscape: 94041],
2001-11-01 09:46:40 PST,rubydoo123,Summary,WRMB:[quirks]Show Empty Table Cells STYLE background-color,  and background-image,[quirks]Show Empty Table Cells STYLE background-color,  and background-image
2001-11-01 09:46:40 PST,rubydoo123,Priority,P2,--
2001-11-01 09:46:40 PST,rubydoo123,CC,beppe,
2001-11-01 09:46:40 PST,rubydoo123,Target Milestone,mozilla0.9.6,---
2001-11-01 21:51:42 PST,karnaze,Status,ASSIGNED,NEW
2001-11-01 21:51:42 PST,karnaze,Whiteboard,[bugscape: 94041] PATCH,[bugscape: 94041]
2001-11-02 09:24:44 PST,alexsavulov,Attachment #56218                Flags,review+,
2001-11-02 10:43:09 PST,attinasi,Attachment #56255                Flags,superreview+,
2001-11-05 07:37:35 PST,karnaze,Whiteboard,[bugscape: 94041] PATCH CANDIDATE_094,[bugscape: 94041] PATCH
2001-11-05 07:37:35 PST,karnaze,Status,RESOLVED,ASSIGNED
2001-11-05 07:37:35 PST,karnaze,Resolution,FIXED,---
2001-11-05 07:37:35 PST,karnaze,Last Resolved,2001-11-05 07:37:35,
2001-11-05 12:00:53 PST,2009-bugzilla,CC,bugzilla,
2001-11-06 11:48:02 PST,waterson,CC,waterson,
2001-11-06 12:53:12 PST,karnaze,Status,REOPENED,RESOLVED
2001-11-06 12:53:12 PST,karnaze,Resolution,---,FIXED
2001-11-06 12:53:35 PST,karnaze,Status,ASSIGNED,REOPENED
2001-11-06 14:09:31 PST,pierre,Attachment #56768                Flags,review+,
2001-11-06 14:13:37 PST,attinasi,Attachment #56768                Flags,superreview+,
2001-11-06 14:58:12 PST,karnaze,Last Resolved,2001-11-06 14:58:12,2001-11-05 07:37:35
2001-11-06 14:58:12 PST,karnaze,Status,RESOLVED,ASSIGNED
2001-11-06 14:58:12 PST,karnaze,Resolution,FIXED,---
2001-11-06 15:31:58 PST,karnaze,CC,sfraser,
2001-11-07 10:17:49 PST,karnaze,CC,coen,
