When, Who, What, Added, Removed
2001-10-31 13:03:38 PST,rjesup,Keywords,patch,
2001-10-31 13:03:38 PST,rjesup,Assignee,rjesup,neeti
2001-10-31 13:03:38 PST,rjesup,Blocks,96108,
2001-10-31 13:03:38 PST,rjesup,Target Milestone,mozilla0.9.6,---
2001-11-26 16:10:42 PST,rjesup,Target Milestone,mozilla0.9.7,mozilla0.9.6
2001-12-11 07:39:33 PST,timeless,Attachment #55966                Flags,review+,
2001-12-11 13:48:58 PST,brendan,Attachment #55966                Flags,superreview+,
2001-12-11 14:05:26 PST,rjesup,Last Resolved,2001-12-11 14:05:26,
2001-12-11 14:05:26 PST,rjesup,Status,RESOLVED,NEW
2001-12-11 14:05:26 PST,rjesup,Resolution,FIXED,---
2002-11-06 01:41:17 PST,ian,Component,Browser-General,PICS
2002-12-14 09:36:37 PST,ezh,CC,ezh,
2004-11-22 17:25:08 PST,myk,Product,Seamonkey,Browser
