When, Who, What, Added, Removed
2001-10-31 15:22:34 PST,aaronlev,Keywords,access,
2001-10-31 15:22:34 PST,aaronlev,Whiteboard,need r=, sr=,
2001-10-31 15:22:34 PST,aaronlev,Priority,P1,--
2001-10-31 15:22:34 PST,aaronlev,Assignee,aaronl,asa
2001-10-31 15:22:34 PST,aaronlev,Target Milestone,mozilla0.9.6,---
2001-10-31 15:23:02 PST,aaronlev,Status,ASSIGNED,NEW
2001-10-31 23:43:23 PST,aaronlev,Summary,Active Accessibility: checkbox/radio state change events not getting fired,Active Accessibility: checbkox/radio state change events not getting fired
2001-11-01 15:27:08 PST,timeless,Whiteboard,need sr=,need r=, sr=
2001-11-01 15:27:08 PST,timeless,Component,Keyboard Navigation,Browser-General
2001-11-01 15:27:08 PST,timeless,QA Contact,sairuh,doronr
2001-11-02 11:05:36 PST,scc,Attachment #55995                Flags,superreview+,
2001-11-06 01:03:25 PST,aaronlev,Status,RESOLVED,ASSIGNED
2001-11-06 01:03:25 PST,aaronlev,Resolution,FIXED,---
2001-11-06 01:03:25 PST,aaronlev,Last Resolved,2001-11-06 01:03:25,
2001-11-08 12:19:22 PST,bugzilla,QA Contact,dsirnapalli,sairuh
