When, Who, What, Added, Removed
2001-11-03 13:07:31 PST,ssaux,Priority,P1,--
2001-11-03 13:07:31 PST,ssaux,Target Milestone,2.2,---
2001-12-04 16:46:15 PST,alam,Component,S/MIME,Client Library
2002-01-10 10:21:05 PST,junruh,QA Contact,alam,junruh
2002-01-24 23:30:37 PST,tbs,CC,tbs,
2002-01-28 04:26:39 PST,com,CC,com,
2002-02-05 09:01:03 PST,ddrinan0264,Assignee,kaie,ddrinan
2002-02-05 09:01:41 PST,ddrinan0264,CC,ddrinan,
2002-02-06 14:26:30 PST,aleksander.adamowski,Blocks,106724,
2002-02-11 10:12:24 PST,ssaux,Keywords,nsbeta1,
2002-02-14 11:35:47 PST,junruh,Keywords,nsbeta1+,
2002-02-18 09:37:47 PST,jaimejr,Keywords,,nsbeta1
2002-02-24 16:53:10 PST,michaell+bmo,CC,mozilla,
2002-03-04 03:36:44 PST,tallpinkbird,CC,tallpinkbird,
2002-03-21 11:38:57 PST,junruh,Status,RESOLVED,NEW
2002-03-21 11:38:57 PST,junruh,Resolution,WORKSFORME,---
2002-03-21 11:38:57 PST,junruh,QA Contact,junruh,alam
2002-03-21 11:38:57 PST,junruh,Last Resolved,2002-03-21 11:38:57,
2002-03-22 12:29:55 PST,alam,Status,REOPENED,RESOLVED
2002-03-22 12:29:55 PST,alam,Resolution,---,WORKSFORME
2002-03-25 07:43:07 PST,kaie,Attachment #69438                Attachment is obsolete,1,0
2002-03-25 07:44:00 PST,kaie,Keywords,patch, review,
2002-03-25 15:06:22 PST,ddrinan0264,Attachment #75963                Flags,review+,
2002-03-26 04:42:59 PST,kaie,CC,alecf,
2002-03-26 08:16:35 PST,alecf,Attachment #75963                Flags,superreview+,
2002-03-26 09:49:38 PST,roc,Attachment #75963                Flags,approval+,
2002-03-27 05:39:55 PST,kaie,Status,RESOLVED,REOPENED
2002-03-27 05:39:55 PST,kaie,Resolution,FIXED,---
2002-03-27 05:39:55 PST,kaie,Last Resolved,2002-03-27 05:39:55,2002-03-21 11:38:57
2002-04-01 09:59:16 PST,junruh,Status,VERIFIED,RESOLVED
2002-04-08 08:31:54 PDT,junruh,CC,kerry,
2002-04-11 13:38:32 PDT,ssaux,Blocks,,106724
2005-03-08 20:29:43 PST,timeless,Product,Core,PSM
2005-03-08 20:29:43 PST,timeless,Component,Security: S/MIME,Security: S/MIME
2008-07-10 02:17:13 PDT,timeless,Version,1.0 Branch,psm2.1
2009-05-04 22:40:38 PDT,timeless,Product,MailNews Core,Core
2009-05-04 22:40:38 PDT,timeless,Component,Security: S/MIME,Security: S/MIME
2009-05-04 22:40:38 PDT,timeless,QA Contact,s.mime,junruh
