When, Who, What, Added, Removed
2001-10-31 18:59:20 PST,mozeditor,Whiteboard,EDITORBASE; 1 day,
2001-10-31 18:59:20 PST,mozeditor,Status,ASSIGNED,NEW
2001-10-31 18:59:20 PST,mozeditor,Target Milestone,mozilla0.9.6,---
2001-11-08 11:21:38 PST,mozeditor,Target Milestone,mozilla0.9.7,mozilla0.9.6
2001-11-22 13:38:46 PST,mozeditor,Whiteboard,EDITORBASE; fixinhand; patch in 99523,EDITORBASE; 1 day
2001-12-09 01:30:07 PST,mozeditor,Status,RESOLVED,ASSIGNED
2001-12-09 01:30:07 PST,mozeditor,Resolution,FIXED,---
2001-12-09 01:30:07 PST,mozeditor,Last Resolved,2001-12-09 01:30:07,
2002-02-13 20:24:08 PST,mozeditor,Status,VERIFIED,RESOLVED
