When, Who, What, Added, Removed
2001-10-31 13:53:59 PST,hewitt,Keywords,helpwanted,
2001-10-31 13:53:59 PST,hewitt,Status,ASSIGNED,NEW
2001-10-31 13:53:59 PST,hewitt,Priority,P4,--
2001-10-31 13:53:59 PST,hewitt,Target Milestone,Future,---
2002-11-11 00:36:52 PST,caillon,CC,hewitt,
2002-11-11 00:36:52 PST,caillon,Target Milestone,mozilla1.3alpha,Future
2002-11-11 00:36:52 PST,caillon,Keywords,review,helpwanted
2002-11-11 00:36:52 PST,caillon,Status,NEW,ASSIGNED
2002-11-11 00:36:52 PST,caillon,Assignee,caillon,hewitt
2002-11-11 00:38:30 PST,caillon,Attachment #105809                Attachment is obsolete,1,0
2002-11-11 21:18:39 PST,bzbarsky,Attachment #105810                Flags,review?(akkana), superreview+,
2002-11-13 14:14:51 PST,akkzilla,Attachment #105810                Flags,review+,review?(akkana)
2002-11-13 14:23:20 PST,caillon,Status,RESOLVED,NEW
2002-11-13 14:23:20 PST,caillon,Resolution,FIXED,---
2002-11-13 14:23:20 PST,caillon,Last Resolved,2002-11-13 14:23:20,
2004-11-23 18:54:30 PST,myk,Product,Other Applications,Core
2007-07-06 00:44:27 PDT,reed,QA Contact,dom-inspector,timeless
