When, Who, What, Added, Removed
2001-10-31 14:15:32 PST,wolruf,CC,cahagn_o,
2001-10-31 18:25:23 PST,alex,Keywords,crash,
2001-10-31 18:25:23 PST,alex,Status,RESOLVED,UNCONFIRMED
2001-10-31 18:25:23 PST,alex,Resolution,WORKSFORME,---
2001-10-31 18:25:23 PST,alex,Severity,critical,normal
2001-10-31 18:25:23 PST,alex,CC,alex,
2001-10-31 18:25:23 PST,alex,Last Resolved,2001-10-31 18:25:23,
2001-10-31 19:58:23 PST,trevor,Status,UNCONFIRMED,RESOLVED
2001-10-31 19:58:23 PST,trevor,Resolution,---,WORKSFORME
2001-11-01 00:58:14 PST,wolruf,CC,stephend,
2001-11-01 01:46:36 PST,wolruf,Status,NEW,UNCONFIRMED
2001-11-01 01:46:36 PST,wolruf,Ever confirmed,1,0
2001-11-06 10:39:43 PST,alex,Component,Networking,Browser-General
2001-11-06 10:39:43 PST,alex,Assignee,neeti,asa
2001-11-06 10:39:43 PST,alex,QA Contact,benc,doronr
2001-12-18 17:17:20 PST,stephend,CC,,stephend
2002-01-14 11:55:35 PST,neeti,QA Contact,pavlov,benc
2002-01-14 11:55:35 PST,neeti,Component,Embedding: GTK Widget,Networking
2002-01-14 11:55:35 PST,neeti,Assignee,blizzard,neeti
2002-01-14 12:17:24 PST,blizzard,Assignee,bryner,blizzard
2002-01-14 12:17:24 PST,blizzard,CC,saari,
2002-01-15 12:54:02 PST,blizzard,Attachment #64971                Flags,superreview+,
2002-01-15 12:54:32 PST,blizzard,Blocks,115520,
2002-01-15 19:42:45 PST,bryner,Status,RESOLVED,NEW
2002-01-15 19:42:45 PST,bryner,Resolution,FIXED,---
2002-01-15 19:42:45 PST,bryner,Last Resolved,2002-01-15 19:42:45,2001-10-31 18:25:23
2012-04-05 00:46:37 PDT,nobody,Product,Core Graveyard,Core
2012-04-05 00:46:37 PDT,nobody,Component,Embedding: GTK Widget,Embedding: GTK Widget
