When, Who, What, Added, Removed
2001-10-31 16:59:40 PST,samir_bugzilla,Product,MailNews,Browser
2001-10-31 16:59:40 PST,samir_bugzilla,Component,Composition,Preferences
2001-10-31 16:59:40 PST,samir_bugzilla,Assignee,ducarroz,sgehani
2001-10-31 16:59:40 PST,samir_bugzilla,QA Contact,sheelar,sairuh
2001-10-31 17:33:44 PST,verbal,CC,ksosez,
2001-10-31 17:33:44 PST,verbal,Ever confirmed,1,0
2001-10-31 17:33:44 PST,verbal,Summary,[RFE] Ability to Specify Font, Style Size in Mail Composition and Replies,RFE Specify Font, Style Size in Mail Composition and Replies
2001-10-31 17:33:44 PST,verbal,Status,NEW,UNCONFIRMED
2001-10-31 21:47:59 PST,bugzilla,CC,sairuh,
2001-11-01 09:42:09 PST,sheelar,QA Contact,esther,sheelar
2001-11-01 09:42:09 PST,sheelar,CC,sheelar,
2001-11-01 15:09:12 PST,bugzilla,Assignee,varada,ducarroz
2002-01-11 18:39:42 PST,bugzilla,CC,joelnelson,
2002-01-14 16:57:59 PST,nraya,CC,nraya,
2002-01-15 16:48:11 PST,scottputterman,Keywords,nsbeta1,
2002-01-15 16:48:11 PST,scottputterman,Status,ASSIGNED,NEW
2002-01-27 14:01:06 PST,scottputterman,Target Milestone,mozilla0.9.9,---
2002-01-27 14:01:06 PST,scottputterman,Keywords,nsbeta1+,nsbeta1
2002-01-27 14:01:06 PST,scottputterman,Priority,P1,--
2002-01-27 14:41:57 PST,thomas.swan,OS,All,Windows 2000
2002-01-28 10:32:12 PST,thomas.swan,Hardware,All,PC
2002-02-07 17:01:22 PST,jglick,CC,jglick,
2002-02-08 09:54:54 PST,scottputterman,CC,shliang, putterman,
2002-02-08 16:47:26 PST,scottputterman,Status,NEW,ASSIGNED
2002-02-08 16:47:26 PST,scottputterman,Assignee,shliang,varada
2002-02-11 13:56:51 PST,shliang,Status,ASSIGNED,NEW
2002-02-17 20:09:18 PST,sspitzer,CC,sspitzer,
2002-02-19 13:46:50 PST,shliang,Target Milestone,mozilla1.0,mozilla0.9.9
2002-03-29 10:11:07 PST,lorikaplan,Whiteboard,[adt3],
2002-04-14 18:08:02 PDT,bugzilla,Blocks,137451,
2002-04-22 19:40:28 PDT,scottputterman,Keywords,nsbeta1-,
2002-04-22 19:56:32 PDT,scottputterman,Keywords,,nsbeta1+
2002-05-15 00:27:01 PDT,sspitzer,CC,ducarroz,
2002-05-15 00:27:01 PDT,sspitzer,Target Milestone,Future,mozilla1.0
2002-05-17 10:07:33 PDT,sspitzer,Attachment #84077                Flags,needs-work+,
2002-06-19 15:05:50 PDT,bugzilla,Blocks,152942,
2002-07-12 08:45:34 PDT,bugzilla,Keywords,mozilla1.2, nsbeta1,nsbeta1-
2002-07-24 18:01:00 PDT,ni009j,CC,jen1444,
2002-07-31 05:34:15 PDT,jamesrome,CC,jar,
2002-08-08 15:15:46 PDT,robinf,CC,robinf,
2002-09-08 14:40:04 PDT,scottputterman,Keywords,nsbeta1+,nsbeta1
2002-09-08 14:40:04 PDT,scottputterman,Whiteboard,[adt2],[adt3]
2002-09-08 15:12:03 PDT,bugzilla,Target Milestone,mozilla1.2beta,Future
2002-09-17 16:21:52 PDT,shliang,Attachment #84077                Attachment is obsolete,1,0
2002-11-08 14:09:06 PST,lasse,CC,lasse,
2002-12-05 20:04:09 PST,stephend,CC,stephend,
2002-12-16 18:19:22 PST,shliang,Attachment #99586                Attachment is obsolete,1,0
2002-12-16 18:20:42 PST,shliang,Attachment #109493                Flags,review?(sspitzer),
2003-01-13 11:12:52 PST,durbacher,CC,durbacher,
2003-01-25 18:35:30 PST,ezh,CC,ezh,
2003-02-14 00:23:57 PST,stephend,CC,technutz,stephend
2003-02-20 16:33:22 PST,shliang,Target Milestone,mozilla1.4alpha,mozilla1.2beta
2003-03-25 19:49:22 PST,shliang,Target Milestone,mozilla1.4beta,mozilla1.4alpha
2003-03-27 12:40:23 PST,neil,Attachment #109493                Flags,review?(brade),review?(sspitzer)
2003-03-28 06:20:24 PST,brade,CC,jfrancis, brade, jaggernaut,
2003-03-28 06:21:30 PST,brade,Attachment #109493                Flags,,review?(brade)
2003-04-01 16:22:26 PST,shliang,Attachment #109493                Attachment is obsolete,1,0
2003-04-01 17:41:27 PST,stephend,CC,,technutz
2003-04-02 14:55:53 PST,shliang,Attachment #119217                Flags,review?(sspitzer),
2003-04-07 18:06:41 PDT,sspitzer,Attachment #119217                Flags,superreview?(sspitzer), review?(neil),review?(sspitzer)
2003-04-08 06:46:13 PDT,neil,Attachment #119217                Flags,review-,review?(neil)
2003-04-08 11:36:33 PDT,sspitzer,Attachment #119217                Flags,,superreview?(sspitzer)
2003-04-09 00:16:14 PDT,shliang,Attachment #119217                Attachment is obsolete,1,0
2003-04-09 00:34:07 PDT,shliang,Attachment #119941                Flags,review?(neil),
2003-04-09 20:08:23 PDT,shliang,Attachment #120033                Flags,review?(brade),
2003-04-10 06:20:21 PDT,brade,Attachment #120033                Flags,review-,review?(brade)
2003-04-10 17:25:29 PDT,shliang,Attachment #119941                Attachment is obsolete,1,0
2003-04-10 17:25:29 PDT,shliang,Attachment #120033                Attachment is obsolete,1,0
2003-04-10 17:26:10 PDT,shliang,Attachment #120143                Flags,review?(jaggernaut),
2003-04-10 17:33:07 PDT,shliang,Attachment #120147                Flags,review?(neil),
2003-04-10 19:08:01 PDT,jag-mozilla,Attachment #120143                Flags,review?(brade), superreview+,review?(jaggernaut)
2003-04-11 03:30:07 PDT,neil,Attachment #120147                Flags,review-,review?(neil)
2003-04-11 09:18:45 PDT,nraya,CC,,nraya
2003-04-11 15:49:36 PDT,shliang,Attachment #120143                Attachment is obsolete,1,0
2003-04-11 15:53:02 PDT,shliang,Attachment #120147                Attachment is obsolete,1,0
2003-04-11 15:53:51 PDT,shliang,Attachment #120252                Flags,review?(neil),
2003-04-12 04:39:02 PDT,Squadron76,CC,Squadron76,
2003-04-14 07:52:02 PDT,neil,Depends on,201964,
2003-04-14 07:52:34 PDT,neil,Attachment #120252                Flags,review-,review?(neil)
2003-04-14 14:52:02 PDT,shliang,Attachment #120252                Attachment is obsolete,1,0
2003-04-15 07:37:15 PDT,neil,Attachment #120490                Flags,review+,
2003-04-15 08:02:00 PDT,shliang,Attachment #120251                Flags,review?(brade),
2003-04-15 08:04:38 PDT,shliang,Attachment #120490                Flags,superreview?(sspitzer),
2003-04-15 08:24:53 PDT,brade,Attachment #120251                Flags,review+,review?(brade)
2003-04-15 18:59:56 PDT,shliang,Attachment #120659                Flags,superreview?(sspitzer),
2003-04-15 23:10:51 PDT,shliang,Attachment #120659                Flags,superreview+,superreview?(sspitzer)
2003-04-16 00:08:02 PDT,shliang,Status,RESOLVED,ASSIGNED
2003-04-16 00:08:02 PDT,shliang,Resolution,FIXED,---
2003-04-16 00:08:02 PDT,shliang,Last Resolved,2003-04-16 00:08:02,
2003-04-16 14:40:54 PDT,sspitzer,Attachment #120490                Flags,,superreview?(sspitzer)
2003-04-17 08:51:31 PDT,neil,Status,REOPENED,RESOLVED
2003-04-17 08:51:31 PDT,neil,Resolution,---,FIXED
2003-04-18 00:53:17 PDT,fredbezies,CC,frederic.bezies,
2003-04-18 10:29:56 PDT,sspitzer,CC,ssu,
2003-04-18 10:47:45 PDT,sspitzer,CC,info,
2003-04-19 19:50:22 PDT,bugzilla,Attachment #119941                Flags,,review?(neil)
2003-04-21 11:30:31 PDT,david,CC,dkoppenh,
2003-04-22 17:43:38 PDT,shliang,Status,RESOLVED,REOPENED
2003-04-22 17:43:38 PDT,shliang,Resolution,FIXED,---
2003-04-22 17:43:38 PDT,shliang,Last Resolved,2003-04-22 17:43:38,2003-04-16 00:08:02
2003-04-24 02:15:04 PDT,jag-mozilla,Attachment #120143                Flags,,review?(brade)
2003-04-29 11:08:11 PDT,esther,Status,VERIFIED,RESOLVED
2003-05-03 12:26:53 PDT,bah_pop3,CC,brianheinrich,
2003-07-29 06:31:41 PDT,fredbezies,CC,,frederic.bezies
2003-08-15 14:31:17 PDT,jg,CC,mozilla,
2004-02-10 11:23:40 PST,mcow,CC,surojit,
2004-11-22 17:26:45 PST,myk,Product,Core,MailNews
2008-07-31 04:30:00 PDT,nobody,Product,MailNews Core,Core
