When, Who, What, Added, Removed
2001-11-09 05:09:11 PST,matty_is_a_geek,Priority,P3,--
2001-11-09 05:09:11 PST,matty_is_a_geek,CC,justdave,
2001-11-09 05:09:11 PST,matty_is_a_geek,Target Milestone,Bugzilla 2.16,---
2001-11-17 18:09:09 PST,justdave,Target Milestone,Bugzilla 2.18,Bugzilla 2.16
2001-11-18 17:34:21 PST,justdave,Target Milestone,Bugzilla 2.16,Bugzilla 2.18
2002-03-04 05:47:42 PST,matty_is_a_geek,Assignee,matty,barnboy
2002-03-04 05:47:42 PST,matty_is_a_geek,Component,bugzilla.org,Documentation
2002-03-04 05:53:07 PST,matty_is_a_geek,Status,RESOLVED,NEW
2002-03-04 05:53:07 PST,matty_is_a_geek,Resolution,FIXED,---
2002-03-04 05:53:07 PST,matty_is_a_geek,Last Resolved,2002-03-04 05:53:07,
2012-12-18 20:46:27 PST,nobody,QA Contact,default-qa,matty_is_a_geek
