When, Who, What, Added, Removed
2001-11-01 23:27:59 PST,timeless,CC,alecf, rjesup,
2002-01-15 13:29:04 PST,mcafee,Target Milestone,Future,---
2002-05-02 16:41:10 PDT,mcafee,Component,Tinderbox2,Tinderbox
2002-05-02 16:41:10 PDT,mcafee,Assignee,kestes,mcafee
2002-05-03 13:45:47 PDT,kestes,Status,RESOLVED,NEW
2002-05-03 13:45:47 PDT,kestes,Resolution,FIXED,---
2002-05-03 13:45:47 PDT,kestes,Last Resolved,2002-05-03 13:45:47,
2006-07-14 14:31:48 PDT,reed,QA Contact,tinderbox2,timeless
2014-06-16 14:01:09 PDT,nobody,Product,Webtools Graveyard,Webtools
