When, Who, What, Added, Removed
2001-11-01 03:30:33 PST,adam,Keywords,regression, testcase,
2001-11-01 03:50:41 PST,wolruf,CC,cahagn_o,
2001-11-01 03:50:41 PST,wolruf,Hardware,All,Sun
2001-11-01 03:50:41 PST,wolruf,OS,All,SunOS
2001-11-01 09:07:29 PST,bzbarsky,CC,bzbarsky, pavlov, alexsavulov,
2001-11-02 00:00:59 PST,aha,CC,aha,
2001-11-02 03:36:52 PST,adam,CC,dbaron,
2001-11-02 12:10:51 PST,attinasi,Status,RESOLVED,NEW
2001-11-02 12:10:51 PST,attinasi,Resolution,FIXED,---
2001-11-02 12:10:51 PST,attinasi,Last Resolved,2001-11-02 12:10:51,
2002-08-11 16:01:13 PDT,adam,Status,VERIFIED,RESOLVED
