When, Who, What, Added, Removed
2001-11-01 14:02:24 PST,hsivonen,CC,jst, mstoltz,
2001-11-01 14:02:24 PST,hsivonen,Target Milestone,mozilla0.9.6,---
2001-11-01 14:15:16 PST,hsivonen,Target Milestone,mozilla0.9.7,mozilla0.9.6
2001-11-01 14:55:46 PST,bugzilla,CC,blakeross,
2001-11-02 07:27:01 PST,hsivonen,Attachment #56137                Attachment is obsolete,1,0
2001-11-03 02:14:50 PST,hsivonen,Keywords,patch,
2001-11-21 01:29:02 PST,mozillaBugzilla,CC,mpal1,
2001-12-07 08:58:03 PST,hsivonen,Target Milestone,Future,mozilla0.9.7
2002-02-05 10:23:59 PST,bzbarsky,CC,bzbarsky,
2002-02-06 10:39:37 PST,bzbarsky,Blocks,123569,
2002-02-08 14:03:31 PST,shaver,Attachment #56249                Flags,needs-work+,
2002-02-08 22:21:02 PST,bzbarsky,Attachment #56249                Attachment is obsolete,1,0
2002-02-09 12:50:10 PST,contact2009,CC,xah,
2002-02-09 12:58:36 PST,ipottinger,CC,bugzilla,
2002-02-09 13:02:03 PST,johann.petrak,CC,johann,
2002-02-15 11:05:51 PST,shaver,Attachment #68698                Flags,needs-work+,
2002-05-12 19:48:24 PDT,bzbarsky,CC,jonwil,
2002-05-12 20:53:37 PDT,jruderman,CC,jruderman,
2002-05-12 21:06:33 PDT,alex,CC,alex,
2002-05-12 23:22:44 PDT,snebeling,CC,snebeling,
2002-05-18 09:57:52 PDT,jonasj,CC,jonasj,
2002-05-18 09:57:52 PDT,jonasj,Blocks,86195,
2002-05-19 03:04:03 PDT,3.14,CC,bugzilla,
2002-05-19 03:07:23 PDT,3.14,CC,ben.bucksch,
2002-05-20 08:06:19 PDT,bzbarsky,Blocks,101509,
2002-05-21 04:40:46 PDT,3.14,CC,sgifford,
2002-05-21 08:03:46 PDT,mbaehr+moz-bug,CC,mbaehr+moz-bug,
2002-05-29 16:30:23 PDT,security-bugs,Assignee,caillon,hsivonen
2002-05-29 17:07:33 PDT,caillon,Whiteboard,custrtm,
2002-05-29 17:07:33 PDT,caillon,Status,ASSIGNED,NEW
2002-05-29 17:07:33 PDT,caillon,Target Milestone,mozilla1.0.1,Future
2002-05-29 17:07:33 PDT,caillon,Keywords,nsbeta1,
2002-06-01 18:56:21 PDT,neady,CC,jonadab,
2002-06-01 19:33:29 PDT,caillon,Attachment #68698                Attachment is obsolete,1,0
2002-06-01 19:34:36 PDT,caillon,Keywords,review,
2002-06-01 19:34:36 PDT,caillon,CC,doron,
2002-06-01 20:37:18 PDT,neady,Blocks,86194,
2002-06-03 16:41:44 PDT,jaworskirob,Whiteboard,custrtm-,custrtm
2002-06-03 18:23:51 PDT,caillon,Attachment #85937                Attachment is obsolete,1,0
2002-06-03 18:52:57 PDT,danm.moz,Attachment #86150                Flags,review+,
2002-06-04 13:16:23 PDT,jag-mozilla,Attachment #86150                Flags,superreview+,
2002-06-04 14:08:35 PDT,hjtoi-bugzilla,Keywords,adt1.0.1, mozilla1.0.1, nsbeta1+,nsbeta1
2002-06-04 14:08:35 PDT,hjtoi-bugzilla,Whiteboard,[ADT2 RTM],custrtm-
2002-06-04 14:08:35 PDT,hjtoi-bugzilla,CC,mcarlson, heikki, jaimejr,
2002-06-04 14:18:58 PDT,security-bugs,Keywords,nsbeta1,adt1.0.1, mozilla1.0.1, nsbeta1+
2002-06-04 14:18:58 PDT,security-bugs,Whiteboard,,[ADT2 RTM]
2002-06-04 15:15:38 PDT,caillon,Blocks,141863,
2002-06-04 16:55:40 PDT,scottputterman,Keywords,adt1.0.1, nsbeta1+,nsbeta1
2002-06-04 16:55:40 PDT,scottputterman,Whiteboard,[adt2 rtm],
2002-06-04 16:55:40 PDT,scottputterman,CC,tao,
2002-06-04 17:38:39 PDT,tao,Whiteboard,[adt2 rtm], custrtm+,[adt2 rtm]
2002-06-04 17:38:39 PDT,tao,Blocks,121324,
2002-06-05 10:43:50 PDT,scottputterman,Keywords,adt1.0.1+,adt1.0.1
2002-06-05 11:19:48 PDT,scottputterman,Keywords,adt1.0.1,adt1.0.1+
2002-06-05 19:30:17 PDT,caillon,Status,RESOLVED,ASSIGNED
2002-06-05 19:30:17 PDT,caillon,Resolution,FIXED,---
2002-06-05 19:30:17 PDT,caillon,Last Resolved,2002-06-05 19:30:17,
2002-06-06 00:04:22 PDT,scottputterman,Keywords,,adt1.0.1
2002-06-07 11:28:29 PDT,bugzilla,CC,chucker,
2002-06-16 21:29:48 PDT,jaimejr,CC,,jaimejr
2002-07-25 08:29:33 PDT,niederstrasser,CC,tryandguessit,
2002-07-25 21:06:31 PDT,jaimejr,Keywords,adt1.0.1, approval, mozilla1.0.1,
2002-08-06 16:48:53 PDT,jaimejr,Keywords,adt1.0.1-,adt1.0.1
2002-11-28 11:10:22 PST,bugzilla,CC,drunclear,
2003-06-19 15:02:01 PDT,shill,CC,shill,
2003-10-17 10:02:52 PDT,snebeling,CC,,snebeling
2004-03-18 06:36:31 PST,adam+bugs,CC,abecevello,
2004-04-24 11:09:51 PDT,bzbarsky,CC,mspjunk,
2014-05-10 10:30:08 PDT,nicolas.barbulesco,CC,nicolas.barbulesco,
