When, Who, What, Added, Removed
2001-11-01 09:27:10 PST,bugzilla,Ever confirmed,1,0
2001-11-01 09:27:10 PST,bugzilla,Status,NEW,UNCONFIRMED
2001-11-01 09:27:10 PST,bugzilla,Component,Password Manager,Browser-General
2001-11-01 09:27:10 PST,bugzilla,Assignee,morse,asa
2001-11-01 09:27:10 PST,bugzilla,QA Contact,tpreston,doronr
2001-11-01 09:32:02 PST,morse,Last Resolved,2001-11-01 09:32:02,
2001-11-01 09:32:02 PST,morse,Status,RESOLVED,NEW
2001-11-01 09:32:02 PST,morse,Resolution,WONTFIX,---
2001-11-18 10:06:23 PST,hakon_,Status,REOPENED,RESOLVED
2001-11-18 10:06:23 PST,hakon_,Resolution,---,WONTFIX
2001-11-18 11:24:38 PST,morse,Target Milestone,Future,---
2002-02-16 14:16:49 PST,bugzilla,Summary,sorting in the Password manager,the Password manager
2002-05-10 08:19:26 PDT,ewv,Summary,Username sorting in the Password manager,sorting in the Password manager
2002-05-10 08:23:40 PDT,ewv,Depends on,142179,
2002-05-10 08:24:07 PDT,ewv,Depends on,,142179
2003-01-07 10:58:03 PST,hjtoi-bugzilla,Status,NEW,REOPENED
2003-01-07 10:58:03 PST,hjtoi-bugzilla,Assignee,dveditz,morse
2003-02-16 00:00:35 PST,mno2go,CC,mno11,
2003-08-25 15:49:40 PDT,d_king,CC,d_king,
2004-11-22 17:25:08 PST,myk,Product,Seamonkey,Browser
2006-05-30 22:11:10 PDT,dveditz,Assignee,nobody,dveditz
2008-05-19 02:11:35 PDT,franck.wolff,CC,franck.wolff,
2008-06-20 10:27:49 PDT,bugzillamozillaorg_serge_20140323,QA Contact,,tpreston
2010-12-07 10:31:22 PST,kairo,Whiteboard,[obsoleted when bug 588421 lands],
2010-12-07 10:31:22 PST,kairo,CC,kairo,
2010-12-07 10:53:46 PST,philip.chee,Summary,Username sorting in the username dropdown autocomplete list.,Username sorting in the Password manager
2010-12-07 10:53:46 PST,philip.chee,Product,Toolkit,SeaMonkey
2010-12-07 10:53:46 PST,philip.chee,Component,Password Manager,Passwords & Permissions
2010-12-07 10:53:46 PST,philip.chee,QA Contact,password.manager,
2010-12-07 10:53:46 PST,philip.chee,CC,philip.chee,
2010-12-07 10:57:05 PST,philip.chee,Whiteboard,,[obsoleted when bug 588421 lands]
2012-07-19 23:28:12 PDT,bhagya502,CC,bhagya502,
2012-07-19 23:28:14 PDT,bhagya502,CC,,bhagya502
2015-07-15 23:40:52 PDT,MattN+bmo,CC,bugzilla,
2015-08-03 15:31:04 PDT,bernardo,CC,bernardo,
2015-08-04 01:22:17 PDT,bernardo,Attachment #8642918                Flags,review?(MattN+bmo),
2015-08-04 01:22:17 PDT,bernardo,CC,MattN+bmo,
2015-08-04 01:38:11 PDT,bernardo,Status,ASSIGNED,NEW
2015-08-04 01:38:11 PDT,bernardo,Iteration,42.3 - Aug 10,---
2015-08-04 01:38:11 PDT,bernardo,Hardware,All,x86
2015-08-04 01:38:11 PDT,bernardo,Assignee,bernardo,nobody
2015-08-04 01:38:11 PDT,bernardo,Flags,firefox-backlog?, qe-verify+,
2015-08-04 01:38:11 PDT,bernardo,OS,All,Windows ME
2015-08-04 08:34:40 PDT,MattN+bmo,Attachment #8642918                Flags,review+,review?(MattN+bmo)
2015-08-04 08:41:50 PDT,bernardo,Depends on,1190898,
2015-08-04 08:43:19 PDT,bernardo,Keywords,checkin-needed,
2015-08-04 11:28:01 PDT,pulsebot,Keywords,,checkin-needed
2015-08-05 04:14:37 PDT,cbook,Status,RESOLVED,ASSIGNED
2015-08-05 04:14:37 PDT,cbook,Resolution,FIXED,---
2015-08-05 04:14:37 PDT,cbook,Last Resolved,2015-08-05 04:14:37,2001-11-01 09:32:02
2015-08-05 04:14:37 PDT,cbook,status-firefox42,fixed,---
2015-08-10 07:42:36 PDT,philip.chee,Target Milestone,mozilla42,Future
