When, Who, What, Added, Removed
2001-11-01 09:46:32 PST,twalker,Keywords,smoketest,
2001-11-01 09:57:12 PST,lchiang,CC,alecf,
2001-11-01 09:58:59 PST,hwaara,CC,harishd,
2001-11-01 09:59:08 PST,bugzilla,Component,Parser,Browser-General
2001-11-01 09:59:08 PST,bugzilla,Assignee,harishd,asa
2001-11-01 09:59:08 PST,bugzilla,QA Contact,moied,doronr
2001-11-01 09:59:08 PST,bugzilla,CC,blakeross,
2001-11-01 10:03:09 PST,bugzilla,CC,,alecf
2001-11-01 10:09:00 PST,kairo,CC,KaiRo,
2001-11-01 10:11:15 PST,axel,CC,axel,
2001-11-01 11:38:03 PST,harishd,Status,ASSIGNED,NEW
2001-11-01 11:44:47 PST,alecf,CC,rpotts,
2001-11-01 11:50:36 PST,harishd,Status,RESOLVED,ASSIGNED
2001-11-01 11:50:36 PST,harishd,Resolution,FIXED,---
2001-11-01 11:50:36 PST,harishd,Last Resolved,2001-11-01 11:50:36,
2001-11-01 13:03:02 PST,twalker,Status,VERIFIED,RESOLVED
