When, Who, What, Added, Removed
2001-10-31 22:00:18 PST,mozilla,Status,NEW,UNCONFIRMED
2001-10-31 22:00:18 PST,mozilla,Assignee,pedemont,attinasi
2001-10-31 22:00:18 PST,mozilla,Ever confirmed,1,0
2001-11-28 07:05:52 PST,brade,CC,kin, brade, mjudge,
2001-11-28 07:05:52 PST,brade,Whiteboard,DUPEME,
2001-11-28 07:05:52 PST,brade,Summary,caret position incorrect (overlap last letter),Cursor position incorrect
2001-11-29 09:24:51 PST,kinmoz,Status,RESOLVED,NEW
2001-11-29 09:24:51 PST,kinmoz,Resolution,DUPLICATE,---
2001-11-29 09:24:51 PST,kinmoz,Last Resolved,2001-11-29 09:24:51,
2001-11-29 11:33:27 PST,jhpedemonte,Status,REOPENED,RESOLVED
2001-11-29 11:33:27 PST,jhpedemonte,Resolution,---,DUPLICATE
2001-11-29 11:33:27 PST,jhpedemonte,CC,mkaply,
2001-11-29 15:55:22 PST,mozilla,Attachment #59723                Flags,review+,
2001-11-30 10:48:12 PST,attinasi,Attachment #59723                Flags,superreview+,
2001-11-30 14:52:27 PST,mozilla,Status,RESOLVED,REOPENED
2001-11-30 14:52:27 PST,mozilla,Resolution,FIXED,---
2001-11-30 14:52:27 PST,mozilla,Last Resolved,2001-11-30 14:52:27,2001-11-29 09:24:51
2001-12-03 08:24:05 PST,mozilla,CC,junk,
2002-02-12 10:25:25 PST,jblanco,Status,VERIFIED,RESOLVED
