When, Who, What, Added, Removed
2001-11-07 12:57:39 PST,kmcclusk,Component,Editor: Composer,Compositor
2001-11-07 12:57:39 PST,kmcclusk,Assignee,syd,kmcclusk
2001-11-07 12:57:39 PST,kmcclusk,QA Contact,sujay,petersen
2001-11-30 01:25:04 PST,slogan,Target Milestone,M1,---
2001-11-30 02:46:44 PST,slogan,Target Milestone,Future,M1
2001-12-07 19:09:13 PST,slogan,Whiteboard,EDITORBASE,
2001-12-07 19:09:13 PST,slogan,Assignee,cmanske,syd
2001-12-10 14:20:58 PST,cmanske,Status,ASSIGNED,NEW
2001-12-10 14:20:58 PST,cmanske,Target Milestone,mozilla0.9.8,Future
2001-12-10 14:43:22 PST,cmanske,Keywords,patch, review,
2001-12-10 14:43:22 PST,cmanske,Whiteboard,EDITORBASE, FIX IN HAND, need r=,sr=,EDITORBASE
2001-12-10 14:43:22 PST,cmanske,Summary,context menu items (cut, copy, paste, delete, select all) don't work,context menu paste doesn't work in the body.
2001-12-10 14:43:22 PST,cmanske,Target Milestone,mozilla0.9.7,mozilla0.9.8
2001-12-10 14:47:28 PST,brade,Attachment #61169                Flags,review+,
2001-12-10 16:07:34 PST,cmanske,Whiteboard,EDITORBASE, FIX IN HAND, need sr=,EDITORBASE, FIX IN HAND, need r=,sr=
2001-12-10 16:17:09 PST,hewitt,Attachment #61169                Flags,superreview+,
2001-12-10 18:36:53 PST,cmanske,Whiteboard,EDITORBASE, FIX IN HAND,reviewed,EDITORBASE, FIX IN HAND, need sr=
2001-12-10 19:35:36 PST,cmanske,Status,RESOLVED,ASSIGNED
2001-12-10 19:35:36 PST,cmanske,Resolution,FIXED,---
2001-12-10 19:35:36 PST,cmanske,Last Resolved,2001-12-10 19:35:36,
2001-12-10 19:35:36 PST,cmanske,Keywords,,patch, review
2001-12-10 19:35:36 PST,cmanske,Whiteboard,EDITORBASE,EDITORBASE, FIX IN HAND,reviewed
2001-12-19 09:15:33 PST,dslmichael,Status,VERIFIED,RESOLVED
2004-11-22 17:25:08 PST,myk,Product,Seamonkey,Browser
