When, Who, What, Added, Removed
2001-11-09 05:10:01 PST,matty_is_a_geek,Priority,P2,--
2001-11-09 05:10:01 PST,matty_is_a_geek,Target Milestone,Bugzilla 2.18,---
2001-11-14 05:53:08 PST,matty_is_a_geek,Component,Documentation,Bugzilla-General
2001-11-14 05:53:08 PST,matty_is_a_geek,Assignee,barnboy,justdave
2001-11-18 17:34:18 PST,justdave,CC,justdave,
2001-11-18 17:34:18 PST,justdave,Target Milestone,Bugzilla 2.16,Bugzilla 2.18
2001-11-20 12:29:14 PST,barnboy,Status,ASSIGNED,NEW
2002-04-06 15:10:19 PST,justdave,Status,NEW,ASSIGNED
2002-04-06 15:10:19 PST,justdave,Assignee,mbarnson,barnboy
2002-05-27 04:39:14 PDT,matty_is_a_geek,Target Milestone,Bugzilla 2.18,Bugzilla 2.16
2002-11-04 19:19:09 PST,bz,Status,RESOLVED,NEW
2002-11-04 19:19:09 PST,bz,Resolution,FIXED,---
2002-11-04 19:19:09 PST,bz,Last Resolved,2002-11-04 19:19:09,
2002-11-05 00:28:11 PST,justdave,Status,REOPENED,RESOLVED
2002-11-05 00:28:11 PST,justdave,Resolution,---,FIXED
2002-11-05 00:28:54 PST,justdave,Status,NEW,REOPENED
2002-11-05 00:28:54 PST,justdave,Component,bugzilla.org,Documentation
2002-11-05 00:28:54 PST,justdave,Assignee,matty,matthew
2002-11-05 00:28:54 PST,justdave,QA Contact,justdave,matty
2002-11-05 19:17:44 PST,bz,Status,ASSIGNED,NEW
2003-05-03 08:30:33 PDT,justdave,Status,NEW,ASSIGNED
2003-05-03 08:30:33 PDT,justdave,Assignee,gerv,matty
2003-05-03 08:43:28 PDT,justdave,Depends on,140527,
2004-03-18 16:04:33 PST,bugreport,Target Milestone,Bugzilla 2.20,Bugzilla 2.18
2004-06-19 04:54:11 PDT,gerv,Status,RESOLVED,NEW
2004-06-19 04:54:11 PDT,gerv,Resolution,FIXED,---
2004-06-19 04:54:11 PDT,gerv,Last Resolved,2004-06-19 04:54:11,2002-11-04 19:19:09
2012-12-18 20:46:27 PST,nobody,QA Contact,default-qa,justdave
