When, Who, What, Added, Removed
2001-11-01 08:34:38 PST,wtc,Blocks,93206,
2001-11-01 08:37:32 PST,wtc,Status,ASSIGNED,NEW
2001-11-01 08:37:32 PST,wtc,Priority,P1,--
2001-11-01 08:37:32 PST,wtc,Target Milestone,3.4,---
2001-11-01 09:03:59 PST,netscape,CC,bryner,
2002-01-25 16:23:51 PST,wtc,Target Milestone,4.0,3.4
2002-05-20 02:33:31 PDT,davh,CC,davh,
2002-06-19 17:53:55 PDT,dr,CC,dr,
2002-08-30 05:57:46 PDT,davh,Blocks,158385,
2002-09-02 21:51:40 PDT,netscape,CC,kaie,
2002-09-12 21:21:49 PDT,kaie,Attachment #98203                Flags,review+,
2002-09-28 07:05:41 PDT,wtc,Target Milestone,3.7,4.0
2002-10-14 11:31:08 PDT,david,CC,david.majda,
2002-12-06 15:46:04 PST,wtc,Target Milestone,3.8,3.7
2002-12-12 16:30:11 PST,netscape,Attachment #98203                Flags,review?(wtc),review+
2003-02-10 16:37:55 PST,wtc,Attachment #114057                Flags,review?(seawood),
2003-02-10 16:49:19 PST,wtc,Attachment #114057                Attachment is obsolete,1,0
2003-02-10 16:49:43 PST,wtc,Attachment #114057                Flags,,review?(seawood)
2003-02-10 16:50:17 PST,wtc,Attachment #114058                Flags,review?(seawood),
2003-02-10 19:10:23 PST,netscape,Attachment #114058                Flags,review+,review?(seawood)
2003-02-11 16:14:01 PST,netscape,Attachment #98203                Flags,,review?(wtc)
2003-05-09 21:20:19 PDT,nelson,Target Milestone,---,3.8
2005-06-02 17:35:58 PDT,cls,Status,RESOLVED,ASSIGNED
2005-06-02 17:35:58 PDT,cls,Resolution,FIXED,---
2005-06-02 17:35:58 PDT,cls,Last Resolved,2005-06-02 17:35:58,
