When, Who, What, Added, Removed
2001-11-01 13:23:44 PST,c,CC,c,
2001-11-01 13:55:00 PST,c,Depends on,108067,
2001-11-21 15:46:03 PST,rpotts,Status,RESOLVED,NEW
2001-11-21 15:46:03 PST,rpotts,Resolution,FIXED,---
2001-11-21 15:46:03 PST,rpotts,Last Resolved,2001-11-21 15:46:03,
2001-12-01 10:53:11 PST,benc,Component,Networking: HTTP,Networking: File
2001-12-01 10:53:11 PST,benc,QA Contact,tever,benc
2004-10-16 09:49:53 PDT,benc,Status,VERIFIED,RESOLVED
2004-10-16 09:49:53 PDT,benc,QA Contact,benc,tever
