When, Who, What, Added, Removed
2001-12-01 14:46:33 PST,fabian,Status,NEW,UNCONFIRMED
2001-12-01 14:46:33 PST,fabian,Ever confirmed,1,0
2001-12-07 15:43:24 PST,bob,Whiteboard,[USERAGENT][PROPRIETARY-DOM],
2001-12-07 15:43:24 PST,bob,Summary,ebnews.com - pull down menus dont appear correctly,pull down menus dont appear correctly
2001-12-07 15:43:24 PST,bob,Hardware,All,PC
2001-12-07 15:43:24 PST,bob,OS,All,Windows 98
2001-12-07 15:43:24 PST,bob,Priority,P3,--
2002-01-12 03:22:59 PST,doronr,Whiteboard,[USERAGENT][PROPRIETARY-DOM][aok],[USERAGENT][PROPRIETARY-DOM]
2002-01-25 18:23:54 PST,zach,Assignee,doronr,bclary
2003-04-19 04:35:38 PDT,danielwang,Status,RESOLVED,NEW
2003-04-19 04:35:38 PDT,danielwang,Resolution,FIXED,---
2003-04-19 04:35:38 PDT,danielwang,Last Resolved,2003-04-19 04:35:38,
2015-04-19 23:39:42 PDT,nobody,Product,Tech Evangelism Graveyard,Tech Evangelism
