When, Who, What, Added, Removed
2001-10-31 22:45:17 PST,bugzilla,Keywords,access,
2001-10-31 22:45:17 PST,bugzilla,CC,sairuh, aaronl,
2001-10-31 22:45:17 PST,bugzilla,Blocks,70812,
2001-11-01 11:20:23 PST,saari,Status,ASSIGNED,NEW
2001-11-01 11:20:23 PST,saari,Target Milestone,mozilla0.9.7,---
2001-11-01 12:31:02 PST,SkewerMZ,CC,SkewerMZ,
2001-11-01 12:33:03 PST,SkewerMZ,Keywords,mozilla0.9.6, nsbeta1, nsCatFood, nsdogfood,
2001-11-01 12:33:03 PST,SkewerMZ,Severity,blocker,normal
2001-11-01 12:33:03 PST,SkewerMZ,CC,pchen, sspitzer, pinkerton, hyatt,
2001-11-01 12:50:19 PST,SkewerMZ,OS,All,Linux
2001-11-02 12:38:50 PST,rpertusio,CC,rpertusio,
2001-11-19 15:58:49 PST,bugzilla,CC,madhur,
2001-12-09 20:16:47 PST,ewv,CC,ewv,
2001-12-11 03:26:18 PST,saari,Target Milestone,mozilla0.9.8,mozilla0.9.7
2001-12-11 15:15:47 PST,bugzilla3,CC,emericle,
2001-12-11 15:51:46 PST,bugzilla3,CC,mario,
2002-01-16 02:45:40 PST,david,CC,davidj,
2002-01-29 14:34:29 PST,saari,Target Milestone,mozilla0.9.9,mozilla0.9.8
2002-01-31 00:50:31 PST,saari,Status,RESOLVED,ASSIGNED
2002-01-31 00:50:31 PST,saari,Resolution,FIXED,---
2002-01-31 00:50:31 PST,saari,Last Resolved,2002-01-31 00:50:31,
2002-01-31 00:54:20 PST,jrgmorrison,Status,VERIFIED,RESOLVED
