When, Who, What, Added, Removed
2001-11-20 01:44:40 PST,daniel,Status,ASSIGNED,NEW
2001-11-20 01:44:40 PST,daniel,Target Milestone,mozilla0.9.7,---
2001-12-20 01:35:29 PST,daniel,Target Milestone,mozilla0.9.8,mozilla0.9.7
2002-01-22 01:20:39 PST,daniel,Target Milestone,mozilla0.9.9,mozilla0.9.8
2002-02-13 10:29:36 PST,kmcclusk,Target Milestone,mozilla1.1,mozilla0.9.9
2002-02-13 10:36:54 PST,bzbarsky,Keywords,dom2,
2002-02-17 00:57:45 PST,basic,CC,_basic,
2002-02-20 08:42:06 PST,daniel,Attachment #70292                Attachment is obsolete,1,0
2002-03-01 02:02:56 PST,caillon,CC,caillon,
2002-05-14 08:38:55 PDT,daniel,Attachment #70514                Attachment is obsolete,1,0
2002-05-14 08:45:46 PDT,bzbarsky,Depends on,142019,
2002-05-14 08:46:23 PDT,daniel,Depends on,,142019
2002-05-14 09:10:02 PDT,bzbarsky,Depends on,142019,
2002-05-21 01:25:43 PDT,daniel,Status,RESOLVED,ASSIGNED
2002-05-21 01:25:43 PDT,daniel,Resolution,FIXED,---
2002-05-21 01:25:43 PDT,daniel,Last Resolved,2002-05-21 01:25:43,
2014-04-25 15:15:14 PDT,basic,CC,,basic
