When, Who, What, Added, Removed
2001-11-01 07:38:39 PST,justdave,Component,Documentation,Administration
2001-11-01 07:38:39 PST,justdave,Assignee,barnboy,justdave
2001-11-01 07:38:39 PST,justdave,CC,justdave,
2001-11-01 07:38:39 PST,justdave,Target Milestone,Bugzilla 2.16,---
2001-11-17 18:15:20 PST,justdave,Target Milestone,Bugzilla 2.18,Bugzilla 2.16
2001-11-18 17:34:27 PST,justdave,Target Milestone,Bugzilla 2.16,Bugzilla 2.18
2001-11-19 23:44:27 PST,matty_is_a_geek,Priority,P1,--
2002-04-06 15:10:29 PST,justdave,Assignee,mbarnson,barnboy
2002-05-25 08:15:43 PDT,gerv,Status,RESOLVED,NEW
2002-05-25 08:15:43 PDT,gerv,Resolution,FIXED,---
2002-05-25 08:15:43 PDT,gerv,Last Resolved,2002-05-25 08:15:43,
2012-12-18 20:46:27 PST,nobody,QA Contact,default-qa,matty_is_a_geek
