When, Who, What, Added, Removed
2001-11-05 19:53:05 PST,bugmail,Whiteboard,[dupeme],
2001-11-24 23:20:40 PST,jrgmorrison,Status,NEW,UNCONFIRMED
2001-11-24 23:20:40 PST,jrgmorrison,Assignee,pinkerton,hyatt
2001-11-24 23:20:40 PST,jrgmorrison,Ever confirmed,1,0
2001-11-26 07:55:33 PST,mikepinkerton,Severity,major,normal
2001-11-26 07:55:33 PST,mikepinkerton,Assignee,danm,pinkerton
2001-12-10 10:54:08 PST,bugzilla,CC,dev,
2002-01-16 16:38:32 PST,danm.moz,Target Milestone,Future,---
2002-01-23 23:51:33 PST,pbaker,CC,pbaker,
2002-01-24 07:32:29 PST,mikepinkerton,Keywords,nsbeta1, relnote,
2002-01-24 07:32:29 PST,mikepinkerton,CC,sdagley, pinkerton, sfraser,
2002-01-24 07:32:29 PST,mikepinkerton,Target Milestone,---,Future
2002-01-24 11:36:19 PST,sdagley,Blocks,102998,
2002-01-28 14:18:04 PST,danm.moz,Target Milestone,mozilla0.9.9,---
2002-02-05 20:36:50 PST,jrgmorrison,CC,masri,
2002-02-07 14:13:18 PST,sfraser_bugs,URL,http://www.hawkcommunications.com,
2002-02-08 14:12:36 PST,bugs,Attachment #68450                Flags,superreview+,
2002-02-08 14:29:58 PST,jag-mozilla,Attachment #68450                Flags,review+,
2002-02-08 14:45:02 PST,danm.moz,Status,RESOLVED,NEW
2002-02-08 14:45:02 PST,danm.moz,Resolution,FIXED,---
2002-02-08 14:45:02 PST,danm.moz,Last Resolved,2002-02-08 14:45:02,
2002-02-09 19:49:58 PST,endico,Status,REOPENED,RESOLVED
2002-02-09 19:49:58 PST,endico,Resolution,---,FIXED
2002-02-09 23:29:15 PST,endico,Status,RESOLVED,REOPENED
2002-02-09 23:29:15 PST,endico,Resolution,FIXED,---
2002-02-09 23:29:15 PST,endico,Last Resolved,2002-02-09 23:29:15,2002-02-08 14:45:02
