When, Who, What, Added, Removed
2001-10-31 18:52:12 PST,jrgmorrison,Keywords,mozilla0.9.7, perf, topperf,
2001-10-31 18:52:12 PST,jrgmorrison,Assignee,pchen,ben
2001-10-31 19:32:01 PST,paulkchen,Status,ASSIGNED,NEW
2001-10-31 19:32:01 PST,paulkchen,Priority,P1,--
2001-10-31 19:32:01 PST,paulkchen,Target Milestone,mozilla0.9.7,---
2001-10-31 21:34:43 PST,jrgmorrison,CC,waterson, hewitt,
2001-11-05 18:48:54 PST,paulkchen,CC,hyatt,
2001-11-08 17:50:52 PST,paulkchen,CC,jaggernaut,
2001-11-08 17:58:01 PST,paulkchen,Target Milestone,mozilla0.9.6,mozilla0.9.7
2001-11-08 18:11:50 PST,jag-mozilla,Attachment #57152                Flags,review+,
2001-11-08 18:12:53 PST,jag-mozilla,Attachment #57153                Flags,review+,
2001-11-08 18:13:27 PST,jag-mozilla,Attachment #57154                Flags,review+,
2001-11-08 18:14:00 PST,jag-mozilla,Attachment #57156                Flags,review+,
2001-11-08 18:14:51 PST,jag-mozilla,Attachment #57157                Flags,review+,
2001-11-09 09:47:36 PST,paulkchen,Attachment #57152                Flags,superreview+,
2001-11-09 09:48:07 PST,paulkchen,Attachment #57153                Flags,superreview+,
2001-11-09 09:48:32 PST,paulkchen,Attachment #57154                Flags,superreview+,
2001-11-09 09:49:50 PST,paulkchen,Attachment #57156                Flags,superreview+,
2001-11-09 09:50:17 PST,paulkchen,Attachment #57157                Flags,superreview+,
2001-11-09 16:59:19 PST,mozilla,CC,rjc,
2001-11-09 18:51:41 PST,verbal,CC,ksosez,
2001-11-11 03:30:47 PST,jruderman,Blocks,49141,
2001-11-11 14:07:34 PST,mozilla-bugs,CC,ayn2,
2001-11-12 19:41:51 PST,alex,CC,alex,
2001-11-12 21:46:05 PST,blizzard,Keywords,mozilla0.9.6-,
2001-11-13 16:07:52 PST,paulkchen,Status,RESOLVED,ASSIGNED
2001-11-13 16:07:52 PST,paulkchen,Resolution,FIXED,---
2001-11-13 16:07:52 PST,paulkchen,Last Resolved,2001-11-13 16:07:52,
2002-12-17 23:28:04 PST,bugzilla,Status,VERIFIED,RESOLVED
2003-04-28 17:05:24 PDT,mfedyk,CC,mfedyk,
2004-11-22 17:25:08 PST,myk,Product,Seamonkey,Browser
