When, Who, What, Added, Removed
2001-11-01 09:57:22 PST,ji,Product,Browser,MailNews
2001-11-01 09:57:22 PST,ji,QA Contact,ylong,ji
2001-11-01 09:57:22 PST,ji,CC,ji, teruko, ruixu,
2001-11-01 09:58:59 PST,nhottanscp,Keywords,regression,
2001-11-01 09:58:59 PST,nhottanscp,Assignee,yokoyama,nhotta
2001-11-01 09:58:59 PST,nhottanscp,CC,nhotta,
2001-11-21 19:19:57 PST,kazhik,Status,RESOLVED,NEW
2001-11-21 19:19:57 PST,kazhik,Resolution,FIXED,---
2001-11-21 19:19:57 PST,kazhik,Last Resolved,2001-11-21 19:19:57,
2010-06-18 19:13:08 PDT,masayuki,Keywords,inputmethod,
