When, Who, What, Added, Removed
2001-11-01 17:53:46 PST,timeless,QA Contact,depstein,doronr
2001-11-01 17:53:46 PST,timeless,CC,timeless,
2001-11-01 17:53:46 PST,timeless,Component,Embedding: APIs,Browser-General
2001-11-01 17:53:46 PST,timeless,Assignee,harishd,asa
2001-12-04 16:18:02 PST,harishd,Target Milestone,Future,---
2003-01-24 17:45:03 PST,depman1,QA Contact,dsirnapalli,depstein
2004-02-22 11:54:18 PST,bugzilla,CC,sam_collett,
2004-02-22 11:55:04 PST,bugzilla,OS,All,Linux
2004-08-15 11:24:21 PDT,robert,CC,rparenton,
2004-08-15 14:14:04 PDT,timeless,Product,Firefox,Browser
2004-08-15 14:14:04 PDT,timeless,Version,1.0 Branch,Trunk
2004-08-15 14:14:04 PDT,timeless,Component,Startup and Profile System,Embedding: APIs
2004-08-15 14:14:04 PDT,timeless,Target Milestone,Phoenix0.1,Future
2004-08-15 14:15:54 PDT,timeless,Product,Browser,Firefox
2004-08-15 14:15:54 PDT,timeless,Version,Trunk,1.0 Branch
2004-08-15 14:15:54 PDT,timeless,Component,Embedding: APIs,Startup and Profile System
2004-08-15 14:15:54 PDT,timeless,Target Milestone,Future,Phoenix0.1
2004-08-15 14:18:34 PDT,timeless,Summary,Browser won't open if browser.frames.enabled is set to false - Error launching browser window:no XBL binding forbrowser,Browser won't open if browser.frames.enabled is set to false
2004-08-15 14:18:34 PDT,timeless,Hardware,All,PC
2004-08-18 14:03:34 PDT,timeless,Summary,Browser won't open if browser.frames.enabled is set to false - Error launching browser window:no XBL binding for browser,Browser won't open if browser.frames.enabled is set to false - Error launching browser window:no XBL binding forbrowser
2004-11-23 23:18:35 PST,mrbkap,CC,mrbkap,
2004-12-03 22:07:30 PST,worcester12345,CC,worcester12345,
2004-12-20 17:56:22 PST,David.R.Gardiner,CC,david.gardiner,
2005-02-21 00:33:12 PST,bernd_mozilla,Attachment #174965                Attachment is obsolete,1,0
2005-03-03 21:26:35 PST,bernd_mozilla,Status,RESOLVED,NEW
2005-03-03 21:26:35 PST,bernd_mozilla,Resolution,FIXED,---
2005-03-03 21:26:35 PST,bernd_mozilla,Depends on,240129,
2005-03-03 21:26:35 PST,bernd_mozilla,Last Resolved,2005-03-03 21:26:35,
2005-04-07 01:05:14 PDT,pike,CC,oc106,
2005-05-27 06:03:14 PDT,bugzilla,CC,achowe,
2006-03-12 16:55:10 PST,robert,CC,,rparenton
