When, Who, What, Added, Removed
2001-11-29 15:58:54 PST,racham,Status,ASSIGNED,NEW
2001-11-29 15:58:54 PST,racham,Target Milestone,mozilla1.0.1,---
2002-01-22 14:28:37 PST,iann_bugzilla,CC,ian,
2002-11-11 23:19:21 PST,anthony,CC,clcont,
2003-04-08 20:11:27 PDT,iann_bugzilla,Assignee,ian,racham
2003-04-08 20:11:27 PDT,iann_bugzilla,CC,racham,
2003-04-08 20:11:27 PDT,iann_bugzilla,Target Milestone,mozilla1.4beta,mozilla1.0.1
2003-04-08 20:11:27 PDT,iann_bugzilla,Hardware,All,PC
2003-04-08 20:11:27 PDT,iann_bugzilla,OS,All,Windows 2000
2003-04-08 20:11:27 PDT,iann_bugzilla,Status,NEW,ASSIGNED
2003-04-08 20:11:58 PDT,iann_bugzilla,Status,ASSIGNED,NEW
2003-04-08 20:18:57 PDT,iann_bugzilla,Attachment #119916                Attachment is obsolete,1,0
2003-04-08 20:33:08 PDT,iann_bugzilla,Attachment #119916                Attachment is obsolete,0,1
2003-04-08 20:33:51 PDT,iann_bugzilla,Attachment #119918                Attachment is obsolete,1,0
2003-04-08 20:44:06 PDT,iann_bugzilla,CC,bootsy52,
2003-04-09 07:11:42 PDT,iann_bugzilla,Attachment #119916                Flags,review?(racham),
2003-04-09 07:15:11 PDT,iann_bugzilla,CC,alecf,
2003-04-09 13:46:05 PDT,iann_bugzilla,CC,sspitzer,
2003-04-09 13:53:20 PDT,dmose,Attachment #119916                Flags,review+,review?(racham)
2003-04-09 13:54:53 PDT,iann_bugzilla,Attachment #119916                Flags,superreview?(sspitzer),
2003-04-09 17:17:08 PDT,sspitzer,Attachment #119916                Attachment is obsolete,1,0
2003-04-09 17:18:32 PDT,sspitzer,Attachment #119916                Flags,,superreview?(sspitzer)
2003-04-09 17:21:19 PDT,sspitzer,Status,RESOLVED,ASSIGNED
2003-04-09 17:21:19 PDT,sspitzer,Resolution,FIXED,---
2003-04-09 17:21:19 PDT,sspitzer,Last Resolved,2003-04-09 17:21:19,
2003-04-10 03:35:25 PDT,iann_bugzilla,Blocks,201469,
2003-06-15 22:51:50 PDT,rivanvx,Status,VERIFIED,RESOLVED
2004-11-22 17:25:08 PST,myk,Product,Seamonkey,Browser
