When, Who, What, Added, Removed
2002-07-15 19:04:18 PDT,pascalc,OS,All,Linux
2003-04-19 09:24:33 PDT,francis.uy,Hardware,All,PC
2003-04-19 09:24:33 PDT,francis.uy,Severity,major,normal
2003-04-19 09:24:33 PDT,francis.uy,Priority,P3,--
2003-04-19 09:24:33 PDT,francis.uy,Blocks,118549,
2003-04-19 09:24:33 PDT,francis.uy,Whiteboard,[proprietary-dom],
2003-04-19 09:24:33 PDT,francis.uy,Summary,panodi.com - GoLive Menu does not appear,Menu does not appear
2003-07-10 13:09:54 PDT,bob,QA Contact,other,jonrubin
2003-07-10 13:09:54 PDT,bob,Component,Other,The Americas
2003-07-10 13:09:54 PDT,bob,Assignee,other,momoi
2009-02-19 18:10:32 PST,bugzilla,Status,RESOLVED,NEW
2009-02-19 18:10:32 PST,bugzilla,Resolution,FIXED,---
2009-02-19 18:10:32 PST,bugzilla,CC,matti,
2009-02-19 18:10:32 PST,bugzilla,Last Resolved,2009-02-19 18:10:32,
2015-04-19 23:46:32 PDT,nobody,Product,Tech Evangelism Graveyard,Tech Evangelism
