When, Who, What, Added, Removed
2001-11-01 16:31:47 PST,bugzilla,QA Contact,sairuh,zach
2001-11-01 16:31:47 PST,bugzilla,Depends on,32502, 48748, 102592,
2001-11-01 16:31:47 PST,bugzilla,Blocks,102472,
2001-11-01 16:58:10 PST,alex,CC,alexbishopuk,
2001-11-14 10:59:58 PST,bugzilla,CC,mozilla,
2001-11-14 10:59:58 PST,bugzilla,Depends on,69555,
2001-11-14 15:04:14 PST,jruderman,Depends on,67414,
2001-11-14 15:26:04 PST,jruderman,CC,jruderman,
2001-11-14 19:14:04 PST,ben.bucksch,CC,ben.bucksch,
2001-11-15 12:47:22 PST,bugzilla,CC,lorikaplan,
2001-11-15 15:08:20 PST,bugzilla,Blocks,110354,
2001-11-19 19:17:21 PST,bugzilla,Depends on,103417,
2001-11-21 11:02:29 PST,bugzilla,CC,anarkhos,
2001-11-28 15:53:20 PST,marlon.bishop,Blocks,93390,
2001-11-28 16:04:48 PST,marlon.bishop,Blocks,,93390
2001-11-28 21:25:48 PST,bugzilla,Depends on,89975,
2001-11-30 13:58:39 PST,marlon.bishop,Depends on,92499,
2001-12-09 01:32:53 PST,mike_jk,CC,mikejk,
2001-12-10 14:45:56 PST,alex,CC,jaimejr,
2001-12-10 21:27:46 PST,bugzilla,Blocks,114556,
2001-12-11 22:07:30 PST,bugzilla,Depends on,114803,
2001-12-18 12:50:52 PST,bugzilla,Depends on,105028,
2001-12-19 12:59:51 PST,bugzilla,Depends on,92901,
2001-12-27 12:15:18 PST,bugzilla,Depends on,63134,
2001-12-30 19:02:50 PST,bugzilla,Depends on,75546,
2002-01-02 06:54:56 PST,ezh,CC,ezh,
2002-01-08 08:40:44 PST,ruairif,CC,ruairif,
2002-01-11 11:00:05 PST,lorikaplan,Target Milestone,mozilla1.0,---
2002-01-11 11:05:07 PST,lorikaplan,Priority,P2,--
2002-01-11 14:47:10 PST,bugzilla,Depends on,79639,
2002-01-11 14:47:10 PST,bugzilla,Blocks,89825,
2002-01-15 19:31:31 PST,bugzilla,Blocks,114476,
2002-01-15 22:09:37 PST,bugs,Depends on,,48748
2002-01-15 22:11:58 PST,bugs,Depends on,,67414
2002-01-16 11:04:45 PST,bugzilla,Depends on,120358,
2002-01-20 20:40:04 PST,marlon.bishop,Blocks,121054,
2002-01-24 14:17:11 PST,bugzilla,Depends on,47139,
2002-01-29 13:05:23 PST,bugzilla,Depends on,122144,
2002-01-29 16:50:28 PST,bugzilla,Depends on,122505,
2002-02-03 12:08:58 PST,basic,CC,_basic,
2002-02-14 11:46:18 PST,bugzilla,Depends on,124484,
2002-02-18 15:18:22 PST,bugzilla,Depends on,126059,
2002-02-18 15:31:54 PST,marlon.bishop,Depends on,,126059
2002-03-04 19:12:14 PST,scottputterman,Target Milestone,mozilla1.2,mozilla1.0
2002-03-05 16:39:30 PST,marlon.bishop,Keywords,nsbeta1,
2002-03-05 16:39:30 PST,marlon.bishop,Target Milestone,mozilla1.0,mozilla1.2
2002-03-05 16:51:12 PST,lorikaplan,Keywords,nsbeta1+,nsbeta1
2002-03-05 17:03:50 PST,ipottinger,CC,bugzilla,
2002-03-10 14:07:37 PST,nnbugzilla,CC,LancerKMT,
2002-03-10 22:42:28 PST,nagi,CC,nagi,
2002-03-13 08:42:44 PST,ewv,CC,ewv,
2002-03-13 09:00:41 PST,david,CC,dkoppenh,
2002-03-13 10:40:00 PST,contact2009,CC,xah,
2002-03-13 16:24:39 PST,p_ch,CC,pierrechanial,
2002-03-18 02:50:37 PST,yatsu,CC,yatsu,
2002-03-18 03:25:52 PST,mpt,Depends on,,103417
2002-03-20 15:52:41 PST,bugzilla,Depends on,132436,
2002-03-20 15:55:42 PST,bugzilla,URL,http://www.mozilla.org/mailnews/specs/proposals/MenuFrame.html,
2002-03-21 00:09:33 PST,netdragon,CC,netdemonz,
2002-03-25 08:44:33 PST,david,CC,david.majda,
2002-03-26 11:21:59 PST,bugzilla,Depends on,133288,
2002-03-27 13:39:17 PST,bugzilla,Assignee,blaker,marlon
2002-03-27 13:44:32 PST,alex,CC,alex,
2002-03-28 19:52:43 PST,evelyn,CC,evelyn,
2002-03-29 01:31:14 PST,andre.bugs2,CC,andre.dahlqvist,
2002-03-31 18:27:27 PST,rjkeller,CC,trfinc.il,
2002-03-31 23:32:07 PST,bugzilla,Whiteboard,landing monday, april 1,
2002-04-01 11:24:10 PST,jaimejr,CC,putterman,
2002-04-01 17:04:13 PST,jaimejr,Keywords,adt1.0.0+,
2002-04-01 22:44:06 PST,hewitt,Attachment #77182                Flags,superreview+,
2002-04-01 22:58:15 PST,bugs,Attachment #77182                Flags,review+,
2002-04-02 20:35:17 PST,bugzilla,Status,RESOLVED,NEW
2002-04-02 20:35:17 PST,bugzilla,Resolution,FIXED,---
2002-04-02 20:35:17 PST,bugzilla,Last Resolved,2002-04-02 20:35:17,
2002-04-03 18:15:40 PST,bugzilla,CC,sujay,
2002-04-03 20:31:01 PST,mpt,Blocks,117059,
2002-04-04 00:29:04 PST,neil,CC,neil,
2002-04-04 17:56:28 PST,mattdm,CC,mattdm,
2002-04-04 18:07:50 PST,doctor__j,CC,doctor__j,
2002-04-06 02:29:23 PST,jlp.bugs,CC,jlp,
2002-04-08 11:09:51 PDT,bugzilla,Status,VERIFIED,RESOLVED
2002-04-08 11:09:51 PDT,bugzilla,Summary,restructure menu framework for browser and mail,restructure menu framework [Go, Tasks] for browser and mail
2002-04-20 06:08:44 PDT,pirat,CC,pirat,
2002-11-03 03:17:30 PST,timeless,Component,Browser-General,User Interface Design
2004-03-24 12:34:27 PST,mcow,Depends on,,92499
2004-11-22 17:25:08 PST,myk,Product,Seamonkey,Browser
2014-04-26 03:20:12 PDT,basic,CC,,basic
