When, Who, What, Added, Removed
2001-11-01 17:14:36 PST,wtc,Priority,P1,--
2001-11-01 17:14:36 PST,wtc,Assignee,jpierre,wtc
2001-11-01 17:14:36 PST,wtc,CC,wtc,
2001-11-01 17:14:36 PST,wtc,Target Milestone,3.4,---
2001-11-27 06:51:36 PST,bugz,Attachment #58813                Flags,review+,
2001-11-30 18:10:15 PST,julien.pierre,Attachment #58813                Attachment is obsolete,1,0
2001-11-30 18:15:42 PST,julien.pierre,CC,relyea,
2001-11-30 19:21:26 PST,julien.pierre,Attachment #59969                Attachment is obsolete,1,0
2001-12-06 15:24:57 PST,julien.pierre,Depends on,113746,
2001-12-06 15:48:38 PST,bugz,Attachment #59978                Flags,review+,
2001-12-10 16:40:37 PST,julien.pierre,Status,RESOLVED,NEW
2001-12-10 16:40:37 PST,julien.pierre,Resolution,FIXED,---
2001-12-10 16:40:37 PST,julien.pierre,Last Resolved,2001-12-10 16:40:37,
