When, Who, What, Added, Removed
2001-11-01 10:22:36 PST,nhottanscp,Keywords,intl,
2001-11-01 10:22:36 PST,nhottanscp,Status,ASSIGNED,NEW
2001-11-01 10:22:36 PST,nhottanscp,CC,teruko,
2001-11-01 10:22:36 PST,nhottanscp,Blocks,107941,
2001-11-01 10:41:38 PST,nhottanscp,Blocks,95560,
2001-11-01 10:51:39 PST,nhottanscp,Blocks,85836,
2001-11-01 10:52:41 PST,nhottanscp,Blocks,101606,
2001-11-01 10:53:25 PST,nhottanscp,Blocks,,85836, 95560, 101606, 107941
2001-11-01 10:53:39 PST,nhottanscp,Depends on,85836, 95560, 101606, 107941,
2001-11-01 10:57:23 PST,nhottanscp,Depends on,,101606
2001-11-01 10:57:36 PST,nhottanscp,Blocks,101606,
2001-11-01 11:13:41 PST,caustin,CC,aegis,
2001-11-01 12:59:32 PST,bugzilla,QA Contact,teruko,sairuh
2001-11-01 12:59:32 PST,bugzilla,CC,,teruko
2001-11-01 14:43:32 PST,nhottanscp,Depends on,95481,
2001-11-01 18:14:15 PST,nhottanscp,Target Milestone,mozilla0.9.9,---
2002-01-09 14:05:19 PST,nhottanscp,Target Milestone,mozilla1.2,mozilla0.9.9
2002-09-05 11:15:32 PDT,nhottanscp,Target Milestone,---,mozilla1.2alpha
2003-11-27 05:15:34 PST,cbiesinger,Depends on,162361,
2004-02-17 09:44:54 PST,seak.teng-fong,CC,seak_tengfong,
2004-04-21 12:15:27 PDT,sichunlam,CC,mintchocicecream,
2005-02-28 06:51:16 PST,worcester12345,CC,worcester12345,
2005-03-23 04:49:31 PST,deegg,CC,deegg,
2006-01-29 08:55:43 PST,ryanvm,CC,ryanvm,
2006-05-11 11:48:09 PDT,masayuki,CC,VYV03354, masayuki, jshin1987,
2009-01-25 04:09:03 PST,ehsan,Status,RESOLVED,ASSIGNED
2009-01-25 04:09:03 PST,ehsan,Resolution,FIXED,---
2009-01-25 04:09:03 PST,ehsan,CC,ehsan.akhgari,
2009-01-25 04:09:03 PST,ehsan,Last Resolved,2009-01-25 04:09:03,
2009-04-22 10:10:41 PDT,klonos,CC,klonos,
2009-04-22 11:30:18 PDT,caustin,CC,,aegis
