When, Who, What, Added, Removed
2001-11-01 15:04:11 PST,brendan,Assignee,mcafee,brendan
2001-11-01 15:04:11 PST,brendan,QA Contact,brendan,mcafee
2001-11-11 12:37:35 PST,mcafee,Last Resolved,2001-11-11 12:37:35,
2001-11-11 12:37:35 PST,mcafee,Status,RESOLVED,NEW
2001-11-11 12:37:35 PST,mcafee,Resolution,FIXED,---
2011-03-26 12:06:58 PDT,timeless,Product,Webtools,mozilla.org
2011-03-26 12:06:58 PDT,timeless,Component,Tinderbox,Tinderbox Platforms
2014-06-16 14:00:49 PDT,nobody,Product,Webtools Graveyard,Webtools
