When, Who, What, Added, Removed
2001-11-01 11:49:08 PST,alex,Keywords,crash, stackwanted,
2001-11-01 11:49:08 PST,alex,CC,alex,
2001-11-01 12:01:41 PST,wolruf,Keywords,,stackwanted
2001-11-01 12:01:41 PST,wolruf,OS,All,Linux
2001-11-01 12:01:41 PST,wolruf,Status,NEW,UNCONFIRMED
2001-11-01 12:01:41 PST,wolruf,CC,stephend, cahagn_o,
2001-11-01 12:01:41 PST,wolruf,Ever confirmed,1,0
2001-11-01 15:01:11 PST,bugzilla,Component,Javascript Engine,Browser-General
2001-11-01 15:01:11 PST,bugzilla,CC,matti,
2001-11-01 15:01:43 PST,bugzilla,Assignee,rogerl,asa
2001-11-01 15:01:43 PST,bugzilla,QA Contact,pschwartau,doronr
2001-11-02 00:17:57 PST,pschwartau,CC,pschwartau, brendan, jband,
2001-11-02 10:25:05 PST,brendan,Assignee,brendan,rogerl
2001-11-02 10:25:05 PST,brendan,CC,shaver, rogerl,
2001-11-05 12:14:19 PST,brendan,Status,ASSIGNED,NEW
2001-11-05 12:21:15 PST,brendan,Attachment #56377                Attachment description,This loses, it calls JS_ArenaRealloc and JS_ArenaRelease too much.,proposed fix (i didn't expand tabs on unchanged lines in JS_ArenaRelease, but i will)
2001-11-05 12:21:15 PST,brendan,Attachment #56377                Attachment is obsolete,1,0
2001-11-05 12:24:45 PST,brendan,Attachment #56588                Attachment description,oops, used > where >= is needed (and was used by pre-existing code).,better proposed fix
2001-11-05 12:24:45 PST,brendan,Attachment #56588                Attachment is obsolete,1,0
2001-11-06 11:27:06 PST,jband_mozilla,Attachment #56590                Flags,superreview+,
2001-11-06 12:26:02 PST,brendan,Keywords,js1.5, mozilla0.9.6,
2001-11-06 12:26:02 PST,brendan,Target Milestone,mozilla0.9.6,---
2001-11-06 16:16:15 PST,brendan,Status,RESOLVED,ASSIGNED
2001-11-06 16:16:15 PST,brendan,Resolution,FIXED,---
2001-11-06 16:16:15 PST,brendan,Last Resolved,2001-11-06 16:16:15,
2001-11-07 14:31:09 PST,pschwartau,Status,VERIFIED,RESOLVED
