When, Who, What, Added, Removed
2001-11-01 16:42:29 PST,dp,Status,ASSIGNED,NEW
2001-11-01 16:42:29 PST,dp,Priority,P3,--
2001-11-01 16:42:29 PST,dp,Blocks,67618,
2001-11-01 16:42:29 PST,dp,Target Milestone,mozilla0.9.7,---
2001-11-01 16:56:36 PST,dp,Summary,PlatformPrePopulateRegistry does 6282 allocations,PlatformPrePopulateRegistry does 8000 allocations
2001-11-01 16:56:36 PST,dp,CC,dveditz,
2001-11-01 17:04:24 PST,sfraser_bugs,Hardware,All,PC
2001-11-01 17:04:24 PST,sfraser_bugs,OS,All,Linux
2001-11-01 17:04:24 PST,sfraser_bugs,CC,scc, jaggernaut,
2001-11-01 23:23:19 PST,dp,Attachment #56223                Attachment is obsolete,1,0
2001-11-02 15:14:35 PST,dp,Attachment #56226                Attachment is obsolete,1,0
2001-11-04 02:18:38 PST,stephend,CC,stephend,
2001-11-05 15:34:13 PST,dp,Attachment #56319                Attachment is patch,0,1
2001-11-05 15:34:13 PST,dp,Attachment #56319                Attachment is obsolete,1,0
2001-11-06 16:36:17 PST,dveditz,Attachment #56619                Flags,needs-work+,
2001-11-06 18:09:49 PST,dveditz,Attachment #56619                Flags,review+,needs-work+
2001-11-06 23:12:02 PST,dp,Attachment #56619                Attachment is obsolete,1,0
2001-11-06 23:15:05 PST,dp,Attachment #56858                Flags,review+,
2001-11-15 22:40:08 PST,dp,Status,RESOLVED,ASSIGNED
2001-11-15 22:40:08 PST,dp,Resolution,FIXED,---
2001-11-15 22:40:08 PST,dp,Last Resolved,2001-11-15 22:40:08,
2008-07-31 02:40:59 PDT,timeless,Component,XPCOM,XPCOM Registry
2008-07-31 02:40:59 PDT,timeless,QA Contact,xpcom,doug.turner
