When, Who, What, Added, Removed
2001-11-01 13:38:58 PST,mozilla,Keywords,mlk,
2001-11-01 14:21:13 PST,harishd,Assignee,kmcclusk,harishd
2001-11-01 14:21:13 PST,harishd,CC,harishd,
2001-11-05 17:15:19 PST,kmcclusk,Target Milestone,mozilla0.9.6,---
2001-11-05 17:15:19 PST,kmcclusk,Status,ASSIGNED,NEW
2001-11-05 17:30:25 PST,kmcclusk,Attachment #56122                Attachment is obsolete,1,0
2001-11-05 17:30:46 PST,kmcclusk,Attachment #56125                Attachment is obsolete,1,0
2001-11-06 13:09:58 PST,attinasi,Attachment #56640                Flags,superreview+,
2001-11-06 14:53:09 PST,kmcclusk,CC,attinasi,
2001-11-06 14:55:48 PST,attinasi,Attachment #56785                Flags,superreview+,
2001-11-06 14:57:28 PST,kmcclusk,Attachment #56640                Attachment is obsolete,1,0
2001-11-06 15:00:57 PST,harishd,Attachment #56785                Flags,review+,
2001-11-06 17:08:40 PST,kmcclusk,Status,RESOLVED,ASSIGNED
2001-11-06 17:08:40 PST,kmcclusk,Resolution,FIXED,---
2001-11-06 17:08:40 PST,kmcclusk,Last Resolved,2001-11-06 17:08:40,
2002-01-11 15:22:48 PST,moied,Status,VERIFIED,RESOLVED
