When, Who, What, Added, Removed
2001-11-01 14:23:08 PST,mozilla,Whiteboard,needs r=/sr=,
2001-11-01 14:23:08 PST,mozilla,Status,ASSIGNED,NEW
2001-11-01 14:23:08 PST,mozilla,Keywords,access,
2001-11-01 14:26:24 PST,mozilla,Priority,P2,--
2001-11-01 14:26:24 PST,mozilla,Target Milestone,mozilla0.9.6,---
2001-11-02 00:12:53 PST,aaronlev,Attachment #56143                Flags,review+,
2001-11-05 15:05:38 PST,mozilla,Blocks,98598,
2001-11-05 18:33:30 PST,mozilla,CC,hyatt,
2001-11-05 18:33:58 PST,mozilla,Attachment #56213                Attachment is obsolete,1,0
2001-11-05 18:34:45 PST,mozilla,Attachment #56215                Attachment is obsolete,1,0
2001-11-05 18:35:06 PST,mozilla,Attachment #56214                Attachment is obsolete,1,0
2001-11-05 18:35:32 PST,mozilla,Attachment #56216                Attachment is obsolete,1,0
2001-11-06 00:13:39 PST,aaronlev,Attachment #56662                Flags,review+,
2001-11-06 00:13:56 PST,aaronlev,Whiteboard,needs sr=,needs r=/sr=
2001-11-06 11:30:21 PST,mozilla,Attachment #56143                Attachment is obsolete,1,0
2001-11-08 11:31:23 PST,mozilla,Status,RESOLVED,ASSIGNED
2001-11-08 11:31:23 PST,mozilla,Resolution,FIXED,---
2001-11-08 11:31:23 PST,mozilla,Last Resolved,2001-11-08 11:31:23,
2001-11-08 19:53:12 PST,aaronlev,Summary,Active Accessibility: Groundwork for XUL select work,Groundwork for XUL select work
2001-11-08 19:53:12 PST,aaronlev,CC,,hyatt
