When, Who, What, Added, Removed
2001-11-01 13:22:07 PST,rangansen,Blocks,99964,
2001-11-02 09:52:55 PST,rrelyea,Priority,P1,--
2001-11-02 09:52:55 PST,rrelyea,Assignee,relyea,wtc
2001-11-02 09:52:55 PST,rrelyea,Target Milestone,3.4,---
2001-11-02 10:00:44 PST,wtc,CC,wtc,
2001-11-02 10:00:44 PST,wtc,Version,3.3.1,unspecified
2001-11-16 14:50:54 PST,rrelyea,Status,RESOLVED,NEW
2001-11-16 14:50:54 PST,rrelyea,Resolution,FIXED,---
2001-11-16 14:50:54 PST,rrelyea,Last Resolved,2001-11-16 14:50:54,
