When, Who, What, Added, Removed
2001-11-08 09:53:02 PST,shanjian,Assignee,shanjian,ftang
2001-11-08 10:34:13 PST,shanjian,Status,ASSIGNED,NEW
2001-11-08 12:05:23 PST,shanjian,CC,smontagu,
2001-11-08 15:52:21 PST,smontagu,Attachment #57075                Flags,review+,
2001-11-08 15:58:08 PST,shanjian,CC,attinasi,
2001-11-08 16:41:27 PST,attinasi,Attachment #57075                Flags,superreview+,
2001-11-12 16:55:49 PST,shanjian,Status,RESOLVED,ASSIGNED
2001-11-12 16:55:49 PST,shanjian,Resolution,FIXED,---
2001-11-12 16:55:49 PST,shanjian,Last Resolved,2001-11-12 16:55:49,
