When, Who, What, Added, Removed
2001-11-01 12:27:23 PST,radha,Status,ASSIGNED,NEW
2001-11-01 12:27:23 PST,radha,Target Milestone,mozilla0.9.6,---
2001-11-01 12:53:30 PST,radha,Summary,Session history misbehaves when  _top is replaced after a series of subframe navigations,Session history misbehaves from subframes replace page on the _top
2001-11-01 13:05:57 PST,radha,Attachment #56113                Attachment is obsolete,1,0
2001-11-01 13:55:36 PST,adamlock,Attachment #56123                Flags,review+,
2001-11-05 16:25:09 PST,rpotts,Attachment #56123                Flags,superreview+,
2001-11-06 16:36:10 PST,radha,Status,RESOLVED,ASSIGNED
2001-11-06 16:36:10 PST,radha,Resolution,FIXED,---
2001-11-06 16:36:10 PST,radha,Last Resolved,2001-11-06 16:36:10,
2002-01-11 17:08:05 PST,radha,CC,av,
2002-01-11 18:33:25 PST,serhunt,CC,aruner, valeski, peterl,
2002-01-11 18:33:25 PST,serhunt,Keywords,edt0.9.4,
2002-01-15 09:19:24 PST,dunn5557,CC,depstein,
2002-01-15 23:21:48 PST,jud,Keywords,edt0.9.4-,edt0.9.4
2002-02-04 22:42:32 PST,jud,Keywords,topembed,
2002-03-08 14:23:40 PST,radha,Keywords,edt0.9.4,edt0.9.4-
2002-03-08 14:23:40 PST,radha,CC,selmer,
2008-07-31 02:39:51 PDT,timeless,Component,Document Navigation,History: Session
2008-07-31 02:39:51 PDT,timeless,QA Contact,docshell,claudius
