When, Who, What, Added, Removed
2001-11-08 14:25:36 PST,chrispetersen,Status,NEW,UNCONFIRMED
2001-11-08 14:25:36 PST,chrispetersen,Ever confirmed,1,0
2001-11-08 14:59:00 PST,beard,Status,ASSIGNED,NEW
2001-11-08 15:23:27 PST,beard,Status,RESOLVED,ASSIGNED
2001-11-08 15:23:27 PST,beard,Resolution,FIXED,---
2001-11-08 15:23:27 PST,beard,Last Resolved,2001-11-08 15:23:27,
2001-11-29 12:53:05 PST,pmac,Status,VERIFIED,RESOLVED
2010-10-16 12:16:33 PDT,timeless,Product,Core Graveyard,Core
2010-10-16 12:16:33 PDT,timeless,Component,Java: OJI,Java: OJI
