When, Who, What, Added, Removed
2001-11-01 13:18:12 PST,rangansen,Blocks,98193,
2001-11-02 09:54:22 PST,rrelyea,Priority,P1,--
2001-11-02 09:54:22 PST,rrelyea,Assignee,relyea,wtc
2001-11-02 09:54:22 PST,rrelyea,Target Milestone,3.4,---
2001-11-02 09:59:14 PST,wtc,Version,3.3.1,unspecified
2001-11-02 09:59:14 PST,wtc,CC,wtc,
2001-11-16 14:50:34 PST,rrelyea,Status,RESOLVED,NEW
2001-11-16 14:50:34 PST,rrelyea,Resolution,FIXED,---
2001-11-16 14:50:34 PST,rrelyea,Last Resolved,2001-11-16 14:50:34,
2001-12-10 17:44:30 PST,rangansen,CC,ssaux,
2002-02-20 15:37:08 PST,rangansen,Status,REOPENED,RESOLVED
2002-02-20 15:37:08 PST,rangansen,Resolution,---,FIXED
2002-02-22 09:04:42 PST,wtc,CC,jpierre,
2002-02-27 11:41:04 PST,wtc,Attachment #71704                Flags,review+,
2002-03-02 07:30:58 PST,wtc,Blocks,128593,
2002-03-06 13:25:48 PST,wtc,Status,RESOLVED,REOPENED
2002-03-06 13:25:48 PST,wtc,Resolution,FIXED,---
2002-03-06 13:25:48 PST,wtc,Last Resolved,2002-03-06 13:25:48,2001-11-16 14:50:34
