When, Who, What, Added, Removed
2001-11-01 13:51:29 PST,c,Keywords,patch, review,
2001-11-01 13:51:29 PST,c,Status,ASSIGNED,NEW
2001-11-01 13:55:00 PST,c,Blocks,107945,
2001-11-01 14:28:51 PST,harishd,Attachment #56136                Flags,review+,
2001-11-01 16:15:14 PST,c,Attachment #56153                Attachment is obsolete,1,0
2001-11-05 21:35:49 PST,rpotts,Blocks,102737,
2001-11-26 06:20:36 PST,david,CC,dkoppenh,
2003-03-28 16:21:56 PST,hjtoi-bugzilla,CC,heikki,
2004-06-01 11:24:48 PDT,bzbarsky,Blocks,57717,
2004-06-01 11:25:34 PDT,bzbarsky,CC,mrbkap, bzbarsky,
2004-06-01 20:19:18 PDT,mrbkap,Attachment #149796                Flags,review?(bzbarsky), superreview?(bzbarsky),
2004-06-08 11:52:55 PDT,bzbarsky,Attachment #149796                Flags,review+, superreview+,review?(bzbarsky), superreview?(bzbarsky)
2004-06-08 11:53:54 PDT,bzbarsky,Status,NEW,ASSIGNED
2004-06-08 11:53:54 PDT,bzbarsky,Assignee,mrbkap,c
2004-06-08 12:59:21 PDT,bzbarsky,Status,RESOLVED,NEW
2004-06-08 12:59:21 PDT,bzbarsky,Resolution,FIXED,---
2004-06-08 12:59:21 PDT,bzbarsky,Last Resolved,2004-06-08 12:59:21,
