When, Who, What, Added, Removed
2001-11-27 16:45:42 PST,samuel,Ever confirmed,1,0
2001-11-27 16:45:42 PST,samuel,Status,NEW,UNCONFIRMED
2002-05-12 22:06:46 PDT,mozilla,QA Contact,samuel,mozilla
2002-10-16 01:31:20 PDT,timeless,Summary,Beep on channel activity,[RFE] Beep on channel activity
2003-05-27 16:00:32 PDT,kazhik,Status,RESOLVED,NEW
2003-05-27 16:00:32 PDT,kazhik,Resolution,FIXED,---
2003-05-27 16:00:32 PDT,kazhik,Last Resolved,2003-05-27 16:00:32,
2003-05-27 16:09:09 PDT,samuel,Hardware,All,PC
2003-05-27 16:09:09 PDT,samuel,Status,REOPENED,RESOLVED
2003-05-27 16:09:09 PDT,samuel,Resolution,---,FIXED
2004-09-15 11:43:08 PDT,bugzilla-mozilla-20000923,Depends on,255081,
2004-09-15 12:04:38 PDT,bugzilla-mozilla-20000923,Last Resolved,2004-09-15 12:04:38,2003-05-27 16:00:32
2004-09-15 12:04:38 PDT,bugzilla-mozilla-20000923,Status,RESOLVED,REOPENED
2004-09-15 12:04:38 PDT,bugzilla-mozilla-20000923,Resolution,FIXED,---
2004-11-23 18:54:30 PST,myk,Product,Other Applications,Core
