When, Who, What, Added, Removed
2001-11-01 13:37:11 PST,mhearn,Whiteboard,on-branch,
2001-11-01 13:37:11 PST,mhearn,Depends on,103386,
2001-11-01 16:22:20 PST,spam,Status,RESOLVED,NEW
2001-11-01 16:22:20 PST,spam,Resolution,WORKSFORME,---
2001-11-01 16:22:20 PST,spam,Last Resolved,2001-11-01 16:22:20,
2001-11-01 16:25:45 PST,rginda,Status,REOPENED,RESOLVED
2001-11-01 16:25:45 PST,rginda,Resolution,---,WORKSFORME
2001-11-28 12:45:41 PST,samuel,Status,ASSIGNED,REOPENED
2001-12-03 16:38:44 PST,rginda,Status,RESOLVED,ASSIGNED
2001-12-03 16:38:44 PST,rginda,Resolution,FIXED,---
2001-12-03 16:38:44 PST,rginda,Last Resolved,2001-12-03 16:38:44,2001-11-01 16:22:20
2004-11-23 18:54:30 PST,myk,Product,Other Applications,Core
