When, Who, What, Added, Removed
2001-11-15 23:30:58 PST,chrispetersen,Ever confirmed,1,0
2001-11-15 23:30:58 PST,chrispetersen,Status,NEW,UNCONFIRMED
2001-11-27 18:47:51 PST,beard,Status,ASSIGNED,NEW
2001-11-27 18:47:51 PST,beard,Depends on,104445,
2002-01-15 21:58:39 PST,sdagley,Blocks,120222,
2002-02-22 15:57:33 PST,sdagley,Status,NEW,ASSIGNED
2002-02-22 15:57:33 PST,sdagley,Assignee,bnesse,beard
2002-02-22 16:14:56 PST,bnesse,Status,RESOLVED,NEW
2002-02-22 16:14:56 PST,bnesse,Resolution,FIXED,---
2002-02-22 16:14:56 PST,bnesse,CC,sdagley, beard,
2002-02-22 16:14:56 PST,bnesse,Last Resolved,2002-02-22 16:14:56,
2002-04-16 15:59:25 PDT,pmac,Status,VERIFIED,RESOLVED
2010-10-16 12:17:05 PDT,timeless,Product,Core Graveyard,Core
2010-10-16 12:17:05 PDT,timeless,Component,Java: OJI,Java: OJI
