When, Who, What, Added, Removed
2001-11-02 10:54:12 PST,gerv,CC,gerv,
2001-11-07 10:45:56 PST,timeless,Summary,Create Calendar Product and Components,Calendar Keyword and Component to be added
2001-11-07 15:40:16 PST,gerv,Status,RESOLVED,NEW
2001-11-07 15:40:16 PST,gerv,Resolution,FIXED,---
2001-11-07 15:40:16 PST,gerv,Last Resolved,2001-11-07 15:40:16,
2001-11-07 18:43:29 PST,timeless,Summary,Create Calendar Product, Components and Keyword,Create Calendar Product and Components
2001-11-07 18:43:29 PST,timeless,Status,VERIFIED,RESOLVED
2011-06-26 22:54:48 PDT,nobody,Product,bugzilla.mozilla.org,mozilla.org
2011-06-26 22:54:48 PDT,nobody,Component,Administration,Bugzilla: Keywords & Components
