When, Who, What, Added, Removed
2001-11-01 15:08:44 PST,netscape,Status,RESOLVED,NEW
2001-11-01 15:08:44 PST,netscape,Resolution,FIXED,---
2001-11-01 15:08:44 PST,netscape,Last Resolved,2001-11-01 15:08:44,
2008-03-27 16:42:02 PDT,gavin.sharp,Product,Core,Webtools
2008-03-27 16:42:02 PDT,gavin.sharp,Version,unspecified,other
2008-03-27 16:42:02 PDT,gavin.sharp,Component,General,Build
2008-03-27 16:42:31 PDT,gavin.sharp,QA Contact,general,mattyt-bugzilla
2008-03-27 16:42:31 PDT,gavin.sharp,Assignee,nobody,cls
