When, Who, What, Added, Removed
2001-11-01 12:33:31 PST,depman1,Blocks,107391,
2001-11-01 12:41:48 PST,dougt,Assignee,gordon,neeti
2001-11-02 16:59:15 PST,gordon,Target Milestone,mozilla0.9.8,---
2002-01-18 16:49:11 PST,gordon,Target Milestone,mozilla0.9.9,mozilla0.9.8
2002-02-07 18:03:38 PST,gordon,Priority,P1,--
2002-02-12 12:45:01 PST,gagan,Keywords,nsbeta1+,
2002-02-14 15:04:37 PST,gordon,CC,darin,
2002-02-14 17:57:55 PST,gordon,Whiteboard,patch,
2002-02-18 12:56:32 PST,dougt,Attachment #69538                Flags,review+,
2002-02-18 19:32:05 PST,gordon,Attachment #69538                Flags,superreview+,
2002-02-18 22:48:07 PST,gordon,Status,RESOLVED,NEW
2002-02-18 22:48:07 PST,gordon,Resolution,FIXED,---
2002-02-18 22:48:07 PST,gordon,Last Resolved,2002-02-18 22:48:07,
2002-03-14 09:24:08 PST,benc,Keywords,verifyme,
2002-03-19 17:27:31 PST,depman1,Status,VERIFIED,RESOLVED
2008-10-22 01:05:11 PDT,bugzilla,Keywords,,verifyme
