When, Who, What, Added, Removed
2001-11-01 11:31:52 PST,dbaron,Status,ASSIGNED,NEW
2001-11-01 11:31:52 PST,dbaron,Priority,P1,--
2001-11-01 11:31:52 PST,dbaron,Target Milestone,mozilla0.9.6,---
2001-11-01 21:11:36 PST,waterson,Attachment #56110                Flags,superreview+,
2001-11-02 15:53:59 PST,jag-mozilla,Attachment #56110                Flags,review+,
2001-11-02 21:23:35 PST,dbaron,Status,RESOLVED,ASSIGNED
2001-11-02 21:23:35 PST,dbaron,Resolution,FIXED,---
2001-11-02 21:23:35 PST,dbaron,Last Resolved,2001-11-02 21:23:35,
