When, Who, What, Added, Removed
2001-11-01 12:26:24 PST,waterson,Keywords,perf, smoketest,
2001-11-01 12:26:24 PST,waterson,Status,ASSIGNED,NEW
2001-11-01 12:26:24 PST,waterson,CC,jrgm,
2001-11-01 13:30:56 PST,piskozub,CC,piskozub,
2001-11-01 13:43:54 PST,waterson,Keywords,,smoketest
2001-11-01 13:43:54 PST,waterson,Severity,critical,blocker
2001-11-01 14:02:33 PST,rjesup,CC,,rjesup
2001-11-01 16:38:33 PST,waterson,Status,RESOLVED,ASSIGNED
2001-11-01 16:38:33 PST,waterson,Resolution,INVALID,---
2001-11-01 16:38:33 PST,waterson,Last Resolved,2001-11-01 16:38:33,
2001-11-01 20:05:57 PST,jband_mozilla,Component,XPCOM,Browser-General
2001-11-01 20:05:57 PST,jband_mozilla,CC,jst,
2001-11-01 20:05:57 PST,jband_mozilla,Target Milestone,mozilla0.9.6,---
2001-11-01 20:05:57 PST,jband_mozilla,OS,All,Linux
2001-11-01 20:05:57 PST,jband_mozilla,Status,REOPENED,RESOLVED
2001-11-01 20:05:57 PST,jband_mozilla,Resolution,---,INVALID
2001-11-01 20:05:57 PST,jband_mozilla,Severity,normal,critical
2001-11-01 20:06:22 PST,jband_mozilla,Status,NEW,REOPENED
2001-11-01 20:06:22 PST,jband_mozilla,Assignee,jband,waterson
2001-11-01 20:10:38 PST,jband_mozilla,Summary,xpti should not crash if it can't find interface info in xpt file,jrgm's page load tests crash after loading first URL
2001-11-01 20:10:38 PST,jband_mozilla,Status,ASSIGNED,NEW
2001-11-01 20:22:14 PST,brendan,Attachment #56210                Flags,superreview+,
2001-11-01 20:41:13 PST,jst,Attachment #56210                Flags,review+,
2001-11-01 20:45:57 PST,jband_mozilla,Status,RESOLVED,ASSIGNED
2001-11-01 20:45:57 PST,jband_mozilla,Resolution,FIXED,---
2001-11-01 20:45:57 PST,jband_mozilla,Last Resolved,2001-11-01 20:45:57,2001-11-01 16:38:33
