When, Who, What, Added, Removed
2001-11-10 19:46:47 PST,bob,Whiteboard,[PROPRIETARY-HTML][OVERLAP],
2001-11-10 19:46:47 PST,bob,Summary,itworld.com - Article on Linux has ad obscuring text (layer bug?),Article on Linux has ad obscuring text (layer bug?)
2001-11-10 19:46:47 PST,bob,OS,All,Windows 95
2001-11-10 19:46:47 PST,bob,Status,NEW,UNCONFIRMED
2001-11-10 19:46:47 PST,bob,Priority,P2,--
2001-11-10 19:46:47 PST,bob,Ever confirmed,1,0
2002-01-12 03:36:27 PST,doronr,Status,RESOLVED,NEW
2002-01-12 03:36:27 PST,doronr,Resolution,FIXED,---
2002-01-12 03:36:27 PST,doronr,Last Resolved,2002-01-12 03:36:27,
2002-03-02 10:55:02 PST,brant,Status,VERIFIED,RESOLVED
2015-04-19 23:39:42 PDT,nobody,Product,Tech Evangelism Graveyard,Tech Evangelism
