When, Who, What, Added, Removed
2001-11-06 16:20:45 PST,mscott,Keywords,nsbeta1,
2001-11-06 16:25:30 PST,law,Assignee,ccarlen,law
2001-11-06 18:27:50 PST,bugzilla,Component,Profile Manager BackEnd,XP Apps
2001-11-06 18:27:50 PST,bugzilla,QA Contact,gbush,sairuh
2001-11-06 18:33:55 PST,ccarlen,Status,ASSIGNED,NEW
2001-11-06 18:33:55 PST,ccarlen,Component,XP Apps,Profile Manager BackEnd
2001-11-06 18:33:55 PST,ccarlen,Target Milestone,mozilla0.9.7,---
2001-11-30 14:37:37 PST,mscott,Attachment #56878                Flags,superreview+,
2001-12-05 09:10:06 PST,ccarlen,CC,law,
2001-12-11 11:05:18 PST,law,Attachment #56878                Flags,review+,
2001-12-11 14:29:11 PST,law,CC,bugzilla,
2001-12-11 16:15:06 PST,ccarlen,CC,alexey,
2001-12-11 21:08:32 PST,ccarlen,Resolution,FIXED,---
2001-12-11 21:08:32 PST,ccarlen,Last Resolved,2001-12-11 21:08:32,
2001-12-11 21:08:32 PST,ccarlen,Status,RESOLVED,ASSIGNED
2001-12-14 09:59:44 PST,agracebush,Status,VERIFIED,RESOLVED
2004-11-23 18:54:58 PST,myk,Product,Mozilla Application Suite,Core
