When, Who, What, Added, Removed
2001-11-16 20:24:25 PST,bzbarsky,Ever confirmed,1,0
2001-11-16 20:24:25 PST,bzbarsky,Status,NEW,UNCONFIRMED
2001-11-19 05:56:35 PST,runyonkj,Keywords,edt0.9.4,
2001-11-19 12:14:02 PST,harishd,Assignee,peterv,harishd
2001-11-19 12:14:02 PST,harishd,CC,harishd,
2001-11-20 09:16:27 PST,hjtoi-bugzilla,CC,heikki,
2001-11-27 08:10:50 PST,peterv,Status,ASSIGNED,NEW
2001-11-27 08:11:14 PST,peterv,Priority,P1,--
2001-11-27 08:11:14 PST,peterv,Target Milestone,mozilla0.9.7,---
2001-11-28 15:32:42 PST,jst,Attachment #59595                Flags,superreview+,
2001-11-29 01:11:35 PST,peterv,Attachment #59595                Attachment is obsolete,1,0
2001-11-29 04:15:28 PST,jst,Attachment #59666                Flags,superreview+,
2001-11-29 04:43:55 PST,axel,Attachment #59666                Flags,review+,
2001-11-29 16:07:53 PST,mozillamarcia.knous,Keywords,edt0.9.4+,edt0.9.4
2001-11-30 14:04:50 PST,hjtoi-bugzilla,Resolution,FIXED,---
2001-11-30 14:04:50 PST,hjtoi-bugzilla,Last Resolved,2001-11-30 14:04:50,
2001-11-30 14:04:50 PST,hjtoi-bugzilla,Keywords,fixed0.9.4,
2001-11-30 14:04:50 PST,hjtoi-bugzilla,Status,RESOLVED,ASSIGNED
2001-12-19 13:35:29 PST,sujay,Status,VERIFIED,RESOLVED
2002-01-14 12:33:15 PST,sujay,Keywords,verified0.9.4,
2004-04-01 11:22:21 PST,benc,Keywords,,fixed0.9.4
