When, Who, What, Added, Removed
2001-11-03 13:13:42 PST,ssaux,Priority,P2,--
2001-11-03 13:13:42 PST,ssaux,Target Milestone,2.2,---
2002-02-13 10:28:27 PST,cotter,Keywords,nsbeta1,
2002-02-14 11:35:27 PST,junruh,Keywords,nsbeta1+,
2002-03-12 14:21:20 PST,cotter,Status,RESOLVED,NEW
2002-03-12 14:21:20 PST,cotter,Resolution,FIXED,---
2002-03-12 14:21:20 PST,cotter,Last Resolved,2002-03-12 14:21:20,
2002-03-13 10:46:46 PST,junruh,Status,VERIFIED,RESOLVED
2005-03-09 01:21:02 PST,timeless,Component,Security: UI,Security: UI
2005-03-09 01:21:02 PST,timeless,Product,Core,PSM
2008-07-10 02:17:15 PDT,timeless,Version,1.0 Branch,psm2.1
