When, Who, What, Added, Removed
2001-11-01 11:48:17 PST,mikepinkerton,Status,RESOLVED,UNCONFIRMED
2001-11-01 11:48:17 PST,mikepinkerton,Resolution,INVALID,---
2001-11-01 11:48:17 PST,mikepinkerton,Last Resolved,2001-11-01 11:48:17,
2001-11-01 12:21:50 PST,xn--mlform-iua,Summary,'text' layer should be dropped in favour of 'utxt' when copying multilingual texts,'text' layer is buggy and should be dropped in favour of 'utxt'
2001-11-01 12:21:50 PST,xn--mlform-iua,Status,UNCONFIRMED,RESOLVED
2001-11-01 12:21:50 PST,xn--mlform-iua,Resolution,---,INVALID
2001-11-01 12:33:51 PST,xn--mlform-iua,Target Milestone,mozilla1.0,---
2001-11-01 12:41:15 PST,mikepinkerton,Keywords,mozilla1.0,
2001-11-01 12:41:15 PST,mikepinkerton,Assignee,ftang,hyatt
2001-11-01 12:41:15 PST,mikepinkerton,Target Milestone,---,mozilla1.0
2001-11-01 13:49:03 PST,xn--mlform-iua,Keywords,,mozilla1.0
2001-11-01 13:58:27 PST,xn--mlform-iua,Keywords,mozilla1.0,
2001-11-07 18:13:35 PST,ftang,Status,ASSIGNED,UNCONFIRMED
2001-11-07 18:13:35 PST,ftang,Ever confirmed,1,0
2001-11-28 08:30:55 PST,ftang,Assignee,nhotta,ftang
2001-11-28 08:30:55 PST,ftang,Summary,choose a better clibpard encoding for 'text' format depend on the page charset.,'text' layer should be dropped in favour of 'utxt' when copying multilingual texts
2001-11-28 08:30:55 PST,ftang,Status,NEW,ASSIGNED
2001-11-28 08:32:05 PST,ftang,Priority,P2,--
2001-12-04 16:01:17 PST,nhottanscp,Status,ASSIGNED,NEW
2001-12-04 16:01:17 PST,nhottanscp,Target Milestone,mozilla1.0,---
2002-02-18 11:52:30 PST,nhottanscp,Target Milestone,mozilla1.2,mozilla1.0
2002-04-18 00:42:35 PDT,jrgmorrison,QA Contact,ruixu,jrgm
2002-04-18 10:57:27 PDT,ruixu,Keywords,intl,
2002-04-18 10:57:27 PDT,ruixu,QA Contact,ylong,ruixu
2002-04-18 10:57:27 PDT,ruixu,CC,andreasb, kasumi, ruixu,
2002-04-18 11:05:08 PDT,ruixu,CC,teruko,
2002-04-19 06:37:19 PDT,duke,CC,duke,
2002-04-19 22:48:01 PDT,hippytrail,CC,hippietrail,
2002-04-29 18:16:03 PDT,nhottanscp,CC,devanhoe,
2002-04-30 11:02:57 PDT,nhottanscp,Depends on,141248,
2002-05-20 14:16:33 PDT,nhottanscp,Summary,choose a better clipboard encoding for 'text' format depend on the page charset.,choose a better clibpard encoding for 'text' format depend on the page charset.
2002-05-22 16:25:41 PDT,nhottanscp,Attachment #84089                Attachment is obsolete,1,0
2002-06-06 12:57:23 PDT,nhottanscp,Attachment #84693                Attachment is obsolete,1,0
2002-06-09 06:20:36 PDT,xslf,CC,xslf,
2002-06-12 14:29:05 PDT,nhottanscp,Target Milestone,mozilla1.1beta,mozilla1.2alpha
2002-06-25 12:38:01 PDT,brade,OS,All,Mac System 8.5
2002-06-25 12:38:01 PDT,brade,CC,brade,
2002-06-25 14:12:52 PDT,nhottanscp,Attachment #86673                Attachment is obsolete,1,0
2002-06-27 08:21:38 PDT,mikepinkerton,Attachment #89131                Flags,review+,
2002-07-09 18:38:39 PDT,nhottanscp,CC,sfraser,
2002-07-11 15:30:51 PDT,nhottanscp,CC,mozilla,
2002-07-15 12:46:58 PDT,sfraser_bugs,Attachment #89131                Flags,superreview+,
2002-07-15 15:30:24 PDT,asa,Attachment #89131                Flags,approval+,
2002-07-16 13:59:39 PDT,nhottanscp,Resolution,FIXED,---
2002-07-16 13:59:39 PDT,nhottanscp,Last Resolved,2002-07-16 13:59:39,2001-11-01 11:48:17
2002-07-16 13:59:39 PDT,nhottanscp,Status,RESOLVED,ASSIGNED
2002-07-16 16:33:59 PDT,ftang,Blocks,157673,
2002-07-16 17:49:33 PDT,nhottanscp,Status,REOPENED,RESOLVED
2002-07-16 17:49:33 PDT,nhottanscp,Resolution,---,FIXED
2002-07-17 18:04:13 PDT,nhottanscp,Status,RESOLVED,REOPENED
2002-07-17 18:04:13 PDT,nhottanscp,Resolution,FIXED,---
2002-07-17 18:04:13 PDT,nhottanscp,Last Resolved,2002-07-17 18:04:13,2002-07-16 13:59:39
2002-07-25 12:25:24 PDT,amyy,Status,VERIFIED,RESOLVED
2002-08-21 08:08:50 PDT,mikepinkerton,CC,gilliamdan, moconnell,
2002-08-21 11:56:33 PDT,teruko,CC,ftang,
2002-08-22 07:13:48 PDT,mikepinkerton,Keywords,adt1.0.1, mozilla1.0.1, topembed,
2002-08-22 07:13:48 PDT,mikepinkerton,CC,saari, sdagley,
2002-08-27 17:28:41 PDT,teruko,QA Contact,ji,ylong
2002-08-28 08:50:05 PDT,ji,CC,ji,
2002-08-28 09:59:55 PDT,jaimejr,Keywords,adt1.0.1+, mozilla1.0.2, mozilla1.2, topembed+,adt1.0.1, mozilla1.0, mozilla1.0.1, topembed
2002-08-28 09:59:55 PDT,jaimejr,CC,chofmann,
2002-08-28 10:06:46 PDT,jaimejr,Keywords,mozilla1.0.2+,mozilla1.0.2
2002-08-28 10:06:46 PDT,jaimejr,Whiteboard,[adt2] [ETA 08/29],
2002-08-28 15:59:19 PDT,nhottanscp,Keywords,fixed1.0.2,
2002-08-29 12:55:38 PDT,ji,Keywords,verified1.0.2,fixed1.0.2
2002-10-23 17:56:38 PDT,buckland,Blocks,176349,
2002-11-15 13:08:13 PST,ftang,Depends on,180372,
2002-11-15 13:14:31 PST,ftang,Blocks,,157673
