When, Who, What, Added, Removed
2001-11-01 12:48:03 PST,sspitzer,Status,ASSIGNED,NEW
2001-11-01 14:42:03 PST,vparthas,Attachment #56120                Flags,review+,
2001-11-01 15:09:03 PST,mozilla,Attachment #56120                Flags,superreview+,
2001-11-01 15:21:30 PST,sspitzer,Attachment #56120                Attachment is obsolete,1,0
2001-11-01 15:29:20 PST,mozilla,Attachment #56158                Flags,superreview+,
2001-11-01 15:35:18 PST,vparthas,Attachment #56158                Flags,review+,
2001-11-01 15:45:24 PST,sspitzer,Resolution,FIXED,---
2001-11-01 15:45:24 PST,sspitzer,Last Resolved,2001-11-01 15:45:24,
2001-11-01 15:45:24 PST,sspitzer,Status,RESOLVED,ASSIGNED
2001-11-01 16:12:55 PST,stephend,Hardware,All,PC
2001-11-01 16:12:55 PST,stephend,QA Contact,stephend,sheelar
2001-11-01 16:12:55 PST,stephend,CC,stephend,
2001-11-06 16:31:30 PST,stephend,URL,http://www.mozilla.org/mailnews/win_performance_results.html,
2001-11-06 16:31:30 PST,stephend,Keywords,perf,
2001-11-06 17:03:49 PST,stephend,Status,VERIFIED,RESOLVED
2004-11-22 17:26:45 PST,myk,Product,Core,MailNews
2008-07-31 04:30:00 PDT,nobody,Product,MailNews Core,Core
