When, Who, What, Added, Removed
2001-11-01 16:07:33 PST,cmanske,Summary,Switching back to "Normal" mode doesn't change mode tab after loading page while in HTML Source mode,Opening a recent page in "HTML Source" view of composer does not open with HTML
2001-11-01 16:07:33 PST,cmanske,Assignee,cmanske,syd
2001-11-01 16:07:33 PST,cmanske,Target Milestone,mozilla0.9.7,---
2001-11-26 16:42:34 PST,cmanske,Keywords,patch, review,
2001-11-26 16:42:34 PST,cmanske,Whiteboard,EDITORBASE, FIX IN HAND, need r=, sr=,
2001-11-26 16:42:34 PST,cmanske,Status,ASSIGNED,NEW
2001-11-28 11:20:10 PST,brade,Attachment #59255                Flags,review+,
2001-11-28 11:21:57 PST,brade,Whiteboard,EDITORBASE, FIX IN HAND, need sr=,EDITORBASE, FIX IN HAND, need r=, sr=
2001-11-28 14:11:25 PST,cmanske,Attachment #59255                Attachment is obsolete,1,0
2001-11-28 17:00:48 PST,cmanske,Attachment #59585                Flags,review+,
2001-11-29 14:29:36 PST,hewitt,Attachment #59585                Flags,superreview+,
2001-11-29 15:37:24 PST,cmanske,Whiteboard,EDITORBASE, FIX IN HAND,EDITORBASE, FIX IN HAND, need sr=
2001-11-29 16:11:06 PST,cmanske,Keywords,,patch, review
2001-11-29 16:11:06 PST,cmanske,Whiteboard,EDITORBASE,EDITORBASE, FIX IN HAND
2001-11-29 16:11:06 PST,cmanske,Status,RESOLVED,ASSIGNED
2001-11-29 16:11:06 PST,cmanske,Resolution,FIXED,---
2001-11-29 16:11:06 PST,cmanske,Last Resolved,2001-11-29 16:11:06,
2001-11-30 10:50:34 PST,dslmichael,Status,VERIFIED,RESOLVED
2004-11-22 17:25:08 PST,myk,Product,Seamonkey,Browser
