When, Who, What, Added, Removed
2001-11-03 13:12:52 PST,ssaux,Priority,P2,--
2001-11-03 13:12:52 PST,ssaux,Assignee,rangansen,ssaux
2001-11-03 13:12:52 PST,ssaux,Target Milestone,2.2,---
2001-11-05 12:46:02 PST,junruh,CC,marcus,
2001-11-09 04:38:12 PST,caillon,CC,svante,
2001-11-12 05:19:56 PST,caillon,CC,christopher_brien,
2001-11-13 02:59:17 PST,christopher_brien,Blocks,109714,
2001-11-13 11:08:43 PST,junruh,Resolution,FIXED,---
2001-11-13 11:08:43 PST,junruh,Last Resolved,2001-11-13 11:08:43,
2001-11-13 11:08:43 PST,junruh,Status,RESOLVED,NEW
2001-11-14 13:22:21 PST,junruh,Status,VERIFIED,RESOLVED
2005-03-09 01:20:56 PST,timeless,Product,Core,PSM
2005-03-09 01:20:56 PST,timeless,Component,Security: UI,Security: UI
2008-07-10 02:17:14 PDT,timeless,Version,1.0 Branch,psm2.1
