When, Who, What, Added, Removed
2001-11-01 12:51:37 PST,mozeditor,Assignee,kin,jfrancis
2001-11-01 12:51:37 PST,mozeditor,CC,jfrancis,
2001-11-01 13:04:26 PST,kinmoz,Status,ASSIGNED,NEW
2001-11-01 13:04:26 PST,kinmoz,Priority,P3,--
2001-11-01 13:04:26 PST,kinmoz,CC,,kin
2001-11-01 13:04:26 PST,kinmoz,Target Milestone,mozilla0.9.6,---
2001-11-01 13:04:26 PST,kinmoz,Whiteboard,EDITORBASE 1 day,
2001-11-06 11:08:56 PST,kinmoz,Target Milestone,mozilla0.9.7,mozilla0.9.6
2001-12-07 14:31:31 PST,kinmoz,Target Milestone,mozilla0.9.8,mozilla0.9.7
2001-12-11 08:57:00 PST,kinmoz,Target Milestone,mozilla0.9.9,mozilla0.9.8
2002-01-14 11:02:38 PST,kinmoz,Target Milestone,mozilla1.0,mozilla0.9.9
2002-01-22 18:31:01 PST,slogan,Whiteboard,EDITORBASE+ 1 day,EDITORBASE 1 day
2002-02-04 20:21:47 PST,slogan,Keywords,nsbeta1+,
2002-03-20 10:07:45 PST,kmcclusk,Status,NEW,ASSIGNED
2002-03-20 10:07:45 PST,kmcclusk,Assignee,glazman,kin
2002-03-21 05:12:39 PST,daniel,Status,ASSIGNED,NEW
2002-03-28 18:48:37 PST,slogan,Whiteboard,EDITORBASE+ 1 day [adt2],EDITORBASE+ 1 day
2002-04-28 23:07:18 PDT,kryptolus,CC,vadim,
2002-05-03 08:23:54 PDT,mozeditor,Status,NEW,ASSIGNED
2002-05-03 08:23:54 PDT,mozeditor,Assignee,jfrancis,glazman
2002-05-05 15:16:05 PDT,mozeditor,Whiteboard,EDITORBASE+ 1 day [adt2]; fixinhand; need r=sr=,EDITORBASE+ 1 day [adt2]
2002-05-05 15:16:05 PDT,mozeditor,Status,ASSIGNED,NEW
2002-05-06 17:09:54 PDT,kinmoz,Attachment #82424                Flags,superreview+,
2002-05-06 17:12:09 PDT,kinmoz,Whiteboard,EDITORBASE+ 1 day [adt2]; fixinhand; need r=,EDITORBASE+ 1 day [adt2]; fixinhand; need r=sr=
2002-05-13 17:43:18 PDT,mozeditor,Status,RESOLVED,ASSIGNED
2002-05-13 17:43:18 PDT,mozeditor,Resolution,FIXED,---
2002-05-13 17:43:18 PDT,mozeditor,Last Resolved,2002-05-13 17:43:18,
2002-05-14 13:57:17 PDT,dslmichael,Status,VERIFIED,RESOLVED
2002-05-20 12:38:53 PDT,kmcclusk,Keywords,adt1.0.0,
2002-05-20 22:27:44 PDT,jaimejr,Keywords,,adt1.0.0
2002-05-20 22:27:44 PDT,jaimejr,Whiteboard,EDITORBASE+ 1 day [adt2 RTM]; fixinhand; need r=,EDITORBASE+ 1 day [adt2]; fixinhand; need r=
2002-05-20 22:27:44 PDT,jaimejr,CC,jaimejr,
2002-05-20 22:27:44 PDT,jaimejr,Blocks,143047,
2002-06-07 01:35:24 PDT,daniel,Attachment #82424                Flags,review+,
2002-06-07 01:35:48 PDT,daniel,Whiteboard,EDITORBASE+ 1 day [adt2 RTM]; fixinhand,EDITORBASE+ 1 day [adt2 RTM]; fixinhand; need r=
2002-06-27 14:27:12 PDT,kmcclusk,Keywords,nsbeta1-,nsbeta1+
