When, Who, What, Added, Removed
2001-11-01 23:44:35 PST,pschwartau,QA Contact,zach,pschwartau
2001-11-01 23:44:35 PST,pschwartau,CC,pschwartau, vladimire,
2001-11-01 23:44:35 PST,pschwartau,Product,Tech Evangelism,Browser
2001-11-01 23:44:35 PST,pschwartau,Version,unspecified,other
2001-11-01 23:44:35 PST,pschwartau,Component,English: US,Javascript Engine
2001-11-01 23:44:35 PST,pschwartau,Assignee,bclary,rogerl
2001-11-02 01:14:26 PST,bob,Whiteboard,[JAVASCRIPT-ERROR],
2001-11-02 01:14:26 PST,bob,Summary,oraclesmallbusiness.com - Can't log in to oraclesmallbusiness.com,Can't log in to oraclesmallbusiness.com
2001-11-02 01:14:26 PST,bob,Hardware,All,PC
2001-11-02 01:14:26 PST,bob,OS,All,Linux
2001-11-02 01:14:26 PST,bob,Priority,P1,--
2002-01-12 00:04:15 PST,bob,Blocks,119624,
2002-01-12 00:05:18 PST,bob,Status,RESOLVED,NEW
2002-01-12 00:05:18 PST,bob,Resolution,FIXED,---
2002-01-12 00:05:18 PST,bob,Last Resolved,2002-01-12 00:05:18,
2015-04-19 23:39:42 PDT,nobody,Product,Tech Evangelism Graveyard,Tech Evangelism
