When, Who, What, Added, Removed
2001-11-02 05:56:43 PST,axel,Keywords,regression, smoketest,
2001-11-02 05:59:04 PST,hwaara,CC,hwaara, twalker,
2001-11-02 06:47:03 PST,thorgal,CC,thorgal,
2001-11-02 07:44:36 PST,axel,Resolution,FIXED,---
2001-11-02 07:44:36 PST,axel,Last Resolved,2001-11-02 07:44:36,
2001-11-02 07:44:36 PST,axel,Status,RESOLVED,NEW
2001-11-02 09:37:21 PST,axel,Keywords,,regression, smoketest
2001-11-02 09:37:21 PST,axel,Summary,,INPUT looses value
2001-11-02 09:37:21 PST,axel,QA Contact,,madhur
2001-11-02 10:19:53 PST,bbaetz,Summary,INPUT loses value,
2001-11-02 10:19:53 PST,bbaetz,QA Contact,madhur,
2001-11-02 10:19:53 PST,bbaetz,Keywords,regression, smoketest,
2001-11-02 10:50:59 PST,spam,Status,REOPENED,RESOLVED
2001-11-02 10:50:59 PST,spam,Resolution,---,FIXED
2001-11-02 11:46:51 PST,rods,Status,NEW,REOPENED
2001-11-02 11:46:51 PST,rods,Assignee,jkeiser,rods
2001-11-02 12:00:12 PST,john,Status,ASSIGNED,NEW
2001-11-02 12:42:01 PST,kysmith,Severity,critical,blocker
2001-11-02 13:38:05 PST,kysmith,Severity,blocker,critical
2001-11-02 13:40:59 PST,bzbarsky,CC,bzbarsky,
2001-11-02 15:34:57 PST,john,Attachment #56320                Flags,review+,
2001-11-02 15:42:47 PST,jst,Severity,critical,blocker
2001-11-02 17:40:17 PST,piskozub,CC,piskozub,
2001-11-02 18:21:17 PST,alex,CC,alex,
2001-11-02 19:04:59 PST,jonas,CC,sicking,
2001-11-04 12:17:49 PST,john,Status,RESOLVED,ASSIGNED
2001-11-04 12:17:49 PST,john,Resolution,FIXED,---
2001-11-04 12:17:49 PST,john,Last Resolved,2001-11-04 12:17:49,2001-11-02 07:44:36
2001-11-04 15:41:17 PST,john,OS,All,Solaris
2001-11-05 09:10:59 PST,piskozub,Hardware,All,Sun
2001-11-20 16:18:03 PST,madhur,Status,VERIFIED,RESOLVED
