When, Who, What, Added, Removed
2001-11-01 16:45:39 PST,jaymoz,Keywords,crash, topcrash,
2001-11-01 16:45:39 PST,jaymoz,Assignee,hyatt,evaughan
2001-11-15 14:27:09 PST,rbs,CC,erikn,
2001-11-15 18:24:21 PST,alex,CC,alex,
2001-11-18 11:16:30 PST,alex,CC,bass,
2001-11-20 14:55:34 PST,greer,Summary,M096 Trunk crashing again  [@ nsTextFrame::TextStyle::TextStyle],Trunk crashing again  [@ nsTextFrame::TextStyle::TextStyle]
2001-11-21 09:08:29 PST,bugzilla,CC,rene.vossenaar,
2001-11-21 17:37:47 PST,stephend,CC,stephend,
2001-11-24 19:49:42 PST,bzbarsky,CC,wariat,
2001-11-25 02:47:07 PST,aha,CC,aha,
2001-11-29 11:04:12 PST,hyatt,Status,ASSIGNED,NEW
2001-11-29 11:04:12 PST,hyatt,Target Milestone,mozilla1.1,---
2001-11-29 17:43:53 PST,jrgmorrison,Status,NEW,ASSIGNED
2001-11-29 17:43:53 PST,jrgmorrison,Component,Layout,HTMLFrames
2001-11-29 17:43:53 PST,jrgmorrison,Assignee,attinasi,hyatt
2001-11-29 17:43:53 PST,jrgmorrison,QA Contact,petersen,amar
2001-11-29 17:43:53 PST,jrgmorrison,CC,jrgm,
2001-11-29 17:43:53 PST,jrgmorrison,Target Milestone,---,mozilla1.1
2001-11-29 21:06:38 PST,rubydoo123,Priority,P1,--
2001-11-29 21:06:38 PST,rubydoo123,Target Milestone,mozilla0.9.7,---
2001-11-30 10:47:57 PST,bzbarsky,CC,co,
2001-11-30 11:25:55 PST,attinasi,Summary,[DEPEND 52334] M096 Trunk crashing again  [@ nsTextFrame::TextStyle::TextStyle],M096 Trunk crashing again  [@ nsTextFrame::TextStyle::TextStyle]
2001-11-30 11:25:55 PST,attinasi,Status,ASSIGNED,NEW
2001-11-30 11:25:55 PST,attinasi,CC,jst,
2001-11-30 11:25:55 PST,attinasi,Depends on,52334,
2001-11-30 12:10:40 PST,attinasi,Summary,[DEPEND 52334?] M096 Trunk crashing again  [@ nsTextFrame::TextStyle::TextStyle],[DEPEND 52334] M096 Trunk crashing again  [@ nsTextFrame::TextStyle::TextStyle]
2001-12-01 07:03:40 PST,warnckew,CC,warnckew,
2001-12-02 17:51:13 PST,stephend,URL,http://info.netscape.com/fwd/bnwooobwkh1/http://netscape.businessweek.com:80/technology/tc_special/rethink_tech.htm,
2001-12-05 16:18:35 PST,attinasi,Summary,[PATCH] M096 Trunk crashing again  [@ nsTextFrame::TextStyle::TextStyle],[DEPEND 52334?] M096 Trunk crashing again  [@ nsTextFrame::TextStyle::TextStyle]
2001-12-05 16:27:13 PST,dbaron,CC,adamlock, dbaron,
2001-12-05 16:47:38 PST,dbaron,Attachment #60552                Flags,review+,
2001-12-06 15:23:07 PST,attinasi,Attachment #60552                Attachment is obsolete,1,0
2001-12-06 15:28:31 PST,attinasi,Attachment #60711                Flags,review+,
2001-12-06 15:41:13 PST,jst,Attachment #60711                Flags,superreview+,
2001-12-06 16:10:18 PST,attinasi,Last Resolved,2001-12-06 16:10:18,
2001-12-06 16:10:18 PST,attinasi,Status,RESOLVED,ASSIGNED
2001-12-06 16:10:18 PST,attinasi,Resolution,FIXED,---
2001-12-14 14:54:09 PST,jaymoz,Status,VERIFIED,RESOLVED
2011-06-09 14:58:34 PDT,nobody,Crash Signature,[@ nsTextFrame::TextStyle::TextStyle],
