When, Who, What, Added, Removed
2001-11-01 17:27:27 PST,ftang,CC,nhotta,
2001-11-01 17:27:27 PST,ftang,Target Milestone,mozilla0.9.7,---
2001-11-16 01:17:15 PST,ftang,Status,ASSIGNED,NEW
2001-11-16 01:17:15 PST,ftang,Blocks,104056,
2001-11-20 13:56:09 PST,nhottanscp,Status,NEW,ASSIGNED
2001-11-20 13:56:09 PST,nhottanscp,Assignee,nhotta,ftang
2001-11-21 15:49:57 PST,nhottanscp,Status,RESOLVED,NEW
2001-11-21 15:49:57 PST,nhottanscp,Resolution,FIXED,---
2001-11-21 15:49:57 PST,nhottanscp,Last Resolved,2001-11-21 15:49:57,
2001-12-01 18:37:20 PST,teruko,QA Contact,nhotta,teruko
2002-01-03 12:02:16 PST,ftang,Blocks,,104056
