When, Who, What, Added, Removed
2001-11-05 11:32:48 PST,laurel,QA Contact,laurel,esther
2001-12-14 16:12:34 PST,laurel,Keywords,nsbeta1,
2001-12-27 09:07:13 PST,scottputterman,Status,ASSIGNED,NEW
2002-01-09 13:09:25 PST,scottputterman,Keywords,nsbeta1+,nsbeta1
2002-01-09 13:09:25 PST,scottputterman,Priority,P2,--
2002-02-07 14:54:30 PST,naving,Target Milestone,mozilla0.9.9,---
2002-02-07 17:45:37 PST,naving,CC,racham,
2002-02-07 18:50:40 PST,racham,Attachment #68469                Flags,review+,
2002-02-08 13:47:51 PST,mscott,Attachment #68469                Flags,superreview+,
2002-02-08 14:45:57 PST,naving,Resolution,FIXED,---
2002-02-08 14:45:57 PST,naving,Last Resolved,2002-02-08 14:45:57,
2002-02-08 14:45:57 PST,naving,Status,RESOLVED,ASSIGNED
2002-02-11 16:19:51 PST,laurel,Status,VERIFIED,RESOLVED
2004-11-22 17:25:08 PST,myk,Product,Seamonkey,Browser
