When, Who, What, Added, Removed
2001-11-02 13:16:20 PST,bugzilla,Keywords,mozilla0.9.6, regression,
2001-11-02 13:17:04 PST,bugzilla,CC,ben, hyatt,
2001-11-02 14:29:11 PST,jud,CC,ccarlen, alecf,
2001-11-02 15:05:09 PST,samir_bugzilla,Priority,P2,--
2001-11-02 15:05:09 PST,samir_bugzilla,Target Milestone,mozilla0.9.6,---
2001-11-02 23:26:01 PST,jrgmorrison,Keywords,smoketest,
2001-11-02 23:26:01 PST,jrgmorrison,Severity,blocker,major
2001-11-02 23:26:01 PST,jrgmorrison,CC,jkeiser, jst, asa,
2001-11-02 23:26:34 PST,jrgmorrison,Keywords,dataloss,
2001-11-02 23:28:43 PST,jrgmorrison,CC,darin, gordon, pavlov,
2001-11-02 23:30:09 PST,jrgmorrison,Summary,prefs.js gets bogus changes made; Textfields in pref panels not displayed;,Homepage not displayed in Preferences dialogue
2001-11-03 01:15:31 PST,jrgmorrison,Assignee,jst,sgehani
2001-11-03 01:15:31 PST,jrgmorrison,CC,sgehani, jaggernaut,
2001-11-03 23:14:22 PST,bugzilla,Attachment #56463                Flags,superreview+,
2001-11-03 23:15:20 PST,bugzilla,Attachment #56462                Attachment is obsolete,1,0
2001-11-03 23:15:23 PST,bugzilla,Attachment #56461                Attachment is obsolete,1,0
2001-11-03 23:18:09 PST,bugs,Attachment #56463                Flags,review+,
2001-11-03 23:26:33 PST,bugs,Attachment #56463                Flags,,review+
2001-11-04 01:26:35 PST,pavlov,CC,,pavlov
2001-11-04 03:38:11 PST,jonas,CC,sicking,
2001-11-04 23:33:12 PST,john,Status,RESOLVED,NEW
2001-11-04 23:33:12 PST,john,Resolution,FIXED,---
2001-11-04 23:33:12 PST,john,Last Resolved,2001-11-04 23:33:12,
2001-11-06 07:21:08 PST,twalker,Status,VERIFIED,RESOLVED
2001-11-06 07:36:48 PST,axel,CC,axel,
2001-11-06 07:53:54 PST,hanasaki,CC,hanasaki,
2004-11-22 17:25:08 PST,myk,Product,Seamonkey,Browser
2011-08-05 21:16:35 PDT,asa,CC,,asa
