When, Who, What, Added, Removed
2001-11-06 07:07:18 PST,rods,Summary,[CBX]Selected option is highlighted in text width,Selected option is highlighted in text width
2001-11-06 07:07:18 PST,rods,Status,ASSIGNED,NEW
2001-11-06 07:07:18 PST,rods,Priority,P1,--
2001-11-06 07:07:18 PST,rods,CC,jkeiser,
2001-11-06 07:07:18 PST,rods,Target Milestone,Future,---
2001-11-18 20:28:06 PST,aufbau01,CC,aufbau01,
2002-02-21 14:10:46 PST,rods,Priority,P3,P1
2002-03-13 22:46:48 PST,jruderman,CC,yaro,
2002-03-14 12:52:51 PST,jruderman,CC,jruderman,
2002-04-05 09:52:19 PST,kryptolus,CC,prometheus,
2002-09-20 17:36:08 PDT,shom,CC,shom,
2002-10-15 09:12:41 PDT,bugzilla,CC,drunclear,
2003-01-23 10:15:25 PST,bzbarsky,CC,pavils,
2003-01-23 10:15:38 PST,bzbarsky,CC,gandalf,
2003-01-31 21:58:29 PST,john,CC,eugentreise,
2003-01-31 22:07:59 PST,bzbarsky,CC,hwaara,
2003-04-11 21:06:59 PDT,bugzilla,CC,,drunclear
2003-04-17 19:56:20 PDT,bzbarsky,CC,roger,
2003-04-17 19:57:36 PDT,bzbarsky,CC,bzbarsky, roc+moz,
2003-04-17 20:13:48 PDT,bzbarsky,Status,RESOLVED,ASSIGNED
2003-04-17 20:13:48 PDT,bzbarsky,Resolution,WORKSFORME,---
2003-04-17 20:13:48 PDT,bzbarsky,Last Resolved,2003-04-17 20:13:48,
2003-04-18 05:18:38 PDT,roc,Summary,[CBX] Bottom border missing from dropdowns with width set too small,[CBX]Selected option is highlighted in text width
2003-04-18 05:18:38 PDT,roc,Status,REOPENED,RESOLVED
2003-04-18 05:18:38 PDT,roc,Resolution,---,WORKSFORME
2003-04-21 16:39:28 PDT,ajschult,QA Contact,desale,madhur
2003-04-21 16:39:28 PDT,ajschult,OS,All,Windows 2000
2003-04-21 16:39:28 PDT,ajschult,Status,NEW,REOPENED
2003-04-21 16:39:28 PDT,ajschult,Assignee,form,rods
2003-07-09 08:46:15 PDT,mats,Keywords,testcase,
2003-07-09 08:46:15 PDT,mats,Severity,minor,normal
2003-07-09 18:17:28 PDT,ajschult,Status,RESOLVED,NEW
2003-07-09 18:17:28 PDT,ajschult,Resolution,FIXED,---
2003-07-09 18:17:28 PDT,ajschult,Last Resolved,2003-07-09 18:17:28,2003-04-17 20:13:48
