When, Who, What, Added, Removed
2002-04-20 21:28:02 PDT,levon,CC,moz,
2002-04-23 09:59:59 PDT,bzbarsky,Status,NEW,UNCONFIRMED
2002-04-23 09:59:59 PDT,bzbarsky,Ever confirmed,1,0
2002-04-23 10:22:59 PDT,bzbarsky,Keywords,mozilla1.1,
2002-06-01 17:16:29 PDT,contact2009,Blocks,123929,
2002-07-17 09:45:20 PDT,leg+mozilla,CC,leg+mozilla,
2002-08-09 17:46:18 PDT,bzbarsky,CC,bzbarsky, darin, smontagu, dveditz, mstoltz,
2002-09-26 11:59:58 PDT,kenta,CC,kenta,
2003-03-20 11:30:54 PST,rbasch,CC,rbasch,
2003-03-20 11:42:14 PST,bzbarsky,Assignee,rbasch,blaker
2003-03-20 11:44:54 PST,bzbarsky,Attachment #117883                Flags,review?(alecf), superreview+,
2003-03-20 14:34:14 PST,alecf,Attachment #117883                Flags,review-,review?(alecf)
2003-03-20 15:40:26 PST,bzbarsky,CC,alecf,
2003-04-24 20:23:20 PDT,stephend,CC,technutz,
2003-06-19 12:30:32 PDT,bzbarsky,Attachment #126046                Flags,review?(alecf),
2003-07-14 10:50:38 PDT,alecf,Attachment #126046                Flags,review+,review?(alecf)
2003-07-14 12:24:27 PDT,bzbarsky,Attachment #126046                Flags,superreview+,
2003-07-14 14:31:05 PDT,bzbarsky,Status,RESOLVED,NEW
2003-07-14 14:31:05 PDT,bzbarsky,Resolution,FIXED,---
2003-07-14 14:31:05 PDT,bzbarsky,Last Resolved,2003-07-14 14:31:05,
2003-08-15 14:10:44 PDT,rbraun+moz,CC,rbraun+moz,
2005-02-12 21:21:21 PST,stephen.donner,CC,,technutz
