When, Who, What, Added, Removed
2001-12-06 09:18:54 PST,tetsuroy,Assignee,nhotta,yokoyama
2001-12-25 07:46:08 PST,darc0113,Status,NEW,UNCONFIRMED
2001-12-25 07:46:08 PST,darc0113,Ever confirmed,1,0
2002-01-07 17:37:30 PST,nhottanscp,CC,nhotta,
2002-01-08 14:33:33 PST,nhottanscp,Assignee,ftang,nhotta
2002-01-08 18:00:01 PST,ftang,Status,ASSIGNED,NEW
2002-02-14 11:25:06 PST,ftang,Priority,P4,--
2002-07-16 15:19:45 PDT,kazhik,Blocks,157673,
2002-07-24 01:35:41 PDT,ftang,Keywords,intl, nsbeta1+,
2002-07-24 01:35:41 PDT,ftang,Priority,P2,P4
2002-07-24 01:35:41 PDT,ftang,Target Milestone,mozilla1.2beta,---
2002-09-05 06:25:14 PDT,kazhik,CC,mkaply,
2002-09-05 06:25:14 PDT,kazhik,Severity,critical,normal
2002-11-11 12:52:42 PST,ftang,Attachment #102147                Flags,review+,
2002-11-11 12:53:41 PST,ftang,Attachment #102148                Flags,review+,
2002-11-11 12:54:07 PST,ftang,Attachment #102149                Flags,review+,
2002-11-11 12:54:41 PST,ftang,Attachment #102150                Flags,review+,
2002-11-11 12:56:05 PST,ftang,Attachment #98078                Attachment is obsolete,1,0
2002-11-11 13:18:42 PST,teruko,QA Contact,ylong,teruko
2002-11-11 13:18:42 PST,teruko,CC,andreasb, teruko,
2002-11-12 09:38:03 PST,alecf,Attachment #102148                Flags,superreview+,
2002-11-12 09:39:16 PST,alecf,Attachment #102149                Flags,superreview+,
2002-11-12 09:46:43 PST,alecf,Attachment #102150                Attachment is obsolete,1,0
2002-11-15 13:28:24 PST,ftang,Status,NEW,ASSIGNED
2002-11-15 13:28:24 PST,ftang,Assignee,smontagu,ftang
2002-11-20 12:47:23 PST,smontagu,Attachment #106482                Flags,review+, superreview?(alecf),
2002-11-21 13:49:30 PST,alecf,Attachment #106482                Flags,superreview+,superreview?(alecf)
2002-11-21 14:23:50 PST,smontagu,Attachment #102147                Flags,superreview+,
2002-11-25 15:46:01 PST,smontagu,Status,RESOLVED,NEW
2002-11-25 15:46:01 PST,smontagu,Resolution,FIXED,---
2002-11-25 15:46:01 PST,smontagu,Last Resolved,2002-11-25 15:46:01,
2002-11-26 15:54:18 PST,amyy,Status,VERIFIED,RESOLVED
2002-11-30 22:42:38 PST,k-ichioka,Attachment #102147                Flags,approval1.0.x?,
2002-11-30 22:44:05 PST,k-ichioka,Attachment #102148                Flags,approval1.0.x?,
2002-11-30 22:45:42 PST,k-ichioka,Attachment #102149                Flags,approval1.0.x?,
2002-11-30 22:46:51 PST,k-ichioka,Attachment #106482                Flags,approval1.0.x?,
2003-01-23 12:51:40 PST,ftang,Blocks,,157673
2003-01-23 12:52:12 PST,ftang,Depends on,180372,
2003-01-23 17:33:06 PST,andreasb,CC,,andreasb
2003-07-01 11:38:41 PDT,dbaron,CC,momoi, dbaron,
2004-07-17 11:52:11 PDT,bugzilla,Attachment #102147                Flags,,approval1.0.x?
2004-07-17 11:52:51 PDT,bugzilla,Attachment #102148                Flags,,approval1.0.x?
2004-07-17 11:53:42 PDT,bugzilla,Attachment #102149                Flags,,approval1.0.x?
2004-07-17 11:54:44 PDT,bugzilla,Attachment #106482                Flags,,approval1.0.x?
