When, Who, What, Added, Removed
2002-10-13 10:54:08 PDT,brant,CC,brantgurganus2001,
2003-05-13 08:57:14 PDT,hsivonen,CC,hsivonen,
2003-05-13 12:44:54 PDT,danielwang,URL,http://www.mozilla.org/docs/web-developer/upgrade_2.html,http://www.mozilla.org/docs/web-developer/sniffer/browser_type.html
2003-05-13 12:44:54 PDT,danielwang,Assignee,oeschger,rudman
2003-05-13 13:34:36 PDT,hsivonen,URL,http://www.mozilla.org/docs/web-developer/sniffer/browser_type.html,http://www.mozilla.org/docs/web-developer/upgrade_2.html
2003-08-14 11:50:11 PDT,oeschger,Assignee,oeschger,oeschger
2003-09-20 21:33:54 PDT,danielwang,Assignee,stolenclover,oeschger
2003-11-18 04:00:49 PST,danielwang,Assignee,hsivonen,stolenclover
2003-11-18 04:00:49 PST,danielwang,QA Contact,stolenclover,rudman
2003-11-18 04:00:49 PST,danielwang,CC,,hsivonen
2003-11-18 04:01:47 PST,danielwang,Status,RESOLVED,NEW
2003-11-18 04:01:47 PST,danielwang,Resolution,FIXED,---
2003-11-18 04:01:47 PST,danielwang,Last Resolved,2003-11-18 04:01:47,
