When, Who, What, Added, Removed
2001-11-02 00:37:19 PST,ben.bucksch,Depends on,18427,
2001-11-02 01:20:22 PST,ben.bucksch,Depends on,,18427
2001-11-02 01:20:41 PST,ben.bucksch,Blocks,18427,
2001-11-02 07:07:57 PST,bzbarsky,Summary,HTML sanitizer,HTML santinizer
2001-11-02 19:31:43 PST,gwalla,CC,gwalla_mozilla,
2002-02-07 19:16:02 PST,ben.bucksch,Blocks,31907,
2002-02-16 06:08:33 PST,ben.bucksch,Depends on,125881,
2002-02-17 01:15:03 PST,ben.bucksch,CC,ducarroz, akkana,
2002-02-17 01:15:03 PST,ben.bucksch,Blocks,54184,
2002-02-17 01:15:03 PST,ben.bucksch,Target Milestone,mozilla0.9.9,---
2002-02-17 01:15:03 PST,ben.bucksch,Status,ASSIGNED,NEW
2002-02-17 01:38:12 PST,caillon,CC,caillon,
2002-02-17 07:30:17 PST,m_mozilla,CC,m_mozilla,
2002-02-17 07:50:09 PST,alex,CC,alexbishopuk,
2002-02-17 09:16:23 PST,moz,CC,moz,
2002-02-17 15:31:00 PST,ben.bucksch,Depends on,126082,
2002-02-17 20:41:30 PST,alex,CC,alex,
2002-02-19 11:30:13 PST,david,CC,dkoppenh,
2002-02-26 05:22:14 PST,ksheka,CC,ksheka,
2002-02-27 08:39:01 PST,bugzilla,Blocks,30888,
2002-03-08 14:34:23 PST,acraigwest,CC,acwest-bugzilla,
2002-03-14 10:59:11 PST,chris,CC,chris,
2002-03-14 13:16:53 PST,gaborliptak,CC,gaborliptak,
2002-03-15 20:13:36 PST,ben.bucksch,Attachment #70305                Attachment is obsolete,1,0
2002-03-15 20:15:33 PST,ben.bucksch,Keywords,patch, review,
2002-03-15 20:15:33 PST,ben.bucksch,Whiteboard,Done, waiting for review,
2002-03-15 20:15:33 PST,ben.bucksch,Priority,P2,--
2002-03-15 20:15:33 PST,ben.bucksch,Target Milestone,mozilla1.0,mozilla0.9.9
2002-03-19 20:32:12 PST,ben.bucksch,Product,MailNews,Browser
2002-03-19 20:32:12 PST,ben.bucksch,Component,MIME,Networking
2002-04-16 15:53:43 PDT,ben.bucksch,Status,RESOLVED,ASSIGNED
2002-04-16 15:53:43 PDT,ben.bucksch,Resolution,FIXED,---
2002-04-16 15:53:43 PDT,ben.bucksch,Last Resolved,2002-04-16 15:53:43,
2002-04-17 10:39:02 PDT,benc,Keywords,qawanted,
2002-04-18 13:33:48 PDT,panemec,Blocks,138249,
2002-04-18 13:51:38 PDT,ben.bucksch,Blocks,,138249
2003-01-14 14:36:37 PST,esther,Status,VERIFIED,RESOLVED
2003-01-14 14:43:47 PST,benc,QA Contact,esther,benc
2003-01-14 16:42:02 PST,ksheka,CC,ksheka,ksheka
2003-06-13 18:05:06 PDT,ben.bucksch,URL,http://www.bucksch.org/1/projects/mozilla/108153,
2004-09-09 07:29:11 PDT,csthomas,CC,cst,
2004-11-22 17:26:45 PST,myk,Product,Core,MailNews
2008-07-31 04:30:00 PDT,nobody,Product,MailNews Core,Core
