When, Who, What, Added, Removed
2001-11-01 18:05:58 PST,jcarpenter0524,Keywords,crash, topcrash,
2001-11-01 18:22:45 PST,darin.moz,Component,ImageLib,Networking: HTTP
2001-11-01 18:22:45 PST,darin.moz,Assignee,pavlov,darin
2001-11-01 18:22:45 PST,darin.moz,QA Contact,tpreston,tever
2001-11-01 21:17:35 PST,pavlov,Assignee,mscott,pavlov
2001-11-01 21:28:46 PST,mscott,Keywords,nsbeta1,
2001-11-01 21:28:46 PST,mscott,Status,ASSIGNED,NEW
2001-11-01 21:28:46 PST,mscott,Target Milestone,mozilla0.9.7,---
2001-11-06 09:44:43 PST,scottputterman,Keywords,nsbeta1+,nsbeta1
2001-11-28 18:37:04 PST,jcarpenter0524,Severity,critical,normal
2001-11-30 16:17:28 PST,scottputterman,Priority,P1,--
2001-12-12 13:18:22 PST,jaymoz,Summary,N621 crash [@ InvertRows ],N620 crash [@ InvertRows ]
2001-12-14 13:21:29 PST,mscott,Target Milestone,mozilla0.9.8,mozilla0.9.7
2001-12-14 14:39:47 PST,mscott,Target Milestone,mozilla0.9.7,mozilla0.9.8
2001-12-14 23:15:51 PST,sspitzer,Attachment #61791                Flags,review+,
2001-12-17 15:08:41 PST,mscott,Status,RESOLVED,ASSIGNED
2001-12-17 15:08:41 PST,mscott,Resolution,FIXED,---
2001-12-17 15:08:41 PST,mscott,Last Resolved,2001-12-17 15:08:41,
2002-01-29 17:02:42 PST,tpreston,Status,VERIFIED,RESOLVED
2011-06-09 14:58:34 PDT,nobody,Crash Signature,[@ InvertRows ],
