When, Who, What, Added, Removed
2001-11-02 05:56:43 PST,hwaara,CC,hwaara, jst, twalker, rods,
2001-11-02 07:43:26 PST,john,Attachment #56248                Attachment is obsolete,1,0
2001-11-02 10:09:22 PST,spam,Summary,,--disable-bidi build bustage, caused by jkeiser's patch
2001-11-02 10:09:22 PST,spam,QA Contact,,vladimire
2001-11-02 10:18:41 PST,kairo,Summary,--disable-bidi build bustage, caused by jkeiser's patch,
2001-11-02 10:47:55 PST,spam,QA Contact,vladimire,
2001-11-02 16:36:17 PST,john,Status,ASSIGNED,NEW
2001-11-02 17:23:25 PST,jonas,Attachment #56250                Flags,review+,
2001-11-02 19:26:26 PST,jst,Attachment #56250                Flags,superreview+,
2001-11-02 20:48:29 PST,john,Resolution,FIXED,---
2001-11-02 20:48:29 PST,john,Last Resolved,2001-11-02 20:48:29,
2001-11-02 20:48:29 PST,john,Status,RESOLVED,ASSIGNED
2001-12-17 10:45:07 PST,twalker,CC,,twalker
2001-12-17 10:59:36 PST,kairo,Status,VERIFIED,RESOLVED
