When, Who, What, Added, Removed
2001-11-01 18:57:44 PST,jcarpenter0524,Keywords,crash, topcrash,
2001-11-28 18:37:26 PST,jcarpenter0524,Severity,critical,normal
2001-11-28 20:37:27 PST,naving,CC,naving,
2001-12-19 12:44:22 PST,jaymoz,Summary,N620 M096 crash [@ nsImageBoxFrame::UpdateImage ],N620 crash [@ nsImageBoxFrame::UpdateImage ]
2002-02-07 05:03:23 PST,pavlov,Target Milestone,Future,---
2002-02-18 13:51:55 PST,jaymoz,Status,RESOLVED,NEW
2002-02-18 13:51:55 PST,jaymoz,Resolution,FIXED,---
2002-02-18 13:51:55 PST,jaymoz,Last Resolved,2002-02-18 13:51:55,
2011-06-09 14:58:34 PDT,nobody,Crash Signature,[@ nsImageBoxFrame::UpdateImage ],
