When, Who, What, Added, Removed
2001-11-02 01:25:29 PST,hyatt,Status,ASSIGNED,NEW
2001-11-02 01:25:29 PST,hyatt,Target Milestone,mozilla0.9.6,---
2001-11-02 01:32:42 PST,bryner,Attachment #56231                Flags,review+,
2001-11-02 01:33:48 PST,hyatt,Summary,XBL whitespace-handling is completely hosed.,XBL is completely hosed.
2001-11-02 01:33:48 PST,hyatt,Status,RESOLVED,ASSIGNED
2001-11-02 01:33:48 PST,hyatt,Resolution,FIXED,---
2001-11-02 01:33:48 PST,hyatt,Last Resolved,2001-11-02 01:33:48,
