When, Who, What, Added, Removed
2001-11-02 12:25:18 PST,bzbarsky,CC,bzbarsky,
2001-11-02 14:32:24 PST,bzbarsky,Assignee,bzbarsky,asa
2001-11-02 14:32:24 PST,bzbarsky,CC,hyatt,bzbarsky
2001-11-02 14:32:24 PST,bzbarsky,Ever confirmed,1,0
2001-11-02 14:32:24 PST,bzbarsky,Keywords,regression,
2001-11-02 14:32:24 PST,bzbarsky,Hardware,All,PC
2001-11-02 14:32:24 PST,bzbarsky,OS,All,Windows 2000
2001-11-02 14:32:24 PST,bzbarsky,Status,NEW,UNCONFIRMED
2001-11-02 14:32:24 PST,bzbarsky,Component,Layout,Browser-General
2001-11-02 14:47:08 PST,bzbarsky,Keywords,patch, review,
2001-11-02 14:47:08 PST,bzbarsky,Status,ASSIGNED,NEW
2001-11-02 14:47:08 PST,bzbarsky,Priority,P1,--
2001-11-02 14:47:08 PST,bzbarsky,Target Milestone,mozilla0.9.6,---
2001-11-05 09:26:30 PST,timeless,Attachment #56564                Flags,review+,
2001-11-05 10:40:44 PST,attinasi,Attachment #56565                Flags,superreview+,
2001-11-05 15:32:22 PST,timeless,Attachment #56565                Flags,review+,
2001-11-05 15:33:16 PST,timeless,Attachment #56564                Attachment is obsolete,1,0
2001-11-05 15:33:16 PST,timeless,Attachment #56564                Flags,,review+
2001-11-05 15:33:37 PST,timeless,Attachment #56300                Attachment is obsolete,1,0
2001-11-05 16:48:41 PST,bzbarsky,Status,RESOLVED,ASSIGNED
2001-11-05 16:48:41 PST,bzbarsky,Resolution,FIXED,---
2001-11-05 16:48:41 PST,bzbarsky,Last Resolved,2001-11-05 16:48:41,
