When, Who, What, Added, Removed
2001-11-01 19:28:09 PST,jcarpenter0524,Keywords,crash, topcrash,
2001-11-02 11:37:05 PST,sspitzer,CC,sfraser,
2001-11-14 06:28:55 PST,hwaara,CC,hwaara,
2001-11-26 17:45:52 PST,scottputterman,Assignee,pavlov,sspitzer
2001-11-26 18:08:44 PST,sfraser_bugs,Summary,N620 crash [@ 0x3f94b7d0 ] - heap corruption,N620 crash [@ 0x3f94b7d0 ]
2001-11-28 18:37:28 PST,jcarpenter0524,Severity,critical,normal
2001-12-18 14:10:37 PST,mscott,Keywords,nsbeta1,
2002-02-06 13:24:35 PST,pavlov,Target Milestone,Future,---
2002-02-19 15:59:45 PST,gagan,Target Milestone,mozilla1.0,Future
2002-02-22 14:41:57 PST,pavlov,Assignee,sfraser,pavlov
2002-02-22 14:41:57 PST,pavlov,CC,pavlov,
2002-02-22 14:41:57 PST,pavlov,Target Milestone,---,mozilla1.0
2002-02-22 15:10:04 PST,sfraser_bugs,Status,RESOLVED,NEW
2002-02-22 15:10:04 PST,sfraser_bugs,Resolution,FIXED,---
2002-02-22 15:10:04 PST,sfraser_bugs,Last Resolved,2002-02-22 15:10:04,
2002-07-02 15:47:27 PDT,stephend,URL,http://climate/reports/VeryFastSearchStackSigNEW.cfm?stacksig=0x3f94b7d0,
2002-12-18 14:33:43 PST,stephend,Status,VERIFIED,RESOLVED
2004-11-22 17:26:45 PST,myk,Product,Core,MailNews
2009-01-22 10:17:39 PST,nobody,Product,MailNews Core,Core
2011-06-09 14:58:34 PDT,nobody,Crash Signature,[@ 0x3f94b7d0 ],
