When, Who, What, Added, Removed
2001-11-24 05:46:21 PST,wombat,Status,NEW,UNCONFIRMED
2001-11-24 05:46:21 PST,wombat,Ever confirmed,1,0
2001-11-26 14:52:30 PST,bzbarsky,CC,jks,
2001-11-29 11:06:18 PST,hyatt,Target Milestone,mozilla1.1,---
2001-11-29 11:06:18 PST,hyatt,Status,ASSIGNED,NEW
2001-12-02 07:13:47 PST,bzbarsky,Blocks,113134,
2001-12-03 09:44:23 PST,neil,CC,neil,
2001-12-18 12:57:52 PST,bugzilla,Keywords,nsbeta1,
2001-12-24 01:17:12 PST,neil,OS,All,Linux
2001-12-24 01:17:12 PST,neil,Hardware,All,PC
2001-12-26 01:54:16 PST,kazhik,CC,kazhik,
2001-12-30 13:10:26 PST,bzbarsky,CC,admin,
2002-01-07 01:50:12 PST,bugzilla,CC,jose.jeria,
2002-01-17 22:02:54 PST,xyzzy,CC,mozilla,
2002-01-21 13:53:43 PST,hyatt,Status,NEW,ASSIGNED
2002-01-21 13:53:43 PST,hyatt,Assignee,jaggernaut,hyatt
2002-02-03 12:15:31 PST,basic,CC,_basic,
2002-02-04 16:34:01 PST,jag-mozilla,QA Contact,sairuh,blaker
2002-02-15 16:20:57 PST,spam,CC,shields,
2002-02-21 13:06:19 PST,trudelle,Keywords,nsbeta1-,nsbeta1
2002-03-22 11:45:30 PST,nagi,CC,nagi,
2002-03-26 02:36:56 PST,boullet.marc,CC,relf,
2002-06-16 02:56:49 PDT,bugzilla4dave,Blocks,152127,
2002-06-17 03:28:42 PDT,neil,CC,,neil
2002-06-26 03:29:33 PDT,alan,CC,alan,admin
2002-07-23 03:35:26 PDT,caillon,Assignee,caillon,jaggernaut
2002-07-23 03:39:49 PDT,caillon,Status,RESOLVED,NEW
2002-07-23 03:39:49 PDT,caillon,Resolution,FIXED,---
2002-07-23 03:39:49 PDT,caillon,Last Resolved,2002-07-23 03:39:49,
2002-07-25 14:20:48 PDT,bugzilla,Status,VERIFIED,RESOLVED
2008-07-31 04:30:00 PDT,nobody,Product,SeaMonkey,Core
2014-04-26 03:18:30 PDT,basic,CC,,basic
