When, Who, What, Added, Removed
2001-11-02 12:23:52 PST,bzbarsky,Status,NEW,UNCONFIRMED
2001-11-02 12:23:52 PST,bzbarsky,Ever confirmed,1,0
2001-12-03 16:25:14 PST,smontagu,CC,smontagu,
2001-12-06 11:58:21 PST,smontagu,CC,dbaron,
2001-12-06 19:16:23 PST,smontagu,Attachment #59990                Attachment is obsolete,1,0
2001-12-06 19:16:23 PST,smontagu,Attachment #60099                Attachment is obsolete,1,0
2001-12-07 15:13:48 PST,smontagu,Attachment #60761                Attachment is obsolete,1,0
2001-12-07 15:17:36 PST,smontagu,Attachment #60862                Attachment is obsolete,1,0
2001-12-07 15:35:59 PST,dbaron,Attachment #60864                Flags,review+,
2001-12-10 10:57:59 PST,attinasi,Attachment #60864                Flags,superreview+,
2001-12-10 18:51:37 PST,smontagu,Status,RESOLVED,NEW
2001-12-10 18:51:37 PST,smontagu,Resolution,FIXED,---
2001-12-10 18:51:37 PST,smontagu,Last Resolved,2001-12-10 18:51:37,
2001-12-17 16:07:26 PST,ftang,Blocks,115713,
2002-04-17 12:12:28 PDT,smontagu,Blocks,137995,
2008-04-07 13:57:13 PDT,ehsan,Keywords,rtl,
2008-04-07 13:57:13 PDT,ehsan,CC,ehsan.akhgari,
2008-07-31 02:36:28 PDT,timeless,Component,Layout: Text,Layout: BiDi Hebrew & Arabic
2008-07-31 02:36:28 PDT,timeless,QA Contact,layout.fonts-and-text,zach
