When, Who, What, Added, Removed
2001-11-02 05:22:48 PST,c,Keywords,patch, review,
2001-11-29 11:02:00 PST,hyatt,Status,ASSIGNED,NEW
2001-11-29 11:02:00 PST,hyatt,Target Milestone,mozilla1.1,---
2002-07-26 14:33:23 PDT,bugzilla,CC,matti,
2002-07-26 14:33:23 PDT,bugzilla,Target Milestone,---,mozilla1.1alpha
2002-08-02 11:18:29 PDT,hyatt,Status,NEW,ASSIGNED
2002-08-02 11:18:29 PDT,hyatt,Assignee,jaggernaut,hyatt
2004-01-17 08:10:26 PST,cbiesinger,CC,martin.schaller,
2004-01-20 05:30:10 PST,cbiesinger,Summary,Decimal separator ',' on german keyboard (on keypad) shows up as '|',Decimal separator ',' on german keyboard shows up as '|'
2004-01-20 05:30:30 PST,cbiesinger,CC,snudge,
2004-01-20 05:32:11 PST,cbiesinger,Component,GFX: Gtk,XP Toolkit/Widgets
2004-01-20 05:32:11 PST,cbiesinger,Assignee,blizzard,jag
2004-01-20 05:32:11 PST,cbiesinger,QA Contact,ian,jrgmorrison
2004-03-08 08:00:51 PST,fred,CC,fcrozat,
2004-07-10 05:35:02 PDT,cbiesinger,CC,m.blassnig,
2004-07-10 05:35:28 PDT,cbiesinger,CC,stefan.brandner,
2004-07-12 12:37:14 PDT,mmx_bugzilla,CC,mmx_bugzilla,
2004-10-03 06:27:33 PDT,cbiesinger,Summary,Decimal separator ',' (comma) on german keyboard (on keypad/numpad) shows up as '|' (pipe),Decimal separator ',' on german keyboard (on keypad) shows up as '|'
2004-10-03 11:20:40 PDT,askwar,Attachment #160938                Flags,review?(blizzard), superreview?(bryner),
2004-10-03 14:44:59 PDT,askwar,CC,askwar,
2004-10-05 08:48:07 PDT,blizzard,Attachment #160938                Flags,review+,review?(blizzard)
2004-10-13 13:48:58 PDT,maillist,CC,maillist,
2005-01-11 00:45:51 PST,mmx_bugzilla,Flags,blocking1.8a6?, blocking-aviary1.1?,
2005-01-11 00:53:59 PST,cbiesinger,Attachment #56238                Flags,review?(blizzard), superreview?(bryner),
2005-01-11 00:54:31 PST,cbiesinger,Attachment #56238                Attachment description,gtk1 patch,patch
2005-01-11 01:02:22 PST,cbiesinger,CC,cbiesinger,
2005-01-11 14:51:55 PST,asa,Flags,blocking1.8a6-,blocking1.8a6?
2005-01-11 15:05:38 PST,mmx_bugzilla,Flags,blocking1.8a6?, blocking1.8b?,blocking1.8a6-
2005-01-11 15:06:38 PST,mmx_bugzilla,Flags,blocking1.8a6-,blocking1.8a6?
2005-01-31 10:12:58 PST,asa,Flags,blocking-aviary1.1-, blocking1.8b-,blocking1.8a6-, blocking-aviary1.1?, blocking1.8b?
2005-02-10 16:01:00 PST,bryner,Attachment #160938                Flags,superreview+,superreview?(bryner)
2005-02-10 16:02:15 PST,bryner,Attachment #56238                Flags,superreview+,superreview?(bryner)
2005-02-14 17:22:02 PST,cbiesinger,Attachment #160938                Flags,approval1.8b?,
2005-02-15 15:49:40 PST,caillon,Attachment #56238                Flags,review+,review?(blizzard)
2005-02-15 15:51:03 PST,caillon,Attachment #160938                Flags,approval1.8b+,approval1.8b?
2005-02-15 16:24:34 PST,cbiesinger,Attachment #56238                Flags,approval1.8b?,
2005-02-15 16:31:14 PST,dbaron,Attachment #56238                Flags,approval1.8b+,approval1.8b?
2005-02-16 06:22:53 PST,cbiesinger,Status,RESOLVED,NEW
2005-02-16 06:22:53 PST,cbiesinger,Resolution,FIXED,---
2005-02-16 06:22:53 PST,cbiesinger,Last Resolved,2005-02-16 06:22:53,
2009-01-22 10:17:58 PST,nobody,Product,Core Graveyard,Core
