When, Who, What, Added, Removed
2001-11-02 03:50:53 PST,markushuebner,Keywords,4xp, mozilla0.9.6, nsCatFood, testcase, top100,
2001-11-02 03:50:53 PST,markushuebner,OS,All,Windows 2000
2001-11-02 03:51:45 PST,markushuebner,CC,_basic,
2001-11-02 04:13:40 PST,jens-uwe,CC,jens-uwe,
2001-11-02 07:14:28 PST,alex,CC,alex,
2001-11-04 05:22:37 PST,markushuebner,Blocks,104864,
2001-11-04 05:26:56 PST,hwaara,Blocks,,104864
2001-11-05 09:22:31 PST,MozillaUser,CC,MozillaUser,
2001-11-06 16:10:10 PST,blizzard,CC,blizzard,
2001-11-06 16:32:42 PST,blizzard,Status,RESOLVED,NEW
2001-11-06 16:32:42 PST,blizzard,Resolution,WORKSFORME,---
2001-11-06 16:32:42 PST,blizzard,Last Resolved,2001-11-06 16:32:42,
2001-11-06 16:39:07 PST,tpreston,Status,VERIFIED,RESOLVED
2001-11-07 03:27:40 PST,amunk,CC,amunk,
2001-11-07 03:28:12 PST,markushuebner,Status,REOPENED,VERIFIED
2001-11-07 03:28:12 PST,markushuebner,Resolution,---,WORKSFORME
2001-11-07 03:32:05 PST,manfredps,CC,manfredps,
2001-11-07 05:33:18 PST,tim.jost,CC,tim.jost,
2001-11-07 07:55:44 PST,blizzard,CC,adamlock, waterson, mscott,
2001-11-08 02:27:06 PST,markushuebner,CC,frank,
2001-11-08 02:29:25 PST,markushuebner,Status,NEW,REOPENED
2001-11-08 05:39:09 PST,jens-uwe,Summary,Delay in onmouseover (after reload),Delay in onmouseover
2001-11-09 01:10:15 PST,markushuebner,Summary,Delay in onmouseover,Delay in onmouseover (after reload)
2001-11-19 04:44:21 PST,bugzilla,CC,joaquin,
2001-11-19 07:10:05 PST,thorgal,CC,thorgal,
2001-11-20 04:54:56 PST,aha,CC,aha,
2001-11-22 05:07:57 PST,markushuebner,Keywords,mozilla0.9.7,
2001-11-27 05:53:06 PST,jklawiter,CC,wariat,
2001-11-30 02:46:04 PST,pavlov,Status,ASSIGNED,NEW
2001-11-30 02:46:04 PST,pavlov,Target Milestone,mozilla0.9.7,---
2001-12-03 10:15:25 PST,markushuebner,Keywords,mozilla1.0,
2001-12-06 16:19:54 PST,pavlov,Priority,P2,--
2001-12-09 23:38:07 PST,pavlov,Attachment #60782                Attachment is obsolete,1,0
2001-12-09 23:38:35 PST,pavlov,Depends on,114286,
2001-12-10 02:20:24 PST,david,CC,david.majda,
2001-12-10 09:07:34 PST,pavlov,Blocks,112899,
2001-12-10 21:31:03 PST,pavlov,Target Milestone,mozilla0.9.8,mozilla0.9.7
2001-12-12 14:40:37 PST,pavlov,Blocks,71857,
2001-12-12 15:24:43 PST,pavlov,Attachment #61059                Attachment is obsolete,1,0
2001-12-12 15:37:17 PST,akkzilla,CC,akkana,
2001-12-12 17:18:37 PST,pavlov,Keywords,patch,
2001-12-13 23:35:59 PST,pavlov,CC,cathleen,
2001-12-13 23:44:54 PST,jrgmorrison,CC,jrgm,
2001-12-16 06:11:30 PST,pavlov,Attachment #61505                Attachment is obsolete,1,0
2001-12-16 06:32:16 PST,pavlov,Priority,P1,P2
2002-01-14 10:32:12 PST,pavlov,CC,darin,
2002-01-14 17:00:07 PST,bryner,Attachment #61893                Flags,review+,
2002-01-14 21:29:00 PST,pavlov,Status,RESOLVED,ASSIGNED
2002-01-14 21:29:00 PST,pavlov,Resolution,FIXED,---
2002-01-14 21:29:00 PST,pavlov,Last Resolved,2002-01-14 21:29:00,2001-11-06 16:32:42
2002-01-14 21:35:05 PST,pavlov,Blocks,78019,
2002-01-14 21:35:26 PST,pavlov,Blocks,79020,
2002-01-14 21:36:59 PST,pavlov,Blocks,92722,
2002-01-14 21:38:06 PST,pavlov,Blocks,100016,
2002-01-14 21:38:53 PST,pavlov,Blocks,103432,
2002-01-14 21:39:12 PST,pavlov,Blocks,103558,
2002-01-14 21:40:38 PST,pavlov,Blocks,94594,
2002-01-16 12:55:48 PST,pavlov,Blocks,103902,
2002-01-16 13:14:31 PST,pavlov,Blocks,98429,
2002-03-06 11:40:41 PST,susiew,Keywords,topembed,
2002-03-24 06:55:36 PST,markushuebner,Status,REOPENED,RESOLVED
2002-03-24 06:55:36 PST,markushuebner,Resolution,---,FIXED
2002-03-24 10:40:22 PST,ezh,CC,ezh,
2002-03-24 11:50:20 PST,pavlov,Last Resolved,2002-03-24 11:50:20,2002-01-14 21:29:00
2002-03-24 11:50:20 PST,pavlov,Status,RESOLVED,REOPENED
2002-03-24 11:50:20 PST,pavlov,Resolution,FIXED,---
2008-07-31 10:13:19 PDT,MozillaUser,CC,,MozillaUser
2014-04-26 03:08:04 PDT,basic,CC,,basic
