When, Who, What, Added, Removed
2001-11-06 17:21:50 PST,cathleennscp,CC,dbaron, brendan,
2001-11-06 18:39:33 PST,brendan,Attachment #56813                Flags,superreview+,
2001-11-06 18:42:27 PST,cathleennscp,CC,waterson, shaver,
2001-11-07 14:48:25 PST,mozillamarcia.knous,Status,ASSIGNED,NEW
2001-11-15 12:49:31 PST,dbaron,Attachment #56813                Flags,review+,
2001-11-15 18:40:50 PST,blythe,Status,RESOLVED,ASSIGNED
2001-11-15 18:40:50 PST,blythe,Resolution,FIXED,---
2001-11-15 18:40:50 PST,blythe,Last Resolved,2001-11-15 18:40:50,
