When, Who, What, Added, Removed
2001-11-01 16:37:04 PST,security-bugs,CC,jst, heikki,
2001-11-01 21:32:10 PST,joki,Target Milestone,mozilla0.9.7,---
2001-11-12 06:09:39 PST,ben.bucksch,Whiteboard,[discoverable],
2001-11-12 06:09:39 PST,ben.bucksch,CC,ben.bucksch,
2001-11-13 10:39:10 PST,ben.bucksch,Whiteboard,,[discoverable]
2001-11-15 22:28:56 PST,jaimejr,Whiteboard,PDT,
2001-11-19 08:52:04 PST,jaimejr,Whiteboard,[PDT] [ETA ?],PDT
2001-11-19 13:06:32 PST,joki,Whiteboard,PDT,[PDT] [ETA ?]
2001-11-19 13:06:32 PST,joki,Status,ASSIGNED,NEW
2001-11-19 15:47:06 PST,joki,CC,saari, hyatt,
2001-11-19 18:56:56 PST,lchiang,CC,gerardok, jimmylee,
2001-11-19 19:15:54 PST,jaimejr,Whiteboard,[PDT+],PDT
2001-11-19 23:25:32 PST,joki,Attachment #58412                Flags,review+, superreview+,
2001-11-20 00:33:06 PST,jst,Attachment #58514                Flags,superreview+,
2001-11-28 10:41:59 PST,jimmykenlee,CC,alam,
2001-11-29 15:58:40 PST,bsharma,Status,RESOLVED,ASSIGNED
2001-11-29 15:58:40 PST,bsharma,Resolution,FIXED,---
2001-11-29 15:58:40 PST,bsharma,Last Resolved,2001-11-29 15:58:40,
2001-12-03 09:49:00 PST,bsharma,Status,VERIFIED,RESOLVED
2001-12-05 20:18:35 PST,bugz,Keywords,edt0.9.4+,
2001-12-06 16:43:22 PST,security-bugs,CC,valeski, marek, chofmann,
2001-12-06 16:43:22 PST,security-bugs,Status,REOPENED,VERIFIED
2001-12-06 16:43:22 PST,security-bugs,Resolution,---,FIXED
2001-12-27 18:20:06 PST,security-bugs,Attachment #60758                Attachment is obsolete,1,0
2001-12-28 13:00:18 PST,security-bugs,Status,RESOLVED,REOPENED
2001-12-28 13:00:18 PST,security-bugs,Resolution,FIXED,---
2001-12-28 13:00:18 PST,security-bugs,Last Resolved,2001-12-28 13:00:18,2001-11-29 15:58:40
2002-01-06 09:25:19 PST,jud,Keywords,fixed0.9.4,
2002-01-09 14:22:47 PST,vladimire,Status,VERIFIED,RESOLVED
2002-03-05 10:04:36 PST,jimmykenlee,CC,paw,
2002-03-08 14:42:23 PST,security-bugs,CC,mscott,
2002-03-08 17:25:05 PST,security-bugs,CC,pschwartau,
2002-03-11 16:03:34 PST,security-bugs,Status,REOPENED,VERIFIED
2002-03-11 16:03:34 PST,security-bugs,Resolution,---,FIXED
2002-03-11 16:16:39 PST,security-bugs,Whiteboard,,[PDT+]
2002-03-11 16:16:39 PST,security-bugs,Status,ASSIGNED,REOPENED
2002-03-11 16:16:39 PST,security-bugs,Target Milestone,mozilla1.0,mozilla0.9.7
2002-03-11 16:16:39 PST,security-bugs,Keywords,mozilla1.0, nsbeta1,edt0.9.4+, fixed0.9.4
2002-03-11 16:20:38 PST,hjtoi-bugzilla,Keywords,nsbeta1+,nsbeta1
2002-03-11 16:50:22 PST,jst,Attachment #73593                Flags,superreview+,
2002-03-14 11:58:52 PST,asa,Attachment #73593                Flags,approval+,
2002-03-18 13:44:04 PST,bsharma,Whiteboard,AOLTWOK,
2002-03-18 16:04:23 PST,jimmykenlee,CC,buckland,
2002-03-21 12:09:48 PST,security-bugs,CC,paulmac,
2002-03-27 01:28:12 PST,joki,Status,RESOLVED,ASSIGNED
2002-03-27 01:28:12 PST,joki,Resolution,FIXED,---
2002-03-27 01:28:12 PST,joki,Last Resolved,2002-03-27 01:28:12,2001-12-28 13:00:18
2002-04-01 12:53:59 PST,vladimire,Status,VERIFIED,RESOLVED
2002-05-28 17:33:31 PDT,security-bugs,Group,,security?
