When, Who, What, Added, Removed
2001-11-02 15:30:48 PST,wolruf,URL,about:plugins,http://about:plugins
2001-11-02 15:30:48 PST,wolruf,Status,NEW,UNCONFIRMED
2001-11-02 15:30:48 PST,wolruf,CC,cahagn_o,
2001-11-02 15:30:48 PST,wolruf,Ever confirmed,1,0
2001-11-05 12:08:24 PST,bugzilla,Component,Plug-ins,XP Apps
2001-11-05 12:08:24 PST,bugzilla,Assignee,av,pchen
2001-11-05 12:08:24 PST,bugzilla,QA Contact,shrir,sairuh
2001-11-07 12:29:05 PST,serhunt,Summary,A special character in plugin info causes caching mechanism fail,a bad dll causes about:plugins to fail completely
2001-11-07 12:29:05 PST,serhunt,Status,ASSIGNED,NEW
2001-11-07 12:29:05 PST,serhunt,CC,dp,
2001-11-07 13:43:14 PST,dp,CC,dveditz,
2001-11-07 14:35:58 PST,alvarolists,CC,alvarom,
2001-11-07 14:59:30 PST,peterlubczynski-bugs,CC,peterlubczynski,
2001-11-14 18:33:15 PST,serhunt,Attachment #57869                Flags,needs-work+,
2001-11-14 21:56:34 PST,neutropenia,CC,coch,
2001-11-16 18:05:45 PST,serhunt,Attachment #57869                Attachment is obsolete,1,0
2001-11-16 18:05:45 PST,serhunt,Attachment #57869                Flags,,needs-work+
2001-11-16 18:06:04 PST,serhunt,Attachment #57871                Attachment is obsolete,1,0
2001-11-21 18:15:18 PST,serhunt,Attachment #58184                Attachment is obsolete,1,0
2001-11-21 18:15:31 PST,serhunt,Attachment #58185                Attachment is obsolete,1,0
2001-11-24 09:15:41 PST,dveditz,Attachment #58818                Flags,superreview+,
2001-11-26 09:24:42 PST,dp,Attachment #58818                Flags,review+,
2001-11-26 17:37:15 PST,srgchrpv,CC,ruairi.hickey,
2001-11-26 17:39:51 PST,srgchrpv,CC,rcl24,
2001-11-27 08:45:05 PST,hoju,CC,hoju,
2001-11-27 09:28:44 PST,shrir,CC,svante,
2001-11-27 09:38:06 PST,shrir,CC,kyrimis,
2001-11-27 09:44:40 PST,aha,CC,aha,
2001-11-28 14:31:13 PST,serhunt,Status,RESOLVED,ASSIGNED
2001-11-28 14:31:13 PST,serhunt,Resolution,FIXED,---
2001-11-28 14:31:13 PST,serhunt,Last Resolved,2001-11-28 14:31:13,
2001-11-29 23:41:11 PST,bzbarsky,CC,blindio,
2001-11-30 04:32:26 PST,kleist,CC,,svante
2001-12-01 04:53:18 PST,cbiesinger,CC,cbiesinger,
2001-12-26 14:37:52 PST,serhunt,CC,mikeburba,
2002-08-12 13:14:06 PDT,shrir,Status,VERIFIED,RESOLVED
