When, Who, What, Added, Removed
2001-11-02 14:43:49 PST,stephend,Summary,Cancelling an auto-sub confirm dialog, then running the same url again, fails.,Cancelling an auto-sub confirm dialog, then running the same url again, fails.
2001-11-02 14:43:49 PST,stephend,QA Contact,stephend,esther
2001-11-02 16:15:01 PST,sspitzer,Assignee,sspitzer,hwaara
2001-11-02 16:15:01 PST,sspitzer,CC,hwaara,
2001-11-02 17:30:38 PST,mozilla,Attachment #56347                Flags,superreview+,
2001-11-02 17:35:34 PST,hwaara,Attachment #56347                Flags,review+,
2001-11-02 18:00:14 PST,sspitzer,Status,RESOLVED,NEW
2001-11-02 18:00:14 PST,sspitzer,Resolution,FIXED,---
2001-11-02 18:00:14 PST,sspitzer,Last Resolved,2001-11-02 18:00:14,
2001-11-07 18:13:15 PST,stephend,Status,VERIFIED,RESOLVED
2004-11-22 17:25:08 PST,myk,Product,Seamonkey,Browser
2013-03-18 13:27:37 PDT,vseerror,Depends on,529253,
