When, Who, What, Added, Removed
2001-11-02 15:51:52 PST,verbal,Assignee,ksosez,endico
2001-11-02 16:47:58 PST,verbal,CC,oeschger,
2001-12-08 01:03:50 PST,netdragon,CC,netdemonz,
2001-12-08 02:01:31 PST,netdragon,Blocks,57237,
2002-01-01 15:20:28 PST,stephend,CC,stephend,
2002-03-25 21:46:43 PST,verbal,Status,RESOLVED,NEW
2002-03-25 21:46:43 PST,verbal,Resolution,FIXED,---
2002-03-25 21:46:43 PST,verbal,Last Resolved,2002-03-25 21:46:43,
2002-03-25 21:49:44 PST,imajes,CC,imajes,
2007-06-12 09:53:52 PDT,reed,Component,Documentation Requests,Mozilla Developer
2007-06-12 09:53:52 PDT,reed,Product,Mozilla Developer Center,Documentation
2012-09-18 23:13:04 PDT,nobody,Product,Mozilla Developer Network,Mozilla Developer Network
2012-09-18 23:13:04 PDT,nobody,Component,Documentation,Documentation Requests
2012-12-28 16:03:11 PST,jkarahalis,Component,General,Documentation
2012-12-28 16:03:11 PST,jkarahalis,Product,Developer Documentation,Mozilla Developer Network
