When, Who, What, Added, Removed
2001-11-09 08:42:27 PST,matty_is_a_geek,Target Milestone,Future,---
2003-11-24 16:09:05 PST,asa,Summary,Add request tracker fields as columns in buglist.cgi,Add column to bug list to show r=/sr=/etc
2003-11-24 16:09:05 PST,asa,CC,asa,
2004-01-18 04:44:01 PST,matty_is_a_geek,Severity,enhancement,normal
2004-11-24 17:01:55 PST,LpSolit,CC,stuartd,
2004-11-24 17:58:50 PST,LpSolit,CC,hjtoi-bugzilla,
2005-01-13 17:46:34 PST,mkanat,Summary,Add request tracker fields (flags) as columns in buglist.cgi,Add request tracker fields as columns in buglist.cgi
2005-01-13 17:47:04 PST,mkanat,CC,mkanat,
2005-04-13 01:27:04 PDT,g.stelmaszek,CC,g.stelmaszek,
2005-05-11 06:31:23 PDT,matthew,CC,matthew,
2005-07-09 05:55:32 PDT,slamm,CC,slamm,
2005-08-03 08:33:49 PDT,joules,CC,joules,
2006-06-22 11:44:34 PDT,bugzilla-mozilla,QA Contact,default-qa,mattyt-bugzilla
2006-10-19 11:49:17 PDT,spam,Target Milestone,---,Future
2006-12-27 06:41:03 PST,LpSolit,Assignee,query-and-buglist,myk
2007-05-24 08:10:21 PDT,jeff.hedlund,CC,jeff.hedlund,
2007-09-07 02:31:40 PDT,LpSolit,CC,tjaszowski,
2007-09-07 02:33:21 PDT,LpSolit,Summary,Add flags as columns in buglist.cgi,Add request tracker fields (flags) as columns in buglist.cgi
2007-09-07 02:33:21 PDT,LpSolit,Hardware,All,Other
2007-09-07 02:33:21 PDT,LpSolit,OS,All,Other
2007-11-20 12:39:37 PST,LpSolit,CC,LpSolit,
2007-11-20 12:39:37 PST,LpSolit,Target Milestone,Bugzilla 4.0,---
2008-02-21 18:10:46 PST,jjclark1982,Blocks,418953,
2009-03-04 08:12:52 PST,LpSolit,CC,christian.bugzilla,
2009-08-05 11:00:40 PDT,LpSolit,Attachment #183282                Attachment is obsolete,1,0
2009-08-05 11:00:40 PDT,LpSolit,Attachment #392752                Flags,review?(mkanat),
2009-08-05 11:27:02 PDT,LpSolit,Status,ASSIGNED,NEW
2009-08-05 11:27:02 PDT,LpSolit,Assignee,LpSolit,query-and-buglist
2009-08-05 11:27:02 PDT,LpSolit,Attachment #392752                Attachment is obsolete,1,0
2009-08-05 11:27:02 PDT,LpSolit,Attachment #392762                Flags,review?(mkanat),
2009-08-05 11:27:02 PDT,LpSolit,Attachment #392752                Flags,,review?(mkanat)
2009-08-06 04:42:49 PDT,mkanat,Priority,P1,--
2009-08-06 04:42:49 PDT,mkanat,Target Milestone,Bugzilla 3.6,Bugzilla 4.0
2009-08-10 10:37:37 PDT,mkanat,Attachment #392762                Flags,review-,review?(mkanat)
2009-08-10 10:45:07 PDT,LpSolit,CC,xiaoou.wu,
2009-08-10 11:45:52 PDT,mkanat,Depends on,509497,
2009-08-10 18:16:29 PDT,LpSolit,Attachment #392762                Attachment is obsolete,1,0
2009-08-10 18:16:29 PDT,LpSolit,Attachment #393684                Flags,review?(mkanat),
2009-08-10 21:32:54 PDT,mkanat,Attachment #393684                Flags,review-,review?(mkanat)
2009-08-10 23:32:33 PDT,LpSolit,Attachment #393684                Attachment is obsolete,1,0
2009-08-10 23:32:33 PDT,LpSolit,Attachment #393718                Flags,review?(mkanat),
2009-08-11 10:07:56 PDT,mkanat,Attachment #393718                Flags,review+,review?(mkanat)
2009-08-11 10:08:05 PDT,mkanat,Flags,approval+,
2009-08-16 18:26:38 PDT,LpSolit,Attachment #393718                Attachment is obsolete,1,0
2009-08-16 18:26:38 PDT,LpSolit,Attachment #394757                Flags,review?(mkanat),
2009-08-16 19:34:05 PDT,LpSolit,Attachment #394757                Attachment is obsolete,1,0
2009-08-16 19:34:05 PDT,LpSolit,Attachment #394759                Flags,review?(mkanat),
2009-08-16 19:34:05 PDT,LpSolit,Attachment #394757                Flags,,review?(mkanat)
2009-08-18 14:04:14 PDT,LpSolit,Attachment #394759                Attachment is obsolete,1,0
2009-08-18 14:04:14 PDT,LpSolit,Attachment #395141                Flags,review?(mkanat),
2009-08-18 14:04:14 PDT,LpSolit,Attachment #394759                Flags,,review?(mkanat)
2009-08-18 15:01:17 PDT,mkanat,Attachment #395141                Flags,review+,review?(mkanat)
2009-08-18 15:10:17 PDT,LpSolit,Keywords,relnote,
2009-08-18 15:10:17 PDT,LpSolit,Status,RESOLVED,ASSIGNED
2009-08-18 15:10:17 PDT,LpSolit,Resolution,FIXED,---
2009-08-18 15:10:17 PDT,LpSolit,Last Resolved,2009-08-18 15:10:17,
2009-12-22 05:52:42 PST,bigstijn,CC,bigstijn,
2009-12-29 14:03:27 PST,LpSolit,Summary,Display bug flags in buglists,Add flags as columns in buglist.cgi
2010-02-22 12:20:02 PST,mkanat,Keywords,,relnote
2010-02-27 01:44:10 PST,reed,Keywords,relnote,
2010-02-27 01:44:10 PST,reed,CC,bugtrap, reed,
2010-02-27 14:52:16 PST,mkanat,Keywords,,relnote
2012-08-02 18:37:09 PDT,LpSolit,Blocks,780053,
2013-12-27 14:37:36 PST,asa,CC,,asa
