When, Who, What, Added, Removed
2001-11-02 14:56:08 PST,waterson,Attachment #56305                Flags,needs-work+,
2001-12-04 12:34:28 PST,waterson,Attachment #56305                Attachment is obsolete,1,0
2001-12-04 15:43:45 PST,waterson,Attachment #60359                Attachment is obsolete,1,0
2001-12-04 17:32:51 PST,netscape,Attachment #60396                Flags,review+,
2002-01-14 12:44:46 PST,waterson,Target Milestone,Future,---
2002-01-17 10:25:43 PST,netscape,CC,cathleen,
2002-01-17 10:58:35 PST,waterson,Status,ASSIGNED,NEW
2002-01-17 10:58:35 PST,waterson,Priority,P3,--
2002-01-17 10:58:35 PST,waterson,Target Milestone,mozilla0.9.9,Future
2002-01-17 10:59:07 PST,waterson,Keywords,review,
2002-01-17 15:22:06 PST,timecop,CC,timecop,
2002-01-24 15:15:07 PST,waterson,Status,RESOLVED,ASSIGNED
2002-01-24 15:15:07 PST,waterson,Resolution,FIXED,---
2002-01-24 15:15:07 PST,waterson,Last Resolved,2002-01-24 15:15:07,
2002-02-18 04:47:05 PST,colin,CC,colin,
2012-04-05 00:46:37 PDT,nobody,Product,Core Graveyard,Core
2012-04-05 00:46:37 PDT,nobody,Component,Embedding: GTK Widget,Embedding: GTK Widget
