When, Who, What, Added, Removed
2001-11-02 12:35:51 PST,waterson,CC,jrgm, bryner,
2001-11-02 12:35:51 PST,waterson,Keywords,perf,
2001-11-02 12:37:02 PST,waterson,Depends on,34297,
2001-11-02 12:37:02 PST,waterson,Blocks,71668,
2001-11-02 12:45:58 PST,john,CC,jkeiser,
2001-11-02 13:22:36 PST,bzbarsky,CC,rjesup,
2001-11-04 22:54:44 PST,bratell,CC,bratell,
2001-11-04 23:36:09 PST,t8m,CC,t8m,
2001-11-05 00:27:44 PST,jst,Attachment #56531                Attachment is obsolete,1,0
2001-11-05 00:27:44 PST,jst,Attachment #56531                Attachment description,foo,Don't flush like mad in the form control code now that the state is kept in the elements themselves.
2001-11-05 00:32:33 PST,john,Attachment #56534                Flags,review+,
2001-11-05 11:31:16 PST,cathleennscp,Assignee,jst,jkeiser
2001-11-05 11:31:16 PST,cathleennscp,Target Milestone,mozilla0.9.6,---
2001-11-06 12:34:09 PST,ezh,CC,ezh,
2001-11-06 16:19:23 PST,jst,Status,RESOLVED,NEW
2001-11-06 16:19:23 PST,jst,Resolution,FIXED,---
2001-11-06 16:19:23 PST,jst,Last Resolved,2001-11-06 16:19:23,
2001-11-09 17:47:00 PST,jrgmorrison,Status,VERIFIED,RESOLVED
2011-01-15 11:44:32 PST,Ms2ger,Component,DOM: Core & HTML,DOM: Abstract Schemas
2011-01-15 11:44:32 PST,Ms2ger,QA Contact,general,stummala
2011-01-15 11:44:32 PST,Ms2ger,CC,Ms2ger,
