When, Who, What, Added, Removed
2001-11-02 17:05:23 PST,alecf,Priority,P2,--
2001-11-02 17:05:23 PST,alecf,Assignee,alecf,yokoyama
2001-11-02 17:05:23 PST,alecf,CC,yokoyama,
2001-11-02 17:05:23 PST,alecf,Target Milestone,mozilla0.9.7,---
2001-11-30 15:17:39 PST,alecf,Status,RESOLVED,NEW
2001-11-30 15:17:39 PST,alecf,Resolution,FIXED,---
2001-11-30 15:17:39 PST,alecf,Last Resolved,2001-11-30 15:17:39,
2001-12-01 18:01:41 PST,teruko,QA Contact,alecf,teruko
2001-12-01 18:01:41 PST,teruko,CC,teruko,
