When, Who, What, Added, Removed
2001-11-02 16:27:10 PST,jhpedemonte,CC,mkaply,
2001-11-06 15:19:43 PST,jhpedemonte,Attachment #56339                Attachment is obsolete,1,0
2001-11-06 15:20:52 PST,jhpedemonte,Assignee,mkaply,attinasi
2001-11-27 09:29:20 PST,jhpedemonte,Attachment #56792                Attachment is obsolete,1,0
2001-12-01 06:50:54 PST,choess,Keywords,fonts, patch,
2002-01-17 08:22:26 PST,mozilla,CC,tivv,
2002-02-04 06:50:57 PST,mozilla,Status,RESOLVED,NEW
2002-02-04 06:50:57 PST,mozilla,Resolution,FIXED,---
2002-02-04 06:50:57 PST,mozilla,Last Resolved,2002-02-04 06:50:57,
2002-10-16 16:34:25 PDT,mozilla,Status,VERIFIED,RESOLVED
