When, Who, What, Added, Removed
2001-11-02 19:05:13 PST,hwaara,Assignee,sspitzer,hwaara
2001-11-02 19:05:13 PST,hwaara,CC,hwaara,
2001-11-05 11:28:24 PST,laurel,QA Contact,stephend,esther
2001-11-10 12:15:31 PST,tingley,CC,tingley,
2001-11-10 12:17:50 PST,hwaara,Assignee,alecf,sspitzer
2001-11-10 14:05:41 PST,alecf,Assignee,hwaara,alecf
2001-11-10 14:49:16 PST,hwaara,Status,ASSIGNED,NEW
2001-11-10 14:49:16 PST,hwaara,CC,alecf,
2001-11-10 15:05:00 PST,alecf,Attachment #57391                Flags,review+,
2001-11-13 16:25:19 PST,sspitzer,Attachment #57391                Attachment is obsolete,1,0
2001-11-13 16:26:23 PST,sspitzer,Attachment #57676                Attachment is obsolete,1,0
2001-11-13 16:28:12 PST,sspitzer,Blocks,109537,
2001-11-13 16:28:22 PST,alecf,Attachment #57677                Flags,superreview+,
2001-11-13 17:42:02 PST,sspitzer,Status,RESOLVED,ASSIGNED
2001-11-13 17:42:02 PST,sspitzer,Resolution,FIXED,---
2001-11-13 17:42:02 PST,sspitzer,Last Resolved,2001-11-13 17:42:02,
2001-11-14 12:36:57 PST,stephend,Status,VERIFIED,RESOLVED
2004-11-22 17:25:08 PST,myk,Product,Seamonkey,Browser
