When, Who, What, Added, Removed
2001-11-25 00:13:46 PST,asa,Status,RESOLVED,NEW
2001-11-25 00:13:46 PST,asa,Resolution,FIXED,---
2001-11-25 00:13:46 PST,asa,Last Resolved,2001-11-25 00:13:46,
2001-11-25 21:38:42 PST,timeless,Summary,Add the new NSS component "NSS Documentation".,Add the new NSS component "Documentation".
2001-11-25 21:38:42 PST,timeless,Status,VERIFIED,RESOLVED
2001-11-26 11:56:54 PST,wtc,Summary,Add the new NSS component "Documentation".,Add the new NSS component "NSS Documentation".
2001-11-27 05:32:01 PST,timeless,Status,REOPENED,VERIFIED
2001-11-27 05:32:01 PST,timeless,Resolution,---,FIXED
2001-11-27 14:16:15 PST,timeless,Status,NEW,REOPENED
2001-11-27 14:40:03 PST,asa,Status,RESOLVED,NEW
2001-11-27 14:40:03 PST,asa,Resolution,FIXED,---
2001-11-27 14:40:03 PST,asa,Last Resolved,2001-11-27 14:40:03,2001-11-25 00:13:46
2001-11-27 15:28:56 PST,wtc,Status,VERIFIED,RESOLVED
2001-11-28 01:39:49 PST,timeless,CC,justdave,
2011-06-26 22:54:48 PDT,nobody,Product,bugzilla.mozilla.org,mozilla.org
2011-06-26 22:54:48 PDT,nobody,Component,Administration,Bugzilla: Keywords & Components
