When, Who, What, Added, Removed
2001-11-03 01:02:01 PST,bugzilla,QA Contact,ktrina,bugzilla
2002-01-18 23:00:17 PST,bzbarsky,Keywords,crash,
2002-01-18 23:00:17 PST,bzbarsky,Status,NEW,UNCONFIRMED
2002-01-18 23:00:17 PST,bzbarsky,Severity,critical,normal
2002-01-18 23:00:17 PST,bzbarsky,Ever confirmed,1,0
2002-02-06 00:08:19 PST,slogan,Keywords,nsbeta1+,
2002-02-06 00:08:19 PST,slogan,Status,ASSIGNED,NEW
2002-02-06 00:08:19 PST,slogan,Target Milestone,mozilla1.0,---
2002-02-06 21:00:19 PST,bryner,Attachment #68259                Flags,review+,
2002-02-07 21:29:33 PST,dveditz,Attachment #68259                Flags,superreview+,
2002-02-18 14:15:22 PST,slogan,Last Resolved,2002-02-18 14:15:22,
2002-02-18 14:15:22 PST,slogan,Status,RESOLVED,ASSIGNED
2002-02-18 14:15:22 PST,slogan,Resolution,FIXED,---
2002-02-18 15:09:44 PST,ktrina,Status,VERIFIED,RESOLVED
2004-11-22 17:25:08 PST,myk,Product,Seamonkey,Browser
