When, Who, What, Added, Removed
2001-11-02 14:24:28 PST,sfraser_bugs,CC,jst,
2001-11-02 15:11:41 PST,hewitt,Status,ASSIGNED,NEW
2001-11-02 15:11:41 PST,hewitt,Depends on,104401,
2001-11-02 15:11:41 PST,hewitt,Target Milestone,mozilla0.9.6,---
2001-11-05 15:04:32 PST,sfraser_bugs,Attachment #56579                Flags,superreview+,
2001-11-05 15:06:09 PST,hewitt,Attachment #56579                Flags,review+,
2001-11-05 17:05:57 PST,timeless,CC,leaf,
2001-11-05 17:27:32 PST,mozilla,Status,RESOLVED,ASSIGNED
2001-11-05 17:27:32 PST,mozilla,Resolution,FIXED,---
2001-11-05 17:27:32 PST,mozilla,Last Resolved,2001-11-05 17:27:32,
2005-05-10 21:37:18 PDT,timeless,Component,XP Toolkit/Widgets: XUL,XP Miscellany
2008-07-31 03:03:45 PDT,timeless,Component,XUL,XP Toolkit/Widgets: XUL
2008-07-31 03:03:45 PDT,timeless,QA Contact,xptoolkit.widgets,brendan
