When, Who, What, Added, Removed
2001-11-02 15:35:26 PST,darin.moz,Keywords,arch,
2001-11-02 15:35:26 PST,darin.moz,Severity,major,normal
2001-11-02 15:35:26 PST,darin.moz,Priority,P2,--
2001-11-02 15:35:26 PST,darin.moz,Target Milestone,mozilla0.9.7,---
2001-11-02 15:35:38 PST,darin.moz,Status,ASSIGNED,NEW
2001-11-04 00:24:41 PST,darin.moz,Target Milestone,mozilla0.9.6,mozilla0.9.7
2001-11-05 15:02:38 PST,radha,Blocks,105395,
2001-11-05 17:29:38 PST,darin.moz,Attachment #56650                Attachment is obsolete,1,0
2001-11-05 17:37:21 PST,gagan,Attachment #56651                Flags,review+,
2001-11-05 21:06:49 PST,rpotts,Attachment #56651                Flags,superreview+,
2001-11-05 21:56:15 PST,rpotts,CC,ajfeldman,
2001-11-06 11:35:18 PST,bugzilla,CC,sairuh, law,
2001-11-06 15:15:48 PST,darin.moz,Status,RESOLVED,ASSIGNED
2001-11-06 15:15:48 PST,darin.moz,Resolution,FIXED,---
2001-11-06 15:15:48 PST,darin.moz,Last Resolved,2001-11-06 15:15:48,
