When, Who, What, Added, Removed
2001-11-02 14:39:22 PST,sspitzer,Summary,autosubscribe problems when newsgroup doesn't exist, and no msg window,autosubscribe problems when newsgroup doesn't exist, and no mailnews
2001-11-02 14:39:22 PST,sspitzer,Status,ASSIGNED,NEW
2001-11-02 14:41:06 PST,mozilla,Attachment #56297                Flags,superreview+,
2001-11-02 17:50:24 PST,hwaara,Attachment #56297                Flags,review+,
2001-11-02 18:00:04 PST,sspitzer,Status,RESOLVED,ASSIGNED
2001-11-02 18:00:04 PST,sspitzer,Resolution,FIXED,---
2001-11-02 18:00:04 PST,sspitzer,Last Resolved,2001-11-02 18:00:04,
2001-11-05 11:25:36 PST,laurel,QA Contact,stephend,esther
2001-11-07 18:04:41 PST,stephend,Hardware,All,PC
2001-11-07 18:04:41 PST,stephend,OS,All,Windows 2000
2001-11-07 18:04:41 PST,stephend,Status,VERIFIED,RESOLVED
2004-11-22 17:25:08 PST,myk,Product,Seamonkey,Browser
