When, Who, What, Added, Removed
2001-11-02 14:49:26 PST,rginda,Summary,source notes broken for functions compiled via JS_CompileUCFunctionForPrincipals,source notes broken for functions compiled via JS
2001-11-02 14:56:57 PST,rginda,Status,ASSIGNED,NEW
2001-11-02 15:21:21 PST,brendan,Attachment #56298                Flags,superreview+,
2001-11-02 16:04:10 PST,brendan,Attachment #56330                Flags,superreview+,
2001-11-02 16:08:50 PST,brendan,Attachment #56298                Attachment is obsolete,1,0
2001-11-02 16:09:00 PST,shaver,Attachment #56330                Flags,review+,
2001-11-02 16:15:59 PST,rginda,Status,RESOLVED,ASSIGNED
2001-11-02 16:15:59 PST,rginda,Resolution,FIXED,---
2001-11-02 16:15:59 PST,rginda,Last Resolved,2001-11-02 16:15:59,
2001-11-20 18:48:39 PST,pschwartau,Status,VERIFIED,RESOLVED
2001-11-20 18:59:14 PST,pschwartau,Whiteboard,[see Comment #15 for correction to makefile for testcase],
2005-07-28 01:51:57 PDT,bob,Flags,testcase-,
