When, Who, What, Added, Removed
2001-11-03 01:16:29 PST,stephena,CC,stephena,
2001-11-03 01:37:56 PST,doctor__j,CC,doctor__j,
2001-11-05 07:54:54 PST,cbiesinger,Priority,P2,--
2001-11-05 07:54:54 PST,cbiesinger,Target Milestone,mozilla0.9.7,---
2001-11-05 08:12:46 PST,david,CC,dkoppenh,
2001-11-12 02:23:47 PST,neil,CC,neil,
2001-11-16 13:15:46 PST,cbiesinger,Keywords,patch, review,
2001-11-16 13:15:46 PST,cbiesinger,Status,ASSIGNED,NEW
2001-11-16 13:15:46 PST,cbiesinger,Priority,P1,P2
2001-11-16 13:15:46 PST,cbiesinger,CC,pavlov,
2001-11-19 13:43:35 PST,pavlov,Attachment #58148                Flags,review+,
2001-11-19 14:44:33 PST,tor,Attachment #58148                Flags,superreview+,
2001-11-19 15:30:36 PST,timeless,CC,timeless,
2001-11-20 00:58:34 PST,netdragon,CC,netdemonz,
2001-11-20 01:55:42 PST,netdragon,CC,jason, hyatt,
2001-11-20 04:01:23 PST,cbiesinger,Attachment #58148                Attachment is obsolete,1,0
2001-11-20 04:58:54 PST,cbiesinger,Keywords,,patch, review
2001-12-03 23:39:21 PST,bugzilla,CC,3mto7xqshn001,
2001-12-07 09:15:51 PST,cbiesinger,Target Milestone,mozilla0.9.8,mozilla0.9.7
2001-12-07 09:15:51 PST,cbiesinger,Status,NEW,ASSIGNED
2001-12-07 09:15:51 PST,cbiesinger,Assignee,netdemonz,cbiesinger
2001-12-07 11:07:53 PST,netdragon,Status,ASSIGNED,NEW
2002-01-05 05:45:43 PST,cbiesinger,Blocks,110835,
2002-04-26 03:50:06 PDT,netdragon,Target Milestone,mozilla1.0.1,mozilla0.9.8
2002-11-07 13:46:22 PST,jud,Keywords,topembed+,
2002-11-07 14:41:03 PST,paper,CC,paper,
2002-11-09 05:14:13 PST,cbiesinger,Attachment #63657                Attachment is obsolete,1,0
2002-11-09 11:13:15 PST,paper,Attachment #105678                Flags,review+,
2002-11-09 15:07:48 PST,tor,Attachment #105678                Flags,superreview+,
2002-11-09 15:17:04 PST,cbiesinger,Attachment #105678                Attachment is obsolete,1,0
2002-11-11 13:55:01 PST,cbiesinger,Status,NEW,ASSIGNED
2002-11-11 13:55:01 PST,cbiesinger,Assignee,cbiesinger,netdemonz
2002-11-12 04:23:00 PST,cbiesinger,Alias,bmprle,
2002-11-12 13:05:43 PST,jdunn,CC,jdunn,
2002-11-13 12:05:09 PST,jdunn,Attachment #105983                Attachment is obsolete,1,0
2002-11-15 11:03:02 PST,jdunn,Attachment #106114                Attachment is obsolete,1,0
2002-11-16 17:51:33 PST,jdunn,Attachment #106382                Attachment is obsolete,1,0
2002-11-18 13:28:45 PST,jdunn,Attachment #106531                Attachment is obsolete,1,0
2002-11-18 13:28:46 PST,jdunn,Attachment #106660                Attachment is obsolete,1,0
2002-11-20 07:21:56 PST,neil,Attachment #106804                Attachment mime type,image/bmp,image/bitmap
2002-11-22 03:37:33 PST,neil,Attachment #107008                Attachment is obsolete,1,0
2002-11-22 03:37:33 PST,neil,Attachment #106708                Attachment is obsolete,1,0
2002-11-24 08:35:16 PST,cbiesinger,CC,tor,
2002-11-27 04:34:52 PST,neil,Attachment #107137                Attachment is obsolete,1,0
2002-11-27 04:34:52 PST,neil,Attachment #107146                Attachment is obsolete,1,0
2002-11-27 04:34:53 PST,neil,Attachment #107364                Attachment is obsolete,1,0
2002-11-27 10:28:38 PST,cbiesinger,Attachment #107580                Flags,review+,
2002-11-28 05:20:26 PST,neil,Attachment #107580                Flags,superreview?(tor),
2002-12-03 03:03:15 PST,neil,Attachment #107580                Attachment is obsolete,1,0
2002-12-03 03:04:26 PST,neil,Attachment #108009                Flags,review?(cbiesinger), superreview?(tor),
2002-12-03 03:43:42 PST,cbiesinger,Attachment #108009                Flags,review+,review?(cbiesinger)
2002-12-04 02:01:46 PST,neil,Attachment #108009                Attachment is obsolete,1,0
2002-12-04 02:02:51 PST,neil,Attachment #108190                Flags,review?(cbiesinger), superreview?(tor),
2002-12-04 05:40:48 PST,cbiesinger,Attachment #108190                Flags,review+,review?(cbiesinger)
2002-12-05 06:31:40 PST,neil,Attachment #108190                Attachment is obsolete,1,0
2002-12-05 06:36:43 PST,neil,Attachment #108356                Flags,review?(cbiesinger), superreview?(tor),
2002-12-05 07:29:41 PST,cbiesinger,Attachment #108356                Flags,review+,review?(cbiesinger)
2002-12-09 10:46:58 PST,tor,Attachment #108356                Flags,superreview+,superreview?(tor)
2002-12-09 10:49:00 PST,3mto7xqshn001,CC,,3mto7xqshn001
2002-12-11 01:54:00 PST,neil,Keywords,patch,
2002-12-11 04:24:58 PST,neil,Attachment #107580                Flags,,superreview?(tor)
2002-12-11 04:25:08 PST,neil,Attachment #108009                Flags,,superreview?(tor)
2002-12-11 04:25:19 PST,neil,Attachment #108190                Flags,,superreview?(tor)
2002-12-11 06:13:18 PST,timeless,Assignee,neil,cbiesinger
2002-12-11 22:32:47 PST,blizzard,CC,blizzard,
2003-02-05 12:27:29 PST,Franke,CC,Franke,
2003-02-06 14:19:57 PST,neil,Status,RESOLVED,NEW
2003-02-06 14:19:57 PST,neil,Resolution,FIXED,---
2003-02-06 14:19:57 PST,neil,Last Resolved,2003-02-06 14:19:57,
2003-02-17 16:20:53 PST,carosendahl,Whiteboard,edt_x3,
