When, Who, What, Added, Removed
2001-11-02 12:57:47 PST,tetsuroy,Status,ASSIGNED,NEW
2001-11-02 12:57:47 PST,tetsuroy,Blocks,106749,
2001-11-02 12:57:47 PST,tetsuroy,Target Milestone,mozilla0.9.6,---
2001-11-02 13:03:06 PST,tetsuroy,Assignee,bnesse,yokoyama
2001-11-02 13:03:06 PST,tetsuroy,Status,NEW,ASSIGNED
2001-11-06 14:31:26 PST,bnesse,Target Milestone,mozilla0.9.7,mozilla0.9.6
2001-11-06 14:31:26 PST,bnesse,Status,ASSIGNED,NEW
2001-11-06 14:31:26 PST,bnesse,Blocks,,106749
2001-11-06 14:32:54 PST,bnesse,Depends on,106749,
2001-11-12 15:35:41 PST,bnesse,Attachment #56280                Attachment is obsolete,1,0
2001-11-28 13:28:38 PST,tetsuroy,Attachment #57518                Flags,review+,
2001-11-28 14:54:37 PST,alecf,Attachment #57518                Flags,superreview+,
2001-11-29 14:52:27 PST,bnesse,Status,RESOLVED,ASSIGNED
2001-11-29 14:52:27 PST,bnesse,Resolution,FIXED,---
2001-11-29 14:52:27 PST,bnesse,Last Resolved,2001-11-29 14:52:27,
2001-12-01 18:02:48 PST,teruko,Status,VERIFIED,RESOLVED
