When, Who, What, Added, Removed
2001-11-02 15:55:01 PST,yaneti,Blocks,98992,
2001-11-02 15:57:07 PST,yaneti,Blocks,98995,98992
2001-11-03 06:34:24 PST,ric,CC,ric,
2001-11-05 08:59:34 PST,adamlock,Status,NEW,UNCONFIRMED
2001-11-05 08:59:34 PST,adamlock,Ever confirmed,1,0
2001-11-06 15:35:35 PST,bryner,Attachment #56563                Flags,review+,
2001-11-06 15:43:16 PST,blizzard,Attachment #56563                Flags,superreview+,
2001-11-06 15:48:31 PST,adamlock,Status,RESOLVED,NEW
2001-11-06 15:48:31 PST,adamlock,Resolution,FIXED,---
2001-11-06 15:48:31 PST,adamlock,Target Milestone,mozilla0.9.6,---
2001-11-06 15:48:31 PST,adamlock,Last Resolved,2001-11-06 15:48:31,
2001-11-07 07:43:32 PST,dunn5557,QA Contact,depstein,mdunn
2001-11-21 18:10:45 PST,depman1,QA Contact,dsirnapalli,depstein
