When, Who, What, Added, Removed
2001-11-05 10:30:17 PST,shaver,Attachment #56363                Flags,superreview+,
2001-11-05 12:37:45 PST,jband_mozilla,Status,ASSIGNED,NEW
2001-11-05 15:12:25 PST,dbradley,Attachment #56363                Flags,review+,
2001-11-05 16:45:54 PST,jband_mozilla,Resolution,FIXED,---
2001-11-05 16:45:54 PST,jband_mozilla,Last Resolved,2001-11-05 16:45:54,
2001-11-05 16:45:54 PST,jband_mozilla,Summary,better error message when 0 passed and expected object or null,should xpconnect allow convertion of 0 to null nsISupport* ?
2001-11-05 16:45:54 PST,jband_mozilla,Status,RESOLVED,ASSIGNED
2001-11-05 16:54:44 PST,pschwartau,Status,VERIFIED,RESOLVED
