When, Who, What, Added, Removed
2001-11-05 07:06:31 PST,dougt,Blocks,98278,
2001-11-05 07:06:31 PST,dougt,Target Milestone,mozilla1.0,---
2001-11-26 17:01:57 PST,dougt,Keywords,mozilla1.0,
2002-01-31 12:17:12 PST,alecf,CC,alecf,
2002-02-25 15:12:54 PST,jud,Keywords,topembed,
2002-02-25 15:14:16 PST,shaver,Keywords,,topembed
2002-02-25 15:14:40 PST,shaver,Keywords,topembed,
2002-02-25 18:50:37 PST,dougt,Blocks,120474,
2002-02-26 12:45:16 PST,jband_mozilla,CC,rpotts,
2002-02-26 13:25:46 PST,alecf,Attachment #71531                Flags,superreview+,
2002-02-26 16:33:00 PST,dp,Attachment #71531                Flags,review+,
2002-02-28 13:48:53 PST,asa,Keywords,mozilla1.0+,
2002-02-28 14:00:08 PST,asa,Keywords,,mozilla1.0
2002-02-28 21:51:58 PST,dougt,Attachment #71531                Flags,needs-work+,
2002-02-28 22:04:08 PST,dougt,Target Milestone,mozilla0.9.9,mozilla1.0
2002-02-28 22:12:43 PST,dougt,Attachment #71531                Attachment is obsolete,1,0
2002-02-28 22:12:43 PST,dougt,Attachment #71437                Attachment is obsolete,1,0
2002-03-01 16:26:43 PST,jband_mozilla,Attachment #72012                Flags,superreview+,
2002-03-02 21:28:50 PST,dougt,Attachment #72012                Attachment is obsolete,1,0
2002-03-02 21:29:16 PST,dougt,Attachment #72269                Flags,superreview+,
2002-03-03 18:56:14 PST,alecf,Attachment #72269                Flags,review+,
2002-03-04 11:23:58 PST,asa,Attachment #72269                Flags,approval+,
2002-03-06 07:32:59 PST,dougt,Target Milestone,mozilla1.0,mozilla0.9.9
2002-03-06 16:02:36 PST,gagan,Keywords,topembed+,topembed
2002-03-07 15:45:17 PST,dougt,Status,RESOLVED,NEW
2002-03-07 15:45:17 PST,dougt,Resolution,FIXED,---
2002-03-07 15:45:17 PST,dougt,Last Resolved,2002-03-07 15:45:17,
