When, Who, What, Added, Removed
2001-11-02 16:13:06 PST,naving,CC,bienvenu,
2001-11-02 16:35:49 PST,mozilla,Attachment #56336                Flags,review+,
2001-11-05 11:46:42 PST,mscott,Attachment #56336                Flags,superreview+,
2001-11-13 14:17:11 PST,naving,Status,RESOLVED,NEW
2001-11-13 14:17:11 PST,naving,Resolution,FIXED,---
2001-11-13 14:17:11 PST,naving,Last Resolved,2001-11-13 14:17:11,
2001-12-03 17:48:41 PST,stephend,QA Contact,stephend,esther
2001-12-04 15:29:56 PST,stephend,Status,VERIFIED,RESOLVED
2004-11-22 17:26:45 PST,myk,Product,Core,MailNews
2008-07-31 04:30:00 PDT,nobody,Product,MailNews Core,Core
