When, Who, What, Added, Removed
2001-11-02 16:03:18 PST,tiantian,Keywords,meta,
2001-11-02 16:07:55 PST,tiantian,Summary,Enabling the rest of simple MAPI ( 6 interfaces) in mail.,Enabling the rest of simple MAPI in mail.
2001-11-02 16:07:55 PST,tiantian,Priority,P1,--
2001-11-02 16:07:55 PST,tiantian,CC,grega, putterman, mscott, yulian, hong, mitch, jhooker,
2001-11-02 16:07:55 PST,tiantian,Target Milestone,mozilla1.0,---
2001-11-05 13:25:43 PST,kmurray1115,CC,kmurray,
2001-11-05 14:18:14 PST,tiantian,Summary,Enabling the rest of simple MAPI ( 8 interfaces) in mail.,Enabling the rest of simple MAPI ( 6 interfaces) in mail.
2001-11-08 16:06:24 PST,robinf,CC,robinf,
2001-11-11 06:00:11 PST,dvir,CC,dvir,
2001-11-14 23:55:19 PST,scottputterman,Assignee,rdayal,tiantian
2001-11-30 10:06:19 PST,scottputterman,Keywords,nsbeta1+,
2001-11-30 10:06:19 PST,scottputterman,Blocks,102231,
2002-01-02 18:06:00 PST,scottputterman,Keywords,nsbeta1-,nsbeta1+
2002-01-02 18:06:00 PST,scottputterman,Status,ASSIGNED,NEW
2002-01-02 18:06:00 PST,scottputterman,Target Milestone,Future,mozilla1.0
2002-01-11 09:21:58 PST,scottputterman,Blocks,,102231
2002-03-07 23:57:41 PST,rdayal,Priority,--,P1
2002-05-06 14:31:27 PDT,wd,CC,wd,
2002-08-01 15:21:51 PDT,kmurray1115,CC,,kmurray
2002-09-24 17:22:12 PDT,jhooker,CC,,jhooker
2002-10-11 07:01:26 PDT,wd,CC,kaidoloor,
2002-11-21 15:26:26 PST,trix,QA Contact,yulian,trix
2002-11-28 01:53:32 PST,lasse,CC,lasse,
2002-12-03 23:43:04 PST,stephend,QA Contact,stephend,yulian
2003-09-03 08:16:22 PDT,mozilla-bugs,CC,mozilla-bugs,
2003-09-03 22:24:19 PDT,samuel,CC,samuel,
2003-09-03 22:53:03 PDT,ipottinger,CC,mozillamail,
2003-12-18 07:03:23 PST,robert,Keywords,helpwanted,
2003-12-18 07:03:23 PST,robert,CC,robert,
2003-12-18 21:21:19 PST,alex,CC,alex,
2004-01-13 04:16:51 PST,it-s.me,CC,it-s.me,
2004-04-12 21:04:22 PDT,mozilla,Status,NEW,ASSIGNED
2004-04-12 21:04:22 PDT,mozilla,Assignee,bienvenu,rdayal
2004-04-22 11:26:54 PDT,mozilla,Attachment #146797                Flags,superreview?(mscott),
2004-04-22 13:33:16 PDT,mscott,Attachment #146797                Flags,superreview+,superreview?(mscott)
2004-04-22 13:40:42 PDT,mozilla,Status,RESOLVED,NEW
2004-04-22 13:40:42 PDT,mozilla,Resolution,FIXED,---
2004-04-22 13:40:42 PDT,mozilla,Last Resolved,2004-04-22 13:40:42,
2004-04-26 14:33:31 PDT,mozilla,Attachment #147084                Flags,superreview?(mscott),
2004-04-26 14:35:03 PDT,mscott,Attachment #147084                Flags,superreview+,superreview?(mscott)
2004-04-26 14:41:05 PDT,mozilla,Keywords,,helpwanted, nsbeta1-
2004-04-29 12:53:20 PDT,mozilla,Attachment #147333                Flags,superreview?(mscott),
2004-04-29 12:54:52 PDT,mscott,Attachment #147333                Flags,superreview+,superreview?(mscott)
2004-04-30 20:18:14 PDT,mozilla,Attachment #147428                Flags,superreview?(mscott),
2004-04-30 20:19:45 PDT,mscott,Attachment #147428                Flags,superreview+,superreview?(mscott)
2004-05-03 09:22:24 PDT,mozilla,Attachment #147550                Flags,superreview?(mscott),
2004-05-03 09:23:20 PDT,mscott,Attachment #147550                Flags,superreview+,superreview?(mscott)
2004-05-05 12:59:46 PDT,mozilla,CC,v.dohnal,
2004-07-21 18:12:12 PDT,mcow,CC,npedrick,
2004-11-17 11:57:34 PST,mcow,CC,mozillabug,
2004-11-22 17:26:45 PST,myk,Product,Core,MailNews
2006-02-02 07:02:08 PST,mcow,CC,jeremiah.rodriguez,
2008-07-31 04:30:00 PDT,nobody,Product,MailNews Core,Core
