When, Who, What, Added, Removed
2001-11-02 15:25:00 PST,samir_bugzilla,Product,MailNews,Browser
2001-11-02 15:25:00 PST,samir_bugzilla,Component,Account Manager,Preferences
2001-11-02 15:25:00 PST,samir_bugzilla,Assignee,racham,sgehani
2001-11-02 15:25:00 PST,samir_bugzilla,QA Contact,nbaca,sairuh
2001-11-05 12:09:28 PST,bugzilla,CC,sairuh,
2001-11-08 11:45:18 PST,mozilla.org,CC,mozilla.org,
2001-11-19 18:23:57 PST,racham,Status,ASSIGNED,NEW
2001-11-20 17:59:53 PST,asa,CC,asa,
2001-11-21 06:11:20 PST,j.henne+mozilla,CC,j.henne+mozilla,
2001-11-21 11:18:27 PST,asa,Hardware,All,PC
2001-11-21 11:18:27 PST,asa,OS,All,Mac System 9.x
2001-11-21 11:18:41 PST,asa,CC,hanasaki,
2001-11-21 11:19:15 PST,asa,CC,patrickhendriks,
2001-11-21 11:19:54 PST,asa,CC,mail_john,
2001-11-21 11:20:42 PST,asa,CC,okapi,
2001-11-21 11:51:36 PST,colinp,CC,colinp, danp,
2001-11-21 12:16:30 PST,racham,Summary,Mail Prefs  for Copies & Folders don't stick,Mac: Mail Prefs  for Copies & Folders don't stick
2001-11-21 13:57:52 PST,sheelar,CC,sheelar,
2001-11-25 07:33:23 PST,leg+mozilla,CC,leg+mozilla,
2001-11-26 15:37:39 PST,racham,CC,lukas,
2001-11-28 15:47:34 PST,nbaca,CC,sahlberg,
2001-11-29 15:55:34 PST,racham,Target Milestone,mozilla0.9.7,---
2001-11-30 08:38:07 PST,pphaneuf,CC,pp,
2001-12-02 09:21:28 PST,cbiesinger,CC,cbiesinger,
2001-12-03 19:58:41 PST,scottputterman,Keywords,nsbeta1+,
2001-12-03 19:58:41 PST,scottputterman,Priority,P1,--
2001-12-04 04:22:53 PST,brianc,CC,brianc,
2001-12-04 05:30:47 PST,jan,CC,jan,
2001-12-04 11:44:48 PST,racham,CC,naving, bienvenu,
2001-12-04 12:07:39 PST,naving,Attachment #60350                Flags,review+,
2001-12-04 12:08:49 PST,sspitzer,CC,sspitzer,
2001-12-05 15:06:31 PST,racham,CC,RichiPlana,
2001-12-06 18:59:26 PST,sheelar,CC,mkes,
2001-12-08 10:31:41 PST,sspitzer,Attachment #60926                Flags,superreview+,
2001-12-10 00:05:52 PST,racham,Status,RESOLVED,ASSIGNED
2001-12-10 00:05:52 PST,racham,Resolution,FIXED,---
2001-12-10 00:05:52 PST,racham,Last Resolved,2001-12-10 00:05:52,
2001-12-10 04:34:27 PST,Sebastian,CC,Sebastian,
2001-12-10 11:46:22 PST,spam,CC,blizzard,
2001-12-11 20:50:53 PST,racham,CC,calvin,
2001-12-12 08:28:18 PST,RichiPlana,CC,,RichiPlana
2001-12-15 05:57:27 PST,mozilla.org,CC,,mozilla.org
2001-12-15 09:10:48 PST,hanasaki,CC,,hanasaki
2002-01-28 18:09:00 PST,nbaca,Status,VERIFIED,RESOLVED
2004-11-22 17:25:08 PST,myk,Product,Seamonkey,Browser
2006-07-18 06:33:31 PDT,colinp,CC,,colinp
2011-08-05 21:17:57 PDT,asa,CC,,asa
