When, Who, What, Added, Removed
2001-11-03 14:54:48 PST,bzbarsky,CC,choess, bzbarsky, harishd,
2001-11-27 14:37:24 PST,harishd,Assignee,harishd,syd
2001-12-01 06:46:24 PST,choess,Component,Parser,Editor: Composer
2001-12-01 06:46:24 PST,choess,Ever confirmed,1,0
2001-12-01 06:46:24 PST,choess,Keywords,patch,
2001-12-01 06:46:24 PST,choess,Status,NEW,UNCONFIRMED
2001-12-04 16:18:44 PST,harishd,Status,ASSIGNED,NEW
2001-12-04 16:18:44 PST,harishd,Priority,P3,--
2001-12-04 16:18:44 PST,harishd,Target Milestone,mozilla0.9.8,---
2001-12-07 10:27:39 PST,hjtoi-bugzilla,Attachment #56581                Flags,review+,
2002-01-15 14:51:31 PST,sujay,QA Contact,moied,sujay
2002-01-15 14:51:31 PST,sujay,CC,,harishd
2002-01-15 18:27:46 PST,harishd,Status,RESOLVED,ASSIGNED
2002-01-15 18:27:46 PST,harishd,Resolution,FIXED,---
2002-01-15 18:27:46 PST,harishd,Last Resolved,2002-01-15 18:27:46,
2002-01-15 18:30:22 PST,moied,Status,VERIFIED,RESOLVED
