When, Who, What, Added, Removed
2001-11-24 16:44:32 PST,bugmail,Status,NEW,UNCONFIRMED
2001-11-24 16:44:32 PST,bugmail,Ever confirmed,1,0
2001-11-26 17:54:27 PST,bugzilla,QA Contact,sairuh,blakeross
2001-11-29 11:02:09 PST,hyatt,Target Milestone,mozilla1.1,---
2001-11-29 11:02:09 PST,hyatt,Status,ASSIGNED,NEW
2001-12-27 01:20:00 PST,caillon,Hardware,All,Macintosh
2001-12-27 01:20:00 PST,caillon,OS,All,Mac System 9.x
2001-12-27 01:20:00 PST,caillon,CC,caillon,
2001-12-27 01:23:29 PST,caillon,Blocks,117045,
2002-01-03 17:18:45 PST,bugzilla,Keywords,nsbeta1,
2002-01-05 04:33:34 PST,aha,CC,aha,
2002-01-07 01:48:02 PST,bugzilla,CC,jose.jeria,
2002-01-21 13:51:38 PST,hyatt,Status,NEW,ASSIGNED
2002-01-21 13:51:38 PST,hyatt,Assignee,jaggernaut,hyatt
2002-02-03 12:14:28 PST,basic,CC,_basic,
2002-02-04 14:35:09 PST,fabricio,CC,fabricio,
2002-02-21 13:07:05 PST,trudelle,Keywords,nsbeta1-,nsbeta1
2002-03-19 04:49:41 PST,neil,CC,neil,
2002-03-22 11:45:40 PST,nagi,CC,nagi,
2002-04-13 01:31:18 PDT,jruderman,Blocks,,117045
2002-05-01 10:07:26 PDT,spam,CC,james,
2002-05-02 06:54:30 PDT,james,CC,,james
2002-06-05 07:41:49 PDT,neil,CC,lizal,
2002-06-12 22:23:05 PDT,darkshadow,CC,darkshadow,
2002-06-16 02:56:49 PDT,bugzilla4dave,Blocks,152127,
2002-06-17 03:28:33 PDT,neil,CC,,neil
2002-07-04 19:52:56 PDT,ajschult,CC,alex,
2002-07-04 19:56:14 PDT,ajschult,CC,jamesooi,
2002-07-06 16:07:24 PDT,krazos,CC,krazos,
2002-07-21 20:44:05 PDT,caillon,Attachment #71445                Attachment is obsolete,1,0
2002-07-23 03:36:14 PDT,caillon,Assignee,caillon,jaggernaut
2002-07-23 03:40:21 PDT,caillon,Status,RESOLVED,NEW
2002-07-23 03:40:21 PDT,caillon,Resolution,FIXED,---
2002-07-23 03:40:21 PDT,caillon,Last Resolved,2002-07-23 03:40:21,
2002-07-25 14:48:33 PDT,bugzilla,Status,VERIFIED,RESOLVED
2002-08-02 07:11:02 PDT,robert.wall,CC,hao2lian,
2002-08-04 20:38:08 PDT,jruderman,CC,spam,
2002-08-21 17:40:21 PDT,ajschult,CC,daves,
2002-08-23 14:36:36 PDT,hao2lian.bugzilla,CC,,hao2lian
2008-07-31 04:30:00 PDT,nobody,Product,SeaMonkey,Core
2014-04-26 03:29:06 PDT,basic,CC,,basic
