When, Who, What, Added, Removed
2001-11-03 06:03:38 PST,bernd_mozilla,Keywords,testcase,
2001-11-04 08:55:03 PST,bernd_mozilla,Assignee,bernd.mielke,karnaze
2001-11-04 08:55:03 PST,bernd_mozilla,CC,karnaze,
2001-11-05 08:09:02 PST,karnaze,Attachment #56490                Flags,review+,
2001-11-06 23:03:15 PST,attinasi,Attachment #56490                Flags,superreview+,
2001-11-07 10:26:53 PST,karnaze,Whiteboard,PATCH,
2001-11-11 11:51:01 PST,bernd_mozilla,Attachment #56490                Attachment is obsolete,1,0
2001-11-13 10:02:39 PST,attinasi,Attachment #57426                Flags,superreview+,
2001-11-13 10:52:50 PST,karnaze,Attachment #57426                Flags,review+,
2001-11-15 10:39:31 PST,bernd_mozilla,Status,RESOLVED,NEW
2001-11-15 10:39:31 PST,bernd_mozilla,Resolution,FIXED,---
2001-11-15 10:39:31 PST,bernd_mozilla,Last Resolved,2001-11-15 10:39:31,
