When, Who, What, Added, Removed
2001-11-05 10:09:48 PST,bugzilla,Status,ASSIGNED,NEW
2001-11-05 10:14:39 PST,vparthas,Attachment #56570                Flags,review+,
2001-11-05 10:57:51 PST,sspitzer,Attachment #56570                Flags,superreview+,
2001-11-05 11:01:33 PST,sheelar,QA Contact,nbaca,sheelar
2001-11-05 11:02:35 PST,sheelar,QA Contact,yulian,nbaca
2001-11-05 11:02:35 PST,sheelar,CC,nbaca,
2001-11-05 11:02:35 PST,sheelar,Component,LDAP Mail/News Integration,Composition
2001-11-05 11:09:13 PST,dmose,CC,dmose, leif, srilatha,
2001-11-05 17:20:43 PST,bugzilla,Status,RESOLVED,ASSIGNED
2001-11-05 17:20:43 PST,bugzilla,Resolution,FIXED,---
2001-11-05 17:20:43 PST,bugzilla,Last Resolved,2001-11-05 17:20:43,
2001-11-11 11:02:43 PST,jag-mozilla,CC,shaver, jband, jaggernaut,
2002-12-12 15:49:50 PST,grylchan,QA Contact,gchan,yulian
2003-01-02 15:59:51 PST,grylchan,Status,VERIFIED,RESOLVED
2004-11-22 17:26:45 PST,myk,Product,Core,MailNews
2008-07-31 04:30:00 PDT,nobody,Product,MailNews Core,Core
