When, Who, What, Added, Removed
2001-11-04 18:57:08 PST,choess,Product,Browser,Tech Evangelism
2001-11-04 18:57:08 PST,choess,Version,other,unspecified
2001-11-04 18:57:08 PST,choess,Status,NEW,UNCONFIRMED
2001-11-04 18:57:08 PST,choess,Component,Style System,English: US
2001-11-04 18:57:08 PST,choess,Ever confirmed,1,0
2001-11-04 18:57:36 PST,choess,Assignee,dbaron,bclary
2001-11-04 18:57:36 PST,choess,QA Contact,ian,zach
2001-11-06 05:21:33 PST,bob,CC,bclary,
2002-01-08 12:37:34 PST,dbaron,Status,RESOLVED,NEW
2002-01-08 12:37:34 PST,dbaron,Resolution,INVALID,---
2002-01-08 12:37:34 PST,dbaron,Last Resolved,2002-01-08 12:37:34,
2002-02-15 10:02:14 PST,snewton,Component,US Edu,Style System
2002-02-15 10:02:14 PST,snewton,Product,Tech Evangelism,Browser
2002-02-15 10:02:14 PST,snewton,Version,unspecified,other
2002-02-15 10:02:14 PST,snewton,Status,REOPENED,RESOLVED
2002-02-15 10:02:14 PST,snewton,Resolution,---,INVALID
2002-02-16 20:31:34 PST,dbaron,QA Contact,caillon,ian
2002-02-16 20:31:34 PST,dbaron,Status,NEW,REOPENED
2002-02-16 20:31:34 PST,dbaron,Assignee,doronr,dbaron
2002-07-15 15:47:19 PDT,bugzilla_kl,Whiteboard,[xbrowser-css],
2002-07-15 15:47:19 PDT,bugzilla_kl,Hardware,All,PC
2002-07-15 15:47:19 PDT,bugzilla_kl,OS,All,Windows 2000
2002-07-15 15:47:19 PDT,bugzilla_kl,Priority,P4,--
2002-12-10 04:02:20 PST,bob,Summary,ccel.org - ul inside td element overlaps text and bullet,ul inside td element overlaps text and bullet
2003-06-12 07:54:06 PDT,bob,Assignee,english-us,doron
2003-06-12 07:54:06 PDT,bob,QA Contact,english-us,z-caillon-obsolete2
2003-06-12 07:54:06 PDT,bob,Component,English US,US Edu
2008-04-20 17:17:41 PDT,bugzilla-graveyard,Status,RESOLVED,NEW
2008-04-20 17:17:41 PDT,bugzilla-graveyard,Resolution,FIXED,---
2008-04-20 17:17:41 PDT,bugzilla-graveyard,CC,cl-bugs-new,
2008-04-20 17:17:41 PDT,bugzilla-graveyard,Last Resolved,2008-04-20 17:17:41,2002-01-08 12:37:34
2015-04-19 23:39:42 PDT,nobody,Product,Tech Evangelism Graveyard,Tech Evangelism
