When, Who, What, Added, Removed
2001-11-03 08:09:57 PST,bratell,Keywords,crash,
2001-11-03 12:53:54 PST,hwaara,Component,Networking - News,Mail Back End
2001-11-03 12:53:54 PST,hwaara,Assignee,sspitzer,mscott
2001-11-03 12:53:54 PST,hwaara,QA Contact,stephend,esther
2001-11-03 12:53:54 PST,hwaara,CC,hwaara, bienvenu,
2001-11-03 17:48:33 PST,hwaara,Assignee,ducarroz,sspitzer
2001-11-03 17:48:33 PST,hwaara,CC,sspitzer,
2001-11-04 15:46:41 PST,hwaara,Keywords,patch, review,
2001-11-05 10:42:10 PST,bugzilla,Attachment #56513                Flags,review+,
2001-11-05 10:42:44 PST,bugzilla,Whiteboard,have fix,
2001-11-05 10:42:44 PST,bugzilla,Status,ASSIGNED,NEW
2001-11-05 11:05:41 PST,bugzilla,Attachment #56575                Flags,review+,
2001-11-05 11:06:09 PST,bugzilla,Attachment #56513                Attachment is obsolete,1,0
2001-11-05 11:14:47 PST,mozilla,Attachment #56575                Flags,superreview+,
2001-11-05 16:53:52 PST,sspitzer,Assignee,sspitzer,ducarroz
2001-11-05 16:53:52 PST,sspitzer,Status,NEW,ASSIGNED
2001-11-05 16:54:09 PST,sspitzer,Status,RESOLVED,NEW
2001-11-05 16:54:09 PST,sspitzer,Resolution,FIXED,---
2001-11-05 16:54:09 PST,sspitzer,Last Resolved,2001-11-05 16:54:09,
2001-11-09 23:41:04 PST,stephend,Status,VERIFIED,RESOLVED
2004-11-22 17:26:45 PST,myk,Product,Core,MailNews
2009-01-22 10:17:39 PST,nobody,Product,MailNews Core,Core
