When, Who, What, Added, Removed
2001-11-06 10:19:14 PST,john.marmion,Ever confirmed,1,0
2001-11-06 10:19:14 PST,john.marmion,Status,NEW,UNCONFIRMED
2001-11-14 06:41:11 PST,john.marmion,Attachment #57044                Attachment is obsolete,1,0
2001-11-16 02:32:55 PST,john.marmion,Attachment #57506                Attachment is obsolete,1,0
2001-11-21 03:52:49 PST,john.marmion,Target Milestone,mozilla0.9.7,---
2001-12-04 00:37:13 PST,scottputterman,Target Milestone,mozilla0.9.8,mozilla0.9.7
2001-12-10 16:49:00 PST,dmose,Attachment #57755                Flags,review+,
2001-12-10 16:50:18 PST,dmose,Hardware,All,PC
2001-12-10 16:50:18 PST,dmose,OS,All,Windows 2000
2001-12-10 16:50:18 PST,dmose,Assignee,john.marmion,srilatha
2001-12-11 18:02:55 PST,sspitzer,CC,alecf,
2001-12-12 09:17:34 PST,alecf,Attachment #57755                Flags,needs-work+,
2001-12-12 19:11:28 PST,dmose,CC,dmose,
2001-12-14 06:17:38 PST,john.marmion,Attachment #57755                Attachment is obsolete,1,0
2001-12-14 12:27:18 PST,dmose,Attachment #61736                Flags,review+,
2001-12-17 03:13:44 PST,john.marmion,Attachment #61736                Attachment is obsolete,1,0
2001-12-17 06:52:47 PST,john.marmion,Attachment #61944                Attachment is obsolete,1,0
2001-12-18 21:23:12 PST,dmose,Attachment #61953                Flags,review+,
2002-01-02 09:05:57 PST,john.marmion,Attachment #61953                Attachment is obsolete,1,0
2002-01-03 14:49:27 PST,dmose,Attachment #63252                Flags,review+,
2002-01-03 14:53:26 PST,sspitzer,Attachment #63252                Flags,superreview+,
2002-01-03 15:31:56 PST,dmose,Status,RESOLVED,NEW
2002-01-03 15:31:56 PST,dmose,Resolution,FIXED,---
2002-01-03 15:31:56 PST,dmose,Last Resolved,2002-01-03 15:31:56,
2002-09-11 14:33:06 PDT,yulian,Status,VERIFIED,RESOLVED
2004-11-22 17:26:45 PST,myk,Product,Core,MailNews
2008-07-31 04:30:00 PDT,nobody,Product,MailNews Core,Core
