When, Who, What, Added, Removed
2001-11-02 20:28:57 PST,bugzilla,Status,RESOLVED,NEW
2001-11-02 20:28:57 PST,bugzilla,Resolution,FIXED,---
2001-11-02 20:28:57 PST,bugzilla,Last Resolved,2001-11-02 20:28:57,
2001-11-02 20:29:13 PST,stephend,CC,stephend,
2001-11-02 20:29:13 PST,bugzilla,Status,REOPENED,RESOLVED
2001-11-02 20:29:13 PST,bugzilla,Resolution,---,FIXED
2001-11-05 19:24:08 PST,bugzilla,Status,ASSIGNED,REOPENED
2001-11-05 19:24:08 PST,bugzilla,Target Milestone,mozilla0.9.7,---
2001-12-05 19:25:27 PST,bugzilla,Status,RESOLVED,ASSIGNED
2001-12-05 19:25:27 PST,bugzilla,Resolution,FIXED,---
2001-12-05 19:25:27 PST,bugzilla,Last Resolved,2001-12-05 19:25:27,2001-11-02 20:28:57
2002-12-17 23:36:18 PST,bugzilla,Status,VERIFIED,RESOLVED
