When, Who, What, Added, Removed
2001-11-02 23:03:11 PST,brendan,CC,khanson,
2001-11-03 08:33:04 PST,wtc,Status,ASSIGNED,NEW
2001-11-03 08:33:04 PST,wtc,Target Milestone,Future,---
2001-11-03 17:13:14 PST,wtc,Priority,P2,--
2001-11-03 17:13:14 PST,wtc,Target Milestone,4.2,Future
2003-06-10 02:01:45 PDT,Jan.Varga,CC,varga,
2004-03-27 00:22:16 PST,wtc,Attachment #144895                Attachment is obsolete,1,0
2004-03-27 08:15:15 PST,wtc,Attachment #144899                Attachment is obsolete,1,0
2004-03-27 08:16:00 PST,wtc,Attachment #144901                Attachment is obsolete,1,0
2004-03-27 08:23:17 PST,wtc,CC,darin,
2004-03-29 18:41:42 PST,wtc,Attachment #144922                Attachment is obsolete,1,0
2004-03-29 18:46:10 PST,wtc,Attachment #144923                Attachment is obsolete,1,0
2004-04-12 20:52:43 PDT,wtc,Attachment #145063                Attachment is obsolete,1,0
2004-04-12 20:53:24 PDT,wtc,Attachment #145064                Attachment is obsolete,1,0
2004-04-12 20:55:12 PDT,wtc,Attachment #145977                Flags,review?(darin),
2004-04-16 16:38:21 PDT,darin.moz,Attachment #145977                Flags,review+,review?(darin)
2004-04-16 17:32:13 PDT,wtc,Target Milestone,4.6,4.2
2004-04-16 17:32:13 PDT,wtc,Last Resolved,2004-04-16 17:32:13,
2004-04-16 17:32:13 PDT,wtc,Status,RESOLVED,ASSIGNED
2004-04-16 17:32:13 PDT,wtc,Resolution,FIXED,---
