When, Who, What, Added, Removed
2001-11-03 21:49:32 PST,jrgmorrison,Keywords,crash, smoketest,
2001-11-04 13:09:38 PST,hyatt,Status,ASSIGNED,NEW
2001-11-04 13:09:38 PST,hyatt,Target Milestone,mozilla0.9.6,---
2001-11-04 22:44:43 PST,jst,Attachment #56519                Flags,superreview+,
2001-11-04 22:45:58 PST,john,Attachment #56519                Flags,review+,superreview+
2001-11-04 22:48:59 PST,hyatt,Status,RESOLVED,ASSIGNED
2001-11-04 22:48:59 PST,hyatt,Resolution,FIXED,---
2001-11-04 22:48:59 PST,hyatt,Last Resolved,2001-11-04 22:48:59,
2001-12-17 10:46:44 PST,twalker,CC,,twalker
2001-12-17 14:37:54 PST,jrgmorrison,Status,VERIFIED,RESOLVED
