When, Who, What, Added, Removed
2001-11-05 16:01:49 PST,chrispetersen,Status,NEW,UNCONFIRMED
2001-11-05 16:01:49 PST,chrispetersen,Ever confirmed,1,0
2001-11-05 17:08:13 PST,attinasi,Status,RESOLVED,NEW
2001-11-05 17:08:13 PST,attinasi,Resolution,DUPLICATE,---
2001-11-05 17:08:13 PST,attinasi,Last Resolved,2001-11-05 17:08:13,
2001-11-06 03:34:21 PST,hakon_,Resolution,---,DUPLICATE
2001-11-06 03:34:21 PST,hakon_,Status,REOPENED,RESOLVED
2001-11-07 13:43:31 PST,kmcclusk,Target Milestone,Future,---
2001-12-18 12:04:37 PST,rubydoo123,Whiteboard,[bae:20011218],
2001-12-18 12:04:37 PST,rubydoo123,Severity,enhancement,minor
2001-12-18 12:04:37 PST,rubydoo123,Priority,P5,--
2001-12-18 15:38:14 PST,hakon_,Status,RESOLVED,REOPENED
2001-12-18 15:38:14 PST,hakon_,Resolution,FIXED,---
2001-12-18 15:38:14 PST,hakon_,Last Resolved,2001-12-18 15:38:14,2001-11-05 17:08:13
