When, Who, What, Added, Removed
2001-11-03 19:10:58 PST,alex,CC,alex,
2001-11-03 19:12:41 PST,bugzilla,Keywords,mozilla0.9.6, regression,
2001-11-05 12:09:51 PST,mozbug,CC,sconest,
2001-11-05 12:49:38 PST,mozbug,CC,sspitzer,
2001-11-05 13:03:36 PST,tetsuroy,CC,yokoyama,
2001-11-05 13:21:15 PST,tetsuroy,Assignee,yokoyama,ccarlen
2001-11-05 13:22:01 PST,tetsuroy,Status,ASSIGNED,NEW
2001-11-05 14:09:03 PST,tetsuroy,CC,ccarlen,
2001-11-05 14:10:11 PST,tetsuroy,Target Milestone,mozilla0.9.6,---
2001-11-05 14:11:13 PST,tetsuroy,Whiteboard,need /r=,
2001-11-05 14:41:13 PST,ccarlen,Attachment #56605                Flags,review+,
2001-11-05 14:43:42 PST,tetsuroy,Whiteboard,need /sr=,need /r=
2001-11-05 14:43:42 PST,tetsuroy,CC,alecf,
2001-11-05 15:40:33 PST,tetsuroy,CC,gbush,
2001-11-05 16:17:41 PST,alecf,Attachment #56605                Flags,superreview+,
2001-11-05 16:18:08 PST,alecf,Summary,Mozilla has problems with "-p profilename",Mozilla have problems with "-p profilename"
2001-11-05 16:53:48 PST,tetsuroy,Status,RESOLVED,ASSIGNED
2001-11-05 16:53:48 PST,tetsuroy,Resolution,FIXED,---
2001-11-05 16:53:48 PST,tetsuroy,Last Resolved,2001-11-05 16:53:48,
2001-11-06 04:16:59 PST,bugzilla,Status,REOPENED,RESOLVED
2001-11-06 04:16:59 PST,bugzilla,Resolution,---,FIXED
2001-11-06 10:33:31 PST,tetsuroy,Status,ASSIGNED,REOPENED
2001-11-06 10:37:08 PST,tetsuroy,Whiteboard,,need /sr=
2001-11-06 12:27:40 PST,mozbug,CC,cmanske,
2001-11-06 18:27:58 PST,tetsuroy,CC,kin, brendan,
2001-11-06 18:27:58 PST,tetsuroy,Whiteboard,need help,
2001-11-07 09:42:11 PST,mozilla,CC,xtra,
2001-11-07 16:20:47 PST,tetsuroy,Attachment #56605                Attachment is obsolete,1,0
2001-11-07 16:32:50 PST,tetsuroy,Status,NEW,ASSIGNED
2001-11-07 16:32:50 PST,tetsuroy,Assignee,dougt,yokoyama
2001-11-07 16:32:50 PST,tetsuroy,CC,dougt,
2001-11-07 17:14:32 PST,ccarlen,Assignee,ccarlen,dougt
2001-11-08 02:12:58 PST,mozbug,CC,cuz84d,
2001-11-08 08:31:15 PST,alex,CC,,alex
2001-11-08 09:07:18 PST,doctor__j,CC,doctor__j,
2001-11-08 11:32:36 PST,sspitzer,CC,naving, mscott, cavin,
2001-11-08 15:03:14 PST,ccarlen,Whiteboard,,need help
2001-11-08 15:08:33 PST,ccarlen,CC,bnesse,
2001-11-08 15:16:57 PST,bnesse,Attachment #57111                Flags,review+,
2001-11-08 16:39:20 PST,alecf,Attachment #57111                Flags,superreview+,
2001-11-08 19:00:00 PST,bugzilla,CC,sairuh,
2001-11-09 09:26:19 PST,blizzard,Keywords,mozilla0.9.6+,mozilla0.9.6
2001-11-14 21:42:02 PST,blizzard,Blocks,104864,
2001-11-15 06:58:37 PST,ccarlen,Status,RESOLVED,NEW
2001-11-15 06:58:37 PST,ccarlen,Resolution,FIXED,---
2001-11-15 06:58:37 PST,ccarlen,Last Resolved,2001-11-15 06:58:37,2001-11-05 16:53:48
2002-01-02 10:32:35 PST,ktrina,Status,VERIFIED,RESOLVED
