When, Who, What, Added, Removed
2001-11-04 23:51:46 PST,t8m,CC,t8m,
2001-11-05 05:12:26 PST,jsp,CC,jsp,
2001-11-05 08:23:18 PST,djoham,CC,djoham,
2001-11-08 23:15:13 PST,john,CC,alexsavulov,
2001-11-09 10:04:12 PST,john,CC,sicking,
2001-11-09 15:39:09 PST,waterson,Blocks,109428,
2001-11-09 15:43:13 PST,jst,Blocks,,109428
2001-11-09 15:49:22 PST,waterson,Blocks,109428,
2001-11-22 15:47:04 PST,john,CC,kirill,
2001-12-12 09:20:06 PST,basic,CC,_basic,
2001-12-12 09:22:05 PST,markushuebner,CC,markush,
2002-01-21 21:44:16 PST,john,CC,han.holl,
2002-02-04 15:23:48 PST,john,Status,ASSIGNED,NEW
2002-02-04 15:23:48 PST,john,Target Milestone,mozilla1.0,---
2002-02-09 07:07:16 PST,markushuebner,Keywords,mozilla1.0, perf,
2002-02-14 14:15:09 PST,john,Blocks,125578,
2002-02-19 16:37:02 PST,kmcclusk,Target Milestone,mozilla1.1,mozilla1.0
2002-03-09 21:12:11 PST,john,Keywords,nsbeta1,
2002-03-09 21:12:11 PST,john,Blocks,57209,
2002-03-10 13:14:49 PST,john,Keywords,footprint,
2002-03-13 00:06:58 PST,john,Blocks,121895,
2002-03-13 02:34:28 PST,ian,CC,ian,
2002-03-14 18:37:28 PST,john,Blocks,124797,
2002-03-18 13:30:22 PST,john,Attachment #73490                Attachment is obsolete,1,0
2002-03-19 12:09:05 PST,kmcclusk,Keywords,nsbeta1+,nsbeta1
2002-03-20 11:19:41 PST,kmcclusk,Target Milestone,mozilla1.0,mozilla1.1alpha
2002-03-20 12:15:06 PST,kmcclusk,Summary,[PATCH]Need SaveState/RestoreState equivalent for content,Need SaveState/RestoreState equivalent for content
2002-03-20 19:44:15 PST,rods,Attachment #74799                Flags,review+,
2002-03-21 22:27:31 PST,slogan,Whiteboard,[adt2],
2002-03-25 14:18:06 PST,john,Attachment #74799                Attachment is obsolete,1,0
2002-03-25 14:29:27 PST,jst,Attachment #76065                Flags,superreview+,
2002-03-26 10:32:05 PST,rods,Attachment #76065                Flags,review+,
2002-03-26 12:35:44 PST,asa,Attachment #76065                Flags,approval+,
2002-03-27 17:42:44 PST,bryner,Depends on,128989,
2002-03-27 17:44:20 PST,bryner,Depends on,,128989
2002-03-27 17:44:42 PST,bryner,Blocks,128989,
2002-03-30 13:01:36 PST,bryner,Attachment #76865                Flags,review+,
2002-03-30 20:19:47 PST,jst,Attachment #76865                Flags,superreview+,
2002-04-01 09:19:47 PST,tpowellmoz,CC,tpowell,
2002-04-01 09:34:02 PST,john,Status,RESOLVED,ASSIGNED
2002-04-01 09:34:02 PST,john,Resolution,FIXED,---
2002-04-01 09:34:02 PST,john,Last Resolved,2002-04-01 09:34:02,
2002-04-18 11:56:29 PDT,tpreston,QA Contact,tpreston,madhur
2002-04-23 12:25:21 PDT,tpreston,Status,VERIFIED,RESOLVED
2012-01-10 13:52:03 PST,dholbert,Depends on,717004,
2014-04-26 03:31:51 PDT,basic,CC,,basic
