When, Who, What, Added, Removed
2001-11-03 09:47:44 PST,bugzilla,Keywords,crash,
2001-11-03 09:47:44 PST,bugzilla,CC,matti,
2001-11-04 05:58:48 PST,diego,Keywords,stackwanted,
2001-11-04 05:58:48 PST,diego,Status,NEW,UNCONFIRMED
2001-11-04 05:58:48 PST,diego,CC,diego,
2001-11-04 05:58:48 PST,diego,Ever confirmed,1,0
2001-11-16 07:14:32 PST,diego,Component,Plug-ins,Browser-General
2001-11-16 07:23:49 PST,diego,Keywords,,stackwanted
2001-11-16 07:23:49 PST,diego,CC,stephend,
2001-11-16 12:59:10 PST,stephend,CC,,stephend
2001-11-17 04:01:30 PST,diego,Assignee,av,asa
2001-11-17 04:01:30 PST,diego,QA Contact,shrir,doronr
2001-11-19 15:18:42 PST,serhunt,CC,serge,
2001-11-23 08:34:16 PST,diego,CC,stephend,
2001-11-23 09:16:03 PST,peterlubczynski-bugs,CC,av, peterlubczynski,
2001-11-23 09:16:03 PST,peterlubczynski-bugs,Component,XPConnect,Plug-ins
2001-11-23 09:16:03 PST,peterlubczynski-bugs,Assignee,dbradley,av
2001-11-23 09:16:03 PST,peterlubczynski-bugs,QA Contact,pschwartau,shrir
2001-11-27 21:31:29 PST,dbradley,Assignee,peterlubczynski,dbradley
2001-11-27 21:31:29 PST,dbradley,CC,dbradley,
2001-11-27 22:23:32 PST,peterlubczynski-bugs,Component,Plug-ins,XPConnect
2001-11-27 22:23:32 PST,peterlubczynski-bugs,Assignee,serge,peterlubczynski
2001-11-27 22:31:02 PST,pschwartau,QA Contact,shrir,pschwartau
2001-12-07 10:49:34 PST,sep,CC,sep,
2001-12-10 07:52:26 PST,lsv,CC,lsv,
2001-12-11 09:21:29 PST,stephend,CC,,stephend
2001-12-13 04:24:39 PST,dbradley,CC,,dbradley
2002-01-14 03:06:47 PST,diego,Keywords,mozilla1.0, review,
2002-01-14 09:10:42 PST,peterlubczynski-bugs,Attachment #61965                Flags,review+,
2002-01-16 12:25:04 PST,srgchrpv,Keywords,mozilla0.9.8,mozilla1.0
2002-01-16 12:25:04 PST,srgchrpv,Status,ASSIGNED,NEW
2002-01-16 12:25:04 PST,srgchrpv,CC,blizzard,
2002-01-16 12:25:04 PST,srgchrpv,Target Milestone,mozilla0.9.8,---
2002-01-16 15:32:05 PST,blizzard,Keywords,mozilla0.9.8+,mozilla0.9.8
2002-01-16 16:04:35 PST,srgchrpv,Resolution,FIXED,---
2002-01-16 16:04:35 PST,srgchrpv,Last Resolved,2002-01-16 16:04:35,
2002-01-16 16:04:35 PST,srgchrpv,Summary,Crash (linux/unix only) after NPP_SetWindow() call into flash plugin with window->width[height] <= 0,Mozilla crashes after http://www.moontv.fi starts redirecting you to the actual pages
2002-01-16 16:04:35 PST,srgchrpv,Status,RESOLVED,ASSIGNED
2002-01-17 08:50:00 PST,diego,Status,VERIFIED,RESOLVED
