When, Who, What, Added, Removed
2001-11-03 18:28:31 PST,atontti,Keywords,patch, regression, review,
2001-11-03 19:03:20 PST,bugzilla,Status,RESOLVED,NEW
2001-11-03 19:03:20 PST,bugzilla,Resolution,FIXED,---
2001-11-03 19:03:20 PST,bugzilla,Last Resolved,2001-11-03 19:03:20,
2001-11-03 19:29:29 PST,atontti,Status,REOPENED,RESOLVED
2001-11-03 19:29:29 PST,atontti,Resolution,---,FIXED
2001-11-03 19:43:13 PST,bugzilla,Resolution,FIXED,---
2001-11-03 19:43:13 PST,bugzilla,Last Resolved,2001-11-03 19:43:13,2001-11-03 19:03:20
2001-11-03 19:43:13 PST,bugzilla,Status,RESOLVED,REOPENED
2001-11-04 12:38:07 PST,roland.mainz,CC,Roland.Mainz,
2008-07-31 03:03:48 PDT,timeless,Component,XUL,XP Toolkit/Widgets: XUL
2008-07-31 03:03:48 PDT,timeless,QA Contact,xptoolkit.widgets,jrgmorrison
