When, Who, What, Added, Removed
2001-11-03 03:32:15 PST,hewitt,Status,RESOLVED,NEW
2001-11-03 03:32:15 PST,hewitt,Resolution,FIXED,---
2001-11-03 03:32:15 PST,hewitt,Last Resolved,2001-11-03 03:32:15,
2001-11-05 11:03:54 PST,sheelar,QA Contact,esther,sheelar
2001-11-05 11:03:54 PST,sheelar,CC,sheelar, olgam,
2001-11-15 13:48:47 PST,stephend,Status,VERIFIED,RESOLVED
2001-11-15 13:48:47 PST,stephend,QA Contact,stephend,esther
2004-11-22 17:26:45 PST,myk,Product,Core,MailNews
2008-07-31 04:30:00 PDT,nobody,Product,MailNews Core,Core
