When, Who, What, Added, Removed
2001-11-05 16:23:50 PST,chrispetersen,Status,NEW,UNCONFIRMED
2001-11-05 16:23:50 PST,chrispetersen,Ever confirmed,1,0
2001-11-06 10:51:08 PST,attinasi,Assignee,harishd,attinasi
2001-11-08 13:47:37 PST,harishd,Keywords,patch,
2001-11-08 13:47:37 PST,harishd,Priority,P2,--
2001-11-08 13:47:37 PST,harishd,Target Milestone,mozilla0.9.7,---
2001-11-27 14:43:23 PST,harishd,Whiteboard,[fix in hand],
2001-11-27 14:43:23 PST,harishd,Status,ASSIGNED,NEW
2001-12-10 11:36:02 PST,harishd,Resolution,FIXED,---
2001-12-10 11:36:02 PST,harishd,Last Resolved,2001-12-10 11:36:02,
2001-12-10 11:36:02 PST,harishd,Status,RESOLVED,ASSIGNED
