When, Who, What, Added, Removed
2001-11-06 09:19:11 PST,bzbarsky,Status,NEW,UNCONFIRMED
2001-11-06 09:19:11 PST,bzbarsky,Ever confirmed,1,0
2001-11-07 13:38:55 PST,kmcclusk,Assignee,pierre,attinasi
2001-11-07 13:38:55 PST,kmcclusk,Target Milestone,Future,---
2001-11-07 18:02:31 PST,pierre,Summary,[rfe]Per-Site text zoom,Per-Site Font Sizes
2001-11-07 18:02:31 PST,pierre,Status,ASSIGNED,NEW
2001-11-07 18:02:31 PST,pierre,Priority,P5,--
2001-11-07 18:02:31 PST,pierre,Depends on,83663,
2001-11-10 06:28:53 PST,SC_LE,CC,SC_LE,
2002-01-10 10:56:26 PST,spam,CC,scott.jones,
2002-01-10 12:31:30 PST,david,CC,david.majda,
2002-01-10 23:39:23 PST,aha,CC,aha,
2002-03-02 03:34:47 PST,spam,CC,mpeseng,
2002-03-18 08:11:26 PST,adamlock,CC,adamlock,
2002-06-19 21:07:24 PDT,dbaron,Status,NEW,ASSIGNED
2002-06-19 21:07:24 PDT,dbaron,Assignee,dbaron,pierre
2002-07-27 12:13:39 PDT,jruderman,CC,fillup,
2002-09-28 01:14:53 PDT,jo.hermans,CC,ian,
2002-10-05 13:58:49 PDT,danielwang,Summary,Per-site (site-specific) text zoom,[rfe]Per-Site text zoom
2002-11-19 21:39:17 PST,spam,CC,chris.pickett,
2003-01-12 23:04:06 PST,suckfish,CC,suckfish,
2003-03-25 09:31:08 PST,joschi,CC,joschi,
2003-03-27 09:23:04 PST,seb,CC,seb,
2003-06-07 22:09:32 PDT,dbaron,CC,Nicolas.Mailhot,
2003-06-16 00:20:10 PDT,mrmazda,CC,mrmazda,
2003-06-16 23:27:08 PDT,mozilla,CC,mozilla,
2003-06-18 07:07:08 PDT,Franke,CC,Franke,
2003-08-29 15:09:02 PDT,mats,CC,jmreymond,
2003-09-04 08:16:23 PDT,dbaron,Summary,text zoom should be remembered across browser sessions, per-site,Per-site (site-specific) text zoom
2003-09-04 08:19:12 PDT,dbaron,Depends on,218302,
2003-09-04 08:20:37 PDT,dbaron,CC,peter,
2003-09-04 08:21:57 PDT,dbaron,Priority,P3,P5
2003-09-04 08:39:27 PDT,bugzilla,CC,bugzilla,
2003-11-08 13:02:38 PST,bzbarsky,Blocks,66896,
2003-11-25 09:46:39 PST,netbur,CC,netbur,
2003-12-01 06:15:24 PST,jhenry,CC,soszoe,
2003-12-01 12:49:35 PST,berkut.bugzilla,CC,berkut1337,
2003-12-08 16:27:29 PST,bzbarsky,CC,ksheka,
2003-12-19 07:35:53 PST,bugzilla,CC,jeria,
2003-12-19 16:38:50 PST,mconnor,CC,msgboreds,
2004-01-03 02:47:25 PST,amla70,CC,rjemery,
2004-02-05 20:35:09 PST,Bugzilla-alanjstrBugs,CC,9quawbieby0001,
2004-04-14 15:43:49 PDT,dbaron,Priority,P1,P3
2004-04-14 15:44:09 PDT,dbaron,Priority,P2,P1
2004-04-14 22:09:21 PDT,jmreymond,CC,,jmreymond
2004-05-01 16:09:49 PDT,mrmazda,CC,rkaa,
2004-05-02 02:04:22 PDT,netdragon,CC,netdemonz,
2004-05-02 08:50:50 PDT,Bugzilla-alanjstrBugs,CC,tbjtwub02,9quawbieby0001
2004-09-18 00:07:30 PDT,bugzilla,CC,schiff001,
2004-09-18 10:12:05 PDT,spam,CC,,rkaa
2004-09-18 17:52:20 PDT,netdragon,Summary,text size (zoom) should be remembered across browser sessions, per-site,text zoom should be remembered across browser sessions, per-site
2004-10-06 18:12:46 PDT,dean,CC,dean-mozilla,
2004-11-08 10:12:10 PST,mau,CC,ymboxjunk2,
2004-11-16 02:11:00 PST,aha,Keywords,access,
2004-11-16 02:11:00 PST,aha,CC,hassman,
2005-02-04 04:24:02 PST,jo.hermans,CC,fabian.zeindl,
2005-09-29 07:57:08 PDT,peter.vanderwoude,CC,friedemann.schorer,
2005-10-09 13:38:27 PDT,dtownsend,CC,jeremy19446,
2006-02-20 13:21:28 PST,ria.klaassen,CC,juergen,
2006-03-17 08:48:29 PST,bugzilla,CC,bugzilla,
2006-05-22 12:34:40 PDT,thoane,CC,thoane,
2006-08-14 21:44:28 PDT,kbrosnan,CC,k_wayne,
2006-08-19 20:36:50 PDT,ispiked,CC,ispiked,
2006-10-06 07:43:55 PDT,vseerror,CC,vseerror,
2006-10-06 07:56:30 PDT,fabian,CC,,fabian
2007-03-15 02:20:11 PDT,d.rata,CC,daleac00,
2007-04-24 05:30:38 PDT,ancestor.ak,CC,ancestor.ak,
2007-04-24 07:03:18 PDT,jruderman,Depends on,378549,
2007-04-24 17:45:16 PDT,xtc4uall,CC,xtc4uall,
2007-05-23 14:16:10 PDT,david,CC,,notifications
2007-06-18 06:00:09 PDT,ria.klaassen,CC,gtreutwein,
2007-06-25 16:14:11 PDT,myk,Status,RESOLVED,NEW
2007-06-25 16:14:11 PDT,myk,Resolution,FIXED,---
2007-06-25 16:14:11 PDT,myk,CC,myk,
2007-06-25 16:14:11 PDT,myk,Last Resolved,2007-06-25 16:14:11,
2007-06-29 01:20:56 PDT,raj,CC,raj,
2007-08-30 02:04:35 PDT,rjemery,CC,,rjemery
2008-08-15 11:48:45 PDT,jruderman,Depends on,419612, 425286,
2009-06-29 01:35:01 PDT,dao,Depends on,,419612
2011-09-04 01:14:06 PDT,nospam007,CC,nospam007,
