When, Who, What, Added, Removed
2001-11-03 08:01:03 PST,rods,Status,ASSIGNED,NEW
2001-11-03 08:01:03 PST,rods,CC,valeski,
2001-11-03 08:01:03 PST,rods,Target Milestone,mozilla0.9.7,---
2001-11-26 04:55:31 PST,rods,Status,RESOLVED,ASSIGNED
2001-11-26 04:55:31 PST,rods,Resolution,FIXED,---
2001-11-26 04:55:31 PST,rods,Last Resolved,2001-11-26 04:55:31,
2001-11-26 05:32:30 PST,roland.mainz,CC,Roland.Mainz,
2001-11-26 12:53:48 PST,rods,Status,VERIFIED,RESOLVED
2001-11-27 07:58:25 PST,timeless,Status,REOPENED,VERIFIED
2001-11-27 07:58:25 PST,timeless,Resolution,---,FIXED
2001-11-27 07:58:25 PST,timeless,Blocks,112048,
2001-11-27 08:35:07 PST,rods,Status,ASSIGNED,REOPENED
2001-11-27 08:41:51 PST,rods,Status,RESOLVED,ASSIGNED
2001-11-27 08:41:51 PST,rods,Resolution,FIXED,---
2001-11-27 08:41:51 PST,rods,Last Resolved,2001-11-27 08:41:51,2001-11-26 04:55:31
2001-11-27 15:16:58 PST,rods,Status,VERIFIED,RESOLVED
