When, Who, What, Added, Removed
2001-11-08 04:23:14 PST,avm,Component,OJI,Java-Implemented Plugins
2001-11-08 04:23:14 PST,avm,Assignee,joe.chou,idk
2001-11-08 04:23:14 PST,avm,QA Contact,pmac,avm
2002-01-07 17:54:13 PST,apealing,Status,NEW,UNCONFIRMED
2002-01-07 17:54:13 PST,apealing,Ever confirmed,1,0
2002-01-08 16:08:27 PST,bugzilla,CC,detlef.grittner,
2002-01-15 09:56:30 PST,sdv,CC,sdv,
2002-02-19 04:21:45 PST,adu,CC,adu,
2002-02-19 04:24:13 PST,nis,Hardware,All,PC
2002-02-19 04:24:13 PST,nis,OS,All,Windows 98
2002-02-19 04:24:13 PST,nis,CC,nis,
2002-02-19 04:30:42 PST,sdv,CC,,sdv
2002-02-19 06:26:26 PST,nis,CC,peterl,
2002-02-19 06:26:26 PST,nis,Component,Plug-ins,OJI
2002-02-19 06:43:59 PST,nis,Assignee,adu,joe.chou
2002-02-19 07:50:26 PST,peterlubczynski-bugs,Attachment #70280                Flags,review+,
2002-02-19 08:17:54 PST,peterlubczynski-bugs,Keywords,patch, review,
2002-02-19 08:17:54 PST,peterlubczynski-bugs,CC,attinasi_layout,
2002-02-19 08:17:54 PST,peterlubczynski-bugs,Target Milestone,mozilla0.9.9,---
2002-02-19 10:54:05 PST,attinasi,Attachment #70280                Flags,superreview+,
2002-02-20 08:26:10 PST,peterlubczynski-bugs,CC,brendan,
2002-02-20 08:26:10 PST,peterlubczynski-bugs,Keywords,approval, nsbeta1+,review
2002-02-20 08:26:10 PST,peterlubczynski-bugs,Assignee,peterl,adu
2002-02-20 18:11:25 PST,peterlubczynski-bugs,Status,RESOLVED,NEW
2002-02-20 18:11:25 PST,peterlubczynski-bugs,Resolution,FIXED,---
2002-02-20 18:11:25 PST,peterlubczynski-bugs,Last Resolved,2002-02-20 18:11:25,
2002-02-21 10:10:00 PST,blizzard,Keywords,mozilla0.9.9+,
2002-02-25 14:25:23 PST,pmac,Status,VERIFIED,RESOLVED
