When, Who, What, Added, Removed
2001-11-03 01:17:05 PST,stephena,CC,stephena,
2001-11-03 01:38:00 PST,doctor__j,CC,doctor__j,
2001-11-03 03:11:32 PST,cbiesinger,CC,cbiesinger,
2001-11-03 15:21:23 PST,hyatt,Status,ASSIGNED,NEW
2001-11-03 15:26:30 PST,hyatt,Attachment #56440                Attachment is obsolete,1,0
2001-11-03 17:44:34 PST,hyatt,Attachment #56441                Attachment is obsolete,1,0
2001-11-03 19:20:26 PST,hyatt,Attachment #56449                Attachment is obsolete,1,0
2001-11-04 01:58:32 PST,pavlov,Attachment #56454                Flags,review+,
2001-11-05 00:41:23 PST,jst,Attachment #56454                Flags,superreview+,
2001-11-05 00:42:34 PST,hyatt,Attachment #56454                Attachment is obsolete,1,0
2001-11-05 07:43:41 PST,david,CC,dkoppenh,
2001-11-06 03:36:30 PST,hyatt,Attachment #56698                Attachment is obsolete,1,0
2001-11-06 03:38:59 PST,hyatt,Target Milestone,mozilla0.9.6,---
2001-11-06 16:00:19 PST,pavlov,Attachment #56699                Flags,review+,
2001-11-06 19:33:39 PST,hyatt,Resolution,FIXED,---
2001-11-06 19:33:39 PST,hyatt,Last Resolved,2001-11-06 19:33:39,
2001-11-06 19:33:39 PST,hyatt,Status,RESOLVED,ASSIGNED
