When, Who, What, Added, Removed
2001-11-04 23:52:37 PST,t8m,CC,t8m,
2001-11-05 05:11:27 PST,jsp,CC,jsp,
2001-11-05 08:22:32 PST,djoham,CC,djoham,
2001-11-08 12:11:57 PST,john,Blocks,109102,
2001-11-08 20:59:24 PST,bzbarsky,CC,bzbarsky,
2001-11-08 23:14:59 PST,john,CC,alexsavulov,
2001-12-04 02:25:46 PST,bugzilla,CC,jose.jeria,
2001-12-25 21:49:25 PST,john,Blocks,116872,
2001-12-26 05:50:30 PST,ezh,CC,ezh,
2002-01-14 17:25:47 PST,bryner,Blocks,112715,
2002-01-14 17:25:47 PST,bryner,CC,bryner,
2002-01-21 21:33:56 PST,john,Status,ASSIGNED,NEW
2002-01-21 21:33:56 PST,john,Target Milestone,mozilla0.9.9,---
2002-01-21 21:55:18 PST,john,Blocks,92116,
2002-01-21 22:32:11 PST,john,Blocks,112489,
2002-01-22 20:10:38 PST,john,Blocks,121202,
2002-01-23 01:47:41 PST,Maniac,CC,Maniac,
2002-01-28 23:43:45 PST,john,Blocks,,121202
2002-02-01 11:42:02 PST,alexsavulov,Blocks,122957,
2002-02-04 11:31:17 PST,john,Blocks,109914,
2002-02-07 10:28:00 PST,john,Blocks,44470,
2002-02-07 10:32:29 PST,john,Blocks,14445,
2002-02-07 18:10:33 PST,basic,CC,_basic,
2002-02-13 10:12:56 PST,kmcclusk,Keywords,nsbeta1+,
2002-02-14 01:34:21 PST,john,Blocks,123435,
2002-02-14 10:23:06 PST,jameslariviere,CC,jameslariviere,
2002-02-14 14:15:09 PST,john,Blocks,125578,
2002-02-15 23:17:28 PST,john,Depends on,125849,
2002-02-20 13:44:45 PST,john,Blocks,125647,
2002-02-22 16:03:01 PST,john,Attachment #69219                Attachment is obsolete,1,0
2002-02-22 17:37:46 PST,john,Attachment #71002                Attachment is obsolete,1,0
2002-02-26 01:03:04 PST,trudelle,CC,trudelle,
2002-02-27 05:54:17 PST,rods,Attachment #71020                Flags,review+,
2002-02-27 11:03:12 PST,john,Attachment #71020                Attachment is obsolete,1,0
2002-03-01 16:29:42 PST,john,Target Milestone,mozilla1.0,mozilla0.9.9
2002-03-02 11:17:12 PST,zipo13,CC,zipo13,
2002-03-05 14:44:55 PST,jst,Attachment #71705                Flags,superreview+,
2002-03-06 16:47:04 PST,asa,Attachment #71705                Flags,approval+,
2002-03-07 12:20:47 PST,john,Blocks,127569,
2002-03-07 13:23:14 PST,john,Status,RESOLVED,ASSIGNED
2002-03-07 13:23:14 PST,john,Resolution,FIXED,---
2002-03-07 13:23:14 PST,john,Last Resolved,2002-03-07 13:23:14,
2002-03-07 17:32:59 PST,john,Blocks,,125647
2002-04-18 11:56:20 PDT,tpreston,QA Contact,tpreston,madhur
2014-04-25 15:16:59 PDT,basic,CC,,basic
