When, Who, What, Added, Removed
2001-11-03 01:14:45 PST,sspitzer,Summary,many dialog look bad (select profile, addressbook, select offline, offline sync),profile manager dialog looks bad
2001-11-03 01:14:45 PST,sspitzer,Severity,critical,normal
2001-11-03 03:31:55 PST,hewitt,Status,RESOLVED,NEW
2001-11-03 03:31:55 PST,hewitt,Resolution,FIXED,---
2001-11-03 03:31:55 PST,hewitt,Last Resolved,2001-11-03 03:31:55,
2001-11-05 11:40:14 PST,sspitzer,Summary,many dialogs look bad (select profile, addressbook, select offline, offline sync),many dialog look bad (select profile, addressbook, select offline, offline sync)
2002-02-05 14:02:37 PST,ktrina,Status,VERIFIED,RESOLVED
2004-11-22 17:25:08 PST,myk,Product,Seamonkey,Browser
