When, Who, What, Added, Removed
2001-11-03 08:38:06 PST,bzbarsky,QA Contact,caillon,petersen
2001-11-03 08:38:06 PST,bzbarsky,Ever confirmed,1,0
2001-11-03 08:38:06 PST,bzbarsky,Product,Tech Evangelism,Browser
2001-11-03 08:38:06 PST,bzbarsky,Version,unspecified,other
2001-11-03 08:38:06 PST,bzbarsky,Status,NEW,UNCONFIRMED
2001-11-03 08:38:06 PST,bzbarsky,Component,Europe: West,Layout
2001-11-03 08:38:06 PST,bzbarsky,Assignee,nitot,attinasi
2001-11-20 05:09:43 PST,tristan,Status,RESOLVED,NEW
2001-11-20 05:09:43 PST,tristan,Resolution,FIXED,---
2001-11-20 05:09:43 PST,tristan,Priority,P4,--
2001-11-20 05:09:43 PST,tristan,Last Resolved,2001-11-20 05:09:43,
2001-11-20 11:59:47 PST,z-aillon.c-obsolete2,Status,VERIFIED,RESOLVED
2001-11-20 12:00:28 PST,z-aillon.c-obsolete2,Whiteboard,[DOCTYPE],
2001-11-20 12:00:28 PST,z-aillon.c-obsolete2,Summary,novartis.de - Standard layout mode: table cell height are not adjustable,Standard layout mode: table cell height are not adjustable
2003-06-10 19:08:12 PDT,bugzilla_kl,Component,German,Europe: West
2015-04-19 23:45:39 PDT,nobody,Product,Tech Evangelism Graveyard,Tech Evangelism
