When, Who, What, Added, Removed
2001-11-03 05:02:21 PST,hyatt,CC,jst, brendan, shaver,
2001-11-05 18:25:51 PST,mozillamarcia.knous,Status,ASSIGNED,NEW
2001-11-14 08:34:03 PST,hwaara,CC,scc, hwaara, blizzard,
2002-01-25 07:31:29 PST,cbiesinger,CC,hyatt,
2002-01-29 11:12:34 PST,mozillamarcia.knous,Status,RESOLVED,ASSIGNED
2002-01-29 11:12:34 PST,mozillamarcia.knous,Resolution,FIXED,---
2002-01-29 11:12:34 PST,mozillamarcia.knous,Last Resolved,2002-01-29 11:12:34,
2002-04-05 12:39:47 PST,cbiesinger,Status,VERIFIED,RESOLVED
