When, Who, What, Added, Removed
2001-11-03 11:28:43 PST,blizzard,Keywords,crash,
2001-11-03 11:28:43 PST,blizzard,Blocks,104864,
2001-11-03 11:34:32 PST,tingley,CC,tingley,
2001-11-05 11:07:03 PST,waterson,Assignee,evaughan,attinasi
2001-11-05 11:07:03 PST,waterson,CC,attinasi,
2001-11-05 13:29:59 PST,dbaron,CC,dbaron,
2001-11-05 19:44:32 PST,wd,OS,All,Linux
2001-11-05 19:44:32 PST,wd,CC,wd,
2001-11-06 23:22:58 PST,asa,CC,sspitzer,
2001-11-07 13:28:26 PST,stephend,Hardware,All,PC
2001-11-07 13:28:26 PST,stephend,CC,stephend,
2001-11-07 13:28:59 PST,bugzilla,Hardware,PC,All
2001-11-07 13:28:59 PST,bugzilla,Severity,blocker,major
2001-11-07 13:28:59 PST,bugzilla,Keywords,smoketest,
2001-11-07 17:11:02 PST,jag-mozilla,Attachment #56984                Flags,review+,
2001-11-07 17:24:43 PST,eric,Status,RESOLVED,NEW
2001-11-07 17:24:43 PST,eric,Resolution,FIXED,---
2001-11-07 17:24:43 PST,eric,Last Resolved,2001-11-07 17:24:43,
2001-11-08 13:12:39 PST,stephend,CC,sjarrettsprague,
2001-11-08 15:08:01 PST,jaymoz,Keywords,topcrash,
2001-11-08 15:08:01 PST,jaymoz,Summary,crash when opening subscribe dialog ( crash in grid code ) - Trunk [@ nsGridRow::MarkDirty],crash when opening subscribe dialog ( crash in grid code )
2001-11-08 15:08:01 PST,jaymoz,CC,janc, jpatel, namachi, greer,
2001-11-08 15:16:16 PST,jrgmorrison,CC,ylong,
2001-11-14 20:46:41 PST,blizzard,Blocks,,104864
2003-01-03 14:22:15 PST,brant,Status,VERIFIED,RESOLVED
2011-06-09 14:58:34 PDT,nobody,Crash Signature,[@ nsGridRow::MarkDirty],
