When, Who, What, Added, Removed
2001-11-03 23:00:52 PST,leaf,Status,ASSIGNED,NEW
2001-11-05 12:22:06 PST,beard,Attachment #56360                Flags,review+,
2001-11-05 12:24:18 PST,beard,Keywords,approval,
2001-11-05 12:24:18 PST,beard,CC,seawood, darin,
2001-11-15 17:36:35 PST,nnooiissee,CC,nnooiissee,
2001-11-28 16:49:50 PST,granrosebugs,Priority,P3,--
2001-11-28 16:49:50 PST,granrosebugs,Target Milestone,mozilla0.9.7,---
2001-11-28 17:37:55 PST,darin.moz,Attachment #56360                Flags,superreview+,
2001-12-11 11:55:39 PST,granrosebugs,Target Milestone,mozilla0.9.8,mozilla0.9.7
2001-12-13 16:39:48 PST,mozillaBugzilla,CC,mpal1,
2002-01-23 23:12:04 PST,nnooiissee,Target Milestone,mozilla0.9.9,mozilla0.9.8
2002-01-24 10:54:48 PST,bzbarsky,Last Resolved,2002-01-24 10:54:48,
2002-01-24 10:54:48 PST,bzbarsky,Status,RESOLVED,ASSIGNED
2002-01-24 10:54:48 PST,bzbarsky,Resolution,FIXED,---
2002-01-26 13:55:04 PST,nnooiissee,Status,REOPENED,RESOLVED
2002-01-26 13:55:04 PST,nnooiissee,Resolution,---,FIXED
2002-01-29 22:58:17 PST,nnooiissee,Depends on,116709,
2002-02-06 16:10:03 PST,sfraser_bugs,Status,RESOLVED,REOPENED
2002-02-06 16:10:03 PST,sfraser_bugs,Resolution,FIXED,---
2002-02-06 16:10:03 PST,sfraser_bugs,Last Resolved,2002-02-06 16:10:03,2002-01-24 10:54:48
2004-11-22 17:25:08 PST,myk,Product,Seamonkey,Browser
