When, Who, What, Added, Removed
2001-11-02 22:23:26 PST,jake,Assignee,jake,myk
2001-11-02 22:23:26 PST,jake,CC,justdave,
2001-11-02 22:39:34 PST,jake,Status,ASSIGNED,NEW
2001-11-09 07:16:07 PST,matty_is_a_geek,Target Milestone,Bugzilla 2.16,---
2001-11-17 14:14:59 PST,justdave,Severity,blocker,normal
2001-11-17 14:14:59 PST,justdave,Priority,P1,--
2001-11-17 14:14:59 PST,justdave,Blocks,73502,
2001-11-26 13:18:13 PST,luis,Attachment #56372                Flags,review+,
2001-11-26 17:46:10 PST,myk,Attachment #56372                Flags,review+,
2001-11-27 07:17:12 PST,jake,Status,RESOLVED,ASSIGNED
2001-11-27 07:17:12 PST,jake,Resolution,FIXED,---
2001-11-27 07:17:12 PST,jake,Last Resolved,2001-11-27 07:17:12,
2012-12-18 20:46:27 PST,nobody,QA Contact,default-qa,matty_is_a_geek
