When, Who, What, Added, Removed
2001-11-04 23:52:14 PST,t8m,CC,t8m,
2001-11-05 05:10:58 PST,jsp,CC,jsp,
2001-11-05 08:21:22 PST,djoham,CC,djoham,
2001-11-08 23:14:49 PST,john,CC,alexsavulov,
2001-12-04 02:26:06 PST,bugzilla,CC,jose.jeria,
2002-01-14 17:05:59 PST,bryner,CC,bryner,
2002-01-14 17:23:32 PST,bryner,Blocks,112716,
2002-01-16 11:26:11 PST,john,Target Milestone,mozilla0.9.9,---
2002-01-17 13:17:30 PST,john,Attachment #65313                Attachment is obsolete,1,0
2002-01-17 15:10:40 PST,john,Attachment #65200                Attachment is obsolete,1,0
2002-01-21 21:31:17 PST,john,Status,ASSIGNED,NEW
2002-01-22 14:49:01 PST,jst,Attachment #65495                Flags,review+, superreview+,
2002-01-22 15:35:17 PST,john,Blocks,121317,
2002-01-25 11:44:18 PST,john,Status,RESOLVED,ASSIGNED
2002-01-25 11:44:18 PST,john,Resolution,FIXED,---
2002-01-25 11:44:18 PST,john,Last Resolved,2002-01-25 11:44:18,
2002-01-28 23:43:45 PST,john,Blocks,121202,
2002-04-18 11:56:14 PDT,tpreston,QA Contact,tpreston,madhur
