When, Who, What, Added, Removed
2001-11-03 21:02:42 PST,bbaetz,CC,justdave, matty,
2001-11-03 21:04:58 PST,matty_is_a_geek,Hardware,All,PC
2001-11-03 21:04:58 PST,matty_is_a_geek,OS,All,Linux
2001-11-03 21:04:58 PST,matty_is_a_geek,Priority,P1,--
2001-11-03 21:04:58 PST,matty_is_a_geek,Target Milestone,Bugzilla 2.16,---
2001-11-05 07:19:30 PST,jake,Attachment #56552                Flags,review+, review+,
2001-11-05 08:54:12 PST,jake,Assignee,justdave,myk
2001-11-05 12:51:49 PST,justdave,Status,RESOLVED,NEW
2001-11-05 12:51:49 PST,justdave,Resolution,FIXED,---
2001-11-05 12:51:49 PST,justdave,Last Resolved,2001-11-05 12:51:49,
2001-11-17 00:00:35 PST,justdave,Whiteboard,applied to 2.14.1,
2001-12-10 17:27:06 PST,justdave,CC,dkl, remi.perrot,
2002-01-05 16:02:12 PST,shaver,Group,,security?
2012-12-18 20:46:27 PST,nobody,QA Contact,default-qa,matty_is_a_geek
