When, Who, What, Added, Removed
2001-12-27 15:01:38 PST,dbaron,Status,ASSIGNED,NEW
2001-12-27 15:01:38 PST,dbaron,Priority,P4,--
2001-12-27 15:01:38 PST,dbaron,Target Milestone,Future,---
2002-04-17 18:00:41 PDT,rakeshmishra,QA Contact,rakeshmishra,madhur
2002-11-21 12:46:16 PST,trix,QA Contact,trix,rakeshmishra
2005-09-07 21:40:21 PDT,sharparrow1,Summary,clean up GetFrameForPoint,remove bogus nsresult return value from GetFrameForPoint
2005-09-07 21:40:21 PDT,sharparrow1,Status,NEW,ASSIGNED
2005-09-07 21:40:21 PDT,sharparrow1,Assignee,sharparrow1,dbaron
2005-09-07 21:40:21 PDT,sharparrow1,CC,roc,
2005-09-10 17:46:05 PDT,sharparrow1,Attachment #195593                Flags,review?(roc),
2005-09-14 17:45:49 PDT,sharparrow1,Attachment #195593                Attachment is obsolete,1,0
2005-09-14 17:45:49 PDT,sharparrow1,Attachment #196098                Flags,review?(roc),
2005-09-14 17:46:02 PDT,sharparrow1,Attachment #195593                Flags,,review?(roc)
2005-09-15 18:03:10 PDT,roc,Attachment #196098                Flags,review+, superreview+,review?(roc)
2005-09-17 09:11:55 PDT,sharparrow1,Blocks,295941,
2005-09-18 19:16:21 PDT,roc,Status,RESOLVED,NEW
2005-09-18 19:16:21 PDT,roc,Resolution,FIXED,---
2005-09-18 19:16:21 PDT,roc,Last Resolved,2005-09-18 19:16:21,
2005-09-18 20:19:43 PDT,tor,CC,tor,
2005-09-18 21:27:59 PDT,sharparrow1,Attachment #196619                Flags,review?(roc),
2005-09-19 16:05:28 PDT,jwatt,CC,jonathan.watt,
2005-09-19 18:28:10 PDT,sharparrow1,Attachment #196619                Flags,,review?(roc)
2005-09-19 18:39:00 PDT,sharparrow1,Attachment #196619                Attachment is obsolete,1,0
2005-09-19 18:39:00 PDT,sharparrow1,Attachment #196729                Flags,review?(tor),
2005-09-23 09:06:59 PDT,tor,Attachment #196729                Flags,review+,review?(tor)
2005-09-23 16:53:18 PDT,sharparrow1,Attachment #196729                Flags,superreview?(bzbarsky),
2005-09-23 16:53:55 PDT,sharparrow1,Status,REOPENED,RESOLVED
2005-09-23 16:53:55 PDT,sharparrow1,Resolution,---,FIXED
2005-09-23 17:23:17 PDT,bzbarsky,Attachment #196729                Flags,superreview+,superreview?(bzbarsky)
2005-09-26 05:28:46 PDT,tor,Status,RESOLVED,REOPENED
2005-09-26 05:28:46 PDT,tor,Resolution,FIXED,---
2005-09-26 05:28:46 PDT,tor,Last Resolved,2005-09-26 05:28:46,2005-09-18 19:16:21
2005-09-30 06:27:06 PDT,tor,CC,kohl,
2005-10-03 22:27:37 PDT,robert,CC,rparenton,
2006-03-12 16:55:13 PST,robert,CC,,rparenton
