When, Who, What, Added, Removed
2001-11-02 22:37:34 PST,jrgmorrison,Keywords,crash, mozilla0.9.6,
2001-11-02 22:37:34 PST,jrgmorrison,QA Contact,sairuh,doronr
2001-11-04 17:21:58 PST,bugzilla,Attachment #56517                Flags,superreview+,
2001-11-04 18:38:04 PST,alecf,Status,RESOLVED,NEW
2001-11-04 18:38:04 PST,alecf,Resolution,FIXED,---
2001-11-04 18:38:04 PST,alecf,Last Resolved,2001-11-04 18:38:04,
2001-11-06 12:29:31 PST,bugzilla,Status,VERIFIED,RESOLVED
2004-11-22 17:25:08 PST,myk,Product,Seamonkey,Browser
