When, Who, What, Added, Removed
2002-01-20 21:13:04 PST,caillon,Assignee,jaggernaut,hyatt
2002-01-20 21:25:57 PST,jag-mozilla,Keywords,helpwanted,
2002-01-20 21:25:57 PST,jag-mozilla,Target Milestone,Future,---
2002-03-19 04:49:37 PST,neil,CC,neil,
2002-04-04 22:42:37 PST,kryptolus,Status,NEW,UNCONFIRMED
2002-04-04 22:42:37 PST,kryptolus,CC,vadim,
2002-04-04 22:42:37 PST,kryptolus,Ever confirmed,1,0
2002-06-16 02:56:49 PDT,bugzilla4dave,Blocks,152127,
2002-06-17 03:28:31 PDT,neil,CC,,neil
2002-07-01 07:33:08 PDT,nagi,CC,nagi,
2002-07-07 07:36:26 PDT,bugzilla,CC,jose.jeria,
2002-07-07 08:18:31 PDT,jamesagnew,Attachment #90410                Attachment is obsolete,1,0
2002-07-07 08:19:44 PDT,bugzilla,Keywords,patch, review,
2002-07-23 03:36:09 PDT,caillon,Assignee,caillon,jaggernaut
2002-07-23 03:40:16 PDT,caillon,Status,RESOLVED,NEW
2002-07-23 03:40:16 PDT,caillon,Resolution,FIXED,---
2002-07-23 03:40:16 PDT,caillon,Last Resolved,2002-07-23 03:40:16,
2002-07-25 15:51:41 PDT,bugzilla,Status,VERIFIED,RESOLVED
2008-07-31 04:30:00 PDT,nobody,Product,SeaMonkey,Core
