When, Who, What, Added, Removed
2001-11-04 20:11:01 PST,bzbarsky,CC,pinkerton, mpt,
2001-11-24 16:50:51 PST,bugmail,Status,NEW,UNCONFIRMED
2001-11-24 16:50:51 PST,bugmail,Ever confirmed,1,0
2001-11-24 20:10:36 PST,cmaximus,Depends on,107433,
2001-11-24 22:56:33 PST,cmaximus,Depends on,,107433
2002-01-14 23:08:38 PST,bugs,Assignee,pinkerton,ben
2002-01-15 07:20:37 PST,mikepinkerton,Target Milestone,mozilla1.0,---
2002-01-15 07:20:37 PST,mikepinkerton,Status,ASSIGNED,NEW
2002-01-29 20:21:52 PST,jrgmorrison,CC,dschrock,
2002-02-19 15:39:41 PST,saari,Keywords,nsbeta1+,
2002-03-07 08:37:30 PST,mikepinkerton,Priority,P4,--
2002-03-07 08:38:39 PST,mikepinkerton,CC,beard,
2002-03-07 16:28:44 PST,kaneuchi+bugzilla,CC,tetsuyak,
2002-03-12 20:05:37 PST,mozilla,CC,rjc, rjc,
2002-03-13 07:21:15 PST,mikepinkerton,CC,sfraser,
2002-03-26 08:38:27 PST,mikepinkerton,Attachment #73830                Attachment is obsolete,1,0
2002-03-28 13:03:53 PST,brade,Attachment #76617                Flags,review+,
2002-03-28 13:15:24 PST,mikepinkerton,Attachment #76617                Flags,superreview+,
2002-03-28 14:57:50 PST,asa,Attachment #76617                Flags,approval+,
2002-03-31 09:45:22 PST,mikepinkerton,Status,RESOLVED,ASSIGNED
2002-03-31 09:45:22 PST,mikepinkerton,Resolution,FIXED,---
2002-03-31 09:45:22 PST,mikepinkerton,Last Resolved,2002-03-31 09:45:22,
2002-04-10 19:17:25 PDT,cmaximus,Status,VERIFIED,RESOLVED
2003-03-13 20:08:00 PST,dereks,CC,,dlyj
2004-11-22 17:25:08 PST,myk,Product,Seamonkey,Browser
