When, Who, What, Added, Removed
2001-11-04 19:29:17 PST,kerz,CC,kerz,
2001-11-05 03:39:17 PST,bugs,Status,ASSIGNED,NEW
2001-11-05 20:21:22 PST,bryner,Attachment #56544                Flags,review+,
2001-11-06 14:06:58 PST,jst,Attachment #56544                Flags,superreview+,
2001-11-06 15:08:13 PST,bugs,Status,RESOLVED,ASSIGNED
2001-11-06 15:08:13 PST,bugs,Resolution,FIXED,---
2001-11-06 15:08:13 PST,bugs,Last Resolved,2001-11-06 15:08:13,
2008-07-31 03:03:49 PDT,timeless,Component,XUL,XP Toolkit/Widgets: XUL
2008-07-31 03:03:49 PDT,timeless,QA Contact,xptoolkit.widgets,jrgmorrison
