When, Who, What, Added, Removed
2001-11-04 23:54:54 PST,hyatt,Status,ASSIGNED,NEW
2001-11-04 23:54:54 PST,hyatt,Target Milestone,mozilla0.9.6,---
2001-11-04 23:55:55 PST,jst,Attachment #56532                Flags,superreview+,
2001-11-05 00:05:26 PST,john,Attachment #56532                Flags,review+,
2001-11-05 00:31:44 PST,hyatt,Status,RESOLVED,ASSIGNED
2001-11-05 00:31:44 PST,hyatt,Resolution,FIXED,---
2001-11-05 00:31:44 PST,hyatt,Last Resolved,2001-11-05 00:31:44,
2008-07-31 03:03:50 PDT,timeless,Component,XUL,XP Toolkit/Widgets: XUL
2008-07-31 03:03:50 PDT,timeless,QA Contact,xptoolkit.widgets,jrgmorrison
