When, Who, What, Added, Removed
2001-11-04 23:02:06 PST,bugzilla,Status,RESOLVED,NEW
2001-11-04 23:02:06 PST,bugzilla,Resolution,FIXED,---
2001-11-04 23:02:06 PST,bugzilla,Last Resolved,2001-11-04 23:02:06,
2001-11-04 23:24:48 PST,jrgmorrison,URL,http://lxr.mozilla.org/mozilla/source/xpfe/components/prefwindow/resources/content/nsPrefWindow.js#218,
2001-11-07 16:34:57 PST,bugzilla,Status,VERIFIED,RESOLVED
2001-11-07 16:34:57 PST,bugzilla,CC,jbetak,
2004-11-22 17:25:08 PST,myk,Product,Seamonkey,Browser
