When, Who, What, Added, Removed
2001-11-19 12:52:40 PST,bugs,Assignee,pchen,ben
2001-12-05 19:06:40 PST,cplyon,Status,RESOLVED,NEW
2001-12-05 19:06:40 PST,cplyon,Resolution,WORKSFORME,---
2001-12-05 19:06:40 PST,cplyon,Last Resolved,2001-12-05 19:06:40,
2001-12-05 19:08:38 PST,bugzilla,CC,blakeross,
2001-12-05 19:22:58 PST,cplyon,Status,REOPENED,RESOLVED
2001-12-05 19:22:58 PST,cplyon,Resolution,---,WORKSFORME
2001-12-05 19:23:42 PST,cplyon,Last Resolved,2001-12-05 19:23:42,2001-12-05 19:06:40
2001-12-05 19:23:42 PST,cplyon,Status,RESOLVED,REOPENED
2001-12-05 19:23:42 PST,cplyon,Resolution,FIXED,---
2002-12-17 23:46:07 PST,bugzilla,Status,VERIFIED,RESOLVED
2004-11-22 17:25:08 PST,myk,Product,Seamonkey,Browser
