When, Who, What, Added, Removed
2001-11-04 23:59:51 PST,mcafee,Target Milestone,mozilla0.9.7,---
2001-11-05 08:41:48 PST,timeless,Product,Webtools,Browser
2001-11-05 08:41:48 PST,timeless,Component,Tinderbox,Browser-General
2001-11-05 08:41:48 PST,timeless,QA Contact,timeless,doronr
2001-11-05 08:41:48 PST,timeless,Target Milestone,---,mozilla0.9.7
2001-11-19 23:35:03 PST,mcafee,Status,RESOLVED,NEW
2001-11-19 23:35:03 PST,mcafee,Resolution,FIXED,---
2001-11-19 23:35:03 PST,mcafee,Last Resolved,2001-11-19 23:35:03,
2014-06-16 14:00:49 PDT,nobody,Product,Webtools Graveyard,Webtools
