When, Who, What, Added, Removed
2001-11-04 01:36:00 PST,andreww,Attachment #56467                Flags,review+,
2001-11-04 01:36:10 PST,bugs,Attachment #56467                Flags,superreview+,review+
2001-11-04 01:36:43 PST,hyatt,Status,RESOLVED,NEW
2001-11-04 01:36:43 PST,hyatt,Resolution,FIXED,---
2001-11-04 01:36:43 PST,hyatt,Last Resolved,2001-11-04 01:36:43,
2001-11-04 06:39:35 PST,bzbarsky,CC,bzbarsky,
2008-07-31 03:03:49 PDT,timeless,Component,XUL,XP Toolkit/Widgets: XUL
2008-07-31 03:03:49 PDT,timeless,QA Contact,xptoolkit.widgets,jrgmorrison
