When, Who, What, Added, Removed
2001-11-05 06:53:25 PST,rods,Summary,[BTN]<button> sizes differently from <input type="submit">,<button> sizes differently from <input type="submit">
2001-11-05 06:53:25 PST,rods,Status,ASSIGNED,NEW
2001-11-05 06:53:25 PST,rods,Target Milestone,mozilla1.0.1,---
2001-11-10 15:48:42 PST,choess,Keywords,testcase,
2002-01-03 04:39:51 PST,aha,CC,aha,
2002-01-07 06:47:51 PST,caillon,CC,caillon,
2002-02-21 14:19:36 PST,rods,Priority,P1,--
2002-02-21 14:19:36 PST,rods,Target Milestone,Future,mozilla1.0.1
2002-03-05 05:41:26 PST,rods,Priority,P2,P1
2002-04-18 12:15:54 PDT,tpreston,QA Contact,tpreston,madhur
2002-11-13 00:44:51 PST,bzbarsky,Resolution,FIXED,---
2002-11-13 00:44:51 PST,bzbarsky,Depends on,167236,
2002-11-13 00:44:51 PST,bzbarsky,Last Resolved,2002-11-13 00:44:51,
2002-11-13 00:44:51 PST,bzbarsky,Status,RESOLVED,ASSIGNED
