When, Who, What, Added, Removed
2001-11-04 21:39:08 PST,bzbarsky,Status,NEW,UNCONFIRMED
2001-11-04 21:39:08 PST,bzbarsky,Ever confirmed,1,0
2001-11-05 11:49:14 PST,bugzilla,Component,QuickLaunch (AKA turbo mode),XP Apps
2001-11-05 11:49:14 PST,bugzilla,Assignee,law,pchen
2001-11-05 11:49:14 PST,bugzilla,QA Contact,gbush,sairuh
2001-11-27 15:23:55 PST,law,Keywords,mozilla1.0,
2001-11-27 15:23:55 PST,law,Target Milestone,mozilla1.0,---
2002-02-01 19:57:05 PST,bugzilla,Assignee,blaker,law
2002-02-01 20:01:41 PST,bugzilla,CC,law,
2002-02-08 20:04:38 PST,bugzilla,Attachment #67558                Attachment is obsolete,1,0
2002-02-11 13:15:06 PST,bugzilla,Status,RESOLVED,NEW
2002-02-11 13:15:06 PST,bugzilla,Resolution,FIXED,---
2002-02-11 13:15:06 PST,bugzilla,Last Resolved,2002-02-11 13:15:06,
2002-02-13 11:10:58 PST,agracebush,Status,VERIFIED,RESOLVED
2002-03-13 15:46:05 PST,trudelle,Blocks,108795,
2003-05-15 06:50:24 PDT,mehturt,CC,michal017,
2012-10-25 11:16:42 PDT,nobody,Product,Core Graveyard,Core
2012-10-25 11:16:42 PDT,nobody,Component,QuickLaunch (AKA turbo mode),QuickLaunch (AKA turbo mode)
