When, Who, What, Added, Removed
2001-11-06 07:57:14 PST,doronr,Status,NEW,UNCONFIRMED
2001-11-06 07:57:14 PST,doronr,CC,doronr,
2001-11-06 07:57:14 PST,doronr,Ever confirmed,1,0
2001-12-19 22:34:39 PST,bob,Blocks,116172,
2001-12-19 22:37:48 PST,bob,Whiteboard,[TOOL][BRAINJAR],
2001-12-28 17:54:09 PST,zach,Whiteboard,[TOOL][BRAINJAR] aok,[TOOL][BRAINJAR]
2002-01-25 18:27:12 PST,zach,Assignee,doronr,bclary
2003-05-21 08:48:28 PDT,bugzilla,Resolution,FIXED,---
2003-05-21 08:48:28 PDT,bugzilla,Last Resolved,2003-05-21 08:48:28,
2003-05-21 08:48:28 PDT,bugzilla,Status,RESOLVED,NEW
2015-04-19 23:39:42 PDT,nobody,Product,Tech Evangelism Graveyard,Tech Evangelism
