When, Who, What, Added, Removed
2001-11-04 10:13:19 PST,bzbarsky,CC,bzbarsky, brendan,
2001-11-04 10:13:19 PST,bzbarsky,Ever confirmed,1,0
2001-11-04 10:13:19 PST,bzbarsky,Keywords,crash,
2001-11-04 10:13:19 PST,bzbarsky,Hardware,All,PC
2001-11-04 10:13:19 PST,bzbarsky,OS,All,Windows 2000
2001-11-04 10:13:19 PST,bzbarsky,Status,NEW,UNCONFIRMED
2001-11-05 17:51:12 PST,brendan,Assignee,brendan,rogerl
2001-11-05 17:51:12 PST,brendan,CC,shaver, rogerl, jband,
2001-11-05 20:43:21 PST,brendan,CC,waldemar,
2001-11-05 22:59:25 PST,brendan,Target Milestone,mozilla0.9.6,---
2001-11-05 22:59:25 PST,brendan,Keywords,js1.5, mozilla0.9.6,
2001-11-05 22:59:25 PST,brendan,Status,ASSIGNED,NEW
2001-11-05 23:13:04 PST,brendan,Summary,JS array cycle crashes join and toString via infinite recursion,Placing reference to the object ifself as one part of array object crashes browser
2001-11-05 23:33:29 PST,brendan,CC,jst,
2001-11-06 11:21:22 PST,jband_mozilla,Attachment #56693                Flags,superreview+,
2001-11-06 12:25:04 PST,shaver,Attachment #56693                Flags,review+,
2001-11-06 16:20:37 PST,brendan,Status,RESOLVED,ASSIGNED
2001-11-06 16:20:37 PST,brendan,Resolution,FIXED,---
2001-11-06 16:20:37 PST,brendan,Last Resolved,2001-11-06 16:20:37,
2001-11-07 15:58:55 PST,pschwartau,Status,VERIFIED,RESOLVED
2005-04-28 14:30:00 PDT,bob,Flags,testcase+,
