When, Who, What, Added, Removed
2001-11-04 19:54:13 PST,bzbarsky,Assignee,bclary,joki
2001-11-04 19:54:13 PST,bzbarsky,QA Contact,zach,madhur
2001-11-04 19:54:13 PST,bzbarsky,Ever confirmed,1,0
2001-11-04 19:54:13 PST,bzbarsky,Product,Tech Evangelism,Browser
2001-11-04 19:54:13 PST,bzbarsky,Version,unspecified,other
2001-11-04 19:54:13 PST,bzbarsky,Status,NEW,UNCONFIRMED
2001-11-04 19:54:13 PST,bzbarsky,Component,English: US,Event Handling
2001-11-10 20:06:31 PST,bob,Summary,fontlab.com - nothing happens when I click a link (except for double-right-click),nothing happens when I click a link (except for double-right-click)
2001-12-28 17:54:22 PST,zach,Whiteboard,aok,
2002-01-25 18:28:15 PST,zach,Assignee,doronr,bclary
2003-03-24 18:25:14 PST,francis.uy,Blocks,118549,
2003-03-24 18:25:14 PST,francis.uy,Summary,fontlab.com - javascripted links don't work, CSClickReturn() false,fontlab.com - nothing happens when I click a link (except for double-right-click)
2003-03-24 18:25:14 PST,francis.uy,Hardware,All,PC
2003-03-24 18:25:14 PST,francis.uy,OS,All,Windows 98
2003-03-24 18:25:14 PST,francis.uy,Component,US Ecommerce,US General
2003-06-12 08:10:52 PDT,bob,Component,English US,US Ecommerce
2003-06-12 08:10:52 PDT,bob,Assignee,english-us,doron
2003-06-12 08:10:52 PDT,bob,QA Contact,english-us,zach
2009-02-19 18:10:10 PST,bugzilla,Status,RESOLVED,NEW
2009-02-19 18:10:10 PST,bugzilla,Resolution,FIXED,---
2009-02-19 18:10:10 PST,bugzilla,CC,matti,
2009-02-19 18:10:10 PST,bugzilla,Last Resolved,2009-02-19 18:10:10,
2015-04-19 23:39:42 PDT,nobody,Product,Tech Evangelism Graveyard,Tech Evangelism
