When, Who, What, Added, Removed
2001-11-05 14:19:49 PST,wolruf,OS,Windows 2000,Windows NT
2001-11-05 14:19:49 PST,wolruf,CC,cahagn_o,
2001-11-05 14:35:26 PST,wolruf,Status,NEW,UNCONFIRMED
2001-11-05 14:35:26 PST,wolruf,Ever confirmed,1,0
2001-11-05 14:38:16 PST,eb,Summary,[crash] Directory browser crashes when clicking a binary file name without an extension,[crash] Directory browser crashes when clicking a file name wihout an extension
2001-11-05 15:01:54 PST,eb,URL,file:///C:/MozBug,file://
2001-11-05 15:01:54 PST,eb,Keywords,crash,
2001-11-05 15:01:54 PST,eb,Summary,[crash] Browser crashes when clicking a binary file name without an extension,[crash] Directory browser crashes when clicking a binary file name without an extension
2001-11-05 15:11:01 PST,wolruf,QA Contact,moied,sairuh
2001-11-05 15:11:01 PST,wolruf,Component,Parser,XP Apps
2001-11-05 15:11:01 PST,wolruf,Assignee,harishd,bbaetz
2001-11-05 15:13:41 PST,bbaetz,Component,File Handling,Parser
2001-11-05 15:13:41 PST,bbaetz,Assignee,law,harishd
2001-11-05 15:13:41 PST,bbaetz,QA Contact,sairuh,moied
2001-11-05 17:11:32 PST,bugzilla,CC,matti,
2001-11-06 16:40:05 PST,trudelle,Priority,P2,--
2001-11-06 16:40:05 PST,trudelle,Target Milestone,mozilla0.9.7,---
2001-11-07 14:14:24 PST,bugzilla,CC,hico2,
2001-11-07 14:19:27 PST,2009-bugzilla,CC,bugzilla,
2001-11-08 09:53:32 PST,bzbarsky,Keywords,mozilla0.9.6,
2001-11-08 09:53:32 PST,bzbarsky,Hardware,All,PC
2001-11-08 09:53:32 PST,bzbarsky,OS,All,Windows 2000
2001-11-08 09:53:32 PST,bzbarsky,CC,bzbarsky,
2001-11-08 09:53:32 PST,bzbarsky,Blocks,108956,
2001-11-08 10:52:17 PST,bzbarsky,Blocks,109059,
2001-11-08 11:03:31 PST,mscott,Attachment #57042                Flags,superreview+,
2001-11-08 11:06:26 PST,bbaetz,Attachment #57042                Flags,review+,
2001-11-08 11:08:02 PST,asa,Keywords,mozilla0.9.6+, smoketest,mozilla0.9.6
2001-11-08 11:08:02 PST,asa,Severity,blocker,critical
2001-11-08 11:13:21 PST,bzbarsky,Resolution,FIXED,---
2001-11-08 11:13:21 PST,bzbarsky,Last Resolved,2001-11-08 11:13:21,
2001-11-08 11:13:21 PST,bzbarsky,Keywords,mozilla0.9.6,mozilla0.9.6+, smoketest
2001-11-08 11:13:21 PST,bzbarsky,Status,RESOLVED,NEW
2001-11-08 11:35:18 PST,bugzilla,CC,junruh,
2001-11-08 13:07:23 PST,bzbarsky,CC,aha,
2001-11-09 11:50:11 PST,bzbarsky,CC,mloiselle,
2001-11-10 09:01:57 PST,bzbarsky,CC,wariat,
2001-11-11 15:24:59 PST,bbaetz,CC,pretzalz,
2001-11-27 14:57:10 PST,bugzilla,Status,VERIFIED,RESOLVED
