When, Who, What, Added, Removed
2001-11-05 12:49:51 PST,andreas.otte,Status,ASSIGNED,NEW
2001-11-05 12:50:36 PST,andreas.otte,CC,darin,
2001-11-06 14:06:53 PST,andreas.otte,Priority,P3,--
2001-11-06 14:06:53 PST,andreas.otte,Target Milestone,mozilla0.9.7,---
2001-11-29 12:35:57 PST,dougt,CC,gagan, valeski,
2001-12-01 12:30:44 PST,andreas.otte,Attachment #56592                Attachment is obsolete,1,0
2001-12-04 13:44:42 PST,andreas.otte,Target Milestone,mozilla0.9.8,mozilla0.9.7
2001-12-15 05:39:47 PST,andreas.otte,Keywords,review,
2001-12-15 05:39:47 PST,andreas.otte,CC,dougt,
2001-12-20 13:56:27 PST,darin.moz,Attachment #60223                Flags,superreview+,
2001-12-20 14:16:08 PST,dougt,Attachment #60223                Flags,review+,
2001-12-21 14:34:33 PST,andreas.otte,Last Resolved,2001-12-21 14:34:33,
2001-12-21 14:34:33 PST,andreas.otte,Status,RESOLVED,ASSIGNED
2001-12-21 14:34:33 PST,andreas.otte,Resolution,FIXED,---
