When, Who, What, Added, Removed
2001-11-05 07:33:10 PST,bbaetz,Group,security?,
2001-11-05 08:16:53 PST,bbaetz,Attachment #56556                Flags,review+,
2001-11-05 08:21:56 PST,justdave,Attachment #56556                Attachment is obsolete,1,0
2001-11-05 08:21:56 PST,justdave,Attachment #56556                Flags,,review+
2001-11-05 08:55:19 PST,jake,Priority,P1,--
2001-11-05 08:55:19 PST,jake,Assignee,justdave,myk
2001-11-05 08:55:19 PST,jake,Target Milestone,Bugzilla 2.16,---
2001-11-05 08:55:19 PST,jake,Severity,blocker,normal
2001-11-05 10:14:23 PST,bbaetz,Attachment #56558                Flags,review+,
2001-11-05 11:05:17 PST,jake,Attachment #56558                Flags,review+,
2001-11-05 12:48:12 PST,justdave,OS,All,Linux
2001-11-05 12:48:12 PST,justdave,Status,RESOLVED,NEW
2001-11-05 12:48:12 PST,justdave,Resolution,FIXED,---
2001-11-05 12:48:12 PST,justdave,Last Resolved,2001-11-05 12:48:12,
2001-11-05 12:48:12 PST,justdave,Summary,[security] It's possible to file a bug as somebody you're not.,It's possible to file a bug as somebody you're not.
2001-11-05 12:48:12 PST,justdave,Hardware,All,PC
2001-11-05 13:04:13 PST,jake,CC,timeless,
2001-11-07 07:35:46 PST,jake,CC,zach,
2001-11-08 17:12:34 PST,myk,CC,gerv,
2001-11-17 00:07:00 PST,justdave,Whiteboard,applied to 2.14.1,
2001-12-10 17:26:49 PST,justdave,CC,dkl, remi.perrot,
2002-01-05 16:01:59 PST,shaver,Group,,security?
2012-12-18 20:46:27 PST,nobody,QA Contact,default-qa,matty_is_a_geek
