When, Who, What, Added, Removed
2001-11-06 04:49:12 PST,z-aillon.c-obsolete2,Whiteboard,[deny][contact],
2001-11-06 04:49:12 PST,z-aillon.c-obsolete2,Summary,capitalfm.co.uk / kikido.com - Browser not supported,capitalfm.co.uk / kikido.com
2001-11-06 04:49:12 PST,z-aillon.c-obsolete2,Severity,blocker,normal
2001-11-08 02:06:07 PST,tristan,Priority,P3,--
2001-11-08 02:06:07 PST,tristan,Status,ASSIGNED,NEW
2002-06-12 01:55:06 PDT,ian,Severity,major,blocker
2002-08-20 08:41:29 PDT,fredbezies,Whiteboard,[deny][havecontact],[deny][contact]
2002-09-03 04:20:57 PDT,iann_bugzilla,CC,ian,
2002-09-03 05:07:18 PDT,mpillard,Priority,P2,P3
2002-09-03 05:07:18 PDT,mpillard,CC,bugzillamat,
2002-09-03 05:07:18 PDT,mpillard,Whiteboard,[deny][havecontact][havefix],[deny][havecontact]
2002-09-03 05:07:18 PDT,mpillard,Severity,critical,major
2002-09-15 10:31:37 PDT,ian,Summary,kikido.com - Browser not supported,capitalfm.co.uk / kikido.com - Browser not supported
2002-09-15 14:41:35 PDT,iann_bugzilla,URL,http://www.capitalfm.co.uk/,http://www.kikido.com/Capital/Kikido/techhelp3.html
2002-09-15 14:41:35 PDT,iann_bugzilla,Summary,capitalfm.co.uk / kikido.com - Browser not supported,kikido.com - Browser not supported
2003-02-18 15:00:30 PST,piers,Status,RESOLVED,ASSIGNED
2003-02-18 15:00:30 PST,piers,Resolution,WORKSFORME,---
2003-02-18 15:00:30 PST,piers,Last Resolved,2003-02-18 15:00:30,
2003-02-18 16:55:10 PST,iann_bugzilla,Status,REOPENED,RESOLVED
2003-02-18 16:55:10 PST,iann_bugzilla,Resolution,---,WORKSFORME
2003-02-18 18:01:52 PST,ian,URL,http://www.powerfm.com,http://www.capitalfm.co.uk/
2003-02-18 18:01:52 PST,ian,Summary,kikido.com / CapitalNetwork webstreams - Browser not supported,capitalfm.co.uk / kikido.com - Browser not supported
2003-02-19 07:54:25 PST,piers,CC,piersc,
2003-06-01 09:49:34 PDT,bugzilla_kl,Summary,powerfm.com - CapitalNetwork webstreams - Browser not supported,kikido.com / CapitalNetwork webstreams - Browser not supported
2003-06-10 13:49:09 PDT,iann_bugzilla,Summary,powerfm, xfm, reddragonfm, brmb, etc  - CapitalNetwork webstreams - Browser not supported,powerfm.com - CapitalNetwork webstreams - Browser not supported
2003-06-10 13:49:09 PDT,iann_bugzilla,Status,NEW,REOPENED
2003-06-10 13:49:09 PDT,iann_bugzilla,QA Contact,brantgurganus2001,z-caillon-obsolete2
2003-06-10 13:50:01 PDT,iann_bugzilla,CC,DJGM,
2003-06-10 14:49:07 PDT,fredbezies,CC,frederic.bezies,
2003-06-14 15:23:34 PDT,pascalc,Component,English Other,Europe: West
2003-08-07 21:23:11 PDT,bob,Assignee,english-other,nitot
2003-08-07 21:23:11 PDT,bob,QA Contact,english-other,brantgurganus2001
2003-11-28 02:29:21 PST,ian,Status,RESOLVED,NEW
2003-11-28 02:29:21 PST,ian,Resolution,FIXED,---
2003-11-28 02:29:21 PST,ian,Last Resolved,2003-11-28 02:29:21,2003-02-18 15:00:30
2015-04-19 23:39:06 PDT,nobody,Product,Tech Evangelism Graveyard,Tech Evangelism
