When, Who, What, Added, Removed
2001-11-05 14:41:16 PST,2009-bugzilla,Keywords,smoketest,
2001-11-05 14:41:16 PST,2009-bugzilla,Summary,Filepicker horked / Can't add attachements to message,Can't add attachements to message
2001-11-05 14:55:40 PST,spam,Status,NEW,UNCONFIRMED
2001-11-05 14:55:40 PST,spam,Ever confirmed,1,0
2001-11-05 14:57:57 PST,sspitzer,CC,blakeross, hewitt, bryner,
2001-11-05 15:01:34 PST,2009-bugzilla,QA Contact,jrgm,esther
2001-11-05 15:01:34 PST,2009-bugzilla,CC,sspitzer,
2001-11-05 15:01:34 PST,2009-bugzilla,Product,Browser,MailNews
2001-11-05 15:01:34 PST,2009-bugzilla,Component,XP Toolkit/Widgets,Mail Window Front End
2001-11-05 15:01:34 PST,2009-bugzilla,Assignee,hyatt,sspitzer
2001-11-05 15:10:46 PST,hewitt,Attachment #56616                Flags,superreview+,
2001-11-05 15:11:32 PST,bugzilla,Resolution,FIXED,---
2001-11-05 15:11:32 PST,bugzilla,Last Resolved,2001-11-05 15:11:32,
2001-11-05 15:11:32 PST,bugzilla,Status,RESOLVED,NEW
2001-11-05 15:28:38 PST,2009-bugzilla,Status,REOPENED,RESOLVED
2001-11-05 15:28:38 PST,2009-bugzilla,Resolution,---,FIXED
2001-11-05 15:42:39 PST,bugzilla,Status,RESOLVED,REOPENED
2001-11-05 15:42:39 PST,bugzilla,Resolution,FIXED,---
2001-11-05 15:42:39 PST,bugzilla,Last Resolved,2001-11-05 15:42:39,2001-11-05 15:11:32
2001-11-05 15:50:56 PST,2009-bugzilla,Status,VERIFIED,RESOLVED
