When, Who, What, Added, Removed
2001-11-05 11:14:15 PST,xiaobin.lu,CC,stanley.ho,
2001-11-05 11:36:41 PST,bzbarsky,Status,NEW,UNCONFIRMED
2001-11-05 11:36:41 PST,bzbarsky,CC,bzbarsky,
2001-11-05 11:36:41 PST,bzbarsky,Ever confirmed,1,0
2001-11-05 13:43:58 PST,choess,Component,Plug-ins,Layout
2001-11-05 13:43:58 PST,choess,Assignee,av,attinasi
2001-11-05 13:43:58 PST,choess,QA Contact,shrir,petersen
2001-11-05 14:11:18 PST,peterlubczynski-bugs,Summary,classid for Java plugin should not be hard-coded in object frame,The implementation of Object support in Mozilla is wrong
2001-11-05 14:11:18 PST,peterlubczynski-bugs,CC,beard, peterlubczynski,
2001-11-05 16:35:49 PST,serhunt,Assignee,joe.chou,av
2001-11-05 16:35:49 PST,serhunt,QA Contact,pmac,shrir
2001-11-05 16:35:49 PST,serhunt,Component,OJI,Plug-ins
2001-11-06 14:54:03 PST,xiaobin.lu,Summary,Mozilla should ignore object tag,classid for Java plugin should not be hard-coded in object frame
2001-11-14 17:31:26 PST,peterlubczynski-bugs,Attachment #57495                Flags,review+,
2001-11-14 17:31:39 PST,peterlubczynski-bugs,Hardware,All,PC
2001-11-14 17:31:39 PST,peterlubczynski-bugs,OS,All,Windows NT
2001-11-26 17:27:21 PST,peterlubczynski-bugs,Attachment #58294                Flags,review+,
2002-01-30 17:08:10 PST,peterlubczynski-bugs,Blocks,111648,
2002-02-01 08:39:48 PST,beard,Attachment #58294                Flags,superreview+,
2002-02-12 10:54:46 PST,nis,CC,nis,
2002-02-18 23:12:18 PST,peterlubczynski-bugs,Assignee,xiaobin.lu,joe.chou
2002-02-18 23:12:18 PST,peterlubczynski-bugs,CC,joe.chou,
2002-02-22 06:16:40 PST,nis,Attachment #57495                Attachment is obsolete,1,0
2002-02-22 06:16:40 PST,nis,Attachment #58294                Attachment is obsolete,1,0
2002-02-22 06:16:40 PST,nis,Attachment #70641                Attachment is obsolete,1,0
2002-02-26 08:00:45 PST,peterlubczynski-bugs,Target Milestone,mozilla0.9.9,---
2002-02-26 08:00:45 PST,peterlubczynski-bugs,Keywords,approval, patch,
2002-02-26 08:00:45 PST,peterlubczynski-bugs,Summary,Remove JAVA_CLASS_ID support for OBJECT tag,Mozilla should ignore object tag
2002-02-26 08:00:45 PST,peterlubczynski-bugs,Priority,P3,--
2002-02-26 08:00:45 PST,peterlubczynski-bugs,Assignee,peterl,xiaobin.lu
2002-02-26 08:02:07 PST,peterlubczynski-bugs,Attachment #70902                Flags,review+, superreview+,
2002-02-26 14:29:54 PST,peterlubczynski-bugs,Assignee,xiaobin.lu,peterl
2002-02-26 14:30:12 PST,peterlubczynski-bugs,Attachment #70902                Flags,,superreview+
2002-02-27 04:38:00 PST,adu,Attachment #70902                Flags,needs-work+,
2002-02-27 08:34:01 PST,adu,CC,adu,
2002-02-27 08:45:31 PST,peterlubczynski-bugs,Attachment #70902                Attachment is obsolete,1,0
2002-02-27 08:46:29 PST,peterlubczynski-bugs,Keywords,review,approval
2002-02-27 08:46:29 PST,peterlubczynski-bugs,Assignee,peterl,xiaobin.lu
2002-02-27 14:37:01 PST,arun,Keywords,nsbeta1+,
2002-02-28 18:58:02 PST,jag-mozilla,Blocks,64209,
2002-03-04 10:39:13 PST,peterlubczynski-bugs,Attachment #72025                Flags,review+,
2002-03-04 17:36:35 PST,beard,Attachment #72025                Flags,needs-work+,
2002-03-12 08:23:04 PST,peterlubczynski-bugs,Target Milestone,mozilla1.0,mozilla0.9.9
2002-03-15 09:39:43 PST,peterlubczynski-bugs,Attachment #72967                Flags,review+,
2002-03-15 15:37:51 PST,beard,Attachment #72967                Flags,superreview+,
2002-03-15 19:20:23 PST,asa,Attachment #72967                Flags,approval+,
2002-03-16 01:43:42 PST,adu,Attachment #71679                Attachment is obsolete,1,0
2002-03-16 01:44:37 PST,adu,Attachment #72025                Attachment is obsolete,1,0
2002-03-17 16:07:36 PST,peterlubczynski-bugs,Status,RESOLVED,NEW
2002-03-17 16:07:36 PST,peterlubczynski-bugs,Resolution,FIXED,---
2002-03-17 16:07:36 PST,peterlubczynski-bugs,Last Resolved,2002-03-17 16:07:36,
2002-03-18 06:16:29 PST,dbaron,CC,dbaron,
2002-03-22 11:20:29 PST,pmac,Status,VERIFIED,RESOLVED
2002-05-23 11:33:11 PDT,peterlubczynski-bugs,CC,jacobs,
2002-06-20 15:07:11 PDT,mozilla,CC,mkaply,
2002-07-10 10:10:18 PDT,mozilla,Status,REOPENED,VERIFIED
2002-07-10 10:10:18 PDT,mozilla,Resolution,---,FIXED
2002-07-10 10:43:07 PDT,peterlubczynski-bugs,Keywords,,patch, review
2002-07-10 10:43:07 PDT,peterlubczynski-bugs,Status,RESOLVED,REOPENED
2002-07-10 10:43:07 PDT,peterlubczynski-bugs,Resolution,FIXED,---
2002-07-10 10:43:07 PDT,peterlubczynski-bugs,Last Resolved,2002-07-10 10:43:07,2002-03-17 16:07:36
2002-07-10 17:45:26 PDT,peterlubczynski-bugs,CC,shrir, oeschger,
2002-07-10 20:09:04 PDT,hoju,CC,hoju,
2002-07-11 14:37:08 PDT,joe.chou,CC,sorin07125,
2002-07-18 13:13:08 PDT,pmac,Status,VERIFIED,RESOLVED
2002-10-08 23:29:21 PDT,brentboyer,Status,REOPENED,VERIFIED
2002-10-08 23:29:21 PDT,brentboyer,Resolution,---,FIXED
2002-10-08 23:29:21 PDT,brentboyer,CC,brentboyer,
2002-10-09 11:23:54 PDT,pmac,QA Contact,petersen,pmac
2002-10-11 03:43:20 PDT,adu,CC,,adu
2002-11-06 12:36:53 PST,peterlubczynski-bugs,Last Resolved,2002-11-06 12:36:53,2002-07-10 10:43:07
2002-11-06 12:36:53 PST,peterlubczynski-bugs,Status,RESOLVED,REOPENED
2002-11-06 12:36:53 PST,peterlubczynski-bugs,Resolution,FIXED,---
2010-10-16 12:03:01 PDT,timeless,Product,Core Graveyard,Core
2010-10-16 12:03:01 PDT,timeless,Component,Java: OJI,Java: OJI
