When, Who, What, Added, Removed
2001-11-05 10:07:33 PST,agracebush,QA Contact,gbush,bugzilla
2001-11-07 07:24:41 PST,agracebush,CC,jimmylee,
2001-11-07 08:44:24 PST,agracebush,Severity,critical,normal
2001-11-07 08:51:07 PST,agracebush,CC,bugzilla,
2001-11-08 08:24:18 PST,agracebush,CC,shrir,
2001-11-09 16:09:32 PST,jimmykenlee,Keywords,crash, pp,
2001-11-10 05:56:56 PST,bernd_mozilla,CC,skip1952,
2001-11-10 05:58:04 PST,bernd_mozilla,CC,bernd.mielke,
2001-11-10 06:25:12 PST,bernd_mozilla,Keywords,smoketest,
2001-11-10 06:25:12 PST,bernd_mozilla,CC,twalker,
2001-11-13 17:20:24 PST,shrir,CC,lchiang,
2001-11-14 07:41:36 PST,agracebush,Severity,blocker,critical
2001-11-14 07:41:36 PST,agracebush,CC,dprice, curt,
2001-11-14 11:02:13 PST,dbaron,Blocks,104864,
2001-11-14 12:30:47 PST,slogan,Status,ASSIGNED,NEW
2001-11-14 13:25:36 PST,madajt,CC,madajt,
2001-11-15 12:56:23 PST,skasinathan,CC,suresh,
2001-11-15 14:36:41 PST,slogan,Severity,critical,blocker
2001-11-15 14:40:30 PST,dbaron,Severity,blocker,critical
2001-11-15 15:32:41 PST,ssu0262,Last Resolved,2001-11-15 15:32:41,
2001-11-15 15:32:41 PST,ssu0262,Status,RESOLVED,ASSIGNED
2001-11-15 15:32:41 PST,ssu0262,Resolution,FIXED,---
2001-11-15 16:05:29 PST,chofmann,CC,jpatel, namachi,
2001-11-15 19:03:10 PST,blizzard,Keywords,mozilla0.9.6+,
2001-11-16 06:55:53 PST,bugzilla,Resolution,---,FIXED
2001-11-16 06:55:53 PST,bugzilla,Status,REOPENED,RESOLVED
2001-11-16 08:08:46 PST,agracebush,CC,mannie,
2001-11-16 09:08:40 PST,shrir,Keywords,,mozilla0.9.6+
2001-11-16 09:31:00 PST,bugzilla,CC,dbaron,
2001-11-16 14:33:18 PST,ssu0262,Status,NEW,REOPENED
2001-11-16 14:33:18 PST,ssu0262,Assignee,ssu,syd
2001-11-16 14:47:19 PST,ssu0262,Status,ASSIGNED,NEW
2001-11-16 14:47:19 PST,ssu0262,Severity,critical,blocker
2001-11-16 14:52:32 PST,curt,Attachment #58156                Flags,review+,
2001-11-16 14:57:01 PST,curt,Attachment #58157                Flags,review+,
2001-11-16 22:03:06 PST,dveditz,Attachment #58156                Flags,superreview+,
2001-11-16 22:04:36 PST,dveditz,Attachment #58157                Flags,superreview+,
2001-11-16 22:28:22 PST,ssu0262,Status,RESOLVED,ASSIGNED
2001-11-16 22:28:22 PST,ssu0262,Resolution,FIXED,---
2001-11-16 22:28:22 PST,ssu0262,Last Resolved,2001-11-16 22:28:22,2001-11-15 15:32:41
2001-11-17 17:39:41 PST,dbaron,Attachment #58157                Flags,approval+,
2001-11-19 09:26:12 PST,agracebush,Status,VERIFIED,RESOLVED
2002-01-10 12:25:18 PST,agracebush,CC,benji,
2004-11-22 17:25:08 PST,myk,Product,Seamonkey,Browser
