When, Who, What, Added, Removed
2001-11-05 08:54:37 PST,timeless,Assignee,rods,alexsavulov
2001-11-05 08:54:37 PST,timeless,QA Contact,madhur,vladimire
2001-11-05 08:54:37 PST,timeless,Keywords,smoketest,
2001-11-05 08:54:37 PST,timeless,Component,HTML Form Controls,Form Submission
2001-11-05 08:59:31 PST,timeless,Blocks,108528,
2001-11-05 09:30:11 PST,timeless,Assignee,jkeiser,rods
2001-11-05 09:30:11 PST,timeless,CC,jst, rods,jkeiser
2001-11-05 09:37:30 PST,timeless,Blocks,108536,
2001-11-05 09:38:26 PST,timeless,CC,sicking,
2001-11-05 09:42:01 PST,alex,CC,alex,
2001-11-05 09:43:59 PST,timeless,CC,lkolesza,
2001-11-05 11:58:13 PST,piskozub,CC,piskozub,
2001-11-05 12:22:08 PST,endico,CC,endico,
2001-11-05 12:33:48 PST,blizzard,CC,blizzard,
2001-11-05 12:35:25 PST,piskozub,URL,http://bugzilla.mozilla.org/showvotes.cgi?voteon=108526,
2001-11-05 12:35:25 PST,piskozub,Keywords,testcase,
2001-11-05 13:54:36 PST,jonas,Hardware,All,PC
2001-11-05 13:54:36 PST,jonas,OS,All,Windows 98
2001-11-05 15:03:16 PST,jonas,Attachment #56611                Flags,review+,
2001-11-05 15:16:32 PST,blizzard,Attachment #56611                Flags,superreview+,
2001-11-05 15:25:06 PST,jst,Severity,normal,blocker
2001-11-05 20:55:44 PST,jst,Attachment #56676                Flags,superreview+,
2001-11-05 20:58:58 PST,jst,Attachment #56676                Flags,review+,
2001-11-06 01:36:59 PST,markushuebner,CC,markush,
2001-11-06 01:45:25 PST,basic,CC,_basic,
2001-11-06 05:11:04 PST,ezh,CC,ezh,
2001-11-06 21:16:15 PST,ariel_gonz,CC,ariel_gonz,
2001-11-07 18:18:46 PST,john,Status,RESOLVED,NEW
2001-11-07 18:18:46 PST,john,Resolution,FIXED,---
2001-11-07 18:18:46 PST,john,Last Resolved,2001-11-07 18:18:46,
2001-11-20 15:51:56 PST,madhur,Status,VERIFIED,RESOLVED
2014-04-26 03:17:54 PDT,basic,CC,,basic
