When, Who, What, Added, Removed
2001-11-05 15:00:33 PST,bugs,Hardware,All,PC
2001-11-05 15:00:33 PST,bugs,OS,All,Windows 2000
2001-11-05 15:00:33 PST,bugs,Status,ASSIGNED,NEW
2001-11-05 15:03:11 PST,bugzilla,Attachment #56614                Flags,superreview+,
2001-11-05 17:45:23 PST,bugs,Last Resolved,2001-11-05 17:45:23,
2001-11-05 17:45:23 PST,bugs,Status,RESOLVED,ASSIGNED
2001-11-05 17:45:23 PST,bugs,Resolution,FIXED,---
2001-11-07 18:49:29 PST,bugzilla,Status,VERIFIED,RESOLVED
2004-11-23 18:54:58 PST,myk,Product,Mozilla Application Suite,Core
2008-07-31 04:13:36 PDT,timeless,Component,UI Design,XP Apps: GUI Features
