When, Who, What, Added, Removed
2001-11-05 15:46:12 PST,alecf,Assignee,alecf,dougt
2001-11-05 15:46:12 PST,alecf,Target Milestone,mozilla0.9.6,---
2001-11-05 15:46:12 PST,alecf,Priority,P1,--
2001-11-05 16:43:41 PST,alecf,CC,waterson,
2001-11-05 16:52:46 PST,brendan,Attachment #56622                Flags,superreview+,
2001-11-05 17:21:15 PST,jag-mozilla,Attachment #56622                Flags,review+,superreview+
2001-11-06 10:07:17 PST,alecf,Whiteboard,fix in hand,
2001-11-06 10:44:49 PST,tingley,CC,tingley,
2001-11-06 10:46:59 PST,alecf,Status,ASSIGNED,NEW
2001-11-06 15:21:28 PST,alecf,Status,RESOLVED,ASSIGNED
2001-11-06 15:21:28 PST,alecf,Resolution,FIXED,---
2001-11-06 15:21:28 PST,alecf,Last Resolved,2001-11-06 15:21:28,
2002-02-06 11:43:12 PST,cathleennscp,Blocks,92580,
