When, Who, What, Added, Removed
2001-11-05 14:31:30 PST,justdave,Target Milestone,Bugzilla 2.16,---
2001-11-06 08:01:36 PST,barnboy,Status,ASSIGNED,NEW
2001-11-17 18:11:34 PST,justdave,CC,justdave,
2001-11-17 18:11:34 PST,justdave,Target Milestone,Bugzilla 2.18,Bugzilla 2.16
2001-11-18 17:34:23 PST,justdave,Target Milestone,Bugzilla 2.16,Bugzilla 2.18
2001-11-20 10:41:12 PST,barnboy,Status,RESOLVED,ASSIGNED
2001-11-20 10:41:12 PST,barnboy,Resolution,FIXED,---
2001-11-20 10:41:12 PST,barnboy,Last Resolved,2001-11-20 10:41:12,
2012-12-18 20:46:27 PST,nobody,QA Contact,default-qa,matty_is_a_geek
