When, Who, What, Added, Removed
2001-11-05 11:45:05 PST,bzbarsky,Version,unspecified,other
2001-11-05 11:45:05 PST,bzbarsky,Component,English: US,Layout
2001-11-05 11:45:05 PST,bzbarsky,Assignee,bclary,attinasi
2001-11-05 11:45:05 PST,bzbarsky,QA Contact,zach,petersen
2001-11-05 11:45:05 PST,bzbarsky,Product,Tech Evangelism,Browser
2001-11-10 19:51:59 PST,bob,Whiteboard,[SYNTAX-HTML],
2001-11-10 19:51:59 PST,bob,Summary,xmlglobal.com - bad page layout,bad page layout
2001-11-10 19:51:59 PST,bob,OS,All,Linux
2001-11-10 19:51:59 PST,bob,Priority,P4,--
2002-01-12 10:37:08 PST,doronr,Whiteboard,[SYNTAX-HTML][aok],[SYNTAX-HTML]
2002-01-25 18:27:43 PST,zach,Assignee,doronr,bclary
2002-05-04 06:28:25 PDT,bugzilla_kl,CC,kl,
2003-06-12 06:26:42 PDT,bob,Assignee,english-us,doron
2003-06-12 06:26:42 PDT,bob,QA Contact,english-us,zach
2009-02-22 10:36:13 PST,bugzilla,Status,RESOLVED,NEW
2009-02-22 10:36:13 PST,bugzilla,Resolution,FIXED,---
2009-02-22 10:36:13 PST,bugzilla,CC,matti,
2009-02-22 10:36:13 PST,bugzilla,Last Resolved,2009-02-22 10:36:13,
2015-04-19 23:39:42 PDT,nobody,Product,Tech Evangelism Graveyard,Tech Evangelism
