When, Who, What, Added, Removed
2001-11-27 16:47:03 PST,samuel,Status,NEW,UNCONFIRMED
2001-11-27 16:47:03 PST,samuel,Ever confirmed,1,0
2002-05-12 22:06:52 PDT,mozilla,QA Contact,samuel,mozilla
2003-11-18 07:40:22 PST,bugzilla-mozilla-20000923,CC,silver,
2003-12-27 17:36:25 PST,bugzilla-mozilla-20000923,Depends on,229545,
2004-01-03 14:34:17 PST,bugzilla-mozilla-20000923,Status,RESOLVED,NEW
2004-01-03 14:34:17 PST,bugzilla-mozilla-20000923,Resolution,FIXED,---
2004-01-03 14:34:17 PST,bugzilla-mozilla-20000923,Last Resolved,2004-01-03 14:34:17,
2004-11-23 18:54:30 PST,myk,Product,Other Applications,Core
