When, Who, What, Added, Removed
2001-11-05 10:15:11 PST,timeless,Assignee,jkeiser,rods
2001-11-05 10:15:11 PST,timeless,CC,jst, myk, rods,
2001-11-05 11:49:50 PST,bzbarsky,CC,bzbarsky,
2001-11-05 12:26:52 PST,bzbarsky,Component,Creating/Changing Bugs,HTML Form Controls
2001-11-05 12:26:52 PST,bzbarsky,Assignee,myk,jkeiser
2001-11-05 12:26:52 PST,bzbarsky,QA Contact,matty,madhur
2001-11-05 12:26:52 PST,bzbarsky,Product,Bugzilla,Browser
2001-11-05 12:26:52 PST,bzbarsky,Version,2.10,other
2001-11-05 12:34:34 PST,justdave,CC,kiko, caillon,
2001-11-05 13:53:55 PST,caillon,Target Milestone,Bugzilla 2.16,---
2001-11-05 13:53:55 PST,caillon,Summary,javascript error in attachment.cgi - using bad DOM Style code,javascript error
2001-11-05 13:53:55 PST,caillon,Version,2.15,2.10
2001-11-05 13:53:55 PST,caillon,Hardware,All,PC
2001-11-05 13:53:55 PST,caillon,OS,All,Windows 98
2001-11-05 13:53:55 PST,caillon,Priority,P2,--
2001-11-05 13:53:55 PST,caillon,Assignee,caillon,myk
2001-11-05 13:53:55 PST,caillon,Blocks,98307,
2001-11-05 14:11:57 PST,caillon,Keywords,patch, review,
2001-11-05 14:11:57 PST,caillon,Status,ASSIGNED,NEW
2001-11-05 15:36:54 PST,timeless,Attachment #56606                Flags,review-,
2001-11-06 21:43:20 PST,caillon,Attachment #56689                Flags,review+,
2001-11-06 21:43:55 PST,caillon,Attachment #56606                Attachment is obsolete,1,0
2001-11-07 05:13:02 PST,kiko,Attachment #56689                Flags,review+,
2001-11-07 07:03:20 PST,jake,Resolution,FIXED,---
2001-11-07 07:03:20 PST,jake,Last Resolved,2001-11-07 07:03:20,
2001-11-07 07:03:20 PST,jake,Status,RESOLVED,ASSIGNED
2002-08-04 23:12:03 PDT,timeless,Component,attachment and request management,Creating/Changing Bugs
2012-12-18 20:46:27 PST,nobody,QA Contact,default-qa,matty_is_a_geek
