When, Who, What, Added, Removed
2001-11-05 13:34:57 PST,dveditz,Summary,Mozilla.exe Entry Point Not Found ?ToNewUnicode@nsString@@QBEPAGXZ,Mozilla.exe Entry Point Not Found stop error as part of install
2001-11-05 13:34:57 PST,dveditz,Component,Installer: XPI Packages,Installer
2001-11-05 13:34:57 PST,dveditz,Assignee,curt,syd
2001-11-05 15:18:40 PST,bugzilla,CC,mozilla,
2001-11-06 07:36:30 PST,bugzilla,QA Contact,ktrina,bugzilla
2001-11-16 01:09:48 PST,askwar,CC,ASkwar,
2001-11-17 02:26:07 PST,bugzilla,Status,NEW,UNCONFIRMED
2001-11-17 02:26:07 PST,bugzilla,Ever confirmed,1,0
2001-11-21 11:08:52 PST,bugzilla,CC,Mel.M.Reynolds,
2001-11-21 11:09:41 PST,bugzilla,CC,kpauls,
2001-11-21 11:53:51 PST,dveditz,CC,moshe,
2001-11-22 02:12:30 PST,bugzilla,CC,wstinson,
2001-11-22 12:55:58 PST,kazhik,CC,kazhik,
2001-11-22 15:05:58 PST,bugzilla,CC,quieroshafaru,
2001-11-24 09:21:17 PST,dveditz,Depends on,104465,
2001-11-26 17:16:39 PST,curt,Resolution,FIXED,---
2001-11-26 17:16:39 PST,curt,Last Resolved,2001-11-26 17:16:39,
2001-11-26 17:16:39 PST,curt,Status,RESOLVED,NEW
2001-11-27 06:58:24 PST,bugzilla,CC,DChristens,
2001-11-29 09:04:31 PST,bugzilla,CC,reiner,
2001-11-29 22:27:34 PST,curt,CC,jonasj,
2001-11-30 10:14:13 PST,curt,Status,REOPENED,RESOLVED
2001-11-30 10:14:13 PST,curt,Resolution,---,FIXED
2001-11-30 10:43:30 PST,bugzilla,CC,mikelimax,
2001-12-02 18:09:40 PST,bugzilla,CC,wes,
2001-12-14 09:29:10 PST,spam,CC,Jon,
2001-12-14 13:15:13 PST,dveditz,Keywords,mozilla0.9.7,
2001-12-14 14:26:55 PST,dveditz,Status,RESOLVED,REOPENED
2001-12-14 14:26:55 PST,dveditz,Resolution,FIXED,---
2001-12-14 14:26:55 PST,dveditz,Last Resolved,2001-12-14 14:26:55,2001-11-26 17:16:39
2001-12-17 10:20:37 PST,ktrina,Status,VERIFIED,RESOLVED
2002-01-02 03:50:41 PST,bugzilla,CC,jetro,
2002-01-02 08:21:08 PST,bugzilla,CC,Terra,
2002-03-16 07:19:10 PST,black,Status,REOPENED,VERIFIED
2002-03-16 07:19:10 PST,black,Resolution,---,FIXED
2002-03-16 07:49:00 PST,black,CC,hablack,
2002-03-17 16:24:06 PST,dveditz,Resolution,FIXED,---
2002-03-17 16:24:06 PST,dveditz,Last Resolved,2002-03-17 16:24:06,2001-12-14 14:26:55
2002-03-17 16:24:06 PST,dveditz,Status,RESOLVED,REOPENED
2002-03-25 10:19:21 PST,ktrina,Status,VERIFIED,RESOLVED
2004-11-22 17:25:08 PST,myk,Product,Seamonkey,Browser
2008-07-31 02:12:12 PDT,timeless,Component,Installer,Installer: XPI Packages
2008-07-31 02:12:12 PDT,timeless,QA Contact,general,ktrina
