When, Who, What, Added, Removed
2001-11-05 12:42:06 PST,bzbarsky,Ever confirmed,1,0
2001-11-05 12:42:06 PST,bzbarsky,Status,NEW,UNCONFIRMED
2001-11-07 15:07:14 PST,dougt,CC,peterj,
2001-11-07 15:13:28 PST,xiaobin.lu,CC,skatz, stanley.ho, Xiaobin.Lu,
2001-11-08 10:09:41 PST,dougt,Attachment #56965                Attachment is obsolete,1,0
2001-11-08 14:48:50 PST,dougt,Attachment #57102                Attachment is obsolete,1,0
2001-11-08 14:51:46 PST,dougt,Attachment #57102                Attachment is obsolete,0,1
2001-11-15 18:42:14 PST,joe.chou,CC,joe.chou,
2001-11-15 22:13:17 PST,jaimejr,Whiteboard,PDT,
2001-11-16 13:17:07 PST,rpotts,Attachment #57102                Flags,superreview+,
2001-11-16 14:03:30 PST,dougt,Attachment #57102                Attachment is obsolete,1,0
2001-11-16 14:10:47 PST,dp,CC,dp,
2001-11-16 14:34:48 PST,dougt,Attachment #58154                Flags,superreview+,
2001-11-18 11:41:10 PST,dp,Attachment #58154                Flags,review+,
2001-11-19 06:33:05 PST,dougt,CC,valeski,
2001-11-19 06:53:59 PST,dougt,Keywords,edt0.9.4,
2001-11-19 08:39:34 PST,jaimejr,Whiteboard,[PDT] [ETA 11.19],PDT
2001-11-19 14:44:14 PST,jud,Keywords,edt0.9.4+,edt0.9.4
2001-11-19 14:44:14 PST,jud,Whiteboard,[PDT] [tETA 11.19],[PDT] [ETA 11.19]
2001-11-19 15:16:59 PST,dougt,Keywords,fixed0.9.4,
2001-11-19 15:16:59 PST,dougt,Whiteboard,[PDT] [tETA 11.19},[PDT] [tETA 11.19]
2001-11-19 15:16:59 PST,dougt,Status,RESOLVED,NEW
2001-11-19 15:16:59 PST,dougt,Resolution,FIXED,---
2001-11-19 15:16:59 PST,dougt,QA Contact,depstein,scc
2001-11-19 15:16:59 PST,dougt,Last Resolved,2001-11-19 15:16:59,
2001-11-19 18:50:45 PST,jaimejr,Whiteboard,[PDT] [Fix on 6.2],[PDT] [tETA 11.19}
2001-11-19 18:57:51 PST,lchiang,CC,jimmylee,
2001-11-22 11:53:31 PST,dougt,Status,REOPENED,RESOLVED
2001-11-22 11:53:31 PST,dougt,Resolution,---,FIXED
2001-11-27 10:34:35 PST,dougt,Last Resolved,2001-11-27 10:34:35,2001-11-19 15:16:59
2001-11-27 10:34:35 PST,dougt,Status,RESOLVED,REOPENED
2001-11-27 10:34:35 PST,dougt,Resolution,FIXED,---
2001-11-27 15:52:11 PST,depman1,Status,VERIFIED,RESOLVED
2001-11-30 18:41:32 PST,xiaobin.lu,Status,REOPENED,VERIFIED
2001-11-30 18:41:32 PST,xiaobin.lu,Resolution,---,FIXED
2001-12-06 13:55:43 PST,dougt,Target Milestone,mozilla1.0,---
2002-01-11 14:10:51 PST,dunn5557,Keywords,edt0.9.4,edt0.9.4+, fixed0.9.4
2002-01-13 00:23:27 PST,dougt,Status,RESOLVED,REOPENED
2002-01-13 00:23:27 PST,dougt,Resolution,FIXED,---
2002-01-13 00:23:27 PST,dougt,Last Resolved,2002-01-13 00:23:27,2001-11-27 10:34:35
2002-01-14 12:22:02 PST,dunn5557,Keywords,edt0.9.4+, fixed0.9.4,edt0.9.4
2002-01-16 16:16:32 PST,depman1,Status,VERIFIED,RESOLVED
