When, Who, What, Added, Removed
2001-11-05 14:01:06 PST,dbaron,Status,ASSIGNED,NEW
2001-11-05 14:01:06 PST,dbaron,Priority,P2,--
2001-11-05 14:01:06 PST,dbaron,Target Milestone,mozilla0.9.6,---
2001-11-05 14:05:53 PST,mikepinkerton,Attachment #56603                Flags,review+,
2001-11-05 14:36:39 PST,sfraser_bugs,Attachment #56603                Flags,superreview+,
2001-11-05 22:20:45 PST,dbaron,Status,RESOLVED,ASSIGNED
2001-11-05 22:20:45 PST,dbaron,Resolution,FIXED,---
2001-11-05 22:20:45 PST,dbaron,Last Resolved,2001-11-05 22:20:45,
2008-07-31 03:03:51 PDT,timeless,Component,XUL,XP Toolkit/Widgets: Menus
2008-07-31 03:03:51 PDT,timeless,QA Contact,xptoolkit.widgets,jrgmorrison
