When, Who, What, Added, Removed
2001-11-05 13:20:15 PST,sspitzer,CC,mscott,
2001-11-05 13:59:51 PST,scottputterman,CC,cathleen,
2001-11-05 13:59:51 PST,scottputterman,Summary,automate mailnews leak / bloat measuring, tie into tinderbox,automate leak / bloat measuring, tie into tinderbox
2001-11-13 14:52:44 PST,hwaara,CC,hwaara,
2001-11-14 17:52:06 PST,vparthas,Blocks,108057,
2001-11-15 14:52:51 PST,sspitzer,Attachment #58000                Flags,superreview+,
2001-12-27 09:46:03 PST,scottputterman,Status,RESOLVED,NEW
2001-12-27 09:46:03 PST,scottputterman,Resolution,FIXED,---
2001-12-27 09:46:03 PST,scottputterman,Last Resolved,2001-12-27 09:46:03,
2002-01-18 15:54:55 PST,stephend,QA Contact,stephend,esther
2002-01-18 15:58:53 PST,stephend,URL,http://tinderbox.mozilla.org/showbuilds.cgi?tree=SeaMonkey-Testerbox,
2002-01-18 15:58:53 PST,stephend,Status,VERIFIED,RESOLVED
2004-11-22 17:25:08 PST,myk,Product,Seamonkey,Browser
