When, Who, What, Added, Removed
2001-12-05 11:24:03 PST,jasonab,CC,jasonab,
2001-12-12 14:53:30 PST,bugzilla3,CC,ccs-pg,
2001-12-27 09:44:54 PST,scottputterman,Keywords,nsbeta1,
2001-12-27 09:44:54 PST,scottputterman,Status,ASSIGNED,NEW
2002-01-02 12:06:44 PST,ezh,CC,ezh,
2002-01-08 18:28:14 PST,sspitzer,Target Milestone,mozilla0.9.8,---
2002-01-08 20:28:13 PST,sspitzer,Summary,Save & Save All... attachments should remember the last saved folder name,Save All... attachments should remember the last saved folder name
2002-01-08 20:52:34 PST,sspitzer,Depends on,118916,
2002-01-09 09:09:36 PST,sspitzer,Summary,Save Attachme & Save Message As File & Save All... attachments should remember the last saved folder name,Save & Save All... attachments should remember the last saved folder name
2002-01-09 12:05:25 PST,sspitzer,Summary,Save All... attachments should remember the last saved folder name,Save Attachme & Save Message As File & Save All... attachments should remember the last saved folder name
2002-01-09 12:28:48 PST,sspitzer,Target Milestone,mozilla1.0.1,mozilla0.9.8
2002-01-09 13:13:23 PST,scottputterman,Keywords,nsbeta1+,nsbeta1
2002-01-09 13:13:23 PST,scottputterman,Priority,P2,--
2002-01-09 13:13:23 PST,scottputterman,Target Milestone,mozilla1.2,mozilla1.0.1
2002-01-09 13:23:30 PST,jasonab,CC,,jasonab
2002-01-17 12:35:01 PST,laurel,QA Contact,trix,esther
2002-02-10 14:57:17 PST,scottputterman,Keywords,nsbeta1-,nsbeta1+
2002-02-10 14:57:17 PST,scottputterman,Blocks,122274,
2002-02-11 06:14:23 PST,Tobias.Besemer,Blocks,,122274
2002-04-10 06:12:19 PDT,croco,CC,croco,
2002-07-08 20:45:03 PDT,spam,CC,shwag,
2002-09-04 02:11:28 PDT,Peter,CC,peter,
2002-11-06 11:00:05 PST,2009-bugzilla,CC,bugzilla,
2002-11-30 19:37:09 PST,jasonab,CC,jasonab,
2003-01-02 16:11:52 PST,stephend,QA Contact,stephend,trix
2003-03-30 15:24:26 PST,markh,Depends on,89325,
2003-09-19 20:25:53 PDT,rjl,CC,bjlockie,
2003-10-15 07:21:30 PDT,3.14,CC,sspitzer,
2004-11-22 17:25:08 PST,myk,Product,Seamonkey,Browser
2005-01-06 03:25:31 PST,ostgote,Last Resolved,2005-01-06 03:25:31,
2005-01-06 03:25:31 PST,ostgote,Status,RESOLVED,ASSIGNED
2005-01-06 03:25:31 PST,ostgote,Resolution,FIXED,---
