When, Who, What, Added, Removed
2001-11-05 13:51:40 PST,ddkilzer,Blocks,97495,
2001-11-05 13:51:40 PST,ddkilzer,Target Milestone,Bugzilla 2.16,---
2001-11-05 13:56:27 PST,ddkilzer,Summary,Bundle::Bugzilla needs to be updated on CPAN for the Bugzilla v2.16 release,CPAN::Bugzilla needs to be updated for the Bugzilla v2.16 release
2001-11-10 12:08:45 PST,zach,Severity,blocker,normal
2001-11-10 12:09:27 PST,zach,Status,ASSIGNED,NEW
2001-11-17 12:53:38 PST,justdave,Priority,P1,--
2001-11-19 17:43:58 PST,zach,Status,RESOLVED,ASSIGNED
2001-11-19 17:43:58 PST,zach,Resolution,FIXED,---
2001-11-19 17:43:58 PST,zach,Last Resolved,2001-11-19 17:43:58,
2001-11-19 20:45:46 PST,ddkilzer,Resolution,---,FIXED
2001-11-19 20:45:46 PST,ddkilzer,Status,REOPENED,RESOLVED
2002-02-04 09:32:07 PST,zach,Status,RESOLVED,REOPENED
2002-02-04 09:32:07 PST,zach,Resolution,FIXED,---
2002-02-04 09:32:07 PST,zach,Last Resolved,2002-02-04 09:32:07,2001-11-19 17:43:58
2012-12-18 20:46:27 PST,nobody,QA Contact,default-qa,matty_is_a_geek
