When, Who, What, Added, Removed
2001-11-05 12:02:18 PST,mscott,Keywords,nsbeta1,
2001-11-05 12:14:27 PST,sspitzer,CC,blakeross, hyatt,
2001-11-05 12:14:27 PST,sspitzer,Assignee,law,blakeross
2001-11-08 09:29:57 PST,lkolesza,CC,lkolesza,
2001-11-08 19:30:22 PST,tarahim,Hardware,All,PC
2001-11-08 19:30:22 PST,tarahim,OS,All,Windows 2000
2001-11-11 09:06:11 PST,spam,CC,hwaara,
2001-11-13 13:13:26 PST,bugzilla,CC,mozilla,
2001-11-13 13:15:06 PST,bugzilla,Keywords,mozilla0.9.7, regression,
2001-11-13 13:15:06 PST,bugzilla,Component,File Handling,Browser-General
2001-11-13 13:15:06 PST,bugzilla,QA Contact,sairuh,doronr
2001-11-13 13:15:06 PST,bugzilla,Blocks,78106,
2001-11-17 13:28:14 PST,ariel_gonz,CC,ariel_gonz,
2001-11-19 01:46:47 PST,spam,CC,CmndrYkstort,
2001-11-21 15:25:33 PST,spam,CC,christopher_brien,
2001-11-23 04:39:44 PST,hwaara,Attachment #58899                Flags,review+,
2001-11-23 05:59:49 PST,christopher_brien,Blocks,111594,
2001-11-27 15:26:18 PST,law,Keywords,patch,
2001-11-27 15:26:18 PST,law,Target Milestone,mozilla0.9.7,---
2001-11-27 20:33:29 PST,andreas.premstaller,CC,andreas.premstaller,
2001-11-29 18:40:17 PST,law,Attachment #58889                Attachment is obsolete,1,0
2001-11-29 18:40:17 PST,law,Attachment #58899                Attachment is obsolete,1,0
2001-11-29 18:57:08 PST,law,Attachment #59792                Flags,review+,
2001-11-29 20:21:52 PST,law,Status,RESOLVED,NEW
2001-11-29 20:21:52 PST,law,Resolution,FIXED,---
2001-11-29 20:21:52 PST,law,Last Resolved,2001-11-29 20:21:52,
2001-12-05 17:06:30 PST,bugzilla,Status,VERIFIED,RESOLVED
