When, Who, What, Added, Removed
2001-11-05 13:52:18 PST,bzbarsky,CC,bzbarsky, blakeross,
2001-11-05 14:04:54 PST,laurel,QA Contact,olgam,esther
2001-11-05 14:04:54 PST,laurel,CC,laurel,
2001-11-05 15:08:24 PST,spam,Status,NEW,UNCONFIRMED
2001-11-05 15:08:24 PST,spam,Ever confirmed,1,0
2001-11-05 15:09:43 PST,spam,CC,hyatt,
2001-11-05 15:54:49 PST,spam,Keywords,regression,
2001-11-06 15:31:22 PST,laurel,CC,sfraser,
2001-11-07 07:09:54 PST,spam,CC,gabrielseah,
2001-11-07 07:55:40 PST,spam,OS,All,Windows 98
2001-11-07 09:12:32 PST,marina,CC,marina,
2001-11-07 09:25:10 PST,lchiang,Keywords,nsbeta1,
2001-11-07 10:36:09 PST,olgam,CC,nbaca,
2001-11-07 10:55:10 PST,laurel,CC,andi,
2001-11-07 13:04:42 PST,mozilla.org,CC,mozilla.org,
2001-11-08 06:11:27 PST,spam,CC,mozzilla,
2001-11-08 06:13:26 PST,spam,CC,lenbok,
2001-11-08 09:08:45 PST,spam,CC,fjleon,
2001-11-08 09:10:16 PST,spam,Severity,critical,normal
2001-11-08 10:34:26 PST,nnbugzilla,CC,wyoung,
2001-11-08 13:11:22 PST,piskozub,CC,piskozub,
2001-11-08 13:14:26 PST,spam,Hardware,All,PC
2001-11-08 13:30:45 PST,bugzilla,CC,sjarrettsprague,
2001-11-08 18:40:41 PST,scottputterman,Keywords,nsbeta1+,nsbeta1
2001-11-08 21:57:10 PST,tingley,CC,tingley,
2001-11-09 00:09:32 PST,sspitzer,Assignee,hewitt,sspitzer
2001-11-09 00:09:32 PST,sspitzer,CC,sspitzer,
2001-11-09 00:18:29 PST,sspitzer,Blocks,108751,
2001-11-09 10:27:16 PST,laurel,CC,emmet,
2001-11-09 12:38:34 PST,hewitt,Status,ASSIGNED,NEW
2001-11-09 12:38:34 PST,hewitt,Target Milestone,mozilla0.9.6,---
2001-11-09 13:54:43 PST,spam,CC,jordan,
2001-11-09 14:00:35 PST,hewitt,Attachment #57262                Flags,review+,
2001-11-09 17:56:59 PST,sspitzer,Attachment #57262                Flags,superreview+,
2001-11-09 21:45:04 PST,hewitt,CC,blizzard,
2001-11-10 04:13:29 PST,tuukka.tolvanen,CC,garretta,
2001-11-10 07:19:38 PST,mozilla-06,CC,oliver.klee,
2001-11-10 10:47:19 PST,piskozub,Summary,Messenger unusable when hiding Thread column (mail invisible / hidden / blank),Messenger unusable when hiding Thread column
2001-11-10 12:33:13 PST,tuukka.tolvanen,CC,mac.bjarnedm,
2001-11-10 13:22:53 PST,andreas.premstaller,CC,andreas.premstaller,
2001-11-11 08:33:45 PST,spam,CC,hachre,
2001-11-12 09:06:56 PST,sspitzer,Attachment #57209                Attachment is obsolete,1,0
2001-11-12 09:42:41 PST,blizzard,Blocks,104864,
2001-11-12 10:45:09 PST,spam,CC,god,
2001-11-12 12:50:11 PST,ariel_gonz,CC,ariel_gonz,
2001-11-12 15:32:28 PST,bugzilla,CC,fsalgado,
2001-11-12 18:22:16 PST,bugzilla,CC,baffoni,
2001-11-12 20:50:36 PST,spam,CC,humano,
2001-11-14 01:10:21 PST,bugzilla,CC,rickstockton,
2001-11-14 05:42:24 PST,calum.mackay,CC,calum.mackay,
2001-11-14 15:13:25 PST,mike,CC,mike,
2001-11-14 19:45:38 PST,blizzard,Keywords,mozilla0.9.6+,
2001-11-14 20:27:39 PST,hewitt,Status,RESOLVED,ASSIGNED
2001-11-14 20:27:39 PST,hewitt,Resolution,FIXED,---
2001-11-14 20:27:39 PST,hewitt,Last Resolved,2001-11-14 20:27:39,
2001-11-15 16:54:01 PST,olgam,Status,VERIFIED,RESOLVED
2001-11-16 15:33:09 PST,mozilla.org,CC,,mozilla.org
2002-05-09 09:52:42 PDT,mac.bjarnedm,CC,mozilla,mac.bjarnedm
2003-02-27 23:32:34 PST,gabrielseah,CC,,gabrielseah
2004-11-22 17:25:08 PST,myk,Product,Seamonkey,Browser
2005-11-22 15:19:21 PST,bzbarsky,CC,,bzbarsky
