When, Who, What, Added, Removed
2001-11-05 09:59:06 PST,paulkchen,Priority,P1,--
2001-11-05 09:59:06 PST,paulkchen,Target Milestone,mozilla0.9.6,---
2001-11-05 09:59:06 PST,paulkchen,Status,ASSIGNED,NEW
2001-11-05 10:11:28 PST,sfraser_bugs,CC,sfraser,
2001-11-05 10:30:37 PST,jag-mozilla,Attachment #56567                Flags,review+,
2001-11-05 11:58:01 PST,piskozub,CC,piskozub,
2001-11-05 17:14:12 PST,sfraser_bugs,Attachment #56567                Flags,superreview+,
2001-11-05 17:25:43 PST,paulkchen,Status,RESOLVED,ASSIGNED
2001-11-05 17:25:43 PST,paulkchen,Resolution,FIXED,---
2001-11-05 17:25:43 PST,paulkchen,Last Resolved,2001-11-05 17:25:43,
2002-12-17 23:49:16 PST,bugzilla,Status,VERIFIED,RESOLVED
2004-11-22 17:25:08 PST,myk,Product,Seamonkey,Browser
