When, Who, What, Added, Removed
2001-11-05 10:10:08 PST,timeless,Keywords,smoketest,
2001-11-06 15:50:39 PST,bruppel1,CC,slate,
2001-11-06 20:49:56 PST,jmd,Hardware,All,PC
2001-11-06 20:49:56 PST,jmd,OS,All,Windows 98
2001-11-06 20:49:56 PST,jmd,CC,mozilla,
2001-11-07 09:29:57 PST,timeless,Keywords,mozilla0.9.6,
2001-11-07 09:29:57 PST,timeless,Severity,major,normal
2001-11-07 17:04:40 PST,levon,CC,moz,
2001-11-09 00:39:34 PST,duvall,CC,duvall,
2001-11-09 05:43:07 PST,mozbug,CC,mail_john,
2001-11-09 10:23:32 PST,tor,CC,tor,
2001-11-09 18:33:10 PST,fleona,CC,fjleon,
2001-11-10 01:20:35 PST,gabrielseah,CC,gabrielseah,
2001-11-10 04:00:09 PST,cbiesinger,CC,cbiesinger,
2001-11-11 01:28:12 PST,jmd,Keywords,,mozilla0.9.6
2001-11-11 01:28:12 PST,jmd,Target Milestone,mozilla0.9.6,---
2001-11-11 10:27:26 PST,spam,CC,drathos-bugzilla,
2001-11-11 10:43:28 PST,bugzilla,CC,matti,
2001-11-11 16:17:57 PST,bugzilla-mozilla,CC,johan.rh.hermans,
2001-11-12 06:31:02 PST,wd,CC,wd,
2001-11-13 05:16:16 PST,jonasj,CC,jonasj,
2001-11-13 05:34:48 PST,mozbug,CC,sconest,
2001-11-13 10:05:59 PST,ruairif,CC,askwar,
2001-11-13 22:57:51 PST,hewitt,Status,ASSIGNED,NEW
2001-11-14 09:24:53 PST,alciocca,CC,alciocca,
2001-11-14 11:04:36 PST,dbaron,Blocks,104864,
2001-11-14 17:55:23 PST,dbaron,CC,dbaron,
2001-11-14 21:29:30 PST,piskozub,CC,piskozub,
2001-11-14 22:40:30 PST,blizzard,Keywords,mozilla0.9.6+,
2001-11-15 07:49:07 PST,benjamin,CC,mucci,
2001-11-15 13:59:13 PST,fleona,Whiteboard,need branch approval,
2001-11-15 14:43:11 PST,cmaximus,Whiteboard,a=blizzard on behalf of drivers for 0.9.6,need branch approval
2001-11-15 18:50:52 PST,hewitt,Status,RESOLVED,ASSIGNED
2001-11-15 18:50:52 PST,hewitt,Resolution,FIXED,---
2001-11-15 18:50:52 PST,hewitt,Last Resolved,2001-11-15 18:50:52,
2001-11-16 06:57:17 PST,fleona,Whiteboard,Only works in classic theme,a=blizzard on behalf of drivers for 0.9.6
2001-11-16 06:57:17 PST,fleona,Status,REOPENED,RESOLVED
2001-11-16 06:57:17 PST,fleona,Resolution,---,FIXED
2001-11-16 12:01:21 PST,fleona,Status,RESOLVED,REOPENED
2001-11-16 12:01:21 PST,fleona,Resolution,FIXED,---
2001-11-16 12:01:21 PST,fleona,Last Resolved,2001-11-16 12:01:21,2001-11-15 18:50:52
2002-12-17 23:50:00 PST,bugzilla,Status,VERIFIED,RESOLVED
2003-02-27 23:32:28 PST,gabrielseah,CC,,gabrielseah
2008-07-31 04:30:00 PDT,nobody,Product,SeaMonkey,Core
