When, Who, What, Added, Removed
2001-11-05 08:59:31 PST,timeless,Depends on,108526,
2001-11-09 07:04:18 PST,matty_is_a_geek,Severity,minor,normal
2001-11-09 07:04:18 PST,matty_is_a_geek,Priority,P3,--
2001-11-09 07:04:18 PST,matty_is_a_geek,Target Milestone,Bugzilla 2.18,---
2003-10-12 16:44:34 PDT,caduvall,Attachment #133158                Flags,review?(bbaetz),
2003-10-12 16:55:01 PDT,caduvall,Attachment #133158                Flags,review?(timeless),review?(bbaetz)
2003-10-12 17:01:59 PDT,caduvall,Attachment #133158                Attachment is obsolete,1,0
2003-10-12 17:04:11 PDT,timeless,Attachment #133159                Flags,review+,
2003-10-12 17:04:53 PDT,timeless,Assignee,caduvall,myk
2003-10-12 17:04:53 PDT,timeless,Flags,approval?,
2003-10-12 17:07:03 PDT,timeless,Attachment #133158                Flags,,review?(timeless)
2003-10-12 18:17:28 PDT,caduvall,Status,ASSIGNED,NEW
2003-10-15 14:50:43 PDT,justdave,Flags,approval+,approval?
2003-10-15 19:13:29 PDT,timeless,Status,RESOLVED,ASSIGNED
2003-10-15 19:13:29 PDT,timeless,Resolution,FIXED,---
2003-10-15 19:13:29 PDT,timeless,Last Resolved,2003-10-15 19:13:29,
2003-10-16 11:05:20 PDT,gerv,CC,gerv, justdave,
2003-10-16 11:26:34 PDT,justdave,Status,REOPENED,RESOLVED
2003-10-16 11:26:34 PDT,justdave,Resolution,---,FIXED
2003-10-16 11:26:34 PDT,justdave,Flags,,approval+
2003-10-16 18:57:24 PDT,caduvall,Summary,knob is not defined error message does not help a user find the error,knob is not defined doesn't explain to 2001110503 users what to do
2003-10-16 18:57:24 PDT,caduvall,Status,ASSIGNED,REOPENED
2003-10-16 18:57:24 PDT,caduvall,CC,burnus,
2003-10-16 19:13:46 PDT,caduvall,Attachment #133159                Attachment is obsolete,1,0
2003-10-16 19:29:41 PDT,caduvall,Attachment #133465                Flags,review?(timeless),
2003-10-16 19:32:13 PDT,caduvall,Attachment #133465                Flags,review?(gerv),
2003-10-16 20:55:16 PDT,caduvall,Attachment #133465                Attachment is obsolete,1,0
2003-10-16 20:56:56 PDT,caduvall,Attachment #133471                Flags,review?(gerv),
2003-10-16 20:57:15 PDT,caduvall,Attachment #133465                Flags,,review?(timeless), review?(gerv)
2003-10-18 15:12:09 PDT,caduvall,Attachment #133471                Attachment is obsolete,1,0
2003-10-18 15:12:53 PDT,caduvall,Flags,approval?,
2003-10-18 15:16:23 PDT,justdave,Attachment #133471                Flags,,review?(gerv)
2003-10-18 15:24:55 PDT,justdave,Attachment #133603                Flags,review+,
2003-10-18 15:25:16 PDT,justdave,Flags,approval+,approval?
2003-10-18 15:29:29 PDT,vladd,Hardware,All,PC
2003-10-18 15:29:29 PDT,vladd,OS,All,Windows 98
2003-10-18 15:36:40 PDT,vladd,Summary,knob is not a defined error message and it does not help a user find the error,knob is not defined error message does not help a user find the error
2003-10-18 15:37:41 PDT,vladd,Status,RESOLVED,ASSIGNED
2003-10-18 15:37:41 PDT,vladd,Resolution,FIXED,---
2003-10-18 15:37:41 PDT,vladd,Last Resolved,2003-10-18 15:37:41,2003-10-15 19:13:29
2003-10-20 23:22:29 PDT,justdave,Summary,"knob is not defined" error message does not help a user find the error,knob is not a defined error message and it does not help a user find the error
2012-12-18 20:46:27 PST,nobody,QA Contact,default-qa,matty_is_a_geek
