When, Who, What, Added, Removed
2001-11-06 07:04:26 PST,rods,Assignee,kin,rods
2001-11-06 07:49:40 PST,bzbarsky,CC,blakeross, bzbarsky,
2001-11-09 15:02:14 PST,bugzilla,Keywords,mozilla0.9.7, regression,
2001-11-09 15:02:14 PST,bugzilla,CC,matti,
2001-11-09 15:25:07 PST,kinmoz,Status,ASSIGNED,NEW
2001-11-09 15:25:07 PST,kinmoz,Priority,P1,--
2001-11-09 15:25:07 PST,kinmoz,Target Milestone,mozilla0.9.7,---
2001-11-13 14:36:38 PST,kinmoz,CC,jst,
2001-11-13 14:41:10 PST,kinmoz,Whiteboard,FIX IN HAND, need r= and sr=,
2001-11-13 14:41:10 PST,kinmoz,Summary,No context menu when right clicking on form text widgets,Very long and incorrect context menu is shown when right-clicking on textbox.
2001-11-13 23:55:55 PST,jst,Attachment #57649                Flags,superreview+,
2001-11-14 10:01:14 PST,kinmoz,Whiteboard,FIX IN HAND, need r=,FIX IN HAND, need r= and sr=
2001-11-14 10:55:44 PST,bugzilla,Attachment #57649                Flags,review+,
2001-11-14 11:43:17 PST,kinmoz,Whiteboard,FIX IN HAND, ready for checkin,FIX IN HAND, need r=
2001-11-14 16:02:27 PST,kinmoz,Whiteboard,fixed on trunk,FIX IN HAND, ready for checkin
2001-11-14 19:44:20 PST,blizzard,Keywords,mozilla0.9.6+,
2001-11-14 19:44:20 PST,blizzard,Blocks,104864,
2001-11-15 11:59:52 PST,kinmoz,Whiteboard,fixed on trunk and mozilla0.9.6 branch,fixed on trunk
2001-11-15 11:59:52 PST,kinmoz,Status,RESOLVED,ASSIGNED
2001-11-15 11:59:52 PST,kinmoz,Resolution,FIXED,---
2001-11-15 11:59:52 PST,kinmoz,Last Resolved,2001-11-15 11:59:52,
2001-11-20 15:32:06 PST,madhur,Status,VERIFIED,RESOLVED
