When, Who, What, Added, Removed
2001-11-06 00:22:47 PST,dbaron,Priority,P2,--
2001-11-06 00:22:47 PST,dbaron,Target Milestone,mozilla0.9.6,---
2001-11-06 00:22:47 PST,dbaron,Status,ASSIGNED,NEW
2001-11-07 01:03:08 PST,dbaron,Target Milestone,mozilla0.9.7,mozilla0.9.6
2001-11-08 16:49:56 PST,dbaron,Summary,[mach-o]rhapsody xptcinvoke code doesn't link stack for debuggers,rhapsody xptcinvoke code doesn't link stack for debuggers
2001-11-26 18:24:35 PST,beard,Attachment #56691                Flags,superreview+,
2001-11-26 19:34:39 PST,sfraser_bugs,Attachment #56691                Flags,review+,
2001-11-27 17:24:20 PST,dbaron,Hardware,Macintosh,All
2001-11-27 17:24:20 PST,dbaron,OS,MacOS X,All
2001-11-28 12:22:33 PST,dbaron,Status,RESOLVED,ASSIGNED
2001-11-28 12:22:33 PST,dbaron,Resolution,FIXED,---
2001-11-28 12:22:33 PST,dbaron,Last Resolved,2001-11-28 12:22:33,
2001-11-28 12:44:13 PST,pschwartau,Status,VERIFIED,RESOLVED
