When, Who, What, Added, Removed
2001-11-05 21:08:59 PST,mscott,Keywords,nsbeta1, perf,
2001-11-05 21:08:59 PST,mscott,Status,ASSIGNED,NEW
2001-11-05 21:08:59 PST,mscott,Blocks,22960,
2001-11-05 21:08:59 PST,mscott,Target Milestone,mozilla0.9.7,---
2001-11-05 21:24:38 PST,jag-mozilla,CC,hyatt,
2001-11-06 11:31:56 PST,bugzilla,QA Contact,jrgm,sairuh
2001-11-06 11:31:56 PST,bugzilla,CC,claudius,
2001-11-06 12:23:42 PST,hwaara,CC,hwaara,
2001-11-06 16:25:08 PST,mscott,Attachment #56686                Attachment is obsolete,1,0
2001-11-07 11:19:10 PST,scottputterman,Keywords,nsbeta1+,nsbeta1
2001-11-09 14:33:49 PST,mscott,Attachment #56990                Flags,review+,
2001-11-09 14:34:26 PST,mscott,Attachment #56808                Attachment is obsolete,1,0
2001-11-09 15:34:39 PST,hewitt,Attachment #56990                Flags,superreview+,
2001-11-09 15:45:26 PST,mscott,Last Resolved,2001-11-09 15:45:26,
2001-11-09 15:45:26 PST,mscott,Status,RESOLVED,ASSIGNED
2001-11-09 15:45:26 PST,mscott,Resolution,FIXED,---
2001-11-20 16:15:21 PST,stephend,QA Contact,stephend,jrgm
2001-11-20 16:18:30 PST,stephend,QA Contact,jrgm,stephend
2001-11-20 16:18:30 PST,stephend,CC,stephend,
2004-11-23 18:54:58 PST,myk,Product,Mozilla Application Suite,Core
