When, Who, What, Added, Removed
2001-11-05 18:43:30 PST,bugzilla,QA Contact,moied,sairuh
2001-11-05 18:43:30 PST,bugzilla,Component,Parser,XP Apps
2001-11-05 18:43:30 PST,bugzilla,Assignee,harishd,pchen
2001-11-05 22:21:55 PST,choess,Status,NEW,UNCONFIRMED
2001-11-05 22:21:55 PST,choess,Component,Networking: HTTP,Parser
2001-11-05 22:21:55 PST,choess,Assignee,darin,harishd
2001-11-05 22:21:55 PST,choess,QA Contact,tever,moied
2001-11-05 22:21:55 PST,choess,Ever confirmed,1,0
2001-11-06 01:44:39 PST,bugzilla-mozilla,CC,bugzilla,
2001-11-11 11:59:59 PST,gaborliptak,Status,RESOLVED,NEW
2001-11-11 11:59:59 PST,gaborliptak,Resolution,FIXED,---
2001-11-11 11:59:59 PST,gaborliptak,Last Resolved,2001-11-11 11:59:59,
2002-12-27 14:10:53 PST,junruh,Status,VERIFIED,RESOLVED
2002-12-27 14:10:53 PST,junruh,QA Contact,junruh,tever
2002-12-27 14:10:53 PST,junruh,CC,tever,
