When, Who, What, Added, Removed
2001-11-07 09:36:24 PST,ssaux,Priority,P1,--
2001-11-07 09:36:24 PST,ssaux,Target Milestone,2.2,---
2001-11-08 18:16:25 PST,kaie,Blocks,75947,
2001-11-13 11:15:11 PST,kaie,Status,ASSIGNED,NEW
2001-11-14 11:44:22 PST,kaie,Blocks,99566,
2001-11-14 11:55:25 PST,ccarlen,CC,ccarlen,
2001-11-15 14:35:25 PST,blizzard,Attachment #57164                Flags,superreview+,
2001-11-15 18:03:03 PST,kaie,Status,RESOLVED,ASSIGNED
2001-11-15 18:03:03 PST,kaie,Resolution,FIXED,---
2001-11-15 18:03:03 PST,kaie,Last Resolved,2001-11-15 18:03:03,
2001-11-29 14:03:13 PST,junruh,Status,VERIFIED,RESOLVED
2005-03-09 01:21:55 PST,timeless,Product,Core,PSM
2005-03-09 01:21:55 PST,timeless,Component,Security: UI,Security: UI
2008-07-10 02:17:17 PDT,timeless,Version,1.0 Branch,psm2.1
