When, Who, What, Added, Removed
2001-11-06 11:43:46 PST,pschwartau,CC,pschwartau,
2001-11-06 11:43:46 PST,pschwartau,Component,DOM Level 0,Javascript Engine
2001-11-06 11:43:46 PST,pschwartau,Assignee,jst,rogerl
2001-11-06 11:43:46 PST,pschwartau,QA Contact,amar,pschwartau
2001-11-06 13:57:57 PST,bzbarsky,Ever confirmed,1,0
2001-11-06 13:57:57 PST,bzbarsky,Product,Tech Evangelism,Browser
2001-11-06 13:57:57 PST,bzbarsky,Version,unspecified,other
2001-11-06 13:57:57 PST,bzbarsky,Hardware,All,PC
2001-11-06 13:57:57 PST,bzbarsky,OS,All,Windows 2000
2001-11-06 13:57:57 PST,bzbarsky,Status,NEW,UNCONFIRMED
2001-11-06 13:57:57 PST,bzbarsky,Component,English: US,DOM Level 0
2001-11-06 13:57:57 PST,bzbarsky,Assignee,bclary,jst
2001-11-06 13:57:57 PST,bzbarsky,QA Contact,zach,amar
2001-11-06 13:57:57 PST,bzbarsky,CC,bzbarsky,
2001-11-10 19:59:29 PST,bob,Summary,nytimes.com - JavaScript enabled link using openWin() fails to open new window,JavaScript enabled link using openWin() fails to open new window
2001-11-10 19:59:29 PST,bob,Priority,P1,--
2002-01-22 07:27:53 PST,bob,Whiteboard,[aok],
2002-01-31 21:30:34 PST,bob,Keywords,evang500,
2002-01-31 21:30:34 PST,bob,Whiteboard,,[aok]
2002-02-15 19:53:00 PST,contact2009,CC,xah,
2002-02-16 00:23:57 PST,kleist,Status,RESOLVED,NEW
2002-02-16 00:23:57 PST,kleist,Resolution,WORKSFORME,---
2002-02-16 00:23:57 PST,kleist,Last Resolved,2002-02-16 00:23:57,
2002-04-03 21:39:36 PST,brant,Status,REOPENED,RESOLVED
2002-04-03 21:39:36 PST,brant,Resolution,---,WORKSFORME
2002-04-20 20:39:02 PDT,contact2009,Status,RESOLVED,REOPENED
2002-04-20 20:39:02 PDT,contact2009,Resolution,WORKSFORME,---
2002-04-20 20:39:02 PDT,contact2009,Last Resolved,2002-04-20 20:39:02,2002-02-16 00:23:57
2002-04-21 09:34:51 PDT,brant,Status,REOPENED,RESOLVED
2002-04-21 09:34:51 PDT,brant,Resolution,---,WORKSFORME
2002-04-21 09:34:51 PDT,brant,Whiteboard,[SYNTAX-JS],
2002-05-11 07:16:12 PDT,contact2009,CC,,xah
2003-04-13 20:49:12 PDT,bzbarsky,CC,,bzbarsky
2003-06-12 07:05:03 PDT,bob,Status,NEW,REOPENED
2003-06-12 07:05:03 PDT,bob,Assignee,english-us,bc
2003-06-12 07:05:03 PDT,bob,QA Contact,english-us,zach
2004-04-21 15:21:33 PDT,bob,Resolution,FIXED,---
2004-04-21 15:21:33 PDT,bob,CC,bob,
2004-04-21 15:21:33 PDT,bob,Last Resolved,2004-04-21 15:21:33,2002-04-20 20:39:02
2004-04-21 15:21:33 PDT,bob,Status,RESOLVED,NEW
2015-04-19 23:39:42 PDT,nobody,Product,Tech Evangelism Graveyard,Tech Evangelism
