When, Who, What, Added, Removed
2001-11-07 15:25:10 PST,cathleennscp,CC,dp,
2001-11-15 02:32:06 PST,hewitt,Status,ASSIGNED,NEW
2001-11-15 02:32:06 PST,hewitt,Target Milestone,mozilla0.9.7,---
2001-11-19 18:13:45 PST,cathleennscp,Blocks,7251,
2001-12-03 21:12:48 PST,hewitt,Target Milestone,---,mozilla0.9.7
2001-12-20 18:21:23 PST,hewitt,Last Resolved,2001-12-20 18:21:23,
2001-12-20 18:21:23 PST,hewitt,Status,RESOLVED,ASSIGNED
2001-12-20 18:21:23 PST,hewitt,Resolution,FIXED,---
2004-11-22 17:25:08 PST,myk,Product,Seamonkey,Browser
