When, Who, What, Added, Removed
2001-11-06 07:51:01 PST,blizzard,Summary,hang when loading javascript: urls from bookmarks or when the wallet prompts for a password,hang when loading javascript: urls from bookmarks
2001-11-06 07:51:01 PST,blizzard,Severity,blocker,normal
2001-11-06 07:51:01 PST,blizzard,Component,Password Manager,Embedding: Docshell
2001-11-06 07:51:41 PST,blizzard,Assignee,morse,danm
2001-11-06 08:13:08 PST,john,CC,jkeiser,
2001-11-06 08:32:55 PST,blizzard,Assignee,darin,morse
2001-11-06 08:33:24 PST,blizzard,Blocks,107789,
2001-11-06 09:01:56 PST,morse,CC,waterson,
2001-11-06 09:03:47 PST,MozillaUser,CC,MozillaUser,
2001-11-06 09:04:27 PST,asa,CC,sconest,
2001-11-06 09:04:54 PST,asa,Keywords,smoketest,
2001-11-06 09:46:52 PST,twalker,CC,twalker,
2001-11-06 09:52:58 PST,aleksander.adamowski,CC,olo,
2001-11-06 10:48:04 PST,twalker,Hardware,All,PC
2001-11-06 10:48:04 PST,twalker,OS,All,Linux
2001-11-06 11:00:26 PST,pavlov,Keywords,,smoketest
2001-11-06 11:00:26 PST,pavlov,Severity,critical,blocker
2001-11-06 11:01:16 PST,darin.moz,Keywords,smoketest,
2001-11-06 11:01:16 PST,darin.moz,Status,RESOLVED,NEW
2001-11-06 11:01:16 PST,darin.moz,Resolution,FIXED,---
2001-11-06 11:01:16 PST,darin.moz,Severity,blocker,critical
2001-11-06 11:01:16 PST,darin.moz,Last Resolved,2001-11-06 11:01:16,
2001-11-06 11:01:45 PST,darin.moz,Severity,critical,blocker
2001-11-06 11:01:45 PST,darin.moz,Keywords,,smoketest
2001-11-06 11:38:44 PST,spam,CC,daveg,
2001-11-06 12:41:59 PST,morse,CC,neil.marshall,
2001-11-06 14:19:22 PST,diego,CC,georg.wild,
2001-11-06 14:23:21 PST,diego,CC,lkolesza,
2001-11-06 14:31:27 PST,jg,Summary,hang on submit or when loading javascript: urls from bookmarks or when the wallet prompts for a password,hang when loading javascript: urls from bookmarks or when the wallet prompts for a password
2001-11-06 16:56:11 PST,madhur,Status,REOPENED,RESOLVED
2001-11-06 16:56:11 PST,madhur,Resolution,---,FIXED
2001-11-06 18:01:24 PST,alexsavulov,CC,daisuke,
2001-11-06 21:16:32 PST,ariel_gonz,CC,ariel_gonz,
2001-11-06 22:51:27 PST,aha,CC,aha,
2001-11-07 10:22:20 PST,twalker,Resolution,FIXED,---
2001-11-07 10:22:20 PST,twalker,Last Resolved,2001-11-07 10:22:20,2001-11-06 11:01:16
2001-11-07 10:22:20 PST,twalker,Status,RESOLVED,REOPENED
2001-11-07 11:26:44 PST,alexsavulov,CC,bugzilla,
2001-12-17 10:52:24 PST,twalker,Status,VERIFIED,RESOLVED
2004-11-22 17:25:08 PST,myk,Product,Seamonkey,Browser
2008-07-31 10:10:45 PDT,MozillaUser,CC,,MozillaUser
