When, Who, What, Added, Removed
2001-11-05 20:53:01 PST,aaronlev,Keywords,access, fcc508,
2001-11-05 20:53:01 PST,aaronlev,Status,ASSIGNED,NEW
2001-11-06 01:54:10 PST,aaronlev,Whiteboard,seeking r=, sr=,
2001-11-06 18:20:43 PST,aaronlev,Attachment #56697                Attachment is obsolete,1,0
2001-11-06 18:21:14 PST,aaronlev,Attachment #56837                Flags,review+,
2001-11-06 18:21:47 PST,aaronlev,Whiteboard,seeking sr=,seeking r=, sr=
2001-11-06 18:21:47 PST,aaronlev,CC,hyatt,
2001-11-06 18:35:49 PST,hyatt,Whiteboard,seeking r=, sr=,seeking sr=
2001-11-06 18:36:08 PST,hyatt,Attachment #56837                Flags,needs-work+,
2001-11-07 10:17:09 PST,aaronlev,Attachment #56843                Attachment is obsolete,1,0
2001-11-07 10:17:29 PST,aaronlev,Attachment #56862                Attachment is obsolete,1,0
2001-11-07 10:17:51 PST,aaronlev,Attachment #56837                Attachment is obsolete,1,0
2001-11-07 17:12:20 PST,mozilla,Attachment #56892                Flags,review+,
2001-11-08 19:45:04 PST,aaronlev,Blocks,82207,
2001-11-15 20:42:03 PST,hewitt,Attachment #56892                Flags,superreview+,
2001-11-19 20:38:36 PST,aaronlev,Resolution,FIXED,---
2001-11-19 20:38:36 PST,aaronlev,Last Resolved,2001-11-19 20:38:36,
2001-11-19 20:38:36 PST,aaronlev,Status,RESOLVED,ASSIGNED
2004-11-22 17:25:08 PST,myk,Product,Seamonkey,Browser
