When, Who, What, Added, Removed
2001-11-24 16:59:23 PST,bugmail,URL,http://www.shadowmarch.com/,
2001-11-24 16:59:23 PST,bugmail,Summary,Command-click on a linked image map area fails to follow link,[apple]-click on image-map doesn't work
2001-11-24 16:59:23 PST,bugmail,Status,NEW,UNCONFIRMED
2001-11-24 16:59:23 PST,bugmail,Ever confirmed,1,0
2001-11-28 14:53:55 PST,joki,Target Milestone,mozilla1.1,---
2001-12-08 09:13:21 PST,mac.bjarnedm,Status,RESOLVED,NEW
2001-12-08 09:13:21 PST,mac.bjarnedm,Resolution,FIXED,---
2001-12-08 09:13:21 PST,mac.bjarnedm,Last Resolved,2001-12-08 09:13:21,
2002-04-17 18:33:51 PDT,rakeshmishra,QA Contact,rakeshmishra,madhur
2002-05-09 09:59:39 PDT,mac.bjarnedm,CC,mozilla,
2002-11-21 13:25:32 PST,trix,QA Contact,trix,rakeshmishra
