When, Who, What, Added, Removed
2002-01-01 10:17:14 PST,dbaron,Status,ASSIGNED,NEW
2002-10-04 07:42:24 PDT,dbaron,Target Milestone,Future,---
2002-10-04 07:42:24 PDT,dbaron,Priority,P2,--
2006-06-19 02:13:43 PDT,gavin.sharp,QA Contact,xpcom,scc
2007-08-13 05:40:11 PDT,jag-mozilla,CC,benjamin,
2007-08-13 05:50:30 PDT,jag-mozilla,CC,mats.palmgren,
2013-01-18 15:02:45 PST,benjamin,Priority,P5,P2
2013-01-18 15:02:45 PST,benjamin,Assignee,nobody,dbaron
2014-04-11 11:22:28 PDT,benjamin,Status,NEW,ASSIGNED
2014-04-11 11:22:28 PDT,benjamin,Whiteboard,[good first bug][lang=C++],
2015-04-10 12:39:54 PDT,continuation,CC,continuation,
2015-04-10 13:04:41 PDT,continuation,Summary,NS_IMPL_QUERY_INTERFACE_INHERITED0 is silly,NS_IMPL_QUERYINTERFACE_INHERITED0 is silly
2015-04-10 13:05:01 PDT,continuation,URL,https://dxr.mozilla.org/mozilla-central/search?q=NS_IMPL_QUERY_INTERFACE_INHERITED0&case=true,http://lxr.mozilla.org/seamonkey/search?string=INHERITED0
2015-07-01 20:25:14 PDT,aidin,CC,aidin,
2015-07-02 05:27:10 PDT,josh,CC,josh,
2015-07-11 19:24:11 PDT,aidin,Attachment #8632508                Flags,review?(continuation),
2015-07-11 19:32:23 PDT,continuation,Assignee,aidin,nobody
2015-07-13 12:23:20 PDT,continuation,Attachment #8632508                Flags,review-,review?(continuation)
2015-07-13 12:28:51 PDT,continuation,Flags,needinfo?(benjamin),
2015-07-13 13:16:19 PDT,benjamin,Flags,,needinfo?(benjamin)
2015-07-24 04:05:46 PDT,aidin,Attachment #8632508                Attachment is obsolete,1,0
2015-07-24 04:05:46 PDT,aidin,Attachment #8638484                Flags,review?(continuation),
2015-07-24 10:39:16 PDT,continuation,Attachment #8638484                Flags,review?(nfroyd), feedback+,review?(continuation)
2015-07-24 10:39:16 PDT,continuation,CC,nfroyd,
2015-07-24 11:01:45 PDT,nfroyd,Attachment #8638484                Flags,review+,review?(nfroyd)
2015-07-24 12:13:43 PDT,aidin,Attachment #8638484                Attachment is obsolete,1,0
2015-07-24 12:13:43 PDT,aidin,Attachment #8638699                Flags,review?(nfroyd),
2015-07-27 08:08:06 PDT,nfroyd,Attachment #8638699                Flags,review+,review?(nfroyd)
2015-07-28 09:56:37 PDT,allamsetty.anup,CC,allamsetty.anup,
2015-07-29 10:55:20 PDT,aidin,Keywords,checkin-needed,
2015-07-29 11:30:03 PDT,pulsebot,Keywords,,checkin-needed
2015-07-29 18:14:50 PDT,wkocher,status-firefox42,fixed,---
2015-07-29 18:14:50 PDT,wkocher,Status,RESOLVED,NEW
2015-07-29 18:14:50 PDT,wkocher,Resolution,FIXED,---
2015-07-29 18:14:50 PDT,wkocher,Last Resolved,2015-07-29 18:14:50,
