When, Who, What, Added, Removed
2001-11-06 07:54:27 PST,bzbarsky,Status,NEW,UNCONFIRMED
2001-11-06 07:54:27 PST,bzbarsky,CC,bzbarsky,
2001-11-06 07:54:27 PST,bzbarsky,Ever confirmed,1,0
2001-11-06 10:42:32 PST,rginda,Status,ASSIGNED,NEW
2001-12-14 16:17:26 PST,rginda,Status,RESOLVED,ASSIGNED
2001-12-14 16:17:26 PST,rginda,Resolution,FIXED,---
2001-12-14 16:17:26 PST,rginda,Depends on,103386,
2001-12-14 16:17:26 PST,rginda,Last Resolved,2001-12-14 16:17:26,
2001-12-14 17:36:43 PST,pali,Status,VERIFIED,RESOLVED
2004-11-23 18:54:30 PST,myk,Product,Other Applications,Core
