When, Who, What, Added, Removed
2001-11-06 12:51:12 PST,cmanske,Target Milestone,mozilla0.9.7,---
2001-11-06 12:51:12 PST,cmanske,Summary,Font color icon fails to open Color Picker dialog,Font color icon fails to open pallet dialogue
2001-11-06 12:51:12 PST,cmanske,Status,ASSIGNED,NEW
2001-11-06 13:03:13 PST,sujay,CC,shrir, dslmichael,
2001-11-06 13:05:09 PST,sujay,CC,brade, akkana,
2001-11-07 08:08:51 PST,brade,Keywords,regression,
2001-11-07 08:08:51 PST,brade,Whiteboard,EDITORBASE,
2001-11-07 09:24:09 PST,sujay,Whiteboard,EDITORBASE [QAHP],EDITORBASE
2001-11-07 09:24:09 PST,sujay,CC,cmanske,
2001-11-08 15:02:47 PST,sujay,Keywords,nsbeta1+,
2001-11-08 15:06:04 PST,brade,Status,NEW,ASSIGNED
2001-11-08 15:06:04 PST,brade,Assignee,cmanske,syd
2001-11-08 15:08:33 PST,sujay,CC,,cmanske
2001-11-08 16:14:00 PST,cmanske,Status,ASSIGNED,NEW
2001-11-08 16:14:00 PST,cmanske,Severity,major,normal
2001-11-21 10:00:09 PST,cmanske,Summary,Font color icon fails to open Colorpicker dialog,Font color icon fails to open Color Picker dialog
2001-11-21 10:03:23 PST,cmanske,Keywords,patch, review,
2001-11-21 10:03:23 PST,cmanske,Whiteboard,EDITORBASE [QAHP] FIX IN HAND, need r=,sr=,EDITORBASE [QAHP]
2001-11-21 10:07:33 PST,kinmoz,Attachment #58721                Flags,superreview+,
2001-11-21 10:20:02 PST,timeless,Attachment #58721                Flags,review+,
2001-11-21 10:32:18 PST,cmanske,Keywords,,review
2001-11-21 10:32:18 PST,cmanske,Whiteboard,EDITORBASE [QAHP] FIX IN HAND, reviewed,EDITORBASE [QAHP] FIX IN HAND, need r=,sr=
2001-11-21 16:18:11 PST,cmanske,Resolution,FIXED,---
2001-11-21 16:18:11 PST,cmanske,Last Resolved,2001-11-21 16:18:11,
2001-11-21 16:18:11 PST,cmanske,Keywords,,patch
2001-11-21 16:18:11 PST,cmanske,Whiteboard,EDITORBASE [QAHP],EDITORBASE [QAHP] FIX IN HAND, reviewed
2001-11-21 16:18:11 PST,cmanske,Status,RESOLVED,ASSIGNED
2001-11-26 09:10:38 PST,twalker,Status,VERIFIED,RESOLVED
2001-11-26 10:36:29 PST,sujay,CC,susiew,
2001-12-18 10:20:21 PST,TucsonTester1,CC,jpbalzenaz,
2001-12-18 10:56:42 PST,susiew,CC,,susiew
2004-11-22 17:25:08 PST,myk,Product,Seamonkey,Browser
