When, Who, What, Added, Removed
2001-11-06 09:41:36 PST,alecf,Status,ASSIGNED,NEW
2001-11-06 09:41:36 PST,alecf,Priority,P2,--
2001-11-06 09:41:36 PST,alecf,Target Milestone,mozilla0.9.6,---
2001-11-06 10:24:07 PST,alecf,Whiteboard,fix in hand,
2001-11-06 11:31:42 PST,darin.moz,Attachment #56724                Flags,superreview+,
2001-11-06 15:25:44 PST,alecf,Resolution,FIXED,---
2001-11-06 15:25:44 PST,alecf,Last Resolved,2001-11-06 15:25:44,
2001-11-06 15:25:44 PST,alecf,Status,RESOLVED,ASSIGNED
