When, Who, What, Added, Removed
2001-11-07 14:50:39 PST,mozillamarcia.knous,Summary,Request CVS write access to Rhino for Igor Bukanov,Request CVS write access to Rhino
2001-11-07 14:50:39 PST,mozillamarcia.knous,Status,ASSIGNED,NEW
2001-12-19 17:45:47 PST,mozillamarcia.knous,Status,RESOLVED,ASSIGNED
2001-12-19 17:45:47 PST,mozillamarcia.knous,Resolution,FIXED,---
2001-12-19 17:45:47 PST,mozillamarcia.knous,Last Resolved,2001-12-19 17:45:47,
2002-01-28 15:32:55 PST,igor,Status,REOPENED,RESOLVED
2002-01-28 15:32:55 PST,igor,Resolution,---,FIXED
2002-07-23 13:49:02 PDT,mozillamarcia.knous,Resolution,FIXED,---
2002-07-23 13:49:02 PDT,mozillamarcia.knous,Last Resolved,2002-07-23 13:49:02,2001-12-19 17:45:47
2002-07-23 13:49:02 PDT,mozillamarcia.knous,Status,RESOLVED,REOPENED
