When, Who, What, Added, Removed
2001-11-05 18:10:09 PST,samir_bugzilla,URL,http://www.mozilla.org/xpapps/sidebar/perf/nav-effect.html,
2001-11-05 18:17:52 PST,bugzilla,CC,blakeross,
2001-11-05 20:59:37 PST,brendan,CC,hyatt, jaggernaut,
2001-11-05 23:46:51 PST,hsivonen,CC,henris,
2001-11-07 10:18:56 PST,dp,Blocks,7251,
2001-11-07 15:21:40 PST,cathleennscp,CC,dp,
2001-11-30 12:31:06 PST,samir_bugzilla,Priority,P1,--
2001-11-30 12:31:06 PST,samir_bugzilla,Target Milestone,mozilla0.9.7,---
2001-12-13 12:10:44 PST,ezh,CC,ezh,
2001-12-20 15:59:13 PST,samir_bugzilla,Target Milestone,mozilla0.9.8,mozilla0.9.7
2002-01-14 12:23:00 PST,samir_bugzilla,Target Milestone,mozilla0.9.9,mozilla0.9.8
2002-02-03 11:14:26 PST,basic,CC,_basic,
2002-02-06 10:10:51 PST,samir_bugzilla,Resolution,FIXED,---
2002-02-06 10:10:51 PST,samir_bugzilla,Last Resolved,2002-02-06 10:10:51,
2002-02-06 10:10:51 PST,samir_bugzilla,Status,RESOLVED,NEW
2004-11-22 17:25:08 PST,myk,Product,Seamonkey,Browser
2014-04-26 03:10:53 PDT,basic,CC,,basic
