When, Who, What, Added, Removed
2001-11-05 22:19:54 PST,stephend,Keywords,mailtrack, mlk,
2001-11-06 10:04:32 PST,nhottanscp,Status,ASSIGNED,NEW
2001-11-06 10:04:32 PST,nhottanscp,Target Milestone,mozilla0.9.7,---
2001-11-18 07:50:50 PST,mozilla,CC,bienvenu,
2001-11-21 11:16:18 PST,ji,Keywords,nsbeta1,
2001-11-21 18:26:01 PST,dbaron,Product,Browser,MailNews
2001-11-21 18:26:01 PST,dbaron,Status,NEW,ASSIGNED
2001-11-21 18:26:01 PST,dbaron,Assignee,yokoyama,nhotta
2001-11-21 18:26:01 PST,dbaron,QA Contact,teruko,ji
2001-11-21 18:26:38 PST,dbaron,Component,Style System,Internationalization
2001-11-21 18:26:38 PST,dbaron,Assignee,dbaron,yokoyama
2001-11-21 18:26:38 PST,dbaron,QA Contact,ian,teruko
2001-11-21 18:54:32 PST,dbaron,CC,hewitt,
2001-11-21 19:05:25 PST,dbaron,Priority,P2,--
2001-11-21 19:06:54 PST,mozilla,Attachment #58821                Flags,superreview+,
2001-11-21 19:09:13 PST,hewitt,Attachment #58821                Flags,review+,
2001-11-22 21:02:35 PST,dbaron,Status,RESOLVED,NEW
2001-11-22 21:02:35 PST,dbaron,Resolution,FIXED,---
2001-11-22 21:02:35 PST,dbaron,Last Resolved,2001-11-22 21:02:35,
2002-02-22 13:24:04 PST,stephend,Status,VERIFIED,RESOLVED
