When, Who, What, Added, Removed
2001-11-22 00:19:09 PST,caillon,Summary,psion.com - form doesnt work,form doesnt work
2001-11-22 00:19:09 PST,caillon,Component,Europe: West,English: US
2001-11-22 00:19:09 PST,caillon,Assignee,nitot,bclary
2001-11-22 00:19:09 PST,caillon,QA Contact,caillon,zach
2001-11-22 04:33:11 PST,johann.petrak,Status,RESOLVED,UNCONFIRMED
2001-11-22 04:33:11 PST,johann.petrak,Resolution,FIXED,---
2001-11-22 04:33:11 PST,johann.petrak,Last Resolved,2001-11-22 04:33:11,
2001-11-23 01:43:33 PST,z-aillon.c-obsolete2,Status,VERIFIED,RESOLVED
2003-06-14 15:23:27 PDT,pascalc,Component,English Other,Europe: West
2015-04-19 23:39:06 PDT,nobody,Product,Tech Evangelism Graveyard,Tech Evangelism
