When, Who, What, Added, Removed
2001-11-07 15:23:33 PST,cathleennscp,CC,dp,
2001-11-19 18:13:45 PST,cathleennscp,Blocks,7251,
2002-01-27 13:19:51 PST,asa,Component,XP Apps,Browser-General
2002-01-27 13:19:51 PST,asa,Assignee,trudelle,pchen
2002-01-27 13:19:51 PST,asa,QA Contact,sairuh,doronr
2002-02-03 11:15:14 PST,basic,CC,_basic,
2002-02-12 23:19:08 PST,trudelle,Status,RESOLVED,NEW
2002-02-12 23:19:08 PST,trudelle,Resolution,FIXED,---
2002-02-12 23:19:08 PST,trudelle,Last Resolved,2002-02-12 23:19:08,
2002-02-21 13:57:25 PST,bugzilla,Keywords,perf,
2002-02-21 13:57:25 PST,bugzilla,QA Contact,jrgm,sairuh
2002-02-21 13:57:25 PST,bugzilla,CC,claudius,
2004-11-23 18:54:58 PST,myk,Product,Mozilla Application Suite,Core
2014-04-26 02:24:56 PDT,basic,CC,,basic
