When, Who, What, Added, Removed
2001-11-05 19:07:46 PST,kaie,Status,ASSIGNED,NEW
2001-11-05 19:16:31 PST,ssaux,Priority,P2,--
2001-11-05 19:16:31 PST,ssaux,Target Milestone,2.2,---
2001-11-06 09:44:24 PST,ddrinan0264,Attachment #56671                Flags,review+,
2001-11-07 08:17:18 PST,blizzard,Attachment #56671                Flags,superreview+,
2001-11-11 21:02:30 PST,kaie,Status,RESOLVED,ASSIGNED
2001-11-11 21:02:30 PST,kaie,Resolution,FIXED,---
2001-11-11 21:02:30 PST,kaie,Last Resolved,2001-11-11 21:02:30,
2001-11-14 13:28:35 PST,kaie,Status,REOPENED,RESOLVED
2001-11-14 13:28:35 PST,kaie,Resolution,---,FIXED
2001-11-15 23:05:49 PST,kaie,Status,ASSIGNED,REOPENED
2001-11-16 09:07:24 PST,junruh,Status,RESOLVED,ASSIGNED
2001-11-16 09:07:24 PST,junruh,Resolution,FIXED,---
2001-11-16 09:07:24 PST,junruh,Last Resolved,2001-11-16 09:07:24,2001-11-11 21:02:30
2001-11-27 14:04:50 PST,junruh,Status,VERIFIED,RESOLVED
2005-03-09 01:22:13 PST,timeless,Product,Core,PSM
2005-03-09 01:22:13 PST,timeless,Component,Security: UI,Security: UI
2008-07-10 02:17:18 PDT,timeless,Version,1.0 Branch,psm2.1
