When, Who, What, Added, Removed
2001-11-06 02:07:07 PST,markushuebner,Keywords,crash,
2001-11-06 03:23:08 PST,mozilla-06,Severity,critical,major
2001-11-06 03:23:08 PST,mozilla-06,URL,http://www.dhtmlnirvana.com/,http://www.dhtmlnirvana.com
2001-11-06 04:53:31 PST,markushuebner,Keywords,regression,
2001-11-06 05:50:50 PST,mozbug,OS,All,Windows 2000
2001-11-06 05:50:50 PST,mozbug,CC,sconest,
2001-11-06 14:13:25 PST,diego,CC,diego,
2001-11-06 15:55:57 PST,jst,Status,ASSIGNED,NEW
2001-11-06 15:55:57 PST,jst,Target Milestone,mozilla0.9.6,---
2001-11-06 16:10:31 PST,harishd,Attachment #56804                Flags,review+,
2001-11-06 16:13:11 PST,jst,Attachment #56804                Flags,superreview+,
2001-11-06 16:15:54 PST,jst,Status,RESOLVED,ASSIGNED
2001-11-06 16:15:54 PST,jst,Resolution,FIXED,---
2001-11-06 16:15:54 PST,jst,Last Resolved,2001-11-06 16:15:54,
2001-11-06 19:54:33 PST,jst,CC,cahagn_o,
2001-11-07 11:26:56 PST,amar,Resolution,---,FIXED
2001-11-07 11:26:56 PST,amar,Status,REOPENED,RESOLVED
2001-11-07 16:28:59 PST,jst,Status,NEW,REOPENED
2001-11-07 16:28:59 PST,jst,Component,Views,DOM Level 0
2001-11-07 16:28:59 PST,jst,Assignee,kmcclusk,jst
2001-11-07 16:28:59 PST,jst,QA Contact,petersen,amar
2001-11-08 08:58:18 PST,bzbarsky,Component,DOM Level 0,Views
2001-11-08 08:58:18 PST,bzbarsky,Assignee,jst,kmcclusk
2001-11-08 08:58:18 PST,bzbarsky,QA Contact,amar,petersen
2001-11-08 08:58:59 PST,bzbarsky,Status,RESOLVED,NEW
2001-11-08 08:58:59 PST,bzbarsky,Resolution,FIXED,---
2001-11-08 08:58:59 PST,bzbarsky,CC,bzbarsky,
2001-11-08 08:58:59 PST,bzbarsky,Last Resolved,2001-11-08 08:58:59,2001-11-06 16:15:54
2001-11-15 16:30:39 PST,jaymoz,Keywords,topcrash,
2001-11-15 16:30:39 PST,jaymoz,Summary,Crash on www.dhtmlnirvana.com - Trunk [@ nsCSSFrameConstructor::ContentAppended],Crash on www.dhtmlnirvana.com
2001-11-15 16:30:39 PST,jaymoz,CC,jpatel, janc, namachi, greer,
2001-11-20 16:13:50 PST,amar,Status,VERIFIED,RESOLVED
2011-06-09 14:58:34 PDT,nobody,Crash Signature,[@ nsCSSFrameConstructor::ContentAppended],
