When, Who, What, Added, Removed
2001-11-05 21:44:58 PST,stephend,Keywords,mailtrack, mlk,
2001-11-06 09:38:01 PST,alecf,Status,ASSIGNED,NEW
2001-11-06 09:38:01 PST,alecf,Priority,P1,--
2001-11-06 09:38:01 PST,alecf,Target Milestone,mozilla0.9.6,---
2001-11-06 10:20:34 PST,alecf,Whiteboard,fix in hand,
2001-11-06 15:22:12 PST,alecf,Status,RESOLVED,ASSIGNED
2001-11-06 15:22:12 PST,alecf,Resolution,FIXED,---
2001-11-06 15:22:12 PST,alecf,Last Resolved,2001-11-06 15:22:12,
2001-11-23 18:41:02 PST,stephend,QA Contact,stephend,jaggernaut
2001-11-24 01:19:30 PST,stephend,Status,VERIFIED,RESOLVED
