When, Who, What, Added, Removed
2001-11-06 06:58:33 PST,brade,Keywords,dataloss, regression,
2001-11-06 06:58:33 PST,brade,Whiteboard,EDITORBASE,
2001-11-06 06:58:33 PST,brade,Priority,P1,--
2001-11-06 06:58:33 PST,brade,Target Milestone,mozilla0.9.6,---
2001-11-06 11:44:58 PST,cmanske,Summary,Dialogs that used <html:br/> to control text wrapping now crash,dataloss, regression: page properties dialog is blank; can't dismiss
2001-11-06 11:44:58 PST,cmanske,Status,ASSIGNED,NEW
2001-11-06 11:44:58 PST,cmanske,CC,blakeross, hewitt,
2001-11-06 13:13:42 PST,sujay,CC,dslmichael,
2001-11-06 14:29:20 PST,cmanske,Whiteboard,EDITORBASE, BLOCKER,EDITORBASE
2001-11-06 14:29:20 PST,cmanske,Summary,Fix regressions caused by XUL syntax changes.,Dialogs that used <html:br/> to control text wrapping now crash
2001-11-06 15:33:34 PST,cmanske,CC,jg,
2001-11-06 16:52:28 PST,cmanske,Keywords,patch, review,
2001-11-06 16:52:28 PST,cmanske,Whiteboard,EDITORBASE, BLOCKER, FIX IN HAND, need r=,sr=,EDITORBASE, BLOCKER
2001-11-06 17:07:39 PST,timeless,Attachment #56814                Flags,review+,
2001-11-06 21:41:18 PST,hewitt,Attachment #56814                Flags,superreview+,
2001-11-06 21:48:52 PST,cmanske,Resolution,FIXED,---
2001-11-06 21:48:52 PST,cmanske,Last Resolved,2001-11-06 21:48:52,
2001-11-06 21:48:52 PST,cmanske,Keywords,,patch, review
2001-11-06 21:48:52 PST,cmanske,Whiteboard,EDITORBASE,EDITORBASE, BLOCKER, FIX IN HAND, need r=,sr=
2001-11-06 21:48:52 PST,cmanske,Status,RESOLVED,ASSIGNED
2001-11-07 14:19:02 PST,sujay,Status,VERIFIED,RESOLVED
2004-11-22 17:25:08 PST,myk,Product,Seamonkey,Browser
