When, Who, What, Added, Removed
2001-11-06 08:40:24 PST,ftang,Status,ASSIGNED,NEW
2001-11-28 08:49:20 PST,ftang,CC,shanjian,
2001-11-28 08:49:20 PST,ftang,Target Milestone,mozilla0.9.7,---
2001-11-28 09:04:37 PST,shanjian,Attachment #56719                Flags,review+,
2001-12-11 13:04:32 PST,ftang,Target Milestone,mozilla0.9.8,mozilla0.9.7
2002-01-16 18:09:17 PST,ftang,Target Milestone,mozilla0.9.9,mozilla0.9.8
2002-02-13 17:32:50 PST,ftang,Target Milestone,Future,mozilla0.9.9
2003-02-03 13:18:37 PST,cbiesinger,CC,cbiesinger,
2003-02-03 13:23:53 PST,timeless,Attachment #56719                Flags,superreview?(alecf),
2003-02-12 14:15:49 PST,alecf,Attachment #56719                Flags,superreview+,superreview?(alecf)
2003-02-24 13:09:40 PST,timeless,Last Resolved,2003-02-24 13:09:40,
2003-02-24 13:09:40 PST,timeless,Status,RESOLVED,ASSIGNED
2003-02-24 13:09:40 PST,timeless,Resolution,FIXED,---
2003-05-15 12:58:22 PDT,teruko,Status,VERIFIED,RESOLVED
