When, Who, What, Added, Removed
2001-11-06 11:14:45 PST,amyy,Severity,major,normal
2001-11-06 11:14:45 PST,amyy,QA Contact,ylong,teruko
2001-11-06 11:14:45 PST,amyy,CC,ftang, jbetak, teruko,
2001-11-06 11:14:45 PST,amyy,Keywords,intl,
2001-11-06 11:46:07 PST,tetsuroy,Status,ASSIGNED,NEW
2001-11-06 14:51:52 PST,tetsuroy,CC,nhotta,
2001-11-06 14:53:24 PST,tetsuroy,Whiteboard,need /r=,
2001-11-06 14:53:24 PST,tetsuroy,Target Milestone,mozilla0.9.6,---
2001-11-06 14:58:57 PST,nhottanscp,Attachment #56782                Flags,review+,
2001-11-06 15:57:23 PST,tetsuroy,Attachment #56783                Attachment is obsolete,1,0
2001-11-06 16:19:13 PST,nhottanscp,Attachment #56800                Flags,review+,
2001-11-06 16:20:14 PST,nhottanscp,Attachment #56799                Flags,review+,
2001-11-07 10:19:18 PST,tetsuroy,Attachment #56782                Attachment is obsolete,1,0
2001-11-07 18:27:39 PST,asa,Keywords,mozilla0.9.6+,
2001-11-08 15:12:07 PST,tetsuroy,Whiteboard,,need /r=
2001-11-08 15:12:07 PST,tetsuroy,Status,RESOLVED,ASSIGNED
2001-11-08 15:12:07 PST,tetsuroy,Resolution,FIXED,---
2001-11-08 15:12:07 PST,tetsuroy,Last Resolved,2001-11-08 15:12:07,
2001-11-14 16:25:51 PST,amyy,Status,VERIFIED,RESOLVED
2001-11-14 21:46:43 PST,blizzard,Blocks,104864,
