When, Who, What, Added, Removed
2001-11-06 20:42:36 PST,cplyon,Summary,Alert dialogs appear when creating new bookmark folder,Alert dialogs appear when creating new folder on Personal Toolbar
2001-11-07 08:24:20 PST,andre.bugs2,Severity,major,normal
2001-11-07 08:24:37 PST,andre.bugs2,CC,andre.dahlqvist,
2001-11-07 11:48:47 PST,timeless,Keywords,mozilla0.9.6,
2001-11-09 13:31:10 PST,cplyon,OS,All,Windows 2000
2001-11-13 08:59:16 PST,cplyon,CC,blizzard,
2001-11-14 00:01:22 PST,ajvincent,CC,coch,
2001-11-18 19:27:25 PST,blakdogg,CC,blakdogg,
2001-11-19 12:52:44 PST,bugs,Assignee,pchen,ben
2001-11-20 15:52:14 PST,cplyon,CC,Besi,
2001-11-23 04:26:01 PST,cplyon,CC,bulbul,
2001-11-24 07:46:07 PST,amla70,CC,bugzilla,
2001-11-28 17:38:43 PST,neilpryde92651,CC,NeilPryde92651,
2001-11-28 18:09:27 PST,paulkchen,Status,RESOLVED,NEW
2001-11-28 18:09:27 PST,paulkchen,Resolution,FIXED,---
2001-11-28 18:09:27 PST,paulkchen,Last Resolved,2001-11-28 18:09:27,
2001-11-29 14:10:52 PST,cplyon,CC,groginsky,
2001-12-07 10:25:48 PST,cplyon,CC,jfarrell,
2002-03-20 14:49:08 PST,andre.bugs2,Status,VERIFIED,RESOLVED
2004-11-22 17:25:08 PST,myk,Product,Seamonkey,Browser
