When, Who, What, Added, Removed
2001-11-06 15:43:42 PST,bryner,Status,RESOLVED,NEW
2001-11-06 15:43:42 PST,bryner,Resolution,FIXED,---
2001-11-06 15:43:42 PST,bryner,Last Resolved,2001-11-06 15:43:42,
2001-11-06 16:22:42 PST,ssaux,Priority,P1,--
2001-11-06 16:22:42 PST,ssaux,Target Milestone,2.2,---
2001-11-07 10:45:07 PST,junruh,Status,VERIFIED,RESOLVED
2005-03-09 01:23:21 PST,timeless,Product,Core,PSM
2005-03-09 01:23:21 PST,timeless,Component,Security: UI,Security: UI
2008-07-10 02:17:20 PDT,timeless,Version,1.0 Branch,psm2.1
