When, Who, What, Added, Removed
2001-11-06 15:57:47 PST,blizzard,Blocks,104864,
2001-11-06 15:58:12 PST,blizzard,Summary,search results aren't displayed in search pane,search results aren't displayed in search results
2001-11-06 15:58:33 PST,blizzard,Summary,search results aren't displayed in search dialog,search results aren't displayed in search pane
2001-11-07 09:23:20 PST,laurel,Keywords,nsbeta1, regression,
2001-11-07 09:23:20 PST,laurel,Hardware,All,PC
2001-11-07 09:23:20 PST,laurel,OS,All,Linux
2001-11-07 09:23:20 PST,laurel,Severity,major,normal
2001-11-07 13:07:30 PST,asa,CC,momoi,
2001-11-07 15:36:25 PST,jklawiter,CC,wariat,
2001-11-08 18:41:26 PST,scottputterman,Keywords,nsbeta1+,nsbeta1
2001-11-09 00:17:48 PST,sspitzer,Assignee,sspitzer,naving
2001-11-09 00:17:48 PST,sspitzer,CC,naving,
2001-11-09 00:18:29 PST,sspitzer,Status,ASSIGNED,NEW
2001-11-09 00:18:29 PST,sspitzer,Depends on,108579,
2001-11-09 00:23:05 PST,sspitzer,Assignee,hewitt,sspitzer
2001-11-09 00:23:05 PST,sspitzer,Target Milestone,mozilla0.9.6,---
2001-11-09 00:23:05 PST,sspitzer,Status,NEW,ASSIGNED
2001-11-09 10:49:14 PST,laurel,CC,pbwest,
2001-11-09 21:45:04 PST,hewitt,Status,RESOLVED,NEW
2001-11-09 21:45:04 PST,hewitt,Resolution,DUPLICATE,---
2001-11-09 21:45:04 PST,hewitt,Last Resolved,2001-11-09 21:45:04,
2001-11-13 10:22:31 PST,laurel,CC,ekihn,
2001-11-13 11:57:17 PST,sspitzer,Status,REOPENED,RESOLVED
2001-11-13 11:57:17 PST,sspitzer,Resolution,---,DUPLICATE
2001-11-13 11:57:46 PST,sspitzer,Status,NEW,REOPENED
2001-11-13 11:57:46 PST,sspitzer,Assignee,sspitzer,hewitt
2001-11-13 11:59:06 PST,sspitzer,Attachment #57208                Attachment is obsolete,1,0
2001-11-13 11:59:28 PST,sspitzer,Status,ASSIGNED,NEW
2001-11-13 11:59:28 PST,sspitzer,CC,bienvenu,
2001-11-13 12:19:21 PST,blizzard,Attachment #57622                Flags,approval+,
2001-11-13 21:39:13 PST,sspitzer,Last Resolved,2001-11-13 21:39:13,2001-11-09 21:45:04
2001-11-13 21:39:13 PST,sspitzer,Status,RESOLVED,ASSIGNED
2001-11-13 21:39:13 PST,sspitzer,Resolution,FIXED,---
2001-11-14 14:31:01 PST,laurel,Keywords,vbranch,
2001-11-20 12:24:57 PST,laurel,Status,VERIFIED,RESOLVED
2004-11-22 17:25:08 PST,myk,Product,Seamonkey,Browser
2008-07-31 02:19:02 PDT,timeless,Component,MailNews: Message Display,MailNews: Search
2008-07-31 02:19:02 PDT,timeless,QA Contact,search,laurel
