When, Who, What, Added, Removed
2001-11-07 11:26:34 PST,kaie,Attachment #56778                Flags,review+,
2001-11-07 13:24:09 PST,ssaux,Priority,P2,--
2001-11-07 13:24:09 PST,ssaux,Target Milestone,2.2,---
2001-11-07 13:57:48 PST,hewitt,Attachment #56778                Flags,superreview+,
2001-11-07 18:12:20 PST,stdowa+bugzilla,Assignee,walk84,ssaux
2001-11-12 12:39:38 PST,stdowa+bugzilla,Status,RESOLVED,NEW
2001-11-12 12:39:38 PST,stdowa+bugzilla,Resolution,FIXED,---
2001-11-12 12:39:38 PST,stdowa+bugzilla,Last Resolved,2001-11-12 12:39:38,
2001-11-13 11:13:05 PST,junruh,Status,VERIFIED,RESOLVED
2005-03-09 01:23:17 PST,timeless,Product,Core,PSM
2005-03-09 01:23:17 PST,timeless,Component,Security: UI,Security: UI
2008-07-10 02:17:20 PDT,timeless,Version,1.0 Branch,psm2.1
