When, Who, What, Added, Removed
2001-11-06 15:13:24 PST,bugzilla,Keywords,mozilla0.9.7, regression,
2001-11-06 15:18:15 PST,jbetak,Status,ASSIGNED,NEW
2001-11-06 15:18:15 PST,jbetak,Target Milestone,mozilla0.9.7,---
2001-11-07 13:01:53 PST,jbetak,Status,RESOLVED,ASSIGNED
2001-11-07 13:01:53 PST,jbetak,Resolution,FIXED,---
2001-11-07 13:01:53 PST,jbetak,Last Resolved,2001-11-07 13:01:53,
2001-11-08 12:16:32 PST,bugzilla,Status,VERIFIED,RESOLVED
2004-11-22 17:25:08 PST,myk,Product,Seamonkey,Browser
