When, Who, What, Added, Removed
2001-11-06 20:19:04 PST,bugzilla,Keywords,crash, pp,
2001-11-06 20:40:15 PST,sfraser_bugs,CC,aaronl, bryner,
2001-11-06 20:40:47 PST,bugzilla,CC,saari,
2001-11-15 02:37:05 PST,hewitt,Assignee,sfraser,hewitt
2001-11-15 10:51:06 PST,bugzilla,CC,hewitt,
2001-11-25 22:03:54 PST,cplyon,CC,sbarnum,
2001-11-28 22:28:35 PST,aaronlev,CC,,aaronl
2002-01-24 23:47:35 PST,bugzilla,Keywords,nsbeta1,
2002-01-24 23:52:23 PST,bugzilla,CC,gundbear,
2002-01-30 16:25:46 PST,sfraser_bugs,Attachment #67174                Flags,superreview+,
2002-01-31 14:36:12 PST,sbarnum,CC,,sbarnum
2002-01-31 18:24:56 PST,saari,Attachment #67174                Flags,review+,
2002-01-31 21:20:16 PST,bryner,Status,RESOLVED,NEW
2002-01-31 21:20:16 PST,bryner,Resolution,FIXED,---
2002-01-31 21:20:16 PST,bryner,Last Resolved,2002-01-31 21:20:16,
2002-02-01 19:38:33 PST,mozilla,CC,gchan,
2002-02-05 11:25:57 PST,bugzilla,Status,VERIFIED,RESOLVED
2002-02-07 11:41:37 PST,sfraser_bugs,CC,mozillazine,
2004-11-22 17:25:08 PST,myk,Product,Seamonkey,Browser
