When, Who, What, Added, Removed
2001-11-06 18:17:21 PST,hyatt,Target Milestone,mozilla0.9.6,---
2001-11-06 21:50:21 PST,waterson,Keywords,patch,
2001-11-06 21:50:21 PST,waterson,Status,ASSIGNED,NEW
2001-11-07 09:50:28 PST,timeless,Attachment #56861                Attachment mime type,image/png,text/plain
2001-11-07 09:50:28 PST,timeless,Attachment #56861                Attachment is patch,0,1
2001-11-07 13:58:03 PST,waterson,Attachment #56854                Attachment is obsolete,1,0
2001-11-08 19:14:27 PST,waterson,Attachment #56937                Attachment is obsolete,1,0
2001-11-08 19:14:58 PST,waterson,Hardware,All,PC
2001-11-08 19:14:58 PST,waterson,OS,All,Windows 2000
2001-11-08 19:14:58 PST,waterson,Priority,P2,--
2001-11-09 12:16:56 PST,waterson,CC,shaver,
2001-11-09 13:40:28 PST,waterson,Keywords,regression,
2001-11-09 14:31:33 PST,jag-mozilla,Attachment #57183                Flags,review+,
2001-11-09 16:07:46 PST,waterson,Whiteboard,fixed on trunk,
2001-11-12 21:50:15 PST,blizzard,Keywords,mozilla0.9.6+,
2001-11-14 18:10:24 PST,waterson,Status,RESOLVED,ASSIGNED
2001-11-14 18:10:24 PST,waterson,Resolution,FIXED,---
2001-11-14 18:10:24 PST,waterson,Last Resolved,2001-11-14 18:10:24,
2001-11-14 21:55:09 PST,blizzard,Blocks,104864,
2008-07-31 03:03:54 PDT,timeless,Component,XUL,XP Toolkit/Widgets: XUL
2008-07-31 03:03:54 PDT,timeless,QA Contact,xptoolkit.widgets,jrgmorrison
