When, Who, What, Added, Removed
2001-11-06 17:08:51 PST,mscott,Summary,Need ability to control command updating for cmd_undo, cmd_redo and cmd_delete,Need ability to have undo, redo and cmd_delete not updated on focus events
2001-11-06 17:08:51 PST,mscott,Status,ASSIGNED,NEW
2001-11-06 17:08:51 PST,mscott,Blocks,22960,
2001-11-06 17:08:51 PST,mscott,Target Milestone,mozilla0.9.7,---
2001-11-06 17:08:51 PST,mscott,Keywords,nsbeta1, perf,
2001-11-06 18:07:53 PST,bugzilla,CC,brade, akkana, sfraser,
2001-11-06 18:08:40 PST,bugzilla,CC,saari, bryner,
2001-11-06 18:13:05 PST,sfraser_bugs,CC,blakeross,
2001-11-07 11:19:54 PST,scottputterman,Keywords,nsbeta1+,nsbeta1
2001-11-08 17:56:24 PST,mscott,Product,MailNews,Browser
2001-11-08 17:56:24 PST,mscott,Component,Mail Window Front End,XP Apps
2001-11-09 15:37:36 PST,mscott,Attachment #57163                Flags,superreview+,
2001-11-09 15:49:12 PST,mozilla,Attachment #57163                Flags,review+,
2001-11-09 15:57:40 PST,mscott,Status,RESOLVED,ASSIGNED
2001-11-09 15:57:40 PST,mscott,Resolution,FIXED,---
2001-11-09 15:57:40 PST,mscott,Last Resolved,2001-11-09 15:57:40,
2001-11-20 16:15:31 PST,stephend,QA Contact,stephend,sairuh
2001-11-28 13:20:33 PST,stephend,Status,VERIFIED,RESOLVED
2004-11-22 17:25:08 PST,myk,Product,Seamonkey,Browser
