When, Who, What, Added, Removed
2001-11-06 17:28:06 PST,tpreston,Status,NEW,UNCONFIRMED
2001-11-06 17:28:06 PST,tpreston,Ever confirmed,1,0
2001-11-06 21:27:24 PST,morse,Status,ASSIGNED,NEW
2001-11-06 21:27:24 PST,morse,Target Milestone,mozilla0.9.6,---
2001-11-06 22:15:59 PST,morse,CC,blaker,
2001-11-06 22:21:50 PST,bryner,Attachment #56855                Flags,review+,
2001-11-06 22:25:20 PST,brendan,Attachment #56855                Flags,superreview+,
2001-11-07 08:00:39 PST,morse,Status,RESOLVED,ASSIGNED
2001-11-07 08:00:39 PST,morse,Resolution,FIXED,---
2001-11-07 08:00:39 PST,morse,Last Resolved,2001-11-07 08:00:39,
2001-11-07 08:01:17 PST,morse,CC,greenrd,
2001-11-07 13:35:18 PST,morse,CC,bugzilla,
2001-11-07 14:17:10 PST,2009-bugzilla,Resolution,---,FIXED
2001-11-07 14:17:10 PST,2009-bugzilla,Status,REOPENED,RESOLVED
2001-11-07 14:34:43 PST,morse,Last Resolved,2001-11-07 14:34:43,2001-11-07 08:00:39
2001-11-07 14:34:43 PST,morse,Status,RESOLVED,REOPENED
2001-11-07 14:34:43 PST,morse,Resolution,FIXED,---
2001-11-08 11:40:56 PST,morse,CC,byron,
2001-11-08 14:21:19 PST,morse,CC,dgk,
2001-11-08 14:54:30 PST,tpreston,Status,VERIFIED,RESOLVED
2001-11-13 07:58:37 PST,morse,CC,nickheppleston,
2001-11-27 12:59:11 PST,morse,CC,michel,
2004-11-22 17:25:08 PST,myk,Product,Seamonkey,Browser
