When, Who, What, Added, Removed
2001-11-06 15:26:16 PST,javi,Attachment #56794                Flags,review+,
2001-11-06 15:44:06 PST,mscott,Attachment #56794                Flags,superreview+,
2001-11-06 16:05:20 PST,ddrinan0264,Status,RESOLVED,NEW
2001-11-06 16:05:20 PST,ddrinan0264,Resolution,FIXED,---
2001-11-06 16:05:20 PST,ddrinan0264,Last Resolved,2001-11-06 16:05:20,
2001-11-13 11:07:31 PST,sheelar,QA Contact,esther,sheelar
2001-11-13 11:07:31 PST,sheelar,CC,sheelar,
2002-03-23 15:41:53 PST,esther,QA Contact,trix,esther
2002-05-01 14:22:47 PDT,trix,Status,VERIFIED,RESOLVED
2004-11-22 17:26:45 PST,myk,Product,Core,MailNews
2008-07-31 04:30:00 PDT,nobody,Product,MailNews Core,Core
