When, Who, What, Added, Removed
2001-11-06 15:34:20 PST,mozilla-06,URL,http://trailers.warnerbros.com/,http://trailers.warnerbros.com
2001-11-06 15:34:20 PST,mozilla-06,Keywords,crash,
2001-11-06 15:34:20 PST,mozilla-06,Severity,critical,normal
2001-12-28 01:12:41 PST,asa,Component,Plug-ins,Browser-General
2001-12-28 01:12:41 PST,asa,Assignee,av,asa
2001-12-28 01:12:41 PST,asa,QA Contact,shrir,doronr
2002-01-23 13:29:46 PST,mgalli,CC,mgalli,
2002-03-11 14:18:35 PST,rubydoo123,CC,eric.carlson,
2002-03-11 14:18:35 PST,rubydoo123,Keywords,,crash
2002-03-11 14:18:35 PST,rubydoo123,Whiteboard,[bae: 20020311: QT issue],
2002-03-11 14:18:35 PST,rubydoo123,Assignee,beppe,av
2002-03-11 14:22:02 PST,susiew,Status,RESOLVED,NEW
2002-03-11 14:22:02 PST,susiew,Resolution,FIXED,---
2002-03-11 14:22:02 PST,susiew,Last Resolved,2002-03-11 14:22:02,
2002-03-11 14:24:17 PST,shrir,Status,VERIFIED,RESOLVED
