When, Who, What, Added, Removed
2001-11-06 17:23:01 PST,ji,QA Contact,ji,teruko
2001-11-07 09:45:52 PST,shanjian,Status,ASSIGNED,NEW
2001-11-07 09:52:31 PST,ji,CC,katakai,
2001-11-07 14:15:49 PST,bstell,Attachment #56932                Flags,review+,
2001-11-07 14:24:27 PST,shanjian,CC,blizzard,
2001-11-07 15:27:34 PST,ji,CC,ftang,
2001-11-08 08:10:30 PST,shannond,CC,barrettl,
2001-11-08 10:47:02 PST,shanjian,Status,RESOLVED,ASSIGNED
2001-11-08 10:47:02 PST,shanjian,Resolution,FIXED,---
2001-11-08 10:47:02 PST,shanjian,Last Resolved,2001-11-08 10:47:02,
2001-11-14 23:07:17 PST,blizzard,Depends on,95833,
2001-11-16 14:28:01 PST,ji,Status,VERIFIED,RESOLVED
