When, Who, What, Added, Removed
2001-11-06 13:20:21 PST,bugzilla,Summary,OS X: Space no longer activates focused button,Space no longer activates focused button
2001-11-06 13:20:21 PST,bugzilla,CC,sfraser,
2001-11-06 13:20:21 PST,bugzilla,Keywords,mozilla0.9.7, pp, regression,
2001-11-07 14:00:21 PST,mikepinkerton,Assignee,pinkerton,saari
2001-11-07 14:00:21 PST,mikepinkerton,CC,saari,
2001-11-07 14:18:10 PST,mikepinkerton,Status,ASSIGNED,NEW
2001-11-07 14:18:10 PST,mikepinkerton,Target Milestone,mozilla0.9.7,---
2001-11-14 14:32:21 PST,mikepinkerton,Status,RESOLVED,ASSIGNED
2001-11-14 14:32:21 PST,mikepinkerton,Resolution,FIXED,---
2001-11-14 14:32:21 PST,mikepinkerton,Last Resolved,2001-11-14 14:32:21,
2001-11-28 17:32:06 PST,bugzilla,Status,VERIFIED,RESOLVED
