When, Who, What, Added, Removed
2001-11-06 15:45:24 PST,dbaron,Status,ASSIGNED,NEW
2001-11-06 15:45:24 PST,dbaron,Priority,P3,--
2001-11-06 15:45:24 PST,dbaron,Target Milestone,mozilla0.9.6,---
2001-11-06 21:18:23 PST,bzbarsky,CC,bzbarsky,
2001-11-07 01:02:09 PST,dbaron,Status,RESOLVED,ASSIGNED
2001-11-07 01:02:09 PST,dbaron,Resolution,FIXED,---
2001-11-07 01:02:09 PST,dbaron,Last Resolved,2001-11-07 01:02:09,
2003-02-25 12:24:34 PST,madhur,Whiteboard,[whitebox],
2004-02-19 10:49:26 PST,timeless,Blocks,234923,
