When, Who, What, Added, Removed
2001-11-06 14:59:10 PST,waterson,Status,ASSIGNED,NEW
2001-11-06 14:59:10 PST,waterson,Priority,P3,--
2001-11-06 14:59:10 PST,waterson,Target Milestone,mozilla0.9.7,---
2001-11-06 15:35:01 PST,waterson,Keywords,patch,
2001-11-06 15:35:01 PST,waterson,CC,shaver,
2001-11-06 15:46:15 PST,tingley,Attachment #56795                Flags,review+,
2001-11-06 16:55:20 PST,shaver,Attachment #56795                Flags,superreview+,
2001-11-06 20:30:55 PST,waterson,Status,RESOLVED,ASSIGNED
2001-11-06 20:30:55 PST,waterson,Resolution,FIXED,---
2001-11-06 20:30:55 PST,waterson,Last Resolved,2001-11-06 20:30:55,
2003-07-25 15:35:38 PDT,benc,QA Contact,nobody,tever
