When, Who, What, Added, Removed
2001-11-09 10:39:13 PST,laurel,Status,NEW,UNCONFIRMED
2001-11-09 10:39:13 PST,laurel,QA Contact,huang,esther
2001-11-09 10:39:13 PST,laurel,CC,olgam,
2001-11-09 10:39:13 PST,laurel,Ever confirmed,1,0
2001-12-28 10:43:40 PST,scottputterman,Status,ASSIGNED,NEW
2001-12-28 10:43:40 PST,scottputterman,Target Milestone,mozilla1.2,---
2004-11-22 17:25:08 PST,myk,Product,Seamonkey,Browser
2005-04-23 15:04:27 PDT,asa,Status,NEW,ASSIGNED
2005-04-23 15:04:27 PDT,asa,Assignee,mail,sspitzer
2008-11-22 04:41:34 PST,bugzillamozillaorg_serge_20140323,Assignee,nobody,mail
2008-11-22 04:41:34 PST,bugzillamozillaorg_serge_20140323,QA Contact,message-display,huang
2008-11-22 04:41:34 PST,bugzillamozillaorg_serge_20140323,CC,,olgam
2008-11-22 04:41:34 PST,bugzillamozillaorg_serge_20140323,Target Milestone,---,mozilla1.2alpha
2009-06-14 08:25:26 PDT,kairo,Status,UNCONFIRMED,NEW
2009-06-14 08:26:05 PDT,kairo,Group,core-security,
2009-06-14 11:28:46 PDT,kairo,Group,,core-security
2009-06-15 09:36:48 PDT,mozilla-bugs,CC,mozilla-bugs,
2009-06-15 09:40:37 PDT,mozilla-bugs,Product,Thunderbird,SeaMonkey
2009-06-15 09:40:37 PDT,mozilla-bugs,Version,unspecified,Trunk
2009-06-15 09:40:37 PDT,mozilla-bugs,Status,NEW,UNCONFIRMED
2009-06-15 09:40:37 PDT,mozilla-bugs,Component,Mail Window Front End,MailNews: Message Display
2009-06-15 09:40:37 PDT,mozilla-bugs,QA Contact,front-end,message-display
2009-06-15 09:40:37 PDT,mozilla-bugs,Summary,"Opening Folder ..." should show folder name,Open Mail Folder should show folder name
2009-06-15 09:41:00 PDT,mozilla-bugs,Hardware,All,x86
2009-06-15 09:41:00 PDT,mozilla-bugs,OS,All,Windows 2000
2009-06-25 12:21:07 PDT,vseerror,Resolution,FIXED,---
2009-06-25 12:21:07 PDT,vseerror,CC,bienvenu, vseerror,
2009-06-25 12:21:07 PDT,vseerror,Last Resolved,2009-06-25 12:21:07,
2009-06-25 12:21:07 PDT,vseerror,Whiteboard,fixed by bug 293381,
2009-06-25 12:21:07 PDT,vseerror,Version,2.0,unspecified
2009-06-25 12:21:07 PDT,vseerror,Status,RESOLVED,NEW
