When, Who, What, Added, Removed
2001-11-06 19:31:08 PST,bugzilla,Keywords,mozilla0.9.6,
2001-11-21 19:27:08 PST,mozbug1,CC,jks,
2001-11-26 18:31:58 PST,mozilla,CC,mozilla,
2001-11-27 12:20:25 PST,bryner,CC,craigemery,
2001-11-29 06:31:38 PST,kevin_myer,CC,kevin_myer,
2001-11-29 12:35:53 PST,bryner,Status,ASSIGNED,NEW
2001-11-29 12:35:53 PST,bryner,Target Milestone,mozilla0.9.7,---
2001-11-29 20:37:02 PST,bugzilla,CC,ramune,
2001-11-30 10:44:24 PST,bzbarsky,CC,pallotta,
2001-11-30 10:44:38 PST,bzbarsky,CC,iShaterin,
2001-12-02 16:49:46 PST,diego,CC,gabriel,
2001-12-03 12:06:42 PST,roland.mainz,CC,Roland.Mainz,
2001-12-03 15:31:23 PST,bryner,CC,saari, hyatt,
2001-12-07 23:00:45 PST,bryner,Attachment #60233                Attachment is obsolete,1,0
2001-12-09 14:47:27 PST,brendan,Keywords,mozilla0.9.7,mozilla0.9.6
2001-12-10 15:23:07 PST,saari,Attachment #60913                Flags,review+,
2001-12-10 21:40:05 PST,bryner,Status,RESOLVED,ASSIGNED
2001-12-10 21:40:05 PST,bryner,Resolution,FIXED,---
2001-12-10 21:40:05 PST,bryner,Last Resolved,2001-12-10 21:40:05,
2001-12-13 12:10:26 PST,spam,CC,joe,
2001-12-16 16:04:21 PST,diego,Status,VERIFIED,RESOLVED
2001-12-16 20:08:43 PST,ramune,Status,REOPENED,VERIFIED
2001-12-16 20:08:43 PST,ramune,Resolution,---,FIXED
2001-12-18 18:28:19 PST,bryner,Status,RESOLVED,REOPENED
2001-12-18 18:28:19 PST,bryner,Resolution,FIXED,---
2001-12-18 18:28:19 PST,bryner,Last Resolved,2001-12-18 18:28:19,2001-12-10 21:40:05
2002-01-07 13:35:21 PST,bugzilla,Status,VERIFIED,RESOLVED
