When, Who, What, Added, Removed
2001-11-16 11:58:15 PST,bzbarsky,CC,bzbarsky,
2001-11-16 12:41:06 PST,doronr,Depends on,110506,
2001-11-19 13:02:04 PST,bugs,Status,ASSIGNED,NEW
2001-11-19 13:02:04 PST,bugs,Priority,P3,--
2001-11-19 13:02:04 PST,bugs,Target Milestone,mozilla0.9.9,---
2001-12-22 05:11:42 PST,bugzilla3,Summary,js errors in mailNavigatorOverlay.xul & editorApplicationOverlay.js,js errors in mailNavigatorOverlay.xul & editorApplicationOverlay.js when viewing source of 'about:'
2001-12-22 05:11:42 PST,bugzilla3,CC,dipa,
2001-12-22 12:13:58 PST,ajvincent,CC,jscript,
2001-12-25 07:19:58 PST,dan,CC,dan,
2002-01-02 21:51:46 PST,bzbarsky,CC,bugzilla,
2002-01-15 20:43:48 PST,bugs,Target Milestone,mozilla1.0,mozilla0.9.9
2002-02-07 19:01:59 PST,bzbarsky,CC,aha,
2002-02-08 16:06:28 PST,bugs,Keywords,nsbeta1,
2002-02-16 17:36:21 PST,bzbarsky,CC,eisert,
2002-02-25 12:48:00 PST,trudelle,Keywords,nsbeta1-,nsbeta1
2002-03-03 10:55:37 PST,bzbarsky,CC,ajschult,
2002-03-07 02:49:05 PST,bugs,Target Milestone,mozilla1.1,mozilla1.0
2002-03-08 12:27:14 PST,bugzilla,Keywords,patch, review,
2002-03-11 09:16:22 PST,brade,CC,mscott, ducarroz, varada,
2002-03-20 07:21:13 PST,vargaz,CC,vargaz,
2002-03-27 08:58:07 PST,bugzilla,CC,jose.jeria,
2002-03-29 15:09:59 PST,kryptolus,CC,buckley,
2002-03-29 15:13:43 PST,kryptolus,Summary,js errors in mailNavigatorOverlay.xul & editorApplicationOverlay.js (popup has no properties),js errors in mailNavigatorOverlay.xul & editorApplicationOverlay.js
2002-03-29 15:13:43 PST,kryptolus,CC,vadim,
2002-04-01 01:44:38 PST,nnooiissee,CC,nnooiissee,
2002-04-01 06:45:27 PST,brade,Summary,js errors in mailNavigatorOverlay.xul (popup has no properties),js errors in mailNavigatorOverlay.xul & editorApplicationOverlay.js (popup has no properties)
2002-04-01 06:45:27 PST,brade,CC,,brade
2002-04-12 07:55:28 PDT,timeless,CC,j.houwing,
2002-06-06 13:23:01 PDT,andre.bugs2,CC,andre.dahlqvist,
2002-09-23 12:13:03 PDT,stephend,CC,,stephend
2002-10-13 05:23:44 PDT,jpmelko,CC,jpmelko,
2002-10-13 06:32:45 PDT,vargaz,CC,,vargaz
2003-02-04 12:19:34 PST,jpmelko,CC,,jpmelko
2003-04-12 08:55:00 PDT,moz2,CC,moz,
2004-05-04 05:01:27 PDT,bugmail,CC,greg-bugzilla,
2004-05-04 06:23:25 PDT,bzbarsky,CC,,bzbarsky
2004-05-16 11:02:41 PDT,timeless,Attachment #81859                Flags,review+, superreview?(bienvenu),
2004-05-16 11:35:48 PDT,mozilla,Attachment #81859                Flags,superreview+,superreview?(bienvenu)
2004-05-18 00:17:34 PDT,timeless,Status,NEW,ASSIGNED
2004-05-18 00:17:34 PDT,timeless,Assignee,neil.parkwaycc.co.uk,bugs
2004-05-25 05:36:21 PDT,timeless,Attachment #148725                Flags,review+, superreview?(bienvenu),
2004-05-25 07:15:47 PDT,mozilla,Attachment #148725                Flags,superreview+,superreview?(bienvenu)
2004-05-25 15:32:48 PDT,neil,Status,RESOLVED,NEW
2004-05-25 15:32:48 PDT,neil,Resolution,FIXED,---
2004-05-25 15:32:48 PDT,neil,Last Resolved,2004-05-25 15:32:48,
2004-05-26 10:40:26 PDT,buckley.collum,CC,,buckley
2004-09-08 07:58:52 PDT,bzbarsky,CC,fabio,
2004-11-23 18:54:58 PST,myk,Product,Mozilla Application Suite,Core
