When, Who, What, Added, Removed
2001-12-10 13:20:45 PST,timeless,Status,RESOLVED,NEW
2001-12-10 13:20:45 PST,timeless,Resolution,WONTFIX,---
2001-12-10 13:20:45 PST,timeless,Last Resolved,2001-12-10 13:20:45,
2001-12-12 16:45:52 PST,asa,Status,REOPENED,RESOLVED
2001-12-12 16:45:52 PST,asa,Resolution,---,WONTFIX
2001-12-12 16:46:05 PST,asa,Last Resolved,2001-12-12 16:46:05,2001-12-10 13:20:45
2001-12-12 16:46:05 PST,asa,Status,RESOLVED,REOPENED
2001-12-12 16:46:05 PST,asa,Resolution,FIXED,---
2001-12-22 22:03:46 PST,timeless,Status,VERIFIED,RESOLVED
2011-06-26 22:54:48 PDT,nobody,Product,bugzilla.mozilla.org,mozilla.org
2011-06-26 22:54:48 PDT,nobody,Component,Administration,Bugzilla: Keywords & Components
