When, Who, What, Added, Removed
2001-11-06 16:58:41 PST,hewitt,Status,ASSIGNED,NEW
2001-11-06 16:58:41 PST,hewitt,Priority,P2,--
2001-11-06 16:58:41 PST,hewitt,CC,hyatt, bryner,
2001-11-06 16:58:41 PST,hewitt,Target Milestone,mozilla0.9.7,---
2001-11-08 03:24:18 PST,hewitt,Blocks,32157,
2001-11-08 16:44:53 PST,hewitt,Attachment #57120                Attachment is obsolete,1,0
2001-11-08 17:51:09 PST,hewitt,Attachment #57137                Attachment is obsolete,1,0
2001-11-13 00:25:17 PST,bryner,Attachment #57162                Flags,review+,
2001-11-14 02:14:22 PST,hewitt,Resolution,FIXED,---
2001-11-14 02:14:22 PST,hewitt,Last Resolved,2001-11-14 02:14:22,
2001-11-14 02:14:22 PST,hewitt,Status,RESOLVED,ASSIGNED
2002-04-17 18:39:43 PDT,rakeshmishra,QA Contact,rakeshmishra,madhur
2002-11-21 13:30:11 PST,trix,QA Contact,trix,rakeshmishra
2004-02-03 16:42:13 PST,dbaron,Blocks,111647,
