When, Who, What, Added, Removed
2001-11-06 18:04:38 PST,eric,Target Milestone,mozilla0.9.6,---
2001-11-06 18:04:38 PST,eric,Status,ASSIGNED,NEW
2001-11-06 18:12:20 PST,eric,Summary,(grid) Alignment problems when putting borders around rows and columns in grid,Alignment problems when putting borders around rows and columns in grid
2001-11-07 18:05:52 PST,asa,Keywords,mozilla0.9.6+,
2001-11-08 12:50:46 PST,eric,Status,RESOLVED,ASSIGNED
2001-11-08 12:50:46 PST,eric,Resolution,FIXED,---
2001-11-08 12:50:46 PST,eric,Last Resolved,2001-11-08 12:50:46,
2001-11-14 21:53:43 PST,blizzard,Blocks,104864,
2008-07-31 03:03:53 PDT,timeless,Component,XUL,XP Toolkit/Widgets: XUL
2008-07-31 03:03:53 PDT,timeless,QA Contact,xptoolkit.widgets,jrgmorrison
