When, Who, What, Added, Removed
2001-11-06 21:18:32 PST,attinasi,Status,ASSIGNED,NEW
2001-11-06 21:18:32 PST,attinasi,Priority,P1,--
2001-11-06 21:18:32 PST,attinasi,Target Milestone,mozilla0.9.6,---
2001-11-06 21:47:19 PST,attinasi,Blocks,106958,
2001-11-07 12:57:10 PST,attinasi,Keywords,edt0.9.4,
2001-11-07 14:01:56 PST,blizzard,Keywords,mozilla0.9.6+,
2001-11-07 15:55:17 PST,attinasi,Attachment #56922                Attachment is obsolete,1,0
2001-11-07 15:55:35 PST,attinasi,Attachment #56923                Attachment is obsolete,1,0
2001-11-08 04:02:14 PST,neil,Attachment #56973                Attachment is obsolete,1,0
2001-11-08 04:02:50 PST,neil,Attachment #56974                Attachment is obsolete,1,0
2001-11-08 09:13:36 PST,kairo,CC,KaiRo,
2001-11-08 10:15:55 PST,levon,CC,moz,
2001-11-08 13:48:41 PST,attinasi,Status,RESOLVED,ASSIGNED
2001-11-08 13:48:41 PST,attinasi,Resolution,FIXED,---
2001-11-08 13:48:41 PST,attinasi,Last Resolved,2001-11-08 13:48:41,
2001-11-08 15:53:42 PST,attinasi,CC,bugzilla,
2001-11-08 21:30:13 PST,spam,CC,fjleon,
2001-11-09 03:29:56 PST,markushuebner,CC,markush,
2001-11-09 14:43:29 PST,bugzilla,CC,minter,
2001-11-09 15:35:49 PST,kmcclusk,Keywords,topembed,
2001-11-09 19:48:27 PST,spam,CC,alge,
2001-11-14 21:59:10 PST,blizzard,Blocks,104864,
2001-11-15 17:42:28 PST,jud,Blocks,102281,
2001-11-15 18:32:21 PST,jud,Keywords,edt0.9.4+,edt0.9.4
2001-11-19 17:21:06 PST,attinasi,Keywords,fixed0.9.4,
2001-11-26 18:19:54 PST,piskozub,CC,piskozub,
