When, Who, What, Added, Removed
2001-11-06 18:06:57 PST,eric,Status,ASSIGNED,NEW
2001-11-06 18:06:57 PST,eric,Target Milestone,mozilla0.9.6,---
2001-11-07 18:05:23 PST,asa,Keywords,mozilla0.9.6+,
2001-11-08 12:50:28 PST,eric,Status,RESOLVED,ASSIGNED
2001-11-08 12:50:28 PST,eric,Resolution,FIXED,---
2001-11-08 12:50:28 PST,eric,Last Resolved,2001-11-08 12:50:28,
2001-11-14 21:52:04 PST,blizzard,Blocks,104864,
2008-07-31 03:03:53 PDT,timeless,Component,XUL,XP Toolkit/Widgets: XUL
2008-07-31 03:03:53 PDT,timeless,QA Contact,xptoolkit.widgets,jrgmorrison
