When, Who, What, Added, Removed
2001-11-06 15:41:06 PST,nhottanscp,Status,ASSIGNED,NEW
2001-11-06 15:41:06 PST,nhottanscp,Target Milestone,mozilla0.9.7,---
2001-11-06 17:00:17 PST,nhottanscp,Hardware,All,PC
2001-11-06 17:00:17 PST,nhottanscp,OS,All,Windows 2000
2001-11-07 13:51:52 PST,bugzilla,Attachment #56796                Flags,review+,
2001-11-08 08:37:36 PST,sspitzer,Attachment #56796                Flags,superreview+,
2001-11-09 16:58:33 PST,nhottanscp,Status,RESOLVED,ASSIGNED
2001-11-09 16:58:33 PST,nhottanscp,Resolution,FIXED,---
2001-11-09 16:58:33 PST,nhottanscp,QA Contact,nhotta,ji
2001-11-09 16:58:33 PST,nhottanscp,Last Resolved,2001-11-09 16:58:33,
2001-11-09 16:58:54 PST,nhottanscp,Status,VERIFIED,RESOLVED
2004-11-22 17:26:45 PST,myk,Product,Core,MailNews
2008-07-31 04:30:00 PDT,nobody,Product,MailNews Core,Core
