When, Who, What, Added, Removed
2001-11-06 18:20:22 PST,sheelar,Assignee,naving,sspitzer
2001-11-06 18:20:22 PST,sheelar,QA Contact,sheelar,esther
2001-11-06 18:20:22 PST,sheelar,CC,sspitzer, putterman, bienvenu, esther,
2001-11-12 18:19:12 PST,mozilla,Attachment #57537                Flags,review+,
2001-11-13 21:11:10 PST,naving,Resolution,FIXED,---
2001-11-13 21:11:10 PST,naving,Last Resolved,2001-11-13 21:11:10,
2001-11-13 21:11:10 PST,naving,Status,RESOLVED,NEW
2001-11-14 17:06:28 PST,sheelar,Status,VERIFIED,RESOLVED
2004-11-22 17:25:08 PST,myk,Product,Seamonkey,Browser
