When, Who, What, Added, Removed
2001-11-06 21:19:24 PST,trudelle,Priority,P1,--
2001-11-06 21:19:24 PST,trudelle,Blocks,108795,
2001-11-06 21:19:24 PST,trudelle,Target Milestone,mozilla0.9.7,---
2001-11-06 21:24:53 PST,trudelle,Blocks,108801,
2001-11-18 21:54:34 PST,paulkchen,Status,RESOLVED,NEW
2001-11-18 21:54:34 PST,paulkchen,Resolution,FIXED,---
2001-11-18 21:54:34 PST,paulkchen,Last Resolved,2001-11-18 21:54:34,
2001-11-19 09:15:48 PST,trudelle,Status,REOPENED,RESOLVED
2001-11-19 09:15:48 PST,trudelle,Resolution,---,FIXED
2001-12-05 15:28:55 PST,paulkchen,Status,RESOLVED,REOPENED
2001-12-05 15:28:55 PST,paulkchen,Resolution,FIXED,---
2001-12-05 15:28:55 PST,paulkchen,Target Milestone,mozilla0.9.8,mozilla0.9.7
2001-12-05 15:28:55 PST,paulkchen,Last Resolved,2001-12-05 15:28:55,2001-11-18 21:54:34
2001-12-07 11:25:45 PST,agracebush,Status,VERIFIED,RESOLVED
2012-10-25 11:16:42 PDT,nobody,Product,Core Graveyard,Core
2012-10-25 11:16:42 PDT,nobody,Component,QuickLaunch (AKA turbo mode),QuickLaunch (AKA turbo mode)
