When, Who, What, Added, Removed
2001-11-06 13:49:59 PST,bugzilla,Status,ASSIGNED,NEW
2001-11-06 13:49:59 PST,bugzilla,CC,sspitzer,
2001-11-06 13:49:59 PST,bugzilla,Target Milestone,mozilla0.9.7,---
2001-11-06 13:49:59 PST,bugzilla,Whiteboard,Have fix,
2001-11-06 13:52:57 PST,bugzilla,Attachment #56766                Attachment description,patch for mozilla/mailnews, v1,patch for mozilla\mailnews, v1
2001-11-06 23:30:43 PST,scottputterman,Keywords,nsbeta1+,
2001-11-08 14:59:25 PST,ezh,CC,ezh,
2001-11-19 11:17:10 PST,bugzilla,Attachment #56766                Flags,review+,
2001-11-19 11:17:36 PST,bugzilla,Attachment #56767                Flags,review+,
2001-11-19 14:36:27 PST,mscott,Attachment #56766                Flags,superreview+,
2001-11-19 19:14:18 PST,bugzilla,Status,RESOLVED,ASSIGNED
2001-11-19 19:14:18 PST,bugzilla,Resolution,FIXED,---
2001-11-19 19:14:18 PST,bugzilla,Last Resolved,2001-11-19 19:14:18,
2001-11-20 11:47:34 PST,sheelar,QA Contact,stephend,sheelar
2001-11-20 11:47:34 PST,sheelar,CC,sheelar,
2001-11-25 16:12:37 PST,stephend,OS,All,Windows 2000
2001-11-25 16:12:37 PST,stephend,Hardware,All,PC
2001-11-25 18:05:15 PST,stephend,Status,VERIFIED,RESOLVED
2004-11-22 17:26:45 PST,myk,Product,Core,MailNews
2008-07-31 04:30:00 PDT,nobody,Product,MailNews Core,Core
