When, Who, What, Added, Removed
2001-11-06 20:07:21 PST,bugzilla,Keywords,pp,
2001-11-06 20:10:08 PST,bugzilla,Keywords,regression,
2001-11-07 14:11:58 PST,andreww,Status,ASSIGNED,NEW
2001-11-07 14:11:58 PST,andreww,Target Milestone,mozilla0.9.7,---
2001-11-07 15:47:27 PST,andreww,Summary,classic: Tables have no inset border in prefs,classic: Smart Browsing pref panel poorly displayed
2001-11-07 15:47:27 PST,andreww,OS,Mac System 9.x,MacOS X
2001-11-08 15:46:05 PST,andreww,Keywords,review,
2001-11-08 16:15:29 PST,hewitt,Attachment #57117                Flags,superreview+,
2001-11-08 17:29:38 PST,shliang,Attachment #57117                Flags,review+,
2001-11-13 15:44:03 PST,blizzard,Attachment #57117                Flags,approval+,
2001-11-13 15:45:02 PST,blizzard,Keywords,mozilla0.9.6+,
2001-11-14 14:52:24 PST,andreww,Status,RESOLVED,ASSIGNED
2001-11-14 14:52:24 PST,andreww,Resolution,FIXED,---
2001-11-14 14:52:24 PST,andreww,Last Resolved,2001-11-14 14:52:24,
2001-11-14 21:57:34 PST,blizzard,Blocks,104864,
2001-11-15 15:05:09 PST,pmac,Status,VERIFIED,RESOLVED
2001-11-15 15:32:50 PST,andreww,CC,pmac,
2008-07-31 04:30:00 PDT,nobody,Product,SeaMonkey,Core
