When, Who, What, Added, Removed
2001-11-26 14:15:48 PST,johng,Assignee,greggl,johng
2001-11-26 14:18:53 PST,johng,Blocks,96915,
2001-11-26 14:19:28 PST,johng,Blocks,96916,
2001-12-03 11:19:24 PST,shrutiv,Priority,P1,--
2001-12-03 11:19:24 PST,shrutiv,QA Contact,blee,barrettl
2002-01-28 10:57:51 PST,shrutiv,Assignee,bobj,greggl
2002-02-01 22:28:13 PST,bobj,CC,greggl,
2002-04-11 17:26:59 PDT,shrutiv,Attachment #68581                Attachment description,Bookmark Customization proposal,MachV Bookmark Customization proposal
2002-04-11 17:32:10 PDT,shrutiv,Status,RESOLVED,NEW
2002-04-11 17:32:10 PDT,shrutiv,Resolution,FIXED,---
2002-04-11 17:32:10 PDT,shrutiv,Last Resolved,2002-04-11 17:32:10,
2002-04-16 13:11:11 PDT,blee,Status,VERIFIED,RESOLVED
