When, Who, What, Added, Removed
2001-11-07 07:11:16 PST,bzbarsky,Component,English: US,Browser-General
2001-11-07 07:11:16 PST,bzbarsky,Assignee,bclary,asa
2001-11-07 07:11:16 PST,bzbarsky,QA Contact,zach,doronr
2001-11-07 07:11:16 PST,bzbarsky,CC,bzbarsky,
2001-11-07 07:11:16 PST,bzbarsky,Ever confirmed,1,0
2001-11-07 07:11:16 PST,bzbarsky,Whiteboard,[DOCTYPE],
2001-11-07 07:11:16 PST,bzbarsky,Product,Tech Evangelism,Browser
2001-11-07 07:11:16 PST,bzbarsky,Version,unspecified,other
2001-11-07 07:11:16 PST,bzbarsky,Status,NEW,UNCONFIRMED
2001-11-10 20:16:56 PST,bob,Summary,oracle.com - This page does not display correctly and is unusable,This page does not display correctly and is unusable
2001-11-19 09:23:27 PST,bugzilla,CC,m.mazza,
2001-11-20 08:45:30 PST,bugzilla,CC,a_geek,
2001-12-08 14:05:36 PST,bob,Priority,P1,--
2002-01-12 00:07:42 PST,bob,Blocks,119624,
2002-02-15 13:18:25 PST,spam,CC,dlkingjr,
2002-08-23 19:05:44 PDT,mats,CC,jcherryh,
2002-09-03 12:02:15 PDT,susiew,Summary,oracle.com - Oracle Store does not display correctly and is unusable,oracle.com - This page does not display correctly and is unusable
2002-10-03 07:03:00 PDT,bugzilla,CC,jkahlo1,
2002-12-18 05:46:05 PST,bob,Status,ASSIGNED,NEW
2002-12-18 05:46:05 PST,bob,Target Milestone,Jan,---
2003-04-13 20:48:04 PDT,bzbarsky,CC,,bzbarsky
2003-08-07 19:19:40 PDT,bob,Status,RESOLVED,ASSIGNED
2003-08-07 19:19:40 PDT,bob,Resolution,FIXED,---
2003-08-07 19:19:40 PDT,bob,Last Resolved,2003-08-07 19:19:40,
2015-04-19 23:39:42 PDT,nobody,Product,Tech Evangelism Graveyard,Tech Evangelism
