When, Who, What, Added, Removed
2001-11-07 05:15:36 PST,colin,Target Milestone,mozilla0.9.6,---
2001-11-07 05:19:35 PST,colin,Attachment #56869                Attachment is obsolete,1,0
2001-11-07 15:52:20 PST,netscape,CC,alecf,
2001-11-08 11:49:56 PST,colin,Assignee,colin,seawood
2001-11-08 11:49:56 PST,colin,CC,seawood,
2001-11-08 11:50:19 PST,colin,Attachment #56870                Attachment is obsolete,1,0
2001-11-08 16:52:46 PST,netscape,Attachment #57134                Flags,review+,
2001-11-08 18:39:09 PST,asa,Keywords,mozilla0.9.6+,
2001-11-08 19:11:58 PST,colin,Last Resolved,2001-11-08 19:11:58,
2001-11-08 19:11:58 PST,colin,Status,RESOLVED,NEW
2001-11-08 19:11:58 PST,colin,Resolution,FIXED,---
2001-11-14 22:06:06 PST,blizzard,Blocks,104864,
2002-04-16 17:45:59 PDT,granrosebugs,Status,VERIFIED,RESOLVED
2004-11-22 17:25:08 PST,myk,Product,Seamonkey,Browser
