When, Who, What, Added, Removed
2001-11-09 23:45:10 PST,matty_is_a_geek,Priority,P2,--
2001-11-09 23:45:10 PST,matty_is_a_geek,Target Milestone,Bugzilla 2.18,---
2002-11-26 16:07:14 PST,justdave,CC,bugzilla,
2002-11-26 16:07:14 PST,justdave,Hardware,All,PC
2002-11-26 16:07:14 PST,justdave,OS,All,Linux
2002-11-26 16:07:14 PST,justdave,Component,Email Notifications,User Accounts
2002-11-26 16:07:14 PST,justdave,Assignee,preed,myk
2002-11-26 19:48:44 PST,jake,Severity,trivial,normal
2002-11-26 19:48:44 PST,jake,Priority,P4,P2
2002-11-26 19:48:44 PST,jake,Assignee,jake,preed
2002-11-26 19:48:44 PST,jake,CC,preed,bugzilla
2002-11-26 19:48:44 PST,jake,Depends on,73665,
2002-11-27 08:13:44 PST,mozilla-linux,CC,bugzilla,
2002-12-12 08:36:10 PST,justdave,CC,okoltermann,
2002-12-12 08:39:02 PST,justdave,CC,justdave,
2003-07-24 02:10:43 PDT,mozpreed,CC,psarkar,
2003-09-10 22:40:45 PDT,bugreport,CC,bugreport,
2004-01-04 12:57:15 PST,justdave,Assignee,preed,jake
2004-03-19 21:02:26 PST,justdave,Target Milestone,Bugzilla 2.20,Bugzilla 2.18
2004-03-19 21:18:14 PST,bugreport,CC,gerv,
2004-11-27 00:27:12 PST,vladd,Attachment #166946                Flags,review-,
2004-12-06 09:20:32 PST,shankarunni,CC,shankarunni,
2004-12-06 09:20:32 PST,shankarunni,Flags,blocking2.20?,
2004-12-08 12:39:12 PST,shane.h.w.travis,CC,dwilliss,
2004-12-09 19:46:53 PST,justdave,Severity,minor,trivial
2004-12-09 19:46:53 PST,justdave,Target Milestone,Bugzilla 2.18,Bugzilla 2.20
2004-12-09 19:46:53 PST,justdave,Flags,blocking2.20+, blocking2.18+,blocking2.20?
2004-12-10 06:30:54 PST,vladd,Whiteboard,bug awaiting patch,
2004-12-20 11:18:33 PST,justdave,Depends on,,73665
2004-12-20 11:28:31 PST,shane.h.w.travis,Assignee,travis,preed
2004-12-20 14:16:08 PST,shane.h.w.travis,Attachment #166946                Attachment is obsolete,1,0
2004-12-20 14:16:08 PST,shane.h.w.travis,Attachment #169236                Flags,review?(vladd),
2004-12-20 14:25:29 PST,shane.h.w.travis,Blocks,109573,
2004-12-20 16:06:06 PST,bugzilla-mozilla,CC,bugzilla-mozilla,
2004-12-20 18:57:31 PST,shane.h.w.travis,Status,ASSIGNED,NEW
2004-12-21 00:29:26 PST,jake,CC,jake,
2004-12-21 10:02:08 PST,shane.h.w.travis,Whiteboard,patch awaiting review,bug awaiting patch
2004-12-28 15:29:40 PST,shane.h.w.travis,Attachment #169236                Attachment is obsolete,1,0
2004-12-28 15:29:40 PST,shane.h.w.travis,Attachment #169757                Flags,review?(mkanat),
2004-12-28 15:30:27 PST,shane.h.w.travis,Attachment #169758                Flags,review?(mkanat),
2004-12-28 15:32:23 PST,shane.h.w.travis,Attachment #169759                Flags,review?(mkanat),
2004-12-28 16:27:39 PST,mkanat,Attachment #169757                Flags,review-,review?(mkanat)
2004-12-28 21:18:21 PST,shane.h.w.travis,Attachment #169788                Flags,review?(mkanat),
2004-12-28 21:20:20 PST,shane.h.w.travis,Attachment #169757                Flags,review?(mkanat),review-
2004-12-28 21:20:56 PST,shane.h.w.travis,Attachment #169236                Flags,,review?(vladd)
2004-12-29 12:54:51 PST,shane.h.w.travis,Blocks,275599,
2004-12-30 14:50:55 PST,mkanat,Attachment #169757                Flags,review-,review?(mkanat)
2004-12-30 14:51:52 PST,mkanat,Attachment #169759                Flags,review+,review?(mkanat)
2004-12-30 14:57:27 PST,mkanat,Attachment #169758                Flags,review+,review?(mkanat)
2004-12-30 15:35:40 PST,mkanat,Attachment #169788                Flags,review+,review?(mkanat)
2004-12-31 00:06:41 PST,shane.h.w.travis,Attachment #169758                Attachment is obsolete,1,0
2004-12-31 00:06:41 PST,shane.h.w.travis,Attachment #169759                Attachment is obsolete,1,0
2004-12-31 00:06:41 PST,shane.h.w.travis,Attachment #169788                Attachment is obsolete,1,0
2004-12-31 00:06:41 PST,shane.h.w.travis,Attachment #169966                Flags,review?(mkanat),
2004-12-31 00:06:41 PST,shane.h.w.travis,Attachment #169757                Attachment is obsolete,1,0
2004-12-31 00:12:14 PST,shane.h.w.travis,Attachment #169967                Flags,review?(mkanat),
2005-01-03 00:18:28 PST,mkanat,Attachment #169967                Flags,review-,review?(mkanat)
2005-01-03 00:35:23 PST,mkanat,Attachment #169966                Flags,review-,review?(mkanat)
2005-01-03 12:08:17 PST,mkanat,CC,mkanat,
2005-01-03 23:34:46 PST,shane.h.w.travis,Attachment #169966                Attachment is obsolete,1,0
2005-01-03 23:34:46 PST,shane.h.w.travis,Attachment #170213                Flags,review?(mkanat),
2005-01-04 02:41:30 PST,wurblzap,CC,wurblzap,
2005-01-04 13:56:52 PST,mkanat,Attachment #169967                Flags,review?(mkanat),review-
2005-01-04 15:00:53 PST,mkanat,Attachment #169967                Flags,review-,review?(mkanat)
2005-01-04 15:01:27 PST,mkanat,Attachment #170213                Flags,,review?(mkanat)
2005-01-04 16:19:42 PST,shane.h.w.travis,Attachment #169967                Attachment is obsolete,1,0
2005-01-04 16:19:42 PST,shane.h.w.travis,Attachment #170213                Attachment is obsolete,1,0
2005-01-04 16:19:42 PST,shane.h.w.travis,Attachment #170299                Flags,review?(mkanat),
2005-01-04 18:30:20 PST,mkanat,Attachment #170299                Flags,review-,review?(mkanat)
2005-01-04 18:34:27 PST,mkanat,Attachment #169758                Flags,,review+
2005-01-04 18:34:45 PST,mkanat,Attachment #169759                Flags,,review+
2005-01-04 18:35:04 PST,mkanat,Attachment #169788                Flags,,review+
2005-01-05 11:25:23 PST,shane.h.w.travis,Attachment #170370                Flags,review?(mkanat),
2005-01-05 11:25:53 PST,shane.h.w.travis,Attachment #170299                Attachment is obsolete,1,0
2005-01-05 11:31:58 PST,mkanat,Attachment #170370                Flags,review+,review?(mkanat)
2005-01-05 11:33:17 PST,mkanat,Flags,approval?, approval2.18?,
2005-01-05 21:52:10 PST,shane.h.w.travis,Whiteboard,patch awaiting approval,patch awaiting review
2005-01-05 22:09:47 PST,justdave,Whiteboard,patch awaiting checkin,patch awaiting approval
2005-01-05 22:09:47 PST,justdave,Flags,approval+, approval2.18+,approval?, approval2.18?
2005-01-07 12:57:05 PST,shane.h.w.travis,Whiteboard,,patch awaiting checkin
2005-01-07 12:57:05 PST,shane.h.w.travis,Status,RESOLVED,ASSIGNED
2005-01-07 12:57:05 PST,shane.h.w.travis,Resolution,FIXED,---
2005-01-07 12:57:05 PST,shane.h.w.travis,Last Resolved,2005-01-07 12:57:05,
2012-12-18 20:46:27 PST,nobody,QA Contact,default-qa,matty_is_a_geek
