When, Who, What, Added, Removed
2001-11-07 08:03:42 PST,jg,OS,All,Windows 2000
2001-11-07 08:03:42 PST,jg,Status,NEW,UNCONFIRMED
2001-11-07 08:03:42 PST,jg,Severity,blocker,major
2001-11-07 08:03:42 PST,jg,CC,jg,
2001-11-07 08:03:42 PST,jg,Ever confirmed,1,0
2001-11-07 08:03:42 PST,jg,Keywords,regression, smoketest,
2001-11-07 08:05:46 PST,jg,CC,twalker,
2001-11-07 08:19:26 PST,alex,CC,alex,
2001-11-07 10:28:22 PST,racham,Status,ASSIGNED,NEW
2001-11-07 10:28:22 PST,racham,CC,blakeross, ben,
2001-11-07 12:30:42 PST,stephend,CC,stephend,
2001-11-07 13:19:25 PST,bugzilla,CC,hewitt,
2001-11-07 13:42:40 PST,racham,CC,sspitzer,
2001-11-07 14:15:25 PST,bugzilla,Attachment #56928                Attachment is obsolete,1,0
2001-11-07 15:26:04 PST,racham,Status,NEW,ASSIGNED
2001-11-07 15:26:04 PST,racham,Assignee,blakeross,racham
2001-11-07 15:35:35 PST,bugzilla,Severity,critical,blocker
2001-11-07 15:35:35 PST,bugzilla,Status,ASSIGNED,NEW
2001-11-07 15:51:47 PST,jg,Attachment #56941                Flags,review+,
2001-11-08 04:46:12 PST,bugzilla,Status,RESOLVED,ASSIGNED
2001-11-08 04:46:12 PST,bugzilla,Resolution,FIXED,---
2001-11-08 04:46:12 PST,bugzilla,Last Resolved,2001-11-08 04:46:12,
2001-11-08 09:56:19 PST,spam,CC,olo,
2001-11-08 10:59:29 PST,racham,CC,buggage1999,
2001-11-08 13:34:50 PST,racham,CC,jan,
2001-11-08 13:48:13 PST,twalker,Status,VERIFIED,RESOLVED
2001-11-10 03:47:53 PST,tuukka.tolvanen,CC,mail_john,
2004-11-22 17:25:08 PST,myk,Product,Seamonkey,Browser
