When, Who, What, Added, Removed
2001-11-09 08:52:40 PST,gerv,CC,asa,
2001-11-09 10:22:58 PST,gerv,CC,gerv,
2002-05-16 14:14:16 PDT,gerv,Status,RESOLVED,NEW
2002-05-16 14:14:16 PDT,gerv,Resolution,FIXED,---
2002-05-16 14:14:16 PDT,gerv,Last Resolved,2002-05-16 14:14:16,
2002-05-16 14:18:28 PDT,justdave,Status,VERIFIED,RESOLVED
2011-06-26 22:59:39 PDT,nobody,Product,bugzilla.mozilla.org,mozilla.org
2011-06-26 22:59:39 PDT,nobody,Component,General,Bugzilla: Other b.m.o Issues
2013-12-27 14:27:36 PST,asa,CC,,asa
