When, Who, What, Added, Removed
2001-11-07 00:03:32 PST,ben.bucksch,Keywords,regression,
2001-11-07 00:08:20 PST,hyatt,Keywords,,regression
2001-11-07 00:08:45 PST,hyatt,Status,ASSIGNED,NEW
2001-11-07 00:08:45 PST,hyatt,Target Milestone,mozilla0.9.8,---
2001-11-07 01:06:29 PST,kerz,CC,kerz,
2001-11-07 04:10:29 PST,subotnik,CC,subotnik,
2001-11-07 06:02:59 PST,kairo,CC,KaiRo,
2001-11-07 07:41:37 PST,ian,Whiteboard,WONTFIX?,
2001-11-07 09:12:01 PST,ben.bucksch,Whiteboard,,WONTFIX?
2001-11-07 09:43:59 PST,andreww,CC,andreww,
2001-11-07 10:04:52 PST,netscape,CC,seawood,
2001-11-07 11:22:48 PST,nick,CC,nick,
2001-11-07 11:23:32 PST,bugzilla,QA Contact,claudius,sairuh
2001-11-07 14:29:10 PST,bzbarsky,CC,bzbarsky,
2001-11-08 02:22:10 PST,hyatt,Status,RESOLVED,ASSIGNED
2001-11-08 02:22:10 PST,hyatt,Resolution,FIXED,---
2001-11-08 02:22:10 PST,hyatt,Last Resolved,2001-11-08 02:22:10,
2001-11-15 07:13:34 PST,adam,CC,adam,
2002-12-17 23:38:28 PST,bugzilla,Status,VERIFIED,RESOLVED
2004-11-23 18:54:58 PST,myk,Product,Mozilla Application Suite,Core
2005-11-22 15:19:26 PST,bzbarsky,CC,,bzbarsky
2008-07-31 04:13:37 PDT,timeless,Component,UI Design,XP Apps: GUI Features
