When, Who, What, Added, Removed
2001-11-06 22:51:38 PST,bbaetz,CC,justdave, jake,
2001-11-07 00:19:18 PST,myk,Blocks,103885,
2001-11-07 01:30:25 PST,matty_is_a_geek,Priority,P1,--
2001-11-07 01:30:25 PST,matty_is_a_geek,Target Milestone,Bugzilla 2.16,---
2001-11-07 06:44:35 PST,jake,Assignee,jake,endico
2001-11-07 06:44:35 PST,jake,CC,endico,
2001-11-07 06:58:45 PST,jake,Keywords,patch, review,
2001-11-07 06:58:45 PST,jake,Status,ASSIGNED,NEW
2001-11-07 08:13:17 PST,bbaetz,Attachment #56877                Flags,review+,
2001-11-07 14:54:01 PST,myk,Attachment #56877                Flags,review+,
2001-11-07 16:53:48 PST,myk,Status,RESOLVED,ASSIGNED
2001-11-07 16:53:48 PST,myk,Resolution,FIXED,---
2001-11-07 16:53:48 PST,myk,Last Resolved,2001-11-07 16:53:48,
2001-11-17 00:12:24 PST,justdave,Whiteboard,applied to 2.14.1,
2001-12-10 17:26:56 PST,justdave,CC,dkl, remi.perrot,
2002-01-05 16:02:06 PST,shaver,Group,,security?
2012-12-18 20:46:27 PST,nobody,QA Contact,default-qa,matty_is_a_geek
