When, Who, What, Added, Removed
2001-11-07 08:12:53 PST,axel,Keywords,crash, smoketest,
2001-11-07 08:20:05 PST,spam,Hardware,All,Sun
2001-11-07 08:20:05 PST,spam,OS,All,Solaris
2001-11-07 08:23:24 PST,jg,CC,jg,
2001-11-07 08:24:29 PST,alex,CC,alex,
2001-11-07 08:25:29 PST,jg,Summary,crash / segfault on view-source,segfault on view-source
2001-11-07 08:28:23 PST,tingley,CC,dbaron, tingley,
2001-11-07 08:29:54 PST,piskozub,CC,piskozub,
2001-11-07 08:36:55 PST,markushuebner,CC,markush,
2001-11-07 09:54:40 PST,blizzard,Assignee,adamlock,asa
2001-11-07 09:56:16 PST,timeless,Component,Embedding: Docshell,Browser-General
2001-11-07 09:56:57 PST,blizzard,CC,blizzard,
2001-11-07 10:54:55 PST,adamlock,CC,bzbarsky,
2001-11-07 11:06:50 PST,david,CC,dkoppenh,
2001-11-07 11:08:28 PST,adamlock,Status,RESOLVED,NEW
2001-11-07 11:08:28 PST,adamlock,Resolution,FIXED,---
2001-11-07 11:08:28 PST,adamlock,Last Resolved,2001-11-07 11:08:28,
2001-11-08 14:56:07 PST,jaymoz,Keywords,topcrash,
2001-11-08 14:56:07 PST,jaymoz,Summary,crash / segfault on view-source - Trunk [@ 0x00000000 - nsDefaultURIFixup::CreateFixupURI],crash / segfault on view-source
2001-11-08 14:56:07 PST,jaymoz,CC,janc, jpatel, namachi, greer,
2001-11-09 11:10:43 PST,spam,CC,mschmitt,
2002-01-17 18:26:45 PST,jcarpenter0524,Status,VERIFIED,RESOLVED
2005-11-19 00:22:22 PST,jcea,CC,jcea,
2011-06-09 14:58:34 PDT,nobody,Crash Signature,[@ 0x00000000 - nsDefaultURIFixup::CreateFixupURI],
