When, Who, What, Added, Removed
2001-11-07 06:21:34 PST,jg,Keywords,regression, smoketest,
2001-11-07 06:21:34 PST,jg,CC,twalker,
2001-11-07 06:31:53 PST,jg,Status,NEW,UNCONFIRMED
2001-11-07 06:31:53 PST,jg,CC,axel,
2001-11-07 06:31:53 PST,jg,Ever confirmed,1,0
2001-11-07 06:31:53 PST,jg,Keywords,pp,
2001-11-07 06:31:53 PST,jg,OS,All,Linux
2001-11-07 06:40:33 PST,kairo,CC,KaiRo,
2001-11-07 06:43:35 PST,mozbug,Keywords,,pp
2001-11-07 06:43:35 PST,mozbug,OS,Linux,All
2001-11-07 06:43:35 PST,mozbug,CC,sconest,
2001-11-07 07:31:24 PST,caillon,CC,caillon,
2001-11-07 07:55:29 PST,alex,CC,alex,
2001-11-07 08:12:50 PST,atontti,CC,atontti,
2001-11-07 08:18:18 PST,david,CC,dkoppenh,
2001-11-07 08:20:58 PST,jg,OS,All,Linux
2001-11-07 08:30:50 PST,piskozub,CC,piskozub,
2001-11-07 09:25:04 PST,neeti,CC,darin,
2001-11-07 09:44:29 PST,ajfitzpatrick,CC,ajfitzpatrick,
2001-11-07 10:29:52 PST,neeti,Assignee,darin,neeti
2001-11-07 10:29:52 PST,neeti,QA Contact,tever,benc
2001-11-07 10:29:52 PST,neeti,CC,neeti,
2001-11-07 10:29:52 PST,neeti,Component,Networking: HTTP,Networking
2001-11-07 10:37:34 PST,wolruf,CC,cahagn_o,
2001-11-07 10:50:02 PST,pbaker,CC,pbaker,
2001-11-07 11:12:47 PST,blizzard,CC,blizzard,
2001-11-07 11:28:03 PST,hub-san,CC,hub-san,
2001-11-07 11:40:33 PST,blizzard,Assignee,rpotts,darin
2001-11-07 12:01:26 PST,blizzard,Severity,critical,blocker
2001-11-07 12:33:07 PST,stephend,CC,stephend,
2001-11-07 14:20:12 PST,lkolesza,CC,lkolesza,
2001-11-07 14:25:10 PST,rpotts,Status,RESOLVED,NEW
2001-11-07 14:25:10 PST,rpotts,Resolution,FIXED,---
2001-11-07 14:25:10 PST,rpotts,Last Resolved,2001-11-07 14:25:10,
2001-11-09 07:32:06 PST,caillon,CC,andy.ruddock,
2001-12-17 10:53:32 PST,twalker,Status,VERIFIED,RESOLVED
