When, Who, What, Added, Removed
2001-11-06 21:24:53 PST,trudelle,Target Milestone,mozilla0.9.7,---
2001-11-06 21:24:53 PST,trudelle,Priority,P1,--
2001-11-06 21:24:53 PST,trudelle,Depends on,108797,
2001-11-06 21:24:53 PST,trudelle,Blocks,108795,
2001-11-18 21:55:09 PST,paulkchen,Status,RESOLVED,NEW
2001-11-18 21:55:09 PST,paulkchen,Resolution,FIXED,---
2001-11-18 21:55:09 PST,paulkchen,Last Resolved,2001-11-18 21:55:09,
2001-11-26 11:05:24 PST,agracebush,Status,VERIFIED,RESOLVED
2001-11-26 12:09:43 PST,trudelle,Status,REOPENED,VERIFIED
2001-11-26 12:09:43 PST,trudelle,Resolution,---,FIXED
2001-12-05 15:29:51 PST,paulkchen,Status,ASSIGNED,REOPENED
2001-12-10 15:06:15 PST,paulkchen,Target Milestone,mozilla0.9.8,mozilla0.9.7
2002-01-05 18:36:42 PST,trudelle,Status,NEW,ASSIGNED
2002-01-05 18:36:42 PST,trudelle,Assignee,blaker,pchen
2002-01-14 21:55:08 PST,bugzilla,Target Milestone,mozilla0.9.9,mozilla0.9.8
2002-02-14 11:31:05 PST,bugzilla,Target Milestone,mozilla1.0,mozilla0.9.9
2002-02-21 15:32:40 PST,netdragon,CC,netdemonz,
2002-03-03 22:51:22 PST,bugzilla,Target Milestone,mozilla1.0.1,mozilla1.0
2002-03-24 17:09:46 PST,bugzilla,Target Milestone,mozilla1.0,mozilla1.0.1
2002-04-09 12:40:08 PDT,bugzilla,Status,RESOLVED,NEW
2002-04-09 12:40:08 PDT,bugzilla,Resolution,FIXED,---
2002-04-09 12:40:08 PDT,bugzilla,Last Resolved,2002-04-09 12:40:08,2001-11-18 21:55:09
2002-04-09 16:52:47 PDT,trudelle,Status,VERIFIED,RESOLVED
2012-10-25 11:16:42 PDT,nobody,Component,QuickLaunch (AKA turbo mode),QuickLaunch (AKA turbo mode)
2012-10-25 11:16:42 PDT,nobody,Product,Core Graveyard,Core
