When, Who, What, Added, Removed
2001-11-07 08:23:15 PST,mikepinkerton,Status,NEW,UNCONFIRMED
2001-11-07 08:23:15 PST,mikepinkerton,Assignee,pinkerton,hyatt
2001-11-07 08:23:15 PST,mikepinkerton,Ever confirmed,1,0
2001-11-07 08:23:31 PST,mikepinkerton,Status,ASSIGNED,NEW
2001-11-07 08:23:31 PST,mikepinkerton,Target Milestone,mozilla0.9.7,---
2001-11-19 15:38:21 PST,mikepinkerton,Target Milestone,mozilla0.9.8,mozilla0.9.7
2002-01-15 10:53:42 PST,mikepinkerton,Attachment #62496                Attachment is obsolete,1,0
2002-01-15 10:55:51 PST,mikepinkerton,CC,sdagley, sfraser,
2002-01-15 11:04:40 PST,sdagley,Attachment #65054                Flags,review+,
2002-01-15 11:49:53 PST,sfraser_bugs,Attachment #65054                Flags,superreview+,
2002-01-15 15:14:04 PST,mikepinkerton,Last Resolved,2002-01-15 15:14:04,
2002-01-15 15:14:04 PST,mikepinkerton,Status,RESOLVED,ASSIGNED
2002-01-15 15:14:04 PST,mikepinkerton,Resolution,FIXED,---
2002-01-25 13:05:53 PST,masri,CC,masri,
