When, Who, What, Added, Removed
2001-11-07 01:08:56 PST,kerz,CC,kerz,
2001-11-07 06:01:57 PST,kairo,CC,KaiRo,
2001-11-07 06:52:25 PST,tpowellmoz,CC,tpowell,
2001-11-07 09:08:45 PST,2009-bugzilla,CC,bugzilla,
2001-11-07 11:28:11 PST,nick,CC,nick,
2001-11-07 12:28:48 PST,jmd,Summary,"Show Site Icons where available" is highly misleading,"Show Internet Explorer Favorites Icons where available" is highly misleading
2001-11-07 12:28:48 PST,jmd,CC,mozilla,
2001-11-07 13:09:47 PST,braden,CC,braden,
2001-11-07 17:17:26 PST,bugzilla,QA Contact,claudius,sairuh
2001-11-08 05:54:32 PST,david,CC,dkoppenh,
2001-11-08 12:22:58 PST,MozillaUser,CC,MozillaUser,
2001-11-08 23:49:06 PST,hyatt,Status,RESOLVED,NEW
2001-11-08 23:49:06 PST,hyatt,Resolution,INVALID,---
2001-11-08 23:49:06 PST,hyatt,Last Resolved,2001-11-08 23:49:06,
2001-11-09 00:23:04 PST,ben.bucksch,Status,REOPENED,RESOLVED
2001-11-09 00:23:04 PST,ben.bucksch,Resolution,---,INVALID
2001-11-09 00:26:38 PST,ben.bucksch,Status,RESOLVED,REOPENED
2001-11-09 00:26:38 PST,ben.bucksch,Resolution,FIXED,---
2001-11-09 00:26:38 PST,ben.bucksch,Last Resolved,2001-11-09 00:26:38,2001-11-08 23:49:06
2001-11-09 14:19:19 PST,cmaximus,Status,VERIFIED,RESOLVED
2001-11-14 17:37:09 PST,piskozub,CC,piskozub,
2001-11-14 19:26:02 PST,ben.bucksch,Depends on,109843,
2001-11-14 19:30:42 PST,ben.bucksch,Resolution,---,FIXED
2001-11-14 19:30:42 PST,ben.bucksch,Depends on,,109843
2001-11-14 19:30:42 PST,ben.bucksch,Status,REOPENED,VERIFIED
2001-11-14 22:59:25 PST,hyatt,Status,RESOLVED,REOPENED
2001-11-14 22:59:25 PST,hyatt,Resolution,FIXED,---
2001-11-14 22:59:25 PST,hyatt,Last Resolved,2001-11-14 22:59:25,2001-11-09 00:26:38
2001-11-15 06:20:12 PST,adam,CC,adam,
2001-11-15 06:27:01 PST,ben.bucksch,Status,REOPENED,RESOLVED
2001-11-15 06:27:01 PST,ben.bucksch,Resolution,---,FIXED
2001-11-15 11:00:22 PST,robert.pollak,CC,robert_pollak,
2001-11-16 18:25:40 PST,cmaximus,Status,RESOLVED,REOPENED
2001-11-16 18:25:40 PST,cmaximus,Resolution,FIXED,---
2001-11-16 18:25:40 PST,cmaximus,Last Resolved,2001-11-16 18:25:40,2001-11-14 22:59:25
2001-11-16 18:27:31 PST,cmaximus,Status,VERIFIED,RESOLVED
2002-10-03 00:59:25 PDT,2009-bugzilla,CC,,bugzilla
2004-11-23 18:54:58 PST,myk,Product,Mozilla Application Suite,Core
2008-07-31 04:13:37 PDT,timeless,Component,UI Design,XP Apps: GUI Features
2008-07-31 10:11:04 PDT,MozillaUser,CC,,MozillaUser
