When, Who, What, Added, Removed
2001-11-07 01:21:22 PST,mozilla-06,Keywords,crash,
2001-11-07 01:21:22 PST,mozilla-06,Severity,critical,normal
2001-11-07 04:17:14 PST,diego,OS,All,Windows 2000
2001-11-07 04:17:14 PST,diego,CC,diego,
2001-11-07 09:10:39 PST,spam,Summary,http://www.bgbank.dk/link/konkurrence crashes mozilla [js_strncpy],http://www.bgbank.dk/link/konkurrence crashes mozilla
2001-11-07 13:20:02 PST,serhunt,Component,Javascript Engine,Plug-ins
2001-11-07 13:20:02 PST,serhunt,Assignee,rogerl,av
2001-11-07 13:20:02 PST,serhunt,QA Contact,pschwartau,shrir
2001-11-07 14:20:02 PST,pschwartau,Assignee,khanson,rogerl
2001-11-07 14:20:02 PST,pschwartau,CC,brendan,
2001-11-07 14:58:16 PST,peterlubczynski-bugs,CC,peterlubczynski,
2001-11-08 05:59:00 PST,david,CC,dkoppenh,
2001-11-08 07:49:17 PST,pschwartau,Summary,Mozilla crashes at this site [@ js_strncpy],http://www.bgbank.dk/link/konkurrence crashes mozilla [js_strncpy]
2001-11-08 09:54:02 PST,brendan,Keywords,js1.5, mozilla0.9.6,
2001-11-08 09:54:02 PST,brendan,Assignee,brendan,khanson
2001-11-08 09:54:02 PST,brendan,CC,khanson, asa, shaver, jband,brendan
2001-11-08 09:54:02 PST,brendan,Target Milestone,mozilla0.9.6,---
2001-11-08 10:09:44 PST,jband_mozilla,Attachment #57043                Flags,superreview+,
2001-11-08 10:11:43 PST,shaver,Attachment #57043                Flags,review+,
2001-11-08 14:44:17 PST,asa,Keywords,mozilla0.9.6+,mozilla0.9.6
2001-11-08 15:58:50 PST,brendan,Keywords,mozilla0.9.7,
2001-11-08 15:58:50 PST,brendan,Status,ASSIGNED,NEW
2001-11-08 15:58:50 PST,brendan,Severity,normal,critical
2001-11-08 15:58:50 PST,brendan,Priority,P2,--
2001-11-08 15:58:50 PST,brendan,Target Milestone,mozilla0.9.7,mozilla0.9.6
2001-11-14 22:00:50 PST,blizzard,Blocks,104864,
2001-11-19 21:13:59 PST,basic,CC,_basic,
2001-11-19 22:54:48 PST,shaver,Attachment #58502                Flags,review+,
2001-11-20 04:40:11 PST,ezh,CC,ezh,
2001-11-20 13:15:20 PST,jband_mozilla,Attachment #58502                Flags,superreview+,
2001-11-20 13:31:04 PST,brendan,Resolution,FIXED,---
2001-11-20 13:31:04 PST,brendan,Last Resolved,2001-11-20 13:31:04,
2001-11-20 13:31:04 PST,brendan,Status,RESOLVED,ASSIGNED
2001-11-20 20:27:37 PST,pschwartau,Status,VERIFIED,RESOLVED
2011-06-09 14:58:34 PDT,nobody,Crash Signature,[@ js_strncpy],
2011-08-05 22:29:00 PDT,asa,CC,,asa
2014-04-26 03:30:30 PDT,basic,CC,,basic
