When, Who, What, Added, Removed
2001-11-06 23:59:26 PST,bbaetz,Summary,[security] users with blessgroupset!= 0 can change any groupset,users with blessgroupset!= 0 can change any groupset
2001-11-07 00:07:12 PST,justdave,CC,jake,
2001-11-07 00:13:33 PST,myk,Blocks,103885,
2001-11-07 01:30:10 PST,matty_is_a_geek,Priority,P1,--
2001-11-07 01:30:10 PST,matty_is_a_geek,Target Milestone,Bugzilla 2.16,---
2001-11-07 07:35:15 PST,jake,Attachment #56883                Flags,review-,
2001-11-07 14:00:59 PST,bbaetz,Assignee,bbaetz,myk
2001-11-07 14:07:56 PST,bbaetz,Status,ASSIGNED,NEW
2001-11-07 14:12:45 PST,jake,Attachment #56938                Flags,review+,
2001-11-07 16:27:45 PST,myk,Attachment #56938                Flags,review-,
2001-11-07 16:37:53 PST,bbaetz,Attachment #56979                Flags,review+,
2001-11-07 16:42:54 PST,myk,Attachment #56979                Flags,review+,
2001-11-07 16:56:27 PST,myk,Status,RESOLVED,ASSIGNED
2001-11-07 16:56:27 PST,myk,Resolution,FIXED,---
2001-11-07 16:56:27 PST,myk,Last Resolved,2001-11-07 16:56:27,
2001-11-17 00:20:47 PST,justdave,Attachment #56883                Attachment is obsolete,1,0
2001-11-17 00:20:47 PST,justdave,Attachment #56938                Attachment is obsolete,1,0
2001-11-17 00:23:44 PST,justdave,Whiteboard,applied to 2.14.1,
2001-12-10 17:26:59 PST,justdave,CC,dkl, remi.perrot,
2002-01-01 10:17:24 PST,justdave,CC,caillon,
2002-01-05 16:02:09 PST,shaver,Group,,security?
2012-12-18 20:46:27 PST,nobody,QA Contact,default-qa,matty_is_a_geek
