When, Who, What, Added, Removed
2001-11-10 00:56:25 PST,john,Attachment #57342                Attachment is obsolete,1,0
2002-02-04 11:29:42 PST,john,Target Milestone,mozilla1.1,---
2002-04-02 20:30:40 PST,choess,Keywords,patch,
2003-10-05 08:15:55 PDT,rivanvx,Target Milestone,Future,mozilla1.1alpha
2004-08-05 12:44:35 PDT,bzbarsky,Status,ASSIGNED,NEW
2004-08-05 12:44:35 PDT,bzbarsky,Assignee,bzbarsky,john
2004-08-05 12:44:35 PDT,bzbarsky,Attachment #57349                Attachment is obsolete,1,0
2004-08-05 12:44:35 PDT,bzbarsky,Attachment #57568                Attachment is obsolete,1,0
2004-08-05 12:45:11 PDT,bzbarsky,Target Milestone,mozilla1.8alpha3,Future
2004-08-05 12:45:11 PDT,bzbarsky,Keywords,perf,
2004-08-05 12:45:11 PDT,bzbarsky,Summary,[FIX]Make nsListControlFrame timer simpler, flush reflows appropriately,Make nsListControlFrame timer simpler, flush reflows appropriately
2004-08-05 12:45:11 PDT,bzbarsky,Priority,P1,--
2004-08-05 12:45:11 PDT,bzbarsky,Blocks,183918,
2004-08-05 12:48:01 PDT,bzbarsky,Attachment #155301                Flags,review?(roc), superreview?(roc),
2004-08-05 13:01:49 PDT,bzbarsky,CC,brendan,
2004-08-10 05:41:10 PDT,roc,Attachment #155301                Flags,review+, superreview+,review?(roc), superreview?(roc)
2004-08-10 22:35:39 PDT,bzbarsky,Status,RESOLVED,ASSIGNED
2004-08-10 22:35:39 PDT,bzbarsky,Resolution,FIXED,---
2004-08-10 22:35:39 PDT,bzbarsky,Last Resolved,2004-08-10 22:35:39,
