When, Who, What, Added, Removed
2001-11-06 22:46:49 PST,hyatt,Status,ASSIGNED,NEW
2001-11-06 22:46:49 PST,hyatt,Target Milestone,mozilla0.9.8,---
2001-11-08 08:43:05 PST,lkolesza,CC,lkolesza,
2001-11-09 10:48:06 PST,cplyon,CC,lohphat,
2001-11-09 10:56:09 PST,aha,Hardware,All,PC
2001-11-09 10:56:09 PST,aha,OS,All,Windows 2000
2001-11-09 10:56:09 PST,aha,CC,aha,
2001-11-11 15:36:30 PST,jruderman,CC,jruderman,
2001-11-11 15:46:19 PST,jruderman,Blocks,109669,
2001-11-11 15:47:44 PST,jruderman,Blocks,106328,
2001-11-12 04:07:02 PST,ezh,CC,ezh,
2001-11-12 07:14:42 PST,david,CC,dkoppenh,
2001-11-14 10:24:23 PST,basic,CC,_basic,
2001-11-15 05:20:30 PST,cplyon,CC,urbanekx,
2001-11-15 14:09:36 PST,mattdm,CC,mattdm,
2001-11-15 17:00:38 PST,jelwell,CC,jelwell,
2001-11-19 04:17:47 PST,aha,CC,trusted2mozilla.org,
2001-11-21 09:46:29 PST,bugzilla,CC,jose.jeria,
2001-11-21 12:06:31 PST,tpowellmoz,CC,tpowell,
2001-11-24 19:50:28 PST,neilpryde92651,CC,NeilPryde92651,
2001-11-26 16:09:30 PST,hyatt,CC,rjc,
2001-11-27 13:40:25 PST,mozilla,CC,rjc,
2001-11-27 14:52:36 PST,hyatt,Status,NEW,ASSIGNED
2001-11-27 14:52:36 PST,hyatt,Assignee,rjc,hyatt
2001-11-27 15:09:38 PST,mozilla,Status,ASSIGNED,NEW
2001-11-30 17:42:28 PST,mozilla,Attachment #59383                Attachment is obsolete,1,0
2001-11-30 17:44:52 PST,bugs,Attachment #59966                Flags,review+,
2001-11-30 23:29:00 PST,mozilla,Status,RESOLVED,ASSIGNED
2001-11-30 23:29:00 PST,mozilla,Resolution,FIXED,---
2001-11-30 23:29:00 PST,mozilla,Last Resolved,2001-11-30 23:29:00,
2001-12-01 01:23:01 PST,adam,CC,adam,
2001-12-01 16:50:34 PST,jmd,CC,mozilla,
2001-12-01 18:54:29 PST,jrgmorrison,Status,VERIFIED,RESOLVED
2004-11-22 17:25:08 PST,myk,Product,Seamonkey,Browser
2008-04-04 02:35:16 PDT,neil,Depends on,323508,
2014-04-26 03:18:47 PDT,basic,CC,,basic
