When, Who, What, Added, Removed
2001-11-06 23:17:57 PST,bugs,Status,ASSIGNED,NEW
2001-11-06 23:17:57 PST,bugs,Priority,P3,--
2001-11-06 23:17:57 PST,bugs,Target Milestone,mozilla0.9.6,---
2001-11-06 23:30:56 PST,hewitt,Attachment #56857                Flags,review+, superreview+,
2001-11-06 23:43:03 PST,bugs,Resolution,FIXED,---
2001-11-06 23:43:03 PST,bugs,Last Resolved,2001-11-06 23:43:03,
2001-11-06 23:43:03 PST,bugs,Status,RESOLVED,ASSIGNED
2001-11-06 23:43:50 PST,waterson,CC,waterson,
2001-11-07 11:27:25 PST,bugzilla,Keywords,pp,
2001-11-07 11:27:25 PST,bugzilla,Component,Keyboard Navigation,XP Apps: GUI Features
2001-11-07 11:27:25 PST,bugzilla,CC,jruderman, aaronl,
2001-11-07 12:30:08 PST,jruderman,Summary,Backspace/Shift+Backspace don't operate as Back/Forward,Back/Shift+Back don't operate as Back/Forward
2001-11-07 13:38:27 PST,ian,CC,ian,
2001-11-07 13:45:39 PST,aaronlev,CC,asa,
2001-11-08 13:10:29 PST,bugzilla,Status,VERIFIED,RESOLVED
2001-11-09 16:00:38 PST,bugzilla-mozilla,CC,kevinar18,
2001-11-12 00:19:27 PST,aaronlev,Summary,World War III: "What should Backspace do (or not)",Backspace/Shift+Backspace don't operate as Back/Forward
2001-11-12 05:29:01 PST,ezh,CC,ezh,
2001-11-12 07:42:40 PST,cbiesinger,CC,cbiesinger,
2001-11-19 07:49:10 PST,rob,CC,moz,
2001-11-19 10:05:26 PST,kevinar18,CC,,kevinar18
2001-11-21 13:10:45 PST,bzbarsky,Status,REOPENED,VERIFIED
2001-11-21 13:10:45 PST,bzbarsky,Resolution,---,FIXED
2001-11-21 13:10:45 PST,bzbarsky,CC,bzbarsky,
2001-11-21 13:11:09 PST,bzbarsky,Status,RESOLVED,REOPENED
2001-11-21 13:11:09 PST,bzbarsky,Resolution,FIXED,---
2001-11-21 13:11:09 PST,bzbarsky,Last Resolved,2001-11-21 13:11:09,2001-11-06 23:43:03
2001-11-21 20:41:12 PST,caillon,CC,caillon,
2001-11-22 01:23:55 PST,ian,Status,REOPENED,RESOLVED
2001-11-22 01:23:55 PST,ian,Resolution,---,FIXED
2001-11-22 08:43:57 PST,bzbarsky,Status,RESOLVED,REOPENED
2001-11-22 08:43:57 PST,bzbarsky,Resolution,FIXED,---
2001-11-22 08:43:57 PST,bzbarsky,Last Resolved,2001-11-22 08:43:57,2001-11-21 13:11:09
2001-11-22 08:44:38 PST,bzbarsky,Status,VERIFIED,RESOLVED
2001-11-29 18:36:29 PST,aaronlev,CC,anarkhos,
2001-12-15 18:11:40 PST,alan-lists,CC,asj,
2002-01-28 13:34:28 PST,rjesup,Blocks,36922,
2002-01-28 13:36:24 PST,rjesup,CC,rjesup,
2002-01-28 13:36:24 PST,rjesup,Blocks,,36922
2002-01-28 13:45:52 PST,rjesup,Depends on,36922, 57805,
2002-01-29 12:15:42 PST,alex,CC,alex,
2002-03-31 22:31:41 PST,bugzilla,CC,jwz,
2002-08-09 17:21:14 PDT,michaell+bmo,CC,desale,
2002-10-22 14:20:38 PDT,bugzilla,CC,jrt,
2002-10-22 14:21:39 PDT,bugzilla,Alias,backspace,
2002-12-03 07:26:30 PST,bzbarsky,CC,glitchman64,
2002-12-10 14:32:58 PST,mattdm,CC,mattdm,
2003-09-14 11:28:36 PDT,bugzilla,CC,netdemonz,
2011-08-05 21:28:25 PDT,asa,CC,,asa
