When, Who, What, Added, Removed
2001-11-07 00:13:33 PST,myk,Blocks,103885,
2001-11-07 01:27:57 PST,matty_is_a_geek,Priority,P1,--
2001-11-07 01:27:57 PST,matty_is_a_geek,Target Milestone,Bugzilla 2.16,---
2001-11-07 06:57:06 PST,jake,Assignee,jake,myk
2001-11-07 06:57:06 PST,jake,CC,myk,
2001-11-07 06:58:15 PST,jake,Status,ASSIGNED,NEW
2001-11-07 06:58:15 PST,jake,Keywords,patch, review,
2001-11-07 08:19:04 PST,bbaetz,Attachment #56879                Flags,review+,
2001-11-07 15:27:14 PST,myk,Attachment #56879                Flags,review+,
2001-11-07 18:09:57 PST,myk,Status,RESOLVED,ASSIGNED
2001-11-07 18:09:57 PST,myk,Resolution,FIXED,---
2001-11-07 18:09:57 PST,myk,Last Resolved,2001-11-07 18:09:57,
2001-11-17 00:29:01 PST,justdave,Whiteboard,applied to 2.14.1,
2001-12-10 17:27:02 PST,justdave,CC,dkl, remi.perrot,
2002-01-05 16:02:17 PST,shaver,Group,,security?
2012-12-18 20:46:27 PST,nobody,QA Contact,default-qa,matty_is_a_geek
