When, Who, What, Added, Removed
2001-11-07 13:21:07 PST,serhunt,Assignee,peterl,av
2001-11-08 13:57:20 PST,chrispetersen,Status,NEW,UNCONFIRMED
2001-11-08 13:57:20 PST,chrispetersen,Ever confirmed,1,0
2001-11-08 14:48:41 PST,peterlubczynski-bugs,Keywords,regression,
2001-11-08 14:48:41 PST,peterlubczynski-bugs,Summary,OSX: Plugins do not respond to clicks in contextual menus,Plugins do not respond to clicks in contextual menus
2001-11-08 14:48:41 PST,peterlubczynski-bugs,Priority,P3,--
2001-11-08 14:48:41 PST,peterlubczynski-bugs,Assignee,peterlubczynski,peterl
2001-11-08 14:48:41 PST,peterlubczynski-bugs,CC,petersen,
2001-11-08 14:48:41 PST,peterlubczynski-bugs,Target Milestone,mozilla0.9.7,---
2001-11-16 08:27:05 PST,peterlubczynski-bugs,Status,ASSIGNED,NEW
2001-11-17 10:18:51 PST,chrispetersen,CC,risc_abacus,
2001-11-17 10:32:00 PST,peterlubczynski-bugs,CC,av, pinkerton,
2001-11-19 09:52:57 PST,mikepinkerton,Status,NEW,ASSIGNED
2001-11-19 09:52:57 PST,mikepinkerton,Assignee,pinkerton,peterlubczynski
2001-11-19 09:52:57 PST,mikepinkerton,CC,peterlubczynski,
2001-11-19 10:41:05 PST,mikepinkerton,Whiteboard,needs r/sr,
2001-11-19 10:41:05 PST,mikepinkerton,Priority,P1,P3
2001-11-19 10:41:05 PST,mikepinkerton,CC,sfraser,
2001-11-19 10:41:18 PST,mikepinkerton,Status,ASSIGNED,NEW
2001-11-19 11:23:47 PST,peterlubczynski-bugs,Whiteboard,,needs r/sr
2001-11-19 12:23:34 PST,mikepinkerton,Status,RESOLVED,ASSIGNED
2001-11-19 12:23:34 PST,mikepinkerton,Resolution,FIXED,---
2001-11-19 12:23:34 PST,mikepinkerton,Last Resolved,2001-11-19 12:23:34,
2001-11-28 09:18:26 PST,shrir,CC,jawz,
2001-12-10 15:45:12 PST,shrir,Status,VERIFIED,RESOLVED
