When, Who, What, Added, Removed
2001-11-07 05:37:50 PST,jdunn,Status,ASSIGNED,NEW
2001-11-07 05:37:50 PST,jdunn,Priority,P3,--
2001-11-07 05:37:50 PST,jdunn,Target Milestone,mozilla0.9.6,---
2001-11-08 04:24:39 PST,jdunn,Status,RESOLVED,ASSIGNED
2001-11-08 04:24:39 PST,jdunn,Resolution,FIXED,---
2001-11-08 04:24:39 PST,jdunn,QA Contact,jdunn,granrose
2001-11-08 04:24:39 PST,jdunn,Last Resolved,2001-11-08 04:24:39,
2001-11-14 19:39:52 PST,blizzard,Keywords,mozilla0.9.6+,
2001-11-14 22:09:09 PST,blizzard,Blocks,104864,
2004-11-22 17:25:08 PST,myk,Product,Seamonkey,Browser
