When, Who, What, Added, Removed
2001-11-07 18:01:03 PST,justdave,Assignee,endico,justdave
2001-11-07 18:01:03 PST,justdave,QA Contact,myk,matty
2001-11-07 18:01:03 PST,justdave,Product,mozilla.org,Bugzilla
2001-11-07 18:01:03 PST,justdave,Version,other,2.10
2001-11-07 18:01:03 PST,justdave,Component,Bugzilla: Other moz.org Issues,Bugzilla-General
2002-03-31 07:08:13 PST,endico,Hardware,All,Macintosh
2002-03-31 07:08:13 PST,endico,OS,All,Mac System 8.5
2002-03-31 07:08:13 PST,endico,Status,RESOLVED,NEW
2002-03-31 07:08:13 PST,endico,Resolution,FIXED,---
2002-03-31 07:08:13 PST,endico,Last Resolved,2002-03-31 07:08:13,
2011-06-26 22:59:39 PDT,nobody,Product,bugzilla.mozilla.org,mozilla.org
2011-06-26 22:59:39 PDT,nobody,Component,General,Bugzilla: Other b.m.o Issues
