When, Who, What, Added, Removed
2001-11-07 13:52:00 PST,bzbarsky,Status,NEW,UNCONFIRMED
2001-11-07 13:52:00 PST,bzbarsky,Component,Compositor,Layout
2001-11-07 13:52:00 PST,bzbarsky,Assignee,kmcclusk,attinasi
2001-11-07 13:52:00 PST,bzbarsky,CC,roc+moz, bzbarsky,
2001-11-07 13:52:00 PST,bzbarsky,Ever confirmed,1,0
2001-11-07 13:52:00 PST,bzbarsky,Keywords,crash,
2001-11-07 13:52:00 PST,bzbarsky,Hardware,All,PC
2001-11-07 13:52:00 PST,bzbarsky,OS,All,Windows 2000
2001-11-07 13:54:17 PST,basic,CC,_basic,
2001-11-07 13:59:22 PST,kmcclusk,Target Milestone,mozilla0.9.6,---
2001-11-07 14:19:55 PST,attinasi,Attachment #56940                Flags,superreview+,
2001-11-07 14:26:38 PST,kmcclusk,CC,attinasi,
2001-11-07 14:40:38 PST,bzbarsky,Blocks,108934,
2001-11-07 14:42:32 PST,bzbarsky,Blocks,,108934
2001-11-07 14:46:05 PST,bzbarsky,Blocks,108934,
2001-11-07 14:56:14 PST,attinasi,Blocks,,108934
2001-11-07 16:37:55 PST,mozilla-06,URL,http://www.w3.org/Style/Examples/007/menus.html,www.w3.org/Style/Examples/007/menus.html
2001-11-07 17:17:07 PST,kmcclusk,Keywords,topcrash,crash
2001-11-07 17:17:07 PST,kmcclusk,Summary,Crash on every page with position:fixed,Crash on position:fixed
2001-11-07 17:17:07 PST,kmcclusk,Assignee,roc+moz,kmcclusk
2001-11-07 17:29:01 PST,kmcclusk,CC,kmcclusk,
2001-11-07 17:35:24 PST,kmcclusk,CC,nine,
2001-11-07 18:20:43 PST,dbaron,Blocks,104864,
2001-11-07 18:35:45 PST,alex,CC,alex,
2001-11-08 06:37:51 PST,bzbarsky,CC,bugzilla,
2001-11-08 07:48:24 PST,aha,CC,aha,
2001-11-08 08:07:59 PST,bzbarsky,CC,f300v10,
2001-11-08 09:19:31 PST,kmcclusk,CC,greer,
2001-11-08 09:54:14 PST,david,CC,dkoppenh,
2001-11-08 12:59:24 PST,roc,Attachment #56940                Attachment is obsolete,1,0
2001-11-08 14:32:56 PST,attinasi,Attachment #57083                Flags,superreview+,
2001-11-08 14:55:03 PST,kmcclusk,Attachment #57083                Flags,review+,
2001-11-08 14:59:12 PST,jaymoz,CC,jpatel, janc, namachi,
2001-11-08 14:59:12 PST,jaymoz,Keywords,crash,
2001-11-08 14:59:12 PST,jaymoz,Summary,Crash on every page with position:fixed - Trunk [@ nsView::SetVisibility],Crash on every page with position:fixed
2001-11-08 15:04:49 PST,asa,Keywords,mozilla0.9.6+,
2001-11-08 15:18:08 PST,roc,Status,RESOLVED,NEW
2001-11-08 15:18:08 PST,roc,Resolution,FIXED,---
2001-11-08 15:18:08 PST,roc,Last Resolved,2001-11-08 15:18:08,
2001-11-08 15:31:21 PST,dbaron,CC,peterj,
2001-11-08 21:10:38 PST,momoi,CC,momoi,
2001-11-09 01:40:56 PST,caillon,CC,smaug,
2009-01-22 10:17:43 PST,nobody,Product,Core Graveyard,Core
2011-06-09 14:58:34 PDT,nobody,Crash Signature,[@ nsView::SetVisibility],
2014-04-26 02:23:00 PDT,basic,CC,,basic
