When, Who, What, Added, Removed
2001-11-07 15:25:32 PST,mscott,Keywords,nsbeta1, perf,
2001-11-07 15:25:32 PST,mscott,Status,ASSIGNED,NEW
2001-11-07 15:25:32 PST,mscott,Blocks,22960,
2001-11-07 15:25:32 PST,mscott,Target Milestone,mozilla0.9.7,---
2001-11-07 15:50:08 PST,scottputterman,Assignee,varada,mscott
2001-11-07 15:50:08 PST,scottputterman,Keywords,nsbeta1+,nsbeta1
2001-11-07 15:50:08 PST,scottputterman,Status,NEW,ASSIGNED
2001-11-15 00:24:35 PST,hwaara,CC,hwaara, putterman,
2001-11-20 16:15:47 PST,stephend,QA Contact,stephend,esther
2001-11-30 09:48:48 PST,scottputterman,CC,andersma,
2001-11-30 16:33:45 PST,scottputterman,Priority,P3,--
2001-12-03 14:04:54 PST,stephend,Keywords,patch, review,
2001-12-03 14:04:54 PST,stephend,Hardware,All,PC
2001-12-03 14:04:54 PST,stephend,OS,All,Windows 2000
2001-12-09 15:41:45 PST,scottputterman,Target Milestone,mozilla0.9.8,mozilla0.9.7
2002-01-14 23:55:58 PST,scottputterman,Assignee,mscott,varada
2002-01-14 23:55:58 PST,scottputterman,Target Milestone,mozilla0.9.9,mozilla0.9.8
2002-01-22 13:30:16 PST,mscott,Attachment #57902                Flags,superreview+,
2002-01-24 16:21:06 PST,mscott,Attachment #57902                Attachment is obsolete,1,0
2002-01-24 18:04:38 PST,bugzilla,Attachment #66372                Flags,review+,
2002-01-24 18:28:46 PST,sspitzer,Attachment #66372                Flags,superreview+,
2002-01-24 18:39:30 PST,sspitzer,Attachment #66404                Flags,superreview+,
2002-01-31 13:08:03 PST,mscott,Resolution,FIXED,---
2002-01-31 13:08:03 PST,mscott,Last Resolved,2002-01-31 13:08:03,
2002-01-31 13:08:03 PST,mscott,Status,RESOLVED,NEW
2002-01-31 13:37:51 PST,stephend,Status,VERIFIED,RESOLVED
2004-11-22 17:26:45 PST,myk,Product,Core,MailNews
2008-07-31 04:30:00 PDT,nobody,Product,MailNews Core,Core
