When, Who, What, Added, Removed
2001-11-07 18:02:58 PST,piskozub,CC,piskozub,
2001-11-08 08:59:53 PST,peterlubczynski-bugs,Target Milestone,mozilla0.9.7,---
2001-11-08 08:59:53 PST,peterlubczynski-bugs,Ever confirmed,1,0
2001-11-08 08:59:53 PST,peterlubczynski-bugs,OS,All,Windows NT
2001-11-08 08:59:53 PST,peterlubczynski-bugs,Status,NEW,UNCONFIRMED
2001-11-08 08:59:53 PST,peterlubczynski-bugs,Priority,P3,--
2001-11-08 08:59:53 PST,peterlubczynski-bugs,Component,Plug-ins,OJI
2001-11-08 08:59:53 PST,peterlubczynski-bugs,Assignee,peterlubczynski,joe.chou
2001-11-08 08:59:53 PST,peterlubczynski-bugs,CC,av, aruner, joe.chou, skatz,
2001-11-08 13:40:32 PST,peterlubczynski-bugs,Summary,JRE auto-detection needs to be version specific,Mozilla should remove the auto detection of JRE
2001-11-08 13:40:32 PST,peterlubczynski-bugs,Status,ASSIGNED,NEW
2001-11-08 13:40:32 PST,peterlubczynski-bugs,CC,curt,
2001-12-03 22:11:33 PST,peterlubczynski-bugs,Attachment #59641                Attachment is obsolete,1,0
2001-12-03 22:13:55 PST,peterlubczynski-bugs,Keywords,patch, review,
2001-12-04 08:55:24 PST,curt,Attachment #60298                Flags,review+,
2001-12-04 09:57:40 PST,dougt,Attachment #60298                Flags,superreview+,
2001-12-04 17:10:26 PST,dougt,Attachment #60298                Flags,,superreview+
2001-12-04 17:27:51 PST,darin.moz,Attachment #60298                Flags,superreview+,
2001-12-04 17:31:56 PST,dougt,CC,jband,
2001-12-04 22:19:46 PST,peterlubczynski-bugs,Keywords,edt0.9.4,patch, review
2001-12-04 22:19:46 PST,peterlubczynski-bugs,Status,RESOLVED,ASSIGNED
2001-12-04 22:19:46 PST,peterlubczynski-bugs,Resolution,FIXED,---
2001-12-04 22:19:46 PST,peterlubczynski-bugs,Last Resolved,2001-12-04 22:19:46,
2001-12-06 12:11:58 PST,jud,CC,valeski,
2001-12-06 14:14:09 PST,jud,Keywords,edt0.9.4+,edt0.9.4
2001-12-06 22:27:53 PST,peterlubczynski-bugs,Keywords,fixed0.9.4,
2001-12-11 10:45:44 PST,pmac,Status,VERIFIED,RESOLVED
2002-01-14 11:10:07 PST,pmac,Keywords,verified0.9.4,
2004-04-01 11:25:55 PST,benc,Keywords,,fixed0.9.4
