When, Who, What, Added, Removed
2001-11-07 15:33:44 PST,rubydoo123,Summary,Object element is not processed correctly when missing gif,Object element is not processed correctly when type is unknown
2001-11-07 15:49:27 PST,peterlubczynski-bugs,Keywords,testcase,
2001-11-07 15:49:27 PST,peterlubczynski-bugs,Whiteboard,[similar to bug 76594],
2001-11-07 15:49:27 PST,peterlubczynski-bugs,Summary,Object element is not processed correctly when type is unknown,Object element is not processed correctly when missing gif
2001-11-07 15:49:27 PST,peterlubczynski-bugs,OS,All,Windows 98
2001-11-07 15:49:27 PST,peterlubczynski-bugs,Priority,P3,--
2001-11-07 15:49:27 PST,peterlubczynski-bugs,Assignee,peterlubczynski,peterl
2001-11-07 15:49:27 PST,peterlubczynski-bugs,CC,av,
2001-11-07 15:49:27 PST,peterlubczynski-bugs,Target Milestone,mozilla0.9.7,---
2001-11-07 16:28:00 PST,peterlubczynski-bugs,Status,ASSIGNED,NEW
2001-11-07 16:28:00 PST,peterlubczynski-bugs,Summary,OBJECT tag needs to handle invalid data attribute,Object element is not processed correctly when type is unknown
2001-11-28 15:12:15 PST,peterlubczynski-bugs,Keywords,mozilla1.0,
2001-11-28 15:12:15 PST,peterlubczynski-bugs,Hardware,All,PC
2001-11-28 15:12:15 PST,peterlubczynski-bugs,Component,Layout,Plug-ins
2001-11-28 15:12:15 PST,peterlubczynski-bugs,Target Milestone,mozilla1.0,mozilla0.9.7
2002-02-17 09:02:53 PST,skeeter,CC,skeeter,
2002-03-04 19:18:04 PST,scottputterman,Target Milestone,mozilla1.2,mozilla1.0
2002-03-05 08:08:39 PST,skeeter,CC,,skeeter
2002-07-19 16:29:36 PDT,rubydoo123,Whiteboard,[PL2:P3[similar to bug 76594],[similar to bug 76594]
2002-07-19 16:29:36 PDT,rubydoo123,Depends on,157554,
2002-07-31 11:19:26 PDT,rubydoo123,Target Milestone,mozilla1.2beta,mozilla1.2alpha
2002-07-31 11:33:17 PDT,rubydoo123,Whiteboard,[PL2:P3][similar to bug 76594],[PL2:P3[similar to bug 76594]
2002-12-12 11:19:30 PST,rubydoo123,Target Milestone,Future,mozilla1.2beta
2003-11-14 16:31:08 PST,bzbarsky,Depends on,96976,
2005-09-21 15:07:14 PDT,cbiesinger,Last Resolved,2005-09-21 15:07:14,
2005-09-21 15:07:14 PDT,cbiesinger,Status,RESOLVED,ASSIGNED
2005-09-21 15:07:14 PDT,cbiesinger,Resolution,FIXED,---
2005-09-21 15:07:14 PDT,cbiesinger,CC,cbiesinger,
