When, Who, What, Added, Removed
2001-11-07 11:09:57 PST,mikepinkerton,Keywords,smoketest,
2001-11-07 11:33:47 PST,blizzard,Assignee,scc,asa
2001-11-07 11:33:47 PST,blizzard,CC,dbaron,
2001-11-07 12:50:16 PST,dbaron,Assignee,dbaron,scc
2001-11-07 12:50:16 PST,dbaron,CC,scc,dbaron
2001-11-07 13:20:03 PST,dbaron,Summary,thousands of nsDependentString assertions (#ifdef TARGET_CARBON),thousands of nsDependentString assertions
2001-11-07 14:13:15 PST,dbaron,Status,RESOLVED,NEW
2001-11-07 14:13:15 PST,dbaron,Resolution,FIXED,---
2001-11-07 14:13:15 PST,dbaron,Last Resolved,2001-11-07 14:13:15,
2004-11-22 17:25:08 PST,myk,Product,Seamonkey,Browser
