When, Who, What, Added, Removed
2001-11-07 18:22:41 PST,subotnik,Summary,'page icon' linking is sensitive to capitalisation,'page icon' linked in the frameset file is ignored
2001-11-08 02:19:36 PST,hyatt,Status,RESOLVED,UNCONFIRMED
2001-11-08 02:19:36 PST,hyatt,Resolution,FIXED,---
2001-11-08 02:19:36 PST,hyatt,Last Resolved,2001-11-08 02:19:36,
2001-11-08 06:59:42 PST,bzbarsky,CC,raymond,
2001-11-08 12:19:57 PST,bugzilla,QA Contact,claudius,sairuh
2001-11-08 15:13:58 PST,cmaximus,Summary,'page icon' linking is sensitive to capitalisation (case),'page icon' linking is sensitive to capitalisation
2002-12-17 23:51:24 PST,bugzilla,Status,VERIFIED,RESOLVED
2004-11-23 18:54:58 PST,myk,Product,Mozilla Application Suite,Core
2008-07-31 04:13:39 PDT,timeless,Component,UI Design,XP Apps: GUI Features
