When, Who, What, Added, Removed
2001-11-07 12:30:28 PST,pete,Status,ASSIGNED,NEW
2001-11-07 12:30:28 PST,pete,Target Milestone,mozilla0.9.7,---
2001-11-07 12:38:03 PST,pete,CC,dougt, ccarlen, brendan,
2001-11-07 12:40:40 PST,pete,Keywords,patch, review,
2001-11-07 12:40:40 PST,pete,Summary,nsIFile will not unlink a symlinked dir on unix [FIX],nsIFile will not unlink a symlinked dir on unix
2001-11-07 14:32:07 PST,tenthumbs,CC,tenthumbs,
2001-11-10 10:59:38 PST,pete,Summary,nsIFile will not remove a symlinked dir on unix [FIX][REVIEW],nsIFile will not unlink a symlinked dir on unix [FIX]
2001-11-12 12:30:58 PST,shaver,Attachment #57400                Flags,review+,
2001-11-12 15:05:39 PST,jst,Attachment #57400                Flags,superreview+,
2001-11-13 19:48:57 PST,pete,Status,RESOLVED,ASSIGNED
2001-11-13 19:48:57 PST,pete,Resolution,FIXED,---
2001-11-13 19:48:57 PST,pete,Last Resolved,2001-11-13 19:48:57,
