When, Who, What, Added, Removed
2001-11-07 15:04:33 PST,alecf,Status,ASSIGNED,NEW
2001-11-07 15:04:33 PST,alecf,CC,scc,jaggernaut
2001-11-07 15:04:33 PST,alecf,Target Milestone,mozilla0.9.7,---
2001-11-07 17:07:05 PST,timeless,Summary,shrink nsStr to 12 bytes,shring nsStr to 12 bytes
2001-11-08 09:36:00 PST,alecf,Attachment #56972                Attachment is obsolete,1,0
2001-11-08 17:10:48 PST,alecf,Priority,P1,--
2001-11-10 08:55:19 PST,alecf,Depends on,98213,
2001-11-16 11:49:43 PST,alecf,Attachment #57040                Attachment is obsolete,1,0
2001-11-16 11:49:43 PST,alecf,Attachment #57052                Attachment is obsolete,1,0
2001-12-05 10:19:00 PST,coffeebreaks,CC,coffeebreaks,
2001-12-12 13:49:55 PST,alecf,Target Milestone,mozilla0.9.8,mozilla0.9.7
2002-01-10 11:55:29 PST,alecf,CC,dbaron,
2002-01-11 12:46:04 PST,alecf,Attachment #64333                Attachment is obsolete,1,0
2002-01-11 12:59:58 PST,dbaron,Attachment #64551                Flags,review+,
2002-01-15 10:11:41 PST,alecf,Depends on,114450,
2002-01-16 20:58:18 PST,alecf,Target Milestone,mozilla0.9.9,mozilla0.9.8
2002-01-18 11:21:31 PST,alecf,Attachment #64551                Flags,superreview+,
2002-01-23 11:18:31 PST,alecf,Whiteboard,fix in hand,
2002-01-24 10:28:53 PST,dbaron,Attachment #66137                Flags,review+,
2002-01-24 15:37:31 PST,jst,Attachment #66137                Flags,superreview+,
2002-01-24 15:54:44 PST,alecf,Status,RESOLVED,ASSIGNED
2002-01-24 15:54:44 PST,alecf,Resolution,FIXED,---
2002-01-24 15:54:44 PST,alecf,Last Resolved,2002-01-24 15:54:44,
