When, Who, What, Added, Removed
2001-11-07 16:13:51 PST,jrgmorrison,Whiteboard,this is a duplicate; look for bug reports under Tabbed Browser first,
2001-11-19 07:29:44 PST,aha,CC,npietran,
2001-11-19 07:30:24 PST,aha,CC,aha,
2001-11-19 07:46:33 PST,bzbarsky,Whiteboard,,this is a duplicate; look for bug reports under Tabbed Browser first
2001-11-19 07:46:33 PST,bzbarsky,Status,NEW,UNCONFIRMED
2001-11-19 07:46:33 PST,bzbarsky,Ever confirmed,1,0
2001-11-20 12:29:53 PST,bugzilla,CC,hakon_,
2001-11-29 11:05:01 PST,hyatt,Status,ASSIGNED,NEW
2001-11-29 11:05:01 PST,hyatt,Target Milestone,mozilla1.1,---
2001-12-12 04:52:54 PST,Tobias.Besemer,CC,Besi,
2002-01-01 00:26:23 PST,bzbarsky,CC,jason,
2002-01-01 00:27:08 PST,bzbarsky,CC,trudelle, mpt,
2002-01-20 22:43:37 PST,bzbarsky,CC,mozillabugs,
2002-01-21 13:53:01 PST,hyatt,Status,NEW,ASSIGNED
2002-01-21 13:53:01 PST,hyatt,Assignee,jaggernaut,hyatt
2002-02-04 16:34:47 PST,jag-mozilla,QA Contact,sairuh,blaker
2002-02-23 11:23:16 PST,amla70,CC,bugzilla,
2002-03-24 09:32:52 PST,markus.langstrom,CC,lenya,
2002-03-24 10:43:39 PST,timeless,URL,,any
2002-03-24 16:58:02 PST,kryptolus,CC,jahf,
2002-03-24 16:58:22 PST,kryptolus,CC,vadim,
2002-03-30 09:05:13 PST,j.moz,CC,joonas,
2002-04-12 11:54:53 PDT,spam,CC,pete,
2002-04-12 12:35:03 PDT,duncan,CC,duncan,
2002-04-12 23:46:06 PDT,jruderman,CC,cst,
2002-04-14 00:10:27 PDT,gwalla,CC,gwalla_mozilla,
2002-04-14 13:00:12 PDT,trudelle,CC,marlon,
2002-04-15 02:49:56 PDT,gurra16,CC,,hakon_
2002-04-15 08:12:16 PDT,trudelle,Keywords,mozilla1.0.1, nsbeta1,
2002-04-15 16:00:40 PDT,marlon.bishop,CC,jatin,
2002-04-16 14:33:08 PDT,trudelle,Keywords,nsbeta1+,nsbeta1
2002-04-16 14:33:08 PDT,trudelle,Whiteboard,[ADT 3 RTM],
2002-04-16 14:33:08 PDT,trudelle,Target Milestone,mozilla1.0.1,mozilla1.1alpha
2002-04-20 00:19:57 PDT,spam,CC,keith,
2002-04-25 15:07:26 PDT,bzbarsky,CC,llanero,
2002-05-06 22:45:23 PDT,trudelle,Priority,P5,--
2002-05-07 09:11:41 PDT,spam,CC,prognathous,
2002-05-14 01:07:06 PDT,trudelle,Keywords,nsbeta1,nsbeta1+
2002-05-14 14:24:36 PDT,trudelle,Keywords,nsbeta1-,nsbeta1
2002-05-14 14:24:36 PDT,trudelle,Target Milestone,mozilla1.1alpha,mozilla1.0.1
2002-05-20 08:55:00 PDT,bugzilla,CC,coffeebreaks,
2002-05-27 10:57:42 PDT,bugzilla,CC,rob.stow,
2002-06-02 18:21:25 PDT,levon,CC,sbrecht,
2002-06-02 19:16:19 PDT,nahor.j+bugmoz,CC,jehan_something,
2002-06-03 21:35:32 PDT,spam,CC,jon,
2002-06-05 08:38:45 PDT,Sebastian.Wittmeier,CC,Sebastian.Wittmeier,
2002-06-06 12:38:28 PDT,jonasj,CC,jonasj,
2002-06-09 06:48:28 PDT,jasonb,CC,jasonb,
2002-06-20 10:25:00 PDT,contact2009,CC,xah,
2002-07-02 17:48:26 PDT,alex,CC,alexbishopuk,
2002-07-04 02:03:39 PDT,mozilla,Alias,tabclose,
2002-07-09 03:47:07 PDT,webmaster,CC,webmaster,
2002-07-16 09:10:13 PDT,robert.wall,CC,chroot,
2002-07-17 12:13:31 PDT,mozilla,CC,get2meat,
2002-07-25 10:14:28 PDT,contact2009,Keywords,patch,
2002-07-26 19:33:22 PDT,kaie,CC,kaie,
2002-08-05 13:37:49 PDT,bugzilla,CC,YYHoKenny,
2002-08-10 12:57:25 PDT,bugzilla,CC,orders,
2002-08-10 21:46:49 PDT,danielwang,CC,danielwang5168,
2002-08-16 10:06:41 PDT,amla70,CC,klac,
2002-08-23 06:05:33 PDT,david,CC,dkoppenh,
2002-08-23 08:22:17 PDT,bugzilla,CC,jsk_priv,
2002-08-23 11:49:40 PDT,klac,CC,,klac
2002-09-02 04:34:06 PDT,bugzilla,CC,mike.n,
2002-09-19 22:51:33 PDT,griever,CC,griever,
2002-09-23 20:16:19 PDT,jasonb,CC,ezh,
2002-09-24 02:47:41 PDT,ezh,Keywords,mozilla1.0.2, nsbeta1,mozilla1.0.1, nsbeta1-
2002-10-15 19:05:16 PDT,bugzilla,QA Contact,pmac,sairuh
2002-10-16 01:31:34 PDT,timeless,Summary,Multi-tabbed windows should confirm close,[RFE] Multi-tabbed windows should confirm close
2002-10-17 10:39:39 PDT,spam,CC,potuncle,
2002-10-17 20:55:56 PDT,aha,Keywords,mozilla1.2,
2002-11-01 16:02:45 PST,contact2009,Attachment #94805                Attachment is patch,1,0
2002-11-01 16:03:59 PST,contact2009,Keywords,dataloss, mozilla1.3, review,
2002-11-04 08:06:16 PST,d_yerrick,CC,d_yerrick,
2002-11-10 20:13:28 PST,cplyon,CC,g1smd,
2002-11-12 07:18:27 PST,jonasj,CC,,jonasj.bugzilla
2002-11-18 10:41:53 PST,rockhopper,CC,rockhopper,
2002-11-21 12:15:01 PST,jjw,CC,jmurc5,
2002-11-27 11:59:48 PST,mbockelkamp,CC,mbockelkamp,
2002-12-02 16:40:40 PST,trudelle,CC,patricec,
2002-12-22 16:12:07 PST,weeber51,CC,spanommers,
2002-12-27 14:47:52 PST,samir_bugzilla,Keywords,nsbeta1-,nsbeta1
2002-12-29 09:15:57 PST,bugzilla,CC,moz,
2003-01-14 09:37:05 PST,contact2009,Keywords,,mozilla1.2, patch, review
2003-01-14 09:37:05 PST,contact2009,Flags,blocking1.3b?,
2003-01-19 23:06:40 PST,asa,Flags,blocking1.3b-,blocking1.3b?
2003-02-13 08:58:12 PST,contact2009,Keywords,,mozilla1.0.2
2003-02-13 08:58:12 PST,contact2009,Blocks,163993,
2003-02-24 14:27:04 PST,contact2009,Keywords,,mozilla1.3
2003-02-24 14:27:04 PST,contact2009,Flags,blocking1.4a?,
2003-02-27 08:26:51 PST,bugzilla,CC,julo,
2003-03-08 21:09:22 PST,neady,CC,jonadab,
2003-03-10 06:22:10 PST,nagi,CC,nagi,
2003-03-12 13:57:35 PST,mfedyk,CC,mfedyk,
2003-03-21 11:38:46 PST,asa,Flags,blocking1.4a-,blocking1.4a?
2003-04-07 20:44:20 PDT,captainktainer,CC,captainktainer,
2003-04-11 02:47:35 PDT,jo.hermans,CC,ante,
2003-04-11 05:30:49 PDT,bugzilla,CC,jose.jeria,
2003-04-13 17:31:08 PDT,contact2009,Target Milestone,---,mozilla1.1alpha
2003-04-13 17:31:08 PDT,contact2009,Flags,blocking1.4b?,
2003-04-16 14:18:54 PDT,adamtomlinson,CC,adamtomlinson,
2003-04-17 11:20:09 PDT,meshko,CC,meshko,
2003-04-19 08:39:31 PDT,kaie,Attachment #90258                Attachment is obsolete,1,0
2003-04-19 08:39:31 PDT,kaie,Attachment #90260                Attachment is obsolete,1,0
2003-04-19 08:39:31 PDT,kaie,Attachment #94805                Attachment is obsolete,1,0
2003-04-19 18:21:47 PDT,kaie,Attachment #121062                Attachment is obsolete,1,0
2003-04-19 18:24:00 PDT,kaie,Attachment #121092                Flags,review?(jaggernaut),
2003-04-23 14:13:03 PDT,asa,Flags,blocking1.4b-,blocking1.4b?
2003-05-16 00:04:20 PDT,jo.hermans,CC,aaron,
2003-05-25 19:48:37 PDT,tironsi,CC,tironsi,
2003-06-04 11:52:37 PDT,timwatt,Attachment #121092                Attachment is obsolete,1,0
2003-06-04 11:56:45 PDT,timwatt,Attachment #124927                Flags,review?(jaggernaut),
2003-06-05 09:18:26 PDT,jag-mozilla,Attachment #124927                Flags,review-,review?(jaggernaut)
2003-06-05 13:22:44 PDT,timwatt,Attachment #124927                Attachment is obsolete,1,0
2003-06-05 13:32:36 PDT,timwatt,Attachment #125022                Flags,review?(jaggernaut),
2003-06-05 13:34:30 PDT,timwatt,Attachment #121092                Flags,,review?(jaggernaut)
2003-06-05 14:06:57 PDT,timwatt,Attachment #125022                Flags,superreview?(blaker),
2003-06-06 10:47:09 PDT,timwatt,Attachment #125022                Flags,approval1.4?,
2003-06-08 01:31:30 PDT,other,CC,,get2meat
2003-06-08 21:55:47 PDT,asa,Attachment #125022                Flags,,approval1.4?
2003-06-10 19:52:10 PDT,bugzilla,CC,theosib,
2003-06-12 17:08:34 PDT,jag-mozilla,Attachment #125022                Flags,review+,review?(jaggernaut)
2003-06-12 17:31:35 PDT,timwatt,Attachment #125022                Attachment is obsolete,1,0
2003-06-12 20:32:23 PDT,jag-mozilla,Attachment #125544                Flags,review?(neil.parkwaycc.co.uk), superreview+,
2003-06-13 06:22:44 PDT,neil,Attachment #125544                Flags,review-,review?(neil.parkwaycc.co.uk)
2003-06-18 20:18:39 PDT,timwatt,Attachment #125544                Attachment is obsolete,1,0
2003-06-18 21:02:12 PDT,timwatt,Attachment #125981                Flags,review?(neil.parkwaycc.co.uk), superreview?(jaggernaut),
2003-06-18 21:11:51 PDT,timwatt,Attachment #125022                Flags,,superreview?(blaker)
2003-06-19 06:28:51 PDT,neil,Attachment #125981                Flags,review+,review?(neil.parkwaycc.co.uk)
2003-06-24 14:07:22 PDT,jag-mozilla,Attachment #125981                Flags,superreview+,superreview?(jaggernaut)
2003-06-24 14:24:21 PDT,llanero,CC,,llanero
2003-06-24 19:08:02 PDT,timwatt,Attachment #125981                Attachment is obsolete,1,0
2003-06-24 19:21:49 PDT,timwatt,Status,RESOLVED,NEW
2003-06-24 19:21:49 PDT,timwatt,Resolution,FIXED,---
2003-06-24 19:21:49 PDT,timwatt,Last Resolved,2003-06-24 19:21:49,
2003-06-25 00:40:58 PDT,adam,CC,adam,
2003-06-26 03:38:54 PDT,k,CC,k,
2003-06-27 06:58:27 PDT,jasonb,CC,,jasonb
2003-06-28 01:03:01 PDT,danielwang,Status,VERIFIED,RESOLVED
2003-06-28 01:08:07 PDT,mbockelkamp,CC,,mbockelkamp
2003-06-28 08:59:08 PDT,mozbugs2,CC,,mozillabugs
2003-06-28 10:48:38 PDT,YYHoKenny,CC,,YYHoKenny
2003-07-02 21:46:56 PDT,smaster44,CC,smaster44,
2003-08-11 09:42:05 PDT,bugzilla.mozilla.org,CC,jms,
2003-08-11 23:02:43 PDT,chroot,CC,,chroot
2003-08-28 11:10:26 PDT,tironsi,CC,,tironsi
2003-09-29 08:35:26 PDT,bugzilla,CC,bugzilla,
2003-11-29 21:42:24 PST,bugzilla,CC,barry253,
2004-10-18 10:13:22 PDT,opitz.michael,CC,jmccormick,
2004-10-18 10:22:42 PDT,jon,CC,,jon
2005-05-26 10:49:09 PDT,mozilla,Blocks,,163993
2008-07-31 04:30:00 PDT,nobody,Product,SeaMonkey,Core
2011-05-12 12:03:54 PDT,captainktainer,CC,,captainktainer
