When, Who, What, Added, Removed
2001-11-24 15:06:20 PST,jrgmorrison,Attachment #59052                Flags,review+,
2001-11-25 16:48:22 PST,bugs,Attachment #59052                Flags,superreview+,
2001-11-25 16:52:13 PST,jag-mozilla,Status,RESOLVED,NEW
2001-11-25 16:52:13 PST,jag-mozilla,Resolution,FIXED,---
2001-11-25 16:52:13 PST,jag-mozilla,Last Resolved,2001-11-25 16:52:13,
2001-11-27 19:00:05 PST,bugzilla,Status,VERIFIED,RESOLVED
2004-11-23 18:54:58 PST,myk,Product,Mozilla Application Suite,Core
