When, Who, What, Added, Removed
2001-11-07 12:15:20 PST,bugzilla,QA Contact,ktrina,bugzilla
2001-11-08 22:04:57 PST,chrispetersen,Status,NEW,UNCONFIRMED
2001-11-08 22:04:57 PST,chrispetersen,Ever confirmed,1,0
2001-11-30 01:22:24 PST,slogan,Target Milestone,M1,---
2001-11-30 02:41:32 PST,slogan,Target Milestone,Future,M1
2002-02-17 10:22:00 PST,bzbarsky,Blocks,104322,
2002-02-17 10:22:38 PST,bzbarsky,Blocks,104321,
2002-06-25 04:31:15 PDT,bzbarsky,Blocks,,104321
2002-08-01 13:39:33 PDT,riscky,Blocks,160571,
2003-01-01 21:15:46 PST,danielwang,CC,bzbarsky,
2003-01-01 21:15:46 PST,danielwang,Blocks,186272,
2003-01-02 11:29:55 PST,bzbarsky,Severity,enhancement,major
2003-01-02 11:29:55 PST,bzbarsky,Blocks,,104322
2003-01-16 13:31:09 PST,francis.uy,Status,RESOLVED,NEW
2003-01-16 13:31:09 PST,francis.uy,Resolution,FIXED,---
2003-01-16 13:31:09 PST,francis.uy,Last Resolved,2003-01-16 13:31:09,
2003-01-16 15:23:18 PST,ktrina,Status,VERIFIED,RESOLVED
2003-01-16 18:03:57 PST,francis.uy,CC,francis_uy,
2003-06-13 09:52:19 PDT,francis.uy,CC,,francis_uy
2004-11-22 17:25:08 PST,myk,Product,Seamonkey,Browser
2005-11-22 15:19:27 PST,bzbarsky,CC,,bzbarsky
