When, Who, What, Added, Removed
2001-11-07 11:32:38 PST,asa,Last Resolved,2001-11-07 11:32:38,
2001-11-07 11:32:38 PST,asa,Status,RESOLVED,NEW
2001-11-07 11:32:38 PST,asa,Resolution,FIXED,---
2001-11-07 13:43:50 PST,timeless,Status,REOPENED,RESOLVED
2001-11-07 13:43:50 PST,timeless,Resolution,---,FIXED
2001-11-27 10:35:49 PST,asa,Status,RESOLVED,REOPENED
2001-11-27 10:35:49 PST,asa,Resolution,FIXED,---
2001-11-27 10:35:49 PST,asa,Last Resolved,2001-11-27 10:35:49,2001-11-07 11:32:38
2001-12-03 06:31:25 PST,timeless,Status,VERIFIED,RESOLVED
2011-06-26 22:54:48 PDT,nobody,Product,bugzilla.mozilla.org,mozilla.org
2011-06-26 22:54:48 PDT,nobody,Component,Administration,Bugzilla: Keywords & Components
