When, Who, What, Added, Removed
2001-11-07 12:56:55 PST,nhottanscp,Hardware,All,PC
2001-11-07 12:56:55 PST,nhottanscp,OS,All,Windows 2000
2001-11-07 12:56:55 PST,nhottanscp,Status,ASSIGNED,NEW
2001-11-07 12:56:55 PST,nhottanscp,Target Milestone,mozilla0.9.7,---
2001-11-14 07:49:43 PST,bugzilla,Attachment #57681                Flags,review+,
2001-11-14 14:28:22 PST,bzbarsky,CC,scc, bzbarsky, jaggernaut,
2001-11-14 16:55:15 PST,sspitzer,Attachment #57786                Flags,superreview+,
2001-11-14 19:21:29 PST,nhottanscp,Resolution,FIXED,---
2001-11-14 19:21:29 PST,nhottanscp,Last Resolved,2001-11-14 19:21:29,
2001-11-14 19:21:29 PST,nhottanscp,Status,RESOLVED,ASSIGNED
2002-06-19 11:54:17 PDT,ji,QA Contact,nhotta,ji
2004-11-22 17:26:45 PST,myk,Product,Core,MailNews
2008-07-31 04:30:00 PDT,nobody,Product,MailNews Core,Core
