When, Who, What, Added, Removed
2001-11-08 15:04:44 PST,shrir,Hardware,All,PC
2001-11-08 15:04:44 PST,shrir,OS,All,Windows NT
2001-11-16 18:35:21 PST,peterlubczynski-bugs,Keywords,regression,
2001-12-04 23:08:12 PST,peterlubczynski-bugs,Status,ASSIGNED,NEW
2001-12-04 23:08:12 PST,peterlubczynski-bugs,Priority,P1,--
2001-12-04 23:08:12 PST,peterlubczynski-bugs,Depends on,113543,
2001-12-04 23:08:12 PST,peterlubczynski-bugs,Target Milestone,mozilla0.9.7,---
2001-12-04 23:24:15 PST,peterlubczynski-bugs,Depends on,,113543
2001-12-04 23:42:36 PST,peterlubczynski-bugs,CC,scc, darin, av,
2001-12-06 09:31:05 PST,peterlubczynski-bugs,Blocks,113543,
2001-12-06 10:11:49 PST,peterlubczynski-bugs,Keywords,patch, review,
2001-12-06 10:11:49 PST,peterlubczynski-bugs,CC,rob.hadfield,
2001-12-06 10:16:43 PST,peterlubczynski-bugs,Attachment #60601                Attachment is obsolete,1,0
2001-12-06 15:19:09 PST,dunn5557,CC,ashishbhatt,
2001-12-09 20:49:10 PST,serhunt,Attachment #60648                Flags,review+,
2001-12-10 15:14:05 PST,peterlubczynski-bugs,Keywords,edt0.9.4,
2001-12-11 01:52:01 PST,darin.moz,Attachment #60648                Flags,needs-work+,
2001-12-11 13:02:05 PST,peterlubczynski-bugs,Attachment #60648                Attachment is obsolete,1,0
2001-12-11 13:02:26 PST,peterlubczynski-bugs,Attachment #61321                Flags,review+, superreview+,
2001-12-11 20:31:27 PST,peterlubczynski-bugs,Keywords,,edt0.9.4, review
2001-12-11 20:31:27 PST,peterlubczynski-bugs,Status,RESOLVED,ASSIGNED
2001-12-11 20:31:27 PST,peterlubczynski-bugs,Resolution,FIXED,---
2001-12-11 20:31:27 PST,peterlubczynski-bugs,Last Resolved,2001-12-11 20:31:27,
2001-12-13 11:44:56 PST,jud,Keywords,edt0.9.4+,
2001-12-14 10:52:42 PST,dunn5557,CC,bmartin,
2001-12-14 14:06:06 PST,peterlubczynski-bugs,CC,sdreier,
2001-12-17 23:01:08 PST,peterlubczynski-bugs,Depends on,100172,
2001-12-18 13:14:29 PST,darin.moz,Attachment #62115                Flags,superreview+,
2001-12-18 14:07:28 PST,serhunt,Attachment #62115                Flags,review+,
2001-12-18 15:05:24 PST,peterlubczynski-bugs,Keywords,fixed0.9.4,
2001-12-20 14:58:22 PST,shrir,Status,VERIFIED,RESOLVED
2002-01-14 10:15:09 PST,shrir,Keywords,verified0.9.4,
2004-04-01 11:22:51 PST,benc,Keywords,,fixed0.9.4
