When, Who, What, Added, Removed
2001-11-07 15:00:26 PST,mscott,Keywords,nsbeta1, perf,
2001-11-07 15:00:26 PST,mscott,Blocks,22960,
2001-11-07 15:00:26 PST,mscott,Target Milestone,mozilla0.9.7,---
2001-11-08 15:14:42 PST,mscott,Status,ASSIGNED,NEW
2001-11-08 18:51:46 PST,scottputterman,Keywords,nsbeta1+,nsbeta1
2001-11-09 15:42:44 PST,mscott,Attachment #57307                Flags,superreview+,
2001-11-09 15:58:55 PST,mscott,Status,RESOLVED,ASSIGNED
2001-11-09 15:58:55 PST,mscott,Resolution,FIXED,---
2001-11-09 15:58:55 PST,mscott,Last Resolved,2001-11-09 15:58:55,
2001-11-20 16:15:38 PST,stephend,QA Contact,stephend,esther
2001-11-24 05:02:20 PST,stephend,Status,VERIFIED,RESOLVED
2004-11-22 17:26:45 PST,myk,Product,Core,MailNews
2008-07-31 04:30:00 PDT,nobody,Product,MailNews Core,Core
