When, Who, What, Added, Removed
2001-11-07 13:43:28 PST,alecf,Attachment #56901                Flags,superreview+,
2001-11-07 14:06:57 PST,alecf,Keywords,mozilla0.9.6,
2001-11-07 14:32:40 PST,jband_mozilla,Target Milestone,mozilla0.9.6,---
2001-11-07 14:34:23 PST,alecf,Attachment #56947                Flags,superreview+,
2001-11-08 16:12:16 PST,jband_mozilla,Attachment #56947                Flags,review+,
2001-11-08 16:26:59 PST,blizzard,Keywords,mozilla0.9.6+,mozilla0.9.6
2001-11-08 16:39:38 PST,jband_mozilla,Last Resolved,2001-11-08 16:39:38,
2001-11-08 16:39:38 PST,jband_mozilla,Keywords,mozilla0.9.6,mozilla0.9.6+
2001-11-08 16:39:38 PST,jband_mozilla,Status,RESOLVED,NEW
2001-11-08 16:39:38 PST,jband_mozilla,Resolution,FIXED,---
