When, Who, What, Added, Removed
2001-11-07 11:52:39 PST,stephend,CC,stephend,
2001-11-07 17:03:37 PST,jg,OS,All,Windows ME
2001-11-07 17:03:37 PST,jg,Priority,P2,--
2001-11-07 17:03:37 PST,jg,Assignee,jg,racham
2001-11-07 17:03:37 PST,jg,CC,racham,
2001-11-07 17:03:37 PST,jg,Keywords,polish,
2001-11-07 17:04:29 PST,jg,Status,ASSIGNED,NEW
2001-11-10 15:35:26 PST,jg,CC,hewitt,
2002-01-25 11:57:53 PST,nbaca,Keywords,access, nsbeta1,
2002-02-06 01:05:37 PST,racham,Status,NEW,ASSIGNED
2002-02-06 01:05:37 PST,racham,Assignee,racham,jg
2002-02-06 01:07:20 PST,racham,Status,RESOLVED,NEW
2002-02-06 01:07:20 PST,racham,Resolution,FIXED,---
2002-02-06 01:07:20 PST,racham,Last Resolved,2002-02-06 01:07:20,
2002-03-03 19:07:36 PST,nbaca,Status,VERIFIED,RESOLVED
2004-11-22 17:25:08 PST,myk,Product,Seamonkey,Browser
