When, Who, What, Added, Removed
2001-11-08 04:40:15 PST,lkolesza,CC,lkolesza,
2001-11-09 15:06:42 PST,caillon,Status,NEW,UNCONFIRMED
2001-11-09 15:06:42 PST,caillon,CC,caillon,
2001-11-09 15:06:42 PST,caillon,Ever confirmed,1,0
2001-11-09 15:07:58 PST,caillon,CC,vgendler,
2001-11-10 02:43:38 PST,basic,Status,RESOLVED,NEW
2001-11-10 02:43:38 PST,basic,Resolution,DUPLICATE,---
2001-11-10 02:43:38 PST,basic,Last Resolved,2001-11-10 02:43:38,
2001-11-10 03:06:41 PST,caillon,Status,REOPENED,RESOLVED
2001-11-10 03:06:41 PST,caillon,Resolution,---,DUPLICATE
2001-11-10 03:06:41 PST,caillon,CC,_basic,
2001-11-21 02:41:23 PST,spam,CC,dedu,
2001-12-12 14:02:39 PST,bugzilla,Target Milestone,mozilla1.1,---
2002-01-03 19:11:56 PST,caillon,CC,jerry.tan,
2002-01-03 19:13:30 PST,caillon,Summary,links lacking trailing '/' are not coloured visited color,links lacking trailing '/' are not coloured visited
2002-01-18 16:36:28 PST,bzbarsky,CC,glazman,
2002-02-01 21:40:23 PST,bugzilla,Status,NEW,REOPENED
2002-02-01 21:40:23 PST,bugzilla,Assignee,alecf,blaker
2002-02-01 21:40:23 PST,bugzilla,CC,blaker,
2002-02-01 21:40:23 PST,bugzilla,Target Milestone,---,mozilla1.1
2002-02-02 11:12:27 PST,alecf,Attachment #67588                Attachment is obsolete,1,0
2002-02-02 11:29:52 PST,alecf,Whiteboard,fix in hand,
2002-02-02 11:29:52 PST,alecf,Status,ASSIGNED,NEW
2002-02-02 11:29:52 PST,alecf,Priority,P1,--
2002-02-02 11:29:52 PST,alecf,Target Milestone,mozilla0.9.9,---
2002-02-02 11:55:33 PST,alecf,Attachment #67589                Attachment is obsolete,1,0
2002-02-02 11:56:16 PST,alecf,Attachment #67593                Flags,review+,
2002-02-02 12:01:32 PST,bugzilla,Attachment #67593                Flags,superreview+,
2002-02-04 17:44:42 PST,alecf,Attachment #67828                Flags,superreview+,
2002-02-05 00:18:04 PST,hoju,CC,hoju,
2002-02-05 11:56:53 PST,caillon,Attachment #67828                Flags,review+,
2002-02-07 08:55:50 PST,MozillaUser,CC,MozillaUser,
2002-02-10 16:32:47 PST,alecf,Status,RESOLVED,ASSIGNED
2002-02-10 16:32:47 PST,alecf,Resolution,FIXED,---
2002-02-10 16:32:47 PST,alecf,Last Resolved,2002-02-10 16:32:47,2001-11-10 02:43:38
2002-02-22 09:57:39 PST,hoju,CC,petersen,
2002-02-28 13:32:11 PST,runyonkj,CC,runyonkj,
2008-07-31 10:13:22 PDT,MozillaUser,CC,,MozillaUser
2014-04-26 03:09:41 PDT,basic,CC,,basic
