When, Who, What, Added, Removed
2001-11-07 11:22:11 PST,nbaca,Keywords,nsbeta1,
2001-11-07 11:59:16 PST,sheelar,CC,ducarroz, sheelar,
2001-11-07 11:59:16 PST,stephend,CC,stephend,
2001-11-07 16:52:08 PST,nbaca,CC,humano,
2001-11-07 18:07:16 PST,scottputterman,Target Milestone,mozilla0.9.6,---
2001-11-07 18:07:16 PST,scottputterman,Keywords,nsbeta1+,nsbeta1
2001-11-07 18:07:16 PST,scottputterman,Priority,P1,--
2001-11-07 18:14:31 PST,racham,Status,ASSIGNED,NEW
2001-11-08 10:15:46 PST,kmurray1115,CC,kmurray,
2001-11-08 10:29:34 PST,twalker,Severity,critical,major
2001-11-08 10:29:34 PST,twalker,CC,twalker,
2001-11-08 11:25:57 PST,sspitzer,Attachment #57038                Flags,superreview+,
2001-11-08 13:21:27 PST,lohphat,CC,lohphat,
2001-11-08 14:21:20 PST,bugzilla,Attachment #57038                Flags,review+,
2001-11-08 14:44:37 PST,piskozub,CC,piskozub,
2001-11-08 14:51:58 PST,asa,Keywords,mozilla0.9.6+,
2001-11-08 15:54:09 PST,racham,Status,RESOLVED,ASSIGNED
2001-11-08 15:54:09 PST,racham,Resolution,FIXED,---
2001-11-08 15:54:09 PST,racham,Last Resolved,2001-11-08 15:54:09,
2001-11-08 16:44:50 PST,joao,CC,,humano
2001-11-08 17:01:36 PST,bugzilla,CC,garretta,
2001-11-08 18:04:28 PST,piskozub,CC,funkygrl7874,
2001-11-08 18:06:06 PST,piskozub,OS,All,Windows ME
2001-11-09 12:08:39 PST,nbaca,Status,VERIFIED,RESOLVED
2001-11-09 18:28:57 PST,fleona,CC,lshoulin,
2001-11-14 22:13:11 PST,blizzard,Blocks,104864,
2001-11-15 14:53:09 PST,twalker,Status,REOPENED,VERIFIED
2001-11-15 14:53:09 PST,twalker,Resolution,---,FIXED
2001-11-15 15:30:29 PST,fleona,Whiteboard,0.9.4ec only,
2001-11-15 15:37:45 PST,racham,Whiteboard,,0.9.4ec only
2001-11-15 16:16:17 PST,racham,Whiteboard,0.9.4ec only,
2001-11-15 19:01:39 PST,scottputterman,CC,putterman,
2001-11-16 07:15:06 PST,funkygrl7874,CC,,funkygrl7874
2001-11-16 10:08:53 PST,scottputterman,CC,marek,
2001-11-16 14:59:20 PST,racham,Status,RESOLVED,REOPENED
2001-11-16 14:59:20 PST,racham,Resolution,FIXED,---
2001-11-16 14:59:20 PST,racham,Last Resolved,2001-11-16 14:59:20,2001-11-08 15:54:09
2001-11-19 07:05:51 PST,twalker,Status,VERIFIED,RESOLVED
2001-11-21 13:05:06 PST,nbaca,CC,demiurg,
2002-01-07 15:01:54 PST,mwhahaha,CC,mwhahaha,
2004-11-22 17:25:08 PST,myk,Product,Seamonkey,Browser
