When, Who, What, Added, Removed
2001-11-07 16:03:42 PST,samir_bugzilla,CC,bnesse,
2001-11-07 17:12:13 PST,bugzilla,CC,jbetak,
2001-11-08 15:53:21 PST,samir_bugzilla,Assignee,jbetak,sgehani
2001-11-09 15:27:24 PST,bugzilla,Hardware,All,PC
2001-11-09 15:27:24 PST,bugzilla,OS,All,Linux
2001-11-09 15:27:24 PST,bugzilla,CC,olgam,
2001-11-13 13:47:41 PST,bugzilla,Keywords,mozilla0.9.7,
2001-11-13 13:47:41 PST,bugzilla,CC,ian, attinasi,
2001-11-13 13:50:29 PST,bugzilla,Keywords,regression,
2001-11-13 13:50:29 PST,bugzilla,Severity,major,normal
2001-11-14 09:25:23 PST,bnesse,CC,waterson,
2001-11-14 13:40:18 PST,bugzilla,CC,blakeross, gerv,
2001-11-14 16:15:03 PST,bugzilla,Summary,Fonts: make a change, panel contents become horked,Font Preferences won't save...
2001-11-14 16:15:03 PST,bugzilla,Severity,critical,major
2001-11-14 16:36:38 PST,bugzilla,CC,sgehani,
2001-11-14 18:32:24 PST,bugzilla,CC,ylong,
2001-11-15 12:37:30 PST,bugzilla,CC,bstell, ben,
2001-11-15 23:50:41 PST,ftang,Assignee,ftang,jbetak
2001-11-16 00:41:36 PST,ftang,Assignee,rchen,ftang
2001-11-16 00:41:36 PST,ftang,CC,nhotta,
2001-11-16 00:42:32 PST,ftang,Priority,P1,--
2001-11-16 00:42:32 PST,ftang,Target Milestone,mozilla0.9.7,---
2001-11-21 11:12:16 PST,bugzilla,CC,knutjbj,
2001-11-21 12:36:29 PST,spam,CC,chaos,
2001-11-21 18:05:34 PST,bugzilla,CC,onlinux,
2001-11-28 08:20:41 PST,spam,CC,martinez_m80,
2001-11-28 08:21:17 PST,spam,CC,dawson3k,
2001-11-28 09:22:29 PST,bnesse,Assignee,blakeross,rchen
2001-11-29 06:59:39 PST,j_yuino,CC,j_yuino,
2001-11-30 12:14:09 PST,samir_bugzilla,CC,jeffrey.anderson,
2001-11-30 13:02:16 PST,bugzilla,CC,wyoung,
2001-12-02 19:45:46 PST,spam,CC,amitkuchu,
2001-12-04 07:16:43 PST,voidcartman,CC,,dawson3k
2001-12-04 08:35:12 PST,mozilla,CC,tbruns,
2001-12-04 12:23:19 PST,mattdm,CC,mattdm,
2001-12-05 02:42:02 PST,t8m,CC,t8m,
2001-12-05 10:41:22 PST,samir_bugzilla,CC,pascal,
2001-12-05 10:52:21 PST,contact2009,CC,xah,
2001-12-05 11:40:40 PST,askwar,CC,askwar,
2001-12-05 12:56:37 PST,spam,CC,mozilla.org,
2001-12-06 09:02:28 PST,bzbarsky,CC,pbwest,
2001-12-06 22:57:22 PST,roland.mainz,CC,Roland.Mainz,
2001-12-07 23:32:35 PST,ltskinol,CC,ltskinol,
2001-12-09 10:53:26 PST,cheng,CC,hchcheng,
2001-12-11 07:57:10 PST,spam,CC,stevez,
2001-12-11 09:43:20 PST,rainwater,CC,rrainwater,
2001-12-12 13:36:25 PST,bugzilla,Status,RESOLVED,NEW
2001-12-12 13:36:25 PST,bugzilla,Resolution,FIXED,---
2001-12-12 13:36:25 PST,bugzilla,Last Resolved,2001-12-12 13:36:25,
2001-12-15 05:57:44 PST,mozilla.org,CC,,mozilla.org
2002-01-07 13:24:51 PST,bugzilla,Status,VERIFIED,RESOLVED
2004-11-22 17:25:08 PST,myk,Product,Seamonkey,Browser
