When, Who, What, Added, Removed
2001-11-08 01:43:18 PST,bugzilla,CC,gavins,
2001-11-09 21:39:24 PST,matty_is_a_geek,Severity,major,critical
2001-11-09 21:39:24 PST,matty_is_a_geek,Priority,P1,--
2001-11-09 21:39:24 PST,matty_is_a_geek,Target Milestone,Bugzilla 2.18,---
2001-11-11 18:14:52 PST,bbaetz,Severity,blocker,major
2001-11-11 18:14:52 PST,bbaetz,Assignee,bbaetz,justdave
2001-11-11 18:14:52 PST,bbaetz,Target Milestone,Bugzilla 2.16,Bugzilla 2.18
2001-11-12 18:50:34 PST,gerv,Keywords,patch,
2001-11-13 17:18:53 PST,bbaetz,Attachment #57344                Attachment is obsolete,1,0
2001-11-24 11:25:37 PST,bbaetz,Attachment #58202                Attachment is obsolete,1,0
2001-11-24 11:26:32 PST,bbaetz,Attachment #59049                Attachment is obsolete,1,0
2001-11-26 18:27:41 PST,myk,Attachment #59050                Flags,review-,
2001-11-26 18:36:23 PST,bbaetz,Status,ASSIGNED,NEW
2001-12-05 15:59:43 PST,bbaetz,Attachment #59050                Attachment is obsolete,1,0
2002-01-11 16:00:08 PST,gerv,Attachment #60556                Flags,review+,
2002-01-12 18:25:59 PST,bbaetz,Attachment #60556                Attachment is obsolete,1,0
2002-01-12 19:09:59 PST,bbaetz,Attachment #64700                Attachment is obsolete,1,0
2002-01-15 20:10:52 PST,justdave,Attachment #64704                Flags,review-,
2002-01-16 16:22:22 PST,bbaetz,Attachment #64704                Attachment is obsolete,1,0
2002-01-16 16:23:53 PST,bbaetz,Attachment #65341                Flags,review+,
2002-01-16 19:01:26 PST,justdave,Attachment #65341                Flags,review-,review+
2002-01-16 19:42:51 PST,bbaetz,Attachment #65341                Attachment is obsolete,1,0
2002-01-16 21:07:19 PST,bbaetz,Attachment #65379                Attachment is obsolete,1,0
2002-01-16 21:12:34 PST,bbaetz,Attachment #65387                Attachment is obsolete,1,0
2002-01-16 23:45:34 PST,justdave,Attachment #65389                Flags,review+,
2002-01-17 07:23:32 PST,jake,Attachment #65389                Flags,review-,
2002-01-17 15:09:50 PST,bbaetz,Attachment #65389                Attachment is obsolete,1,0
2002-01-18 05:57:31 PST,jake,Attachment #65494                Flags,review+,
2002-01-18 20:04:24 PST,justdave,Attachment #65494                Flags,review-,
2002-01-19 17:10:35 PST,bbaetz,Attachment #65494                Attachment is obsolete,1,0
2002-01-19 17:26:52 PST,bbaetz,Attachment #65784                Flags,review+,
2002-01-19 17:43:36 PST,justdave,Attachment #65784                Flags,review+,
2002-01-19 17:48:17 PST,justdave,Status,RESOLVED,ASSIGNED
2002-01-19 17:48:17 PST,justdave,Resolution,FIXED,---
2002-01-19 17:48:17 PST,justdave,Last Resolved,2002-01-19 17:48:17,
2012-12-18 20:46:27 PST,nobody,QA Contact,default-qa,matty_is_a_geek
