When, Who, What, Added, Removed
2001-11-07 17:30:16 PST,nine,Status,ASSIGNED,NEW
2001-11-07 17:30:16 PST,nine,Priority,P2,--
2001-11-07 17:30:16 PST,nine,CC,kiko,
2001-11-08 02:17:27 PST,bugzilla,CC,gavins,
2001-11-09 22:55:29 PST,matty_is_a_geek,Keywords,patch, review,
2001-11-09 22:55:29 PST,matty_is_a_geek,Target Milestone,Bugzilla 2.16,---
2001-11-12 03:32:31 PST,maxwell,CC,maxwell,
2001-11-12 15:18:09 PST,gerv,CC,gerv,
2001-11-17 18:23:30 PST,justdave,CC,justdave,
2001-11-17 18:23:30 PST,justdave,Target Milestone,Bugzilla 2.18,Bugzilla 2.16
2001-12-03 07:39:36 PST,nine,URL,linkify.cgi,bugify.cgi
2001-12-03 07:39:36 PST,nine,Summary,Linkify script to use GetBugLink on texts provided by user,script to use quoteUrls() on texts provided by user
2001-12-03 07:47:41 PST,bugzilla,Attachment #56994                Attachment is obsolete,1,0
2001-12-06 18:31:06 PST,myk,CC,myk,
2001-12-09 18:55:30 PST,justdave,CC,asa,
2002-04-05 20:25:47 PST,ipottinger,CC,bugzilla,
2002-08-09 11:44:12 PDT,justdave,Attachment #60158                Flags,review-,
2002-08-11 06:56:37 PDT,gerv,Depends on,162151,
2002-09-18 13:36:43 PDT,gerv,Attachment #60158                Attachment is obsolete,1,0
2002-09-18 13:36:43 PDT,gerv,Attachment #60159                Attachment is obsolete,1,0
2002-09-18 13:36:43 PDT,gerv,Attachment #94782                Attachment is obsolete,1,0
2002-09-21 08:08:13 PDT,kiko,Attachment #99714                Flags,review+, review+,
2002-09-21 08:26:34 PDT,gerv,Summary,Linkify script to use quoteUrls on texts provided by user,Linkify script to use GetBugLink on texts provided by user
2002-09-21 08:26:34 PDT,gerv,Status,RESOLVED,ASSIGNED
2002-09-21 08:26:34 PDT,gerv,Resolution,FIXED,---
2002-09-21 08:26:34 PDT,gerv,Last Resolved,2002-09-21 08:26:34,
2011-08-05 21:13:06 PDT,asa,CC,,asa
2012-12-18 20:46:27 PST,nobody,QA Contact,default-qa,matty_is_a_geek
