When, Who, What, Added, Removed
2001-11-07 11:47:19 PST,stephend,CC,stephend,
2001-11-07 17:01:18 PST,jg,Assignee,jg,racham
2001-11-07 17:01:18 PST,jg,CC,hwaara,
2001-11-07 17:01:18 PST,jg,Target Milestone,mozilla0.9.8,---
2001-11-07 17:01:18 PST,jg,Keywords,patch, polish, review,
2001-11-07 17:01:18 PST,jg,OS,All,Windows ME
2001-11-07 17:01:18 PST,jg,Priority,P3,--
2001-11-07 17:01:41 PST,jg,Status,ASSIGNED,NEW
2001-11-08 11:01:59 PST,jg,Attachment #56982                Attachment is obsolete,1,0
2002-02-06 01:04:22 PST,racham,Status,RESOLVED,ASSIGNED
2002-02-06 01:04:22 PST,racham,Resolution,FIXED,---
2002-02-06 01:04:22 PST,racham,Last Resolved,2002-02-06 01:04:22,
2002-03-03 21:37:54 PST,nbaca,Status,VERIFIED,RESOLVED
2004-11-22 17:25:08 PST,myk,Product,Seamonkey,Browser
