When, Who, What, Added, Removed
2001-11-07 11:16:26 PST,nhottanscp,Status,ASSIGNED,NEW
2001-11-07 11:16:26 PST,nhottanscp,Target Milestone,mozilla0.9.7,---
2001-11-07 14:01:07 PST,bugzilla,Attachment #56915                Flags,review+,
2001-11-08 08:48:02 PST,sspitzer,Attachment #56915                Flags,superreview+,
2001-11-09 16:59:20 PST,nhottanscp,Status,RESOLVED,ASSIGNED
2001-11-09 16:59:20 PST,nhottanscp,Resolution,FIXED,---
2001-11-09 16:59:20 PST,nhottanscp,QA Contact,nhotta,ji
2001-11-09 16:59:20 PST,nhottanscp,Last Resolved,2001-11-09 16:59:20,
2001-11-09 16:59:31 PST,nhottanscp,Status,VERIFIED,RESOLVED
2004-11-22 17:26:45 PST,myk,Product,Core,MailNews
2008-07-31 04:30:00 PDT,nobody,Product,MailNews Core,Core
