When, Who, What, Added, Removed
2001-11-08 10:14:59 PST,dunn5557,QA Contact,depstein,mdunn
2001-11-16 10:47:51 PST,adamlock,Attachment #57089                Attachment is obsolete,1,0
2001-11-23 10:05:27 PST,adamlock,Target Milestone,mozilla0.9.7,---
2001-11-27 12:08:17 PST,rpotts,Attachment #58119                Flags,superreview+,
2001-11-27 12:20:07 PST,adamlock,Status,RESOLVED,NEW
2001-11-27 12:20:07 PST,adamlock,Resolution,FIXED,---
2001-11-27 12:20:07 PST,adamlock,Last Resolved,2001-11-27 12:20:07,
2001-11-29 17:16:18 PST,depman1,Status,VERIFIED,RESOLVED
