When, Who, What, Added, Removed
2001-11-13 11:39:13 PST,shliang,Status,ASSIGNED,NEW
2001-11-13 11:39:13 PST,shliang,Target Milestone,mozilla0.9.7,---
2001-11-16 16:10:32 PST,hewitt,Attachment #56980                Flags,superreview+,
2001-11-16 16:27:07 PST,andreww,Attachment #56980                Flags,review+,
2001-11-29 12:04:56 PST,shliang,Last Resolved,2001-11-29 12:04:56,
2001-11-29 12:04:56 PST,shliang,Status,RESOLVED,ASSIGNED
2001-11-29 12:04:56 PST,shliang,Resolution,FIXED,---
2001-12-28 13:05:10 PST,pmac,Status,VERIFIED,RESOLVED
2008-07-31 04:30:00 PDT,nobody,Product,SeaMonkey,Core
