When, Who, What, Added, Removed
2001-11-07 11:35:37 PST,stephend,CC,stephend,
2001-11-21 01:13:12 PST,stephend,URL,http://lxr.mozilla.org/seamonkey/source/mailnews/base/prefs/resources/content/aw-identity.xul,
2001-11-21 01:13:12 PST,stephend,OS,All,Windows ME
2001-11-21 01:13:12 PST,stephend,Assignee,stephend,racham
2001-11-21 01:23:13 PST,skasinathan,Status,ASSIGNED,NEW
2001-11-21 01:26:20 PST,skasinathan,Attachment #58673                Flags,review+,
2001-11-21 02:14:48 PST,stephend,Keywords,nsbeta1, ui,
2001-11-21 02:14:48 PST,stephend,Status,NEW,ASSIGNED
2001-11-21 02:14:48 PST,stephend,Assignee,blakeross,stephend
2001-11-21 02:14:48 PST,stephend,CC,racham,
2002-01-17 11:38:07 PST,bugzilla,Assignee,hewitt,blaker
2002-02-06 00:59:26 PST,racham,Assignee,racham,hewitt
2002-02-06 01:00:34 PST,racham,Status,RESOLVED,NEW
2002-02-06 01:00:34 PST,racham,Resolution,FIXED,---
2002-02-06 01:00:34 PST,racham,Last Resolved,2002-02-06 01:00:34,
2002-03-03 22:45:55 PST,nbaca,Status,VERIFIED,RESOLVED
2004-11-22 17:25:08 PST,myk,Product,Seamonkey,Browser
