When, Who, What, Added, Removed
2001-11-08 10:42:40 PST,scottputterman,Keywords,nsbeta1+,
2001-11-08 10:42:40 PST,scottputterman,Priority,P1,--
2001-11-08 10:42:40 PST,scottputterman,Target Milestone,mozilla0.9.7,---
2001-11-08 14:59:39 PST,ezh,CC,ezh,
2001-11-08 15:50:02 PST,jay,CC,jay,
2001-11-19 20:20:48 PST,sspitzer,CC,mscott,
2001-11-27 15:39:48 PST,bugzilla,Status,ASSIGNED,NEW
2001-11-27 15:49:19 PST,bugzilla,Whiteboard,Have fix,
2001-11-29 15:28:50 PST,vparthas,Attachment #59418                Flags,review+,
2001-11-29 18:16:41 PST,sspitzer,CC,saari, danm,
2001-12-10 20:44:55 PST,bugzilla,Whiteboard,Have potential fix,Have fix
2001-12-13 13:38:37 PST,bugzilla,Target Milestone,mozilla0.9.8,mozilla0.9.7
2002-01-18 12:45:17 PST,scottputterman,Target Milestone,mozilla0.9.9,mozilla0.9.8
2002-01-19 06:17:12 PST,jonasj,CC,jonasj,
2002-01-24 22:09:50 PST,2009-bugzilla,CC,bugzilla,
2002-02-16 05:05:17 PST,yatsu,CC,yatsu,
2002-02-18 11:37:21 PST,bugzilla,Attachment #59418                Attachment is obsolete,1,0
2002-02-18 11:37:21 PST,bugzilla,Attachment #59793                Attachment is obsolete,1,0
2002-02-18 11:37:21 PST,bugzilla,Attachment #60327                Attachment is obsolete,1,0
2002-02-18 11:37:21 PST,bugzilla,Attachment #60328                Attachment is obsolete,1,0
2002-02-18 11:37:21 PST,bugzilla,Attachment #60329                Attachment is obsolete,1,0
2002-02-18 12:50:53 PST,vparthas,Attachment #70122                Flags,review+,
2002-02-18 14:40:51 PST,bugzilla,Whiteboard,Have fix, waiting for reviews,Have potential fix
2002-02-19 08:28:38 PST,sspitzer,Attachment #70122                Flags,superreview+,
2002-02-19 13:50:04 PST,sspitzer,Blocks,73995,
2002-02-19 15:25:03 PST,bugzilla,CC,bryner,
2002-02-19 19:06:56 PST,danm.moz,Attachment #70118                Flags,review+,
2002-02-19 21:35:38 PST,bugzilla,CC,rods,
2002-02-20 13:22:36 PST,bugzilla,Blocks,126766,
2002-03-01 15:28:12 PST,bugzilla,Attachment #70118                Attachment is obsolete,1,0
2002-03-01 15:31:38 PST,bugzilla,Attachment #72145                Attachment is obsolete,1,0
2002-03-01 15:33:38 PST,bugzilla,Attachment #72145                Attachment is obsolete,0,1
2002-03-01 15:34:13 PST,bugzilla,Attachment #70122                Attachment is obsolete,1,0
2002-03-01 15:36:32 PST,rods,Attachment #72145                Flags,review+,
2002-03-01 15:37:11 PST,rods,Attachment #72146                Flags,review+,
2002-03-01 15:48:58 PST,brendan,CC,blizzard, shaver,
2002-03-01 17:50:25 PST,sspitzer,Attachment #72146                Flags,superreview+,
2002-03-01 17:59:54 PST,alecf,Attachment #72145                Flags,superreview+,
2002-03-01 18:08:37 PST,bugzilla,Whiteboard,Have fix, waiting for appoval,Have fix, waiting for reviews
2002-03-01 19:23:52 PST,asa,Attachment #72145                Flags,approval+,
2002-03-02 07:30:44 PST,bugzilla,Whiteboard,Have fix, checked in branch already,Have fix, waiting for appoval
2002-03-02 13:19:42 PST,bugzilla,Whiteboard,,Have fix, checked in branch already
2002-03-02 13:19:42 PST,bugzilla,Status,RESOLVED,ASSIGNED
2002-03-02 13:19:42 PST,bugzilla,Resolution,FIXED,---
2002-03-02 13:19:42 PST,bugzilla,Last Resolved,2002-03-02 13:19:42,
2002-03-02 22:14:41 PST,bugzilla,Status,REOPENED,RESOLVED
2002-03-02 22:14:41 PST,bugzilla,Resolution,---,FIXED
2002-03-03 18:02:04 PST,jay,CC,,jay
2002-03-04 07:02:18 PST,bugzilla,Whiteboard,Have fix, waiting SR,
2002-03-04 07:02:18 PST,bugzilla,Status,ASSIGNED,REOPENED
2002-03-04 07:03:27 PST,bugzilla,Attachment #72398                Flags,review+,
2002-03-04 10:02:45 PST,bugzilla,Attachment #72398                Flags,superreview+,
2002-03-04 11:39:08 PST,bugzilla,Whiteboard,Have fix, waiting approval,Have fix, waiting SR
2002-03-04 14:15:52 PST,blizzard,Attachment #72398                Flags,approval+,
2002-03-04 15:45:49 PST,bugzilla,Whiteboard,Fixed in trunk and branch,Have fix, waiting approval
2002-03-04 15:45:49 PST,bugzilla,Status,RESOLVED,ASSIGNED
2002-03-04 15:45:49 PST,bugzilla,Resolution,FIXED,---
2002-03-04 15:45:49 PST,bugzilla,Last Resolved,2002-03-04 15:45:49,2002-03-02 13:19:42
2002-03-15 12:16:59 PST,mozilla-bugs,CC,ayn2,
2002-03-19 17:40:02 PST,esther,Status,VERIFIED,RESOLVED
2002-10-03 01:06:53 PDT,2009-bugzilla,CC,,bugzilla
2004-11-22 17:26:45 PST,myk,Product,Core,MailNews
2006-08-11 09:40:35 PDT,moco,Blocks,348357,
2008-07-31 04:30:00 PDT,nobody,Product,MailNews Core,Core
