When, Who, What, Added, Removed
2001-11-08 06:51:18 PST,bzbarsky,Ever confirmed,1,0
2001-11-08 06:51:18 PST,bzbarsky,Whiteboard,[PROPRIETARY-JAVASCRIPT],
2001-11-08 06:51:18 PST,bzbarsky,Product,Tech Evangelism,Browser
2001-11-08 06:51:18 PST,bzbarsky,Version,unspecified,other
2001-11-08 06:51:18 PST,bzbarsky,Status,NEW,UNCONFIRMED
2001-11-08 06:51:18 PST,bzbarsky,Component,Europe: West,Browser-General
2001-11-08 06:51:18 PST,bzbarsky,Assignee,nitot,asa
2001-11-08 06:51:18 PST,bzbarsky,QA Contact,caillon,doronr
2001-11-08 06:51:18 PST,bzbarsky,CC,bzbarsky,
2001-11-08 07:11:25 PST,tristan,Summary,computerpark-md.de : Links on left hand side are inaccessible,Links on left hand side are inaccessible
2001-11-08 07:11:25 PST,tristan,OS,All,Linux
2001-11-08 07:11:25 PST,tristan,Status,ASSIGNED,NEW
2001-11-08 07:11:25 PST,tristan,Priority,P2,--
2002-03-19 12:50:57 PST,doronr,Status,RESOLVED,ASSIGNED
2002-03-19 12:50:57 PST,doronr,Resolution,FIXED,---
2002-03-19 12:50:57 PST,doronr,Last Resolved,2002-03-19 12:50:57,
2002-05-07 10:45:09 PDT,brant,QA Contact,brantgurganus2001,caillon
2003-04-13 20:17:14 PDT,brant,Status,VERIFIED,RESOLVED
2003-06-13 12:32:15 PDT,bob,Component,German,Europe: West
2003-06-13 20:26:36 PDT,bzbarsky,CC,,bz-bugspam
2015-04-19 23:45:39 PDT,nobody,Product,Tech Evangelism Graveyard,Tech Evangelism
