When, Who, What, Added, Removed
2001-11-08 09:54:00 PST,choess,Component,HTMLTables,Layout
2001-11-08 09:54:00 PST,choess,Assignee,karnaze,attinasi
2001-11-08 09:54:00 PST,choess,QA Contact,amar,petersen
2001-11-08 09:56:46 PST,david,CC,dkoppenh,
2001-11-08 16:14:48 PST,rubydoo123,Status,RESOLVED,NEW
2001-11-08 16:14:48 PST,rubydoo123,Resolution,WORKSFORME,---
2001-11-08 16:14:48 PST,rubydoo123,Last Resolved,2001-11-08 16:14:48,
2001-11-08 17:05:32 PST,rubydoo123,Whiteboard,[bae:20011108],
2001-11-09 04:02:31 PST,aleksander.adamowski,Status,REOPENED,RESOLVED
2001-11-09 04:02:31 PST,aleksander.adamowski,Resolution,---,WORKSFORME
2001-11-09 07:15:00 PST,karnaze,CC,waterson,
2001-11-09 07:15:00 PST,karnaze,Keywords,testcase,
2001-11-09 07:15:00 PST,karnaze,Status,NEW,REOPENED
2001-11-09 07:15:00 PST,karnaze,Assignee,attinasi,karnaze
2001-12-03 17:04:41 PST,kmcclusk,Severity,normal,major
2001-12-03 17:04:41 PST,kmcclusk,Target Milestone,mozilla1.0.1,---
2001-12-06 06:23:00 PST,aleksander.adamowski,Status,RESOLVED,NEW
2001-12-06 06:23:00 PST,aleksander.adamowski,Resolution,FIXED,---
2001-12-06 06:23:00 PST,aleksander.adamowski,Last Resolved,2001-12-06 06:23:00,2001-11-08 16:14:48
