When, Who, What, Added, Removed
2001-11-08 10:51:55 PST,ssaux,Target Milestone,2.2,---
2001-11-08 10:51:55 PST,ssaux,Priority,P1,--
2001-11-13 18:00:55 PST,ssaux,Keywords,patch, review,
2001-11-15 16:55:38 PST,hewitt,Attachment #57666                Flags,superreview+,
2001-11-15 18:06:03 PST,ssaux,Attachment #57666                Flags,review+,
2001-11-15 18:36:53 PST,rangansen,Status,RESOLVED,NEW
2001-11-15 18:36:53 PST,rangansen,Resolution,FIXED,---
2001-11-15 18:36:53 PST,rangansen,Last Resolved,2001-11-15 18:36:53,
2001-11-21 15:38:28 PST,ssaux,CC,shadow,
2001-11-27 14:07:33 PST,junruh,Status,VERIFIED,RESOLVED
2001-12-06 18:32:28 PST,ssaux,CC,jgmyers,
2005-03-09 01:23:57 PST,timeless,Product,Core,PSM
2005-03-09 01:23:57 PST,timeless,Component,Security: UI,Security: UI
2008-07-10 02:17:21 PDT,timeless,Version,1.0 Branch,psm2.1
