When, Who, What, Added, Removed
2001-11-08 09:57:32 PST,ssaux,Assignee,rangansen,ssaux
2001-11-08 09:57:32 PST,ssaux,Target Milestone,2.2,---
2001-11-08 09:57:32 PST,ssaux,Priority,P1,--
2001-11-09 10:46:37 PST,rangansen,Status,ASSIGNED,NEW
2001-11-09 10:49:35 PST,rangansen,CC,kaie,
2001-11-09 10:50:41 PST,rangansen,Keywords,patch, review,
2001-11-09 13:43:55 PST,kaie,Attachment #57248                Flags,review+,
2001-11-13 12:51:28 PST,hewitt,Attachment #57248                Flags,superreview+,
2001-11-13 17:36:53 PST,rangansen,Status,RESOLVED,ASSIGNED
2001-11-13 17:36:53 PST,rangansen,Resolution,FIXED,---
2001-11-13 17:36:53 PST,rangansen,Last Resolved,2001-11-13 17:36:53,
2001-11-14 13:21:07 PST,junruh,Status,VERIFIED,RESOLVED
2005-03-09 01:23:53 PST,timeless,Product,Core,PSM
2005-03-09 01:23:53 PST,timeless,Component,Security: UI,Security: UI
2008-07-10 02:17:21 PDT,timeless,Version,1.0 Branch,psm2.1
