When, Who, What, Added, Removed
2001-11-08 04:09:07 PST,pali,Blocks,47251,
2001-11-09 05:20:43 PST,matty_is_a_geek,Target Milestone,Bugzilla 2.16,---
2001-11-17 18:10:45 PST,justdave,Target Milestone,Bugzilla 2.18,Bugzilla 2.16
2001-11-17 18:10:45 PST,justdave,CC,justdave,
2001-11-17 20:37:50 PST,matty_is_a_geek,Severity,blocker,normal
2001-11-17 20:37:50 PST,matty_is_a_geek,Priority,P1,--
2001-11-17 20:37:50 PST,matty_is_a_geek,Target Milestone,Bugzilla 2.16,Bugzilla 2.18
2002-01-01 12:16:54 PST,justdave,Depends on,110012,
2002-02-11 16:13:17 PST,justdave,Whiteboard,[blocker will fix],
2002-02-11 16:13:17 PST,justdave,Summary,show_bug should generate valid html,show_bug shold generate valid html
2002-02-13 21:15:37 PST,kiko,Assignee,gerv,kiko
2002-03-23 10:49:35 PST,gerv,CC,myk,
2002-03-23 10:51:11 PST,gerv,Keywords,patch, review,
2002-03-24 03:37:56 PST,afranke,Attachment #75775                Flags,review+,
2002-03-24 23:27:05 PST,bbaetz,Attachment #75775                Flags,review+,
2002-03-25 15:10:21 PST,gerv,Status,RESOLVED,NEW
2002-03-25 15:10:21 PST,gerv,Resolution,FIXED,---
2002-03-25 15:10:21 PST,gerv,Last Resolved,2002-03-25 15:10:21,
2012-12-18 20:46:27 PST,nobody,QA Contact,default-qa,matty_is_a_geek
