When, Who, What, Added, Removed
2001-11-08 09:01:29 PST,bbaetz,CC,caillon,
2001-11-08 09:46:04 PST,myk,Keywords,patch, review,
2001-11-08 11:18:18 PST,bbaetz,Attachment #57041                Flags,review+,
2001-11-08 17:00:24 PST,gerv,Attachment #57041                Flags,review+,
2001-11-08 17:15:52 PST,myk,Status,RESOLVED,NEW
2001-11-08 17:15:52 PST,myk,Resolution,FIXED,---
2001-11-08 17:15:52 PST,myk,Last Resolved,2001-11-08 17:15:52,
2001-11-10 21:24:47 PST,matty_is_a_geek,Priority,P1,--
2001-11-10 21:24:47 PST,matty_is_a_geek,Target Milestone,Bugzilla 2.16,---
2002-08-04 23:09:53 PDT,timeless,Component,attachment and request management,Creating/Changing Bugs
2012-12-18 20:46:27 PST,nobody,QA Contact,default-qa,matty_is_a_geek
