When, Who, What, Added, Removed
2001-11-08 07:07:58 PST,bzbarsky,Component,HTMLTables,Layout
2001-11-08 07:07:58 PST,bzbarsky,Assignee,karnaze,attinasi
2001-11-08 07:07:58 PST,bzbarsky,QA Contact,amar,petersen
2001-11-08 07:07:58 PST,bzbarsky,CC,bzbarsky, attinasi,
2001-11-08 07:07:58 PST,bzbarsky,Ever confirmed,1,0
2001-11-08 07:07:58 PST,bzbarsky,Keywords,regression,
2001-11-08 07:07:58 PST,bzbarsky,Status,NEW,UNCONFIRMED
2001-11-08 07:33:33 PST,bzbarsky,CC,alexsavulov,
2001-11-08 08:22:24 PST,karnaze,Status,ASSIGNED,NEW
2001-11-08 08:22:24 PST,karnaze,Target Milestone,mozilla0.9.7,---
2001-11-08 09:58:43 PST,david,CC,dkoppenh,
2001-11-08 10:00:02 PST,basic,CC,_basic,
2001-11-08 17:03:28 PST,rubydoo123,Whiteboard,[bae:20011108],
2001-11-08 17:03:28 PST,rubydoo123,Priority,P3,--
2001-11-09 16:25:35 PST,karnaze,Whiteboard,[bae:20011108] PATCH,[bae:20011108]
2001-11-09 16:58:42 PST,karnaze,CC,ken,
2001-11-09 23:51:02 PST,bernd_mozilla,Attachment #57313                Flags,review+,
2001-11-12 08:20:17 PST,adam,CC,adam,
2001-11-13 10:47:06 PST,attinasi,Attachment #57313                Flags,superreview+,
2001-11-14 05:49:34 PST,karnaze,Resolution,FIXED,---
2001-11-14 05:49:34 PST,karnaze,Last Resolved,2001-11-14 05:49:34,
2001-11-14 05:49:34 PST,karnaze,Whiteboard,[bae:20011108] PATCH CANDIDATE_094,[bae:20011108] PATCH
2001-11-14 05:49:34 PST,karnaze,Status,RESOLVED,ASSIGNED
2001-11-16 15:39:15 PST,amar,Status,VERIFIED,RESOLVED
2001-12-04 04:21:57 PST,markushuebner,CC,markush,
2014-04-26 03:18:38 PDT,basic,CC,,basic
