When, Who, What, Added, Removed
2001-11-09 08:12:50 PST,matty_is_a_geek,Priority,P2,--
2001-11-09 08:12:50 PST,matty_is_a_geek,Target Milestone,Bugzilla 2.16,---
2001-11-17 18:08:30 PST,justdave,CC,justdave,
2001-11-17 18:08:30 PST,justdave,Target Milestone,Bugzilla 2.18,Bugzilla 2.16
2002-07-08 04:47:20 PDT,bbaetz,Assignee,bbaetz,myk
2002-07-12 18:26:01 PDT,bbaetz,Keywords,patch, review,
2002-08-04 22:09:46 PDT,timeless,Component,attachment and request management,Creating/Changing Bugs
2002-08-10 01:18:23 PDT,gerv,Attachment #90492                Flags,review+, review+,
2002-08-10 01:19:04 PDT,gerv,Status,RESOLVED,NEW
2002-08-10 01:19:04 PDT,gerv,Resolution,FIXED,---
2002-08-10 01:19:04 PDT,gerv,Last Resolved,2002-08-10 01:19:04,
2012-12-18 20:46:27 PST,nobody,QA Contact,default-qa,matty_is_a_geek
