When, Who, What, Added, Removed
2001-11-08 05:47:02 PST,mozilla,CC,jeff.pudwell,
2001-11-08 08:14:46 PST,bzbarsky,Keywords,patch, review,
2001-11-08 08:14:46 PST,bzbarsky,Status,NEW,UNCONFIRMED
2001-11-08 08:14:46 PST,bzbarsky,Ever confirmed,1,0
2001-11-08 08:33:32 PST,shrir,Blocks,106435,
2001-11-08 16:21:29 PST,serhunt,Attachment #57010                Flags,review+,
2001-11-09 09:19:00 PST,beard,Attachment #57010                Flags,superreview+,
2001-11-12 16:35:59 PST,serhunt,Status,RESOLVED,NEW
2001-11-12 16:35:59 PST,serhunt,Resolution,FIXED,---
2001-11-12 16:35:59 PST,serhunt,Last Resolved,2001-11-12 16:35:59,
2001-11-12 16:35:59 PST,serhunt,Keywords,,patch, review
2001-11-14 10:38:59 PST,mozilla,Status,VERIFIED,RESOLVED
2001-12-08 20:54:06 PST,peterlubczynski-bugs,Keywords,edt0.9.4,
2001-12-08 20:54:06 PST,peterlubczynski-bugs,CC,valeski, peterl,
2001-12-10 09:10:07 PST,jud,Keywords,edt0.9.4+,edt0.9.4
2001-12-10 13:27:31 PST,peterlubczynski-bugs,Keywords,fixed0.9.4,
2002-01-14 10:14:29 PST,shrir,Keywords,verified0.9.4,
2004-04-01 11:22:29 PST,benc,Keywords,,fixed0.9.4
2009-05-27 10:52:49 PDT,bugs,Depends on,495035,
