When, Who, What, Added, Removed
2001-11-08 08:55:51 PST,jimmykenlee,QA Contact,gbush,jimmylee
2001-11-08 08:55:51 PST,jimmykenlee,CC,jimmylee,
2001-11-09 20:36:59 PST,p_ch,CC,georg.wild, chithanh, pierrechanial,
2001-11-15 14:15:52 PST,eennjp,CC,eennjp,
2002-01-26 13:06:51 PST,ciopz,CC,ciopz,
2002-01-30 16:47:57 PST,endico,Status,NEW,UNCONFIRMED
2002-01-30 16:47:57 PST,endico,Ever confirmed,1,0
2002-01-30 16:53:04 PST,blizzard,Blocks,115520,
2002-01-31 00:03:53 PST,t8m,CC,t8m,
2002-01-31 00:17:41 PST,bking,CC,briank,
2002-02-06 00:10:07 PST,slogan,Status,ASSIGNED,NEW
2002-02-11 10:14:35 PST,bugzilla,CC,johann,
2002-02-11 12:42:01 PST,dveditz,Keywords,nsbeta1,
2002-02-11 16:52:08 PST,slogan,Keywords,nsbeta1+,nsbeta1
2002-02-11 16:52:08 PST,slogan,Target Milestone,mozilla0.9.9,---
2002-02-27 05:18:01 PST,masaki.katakai,CC,katakai,
2002-02-28 03:14:35 PST,mal,CC,mal,
2002-02-28 04:20:13 PST,kairo,CC,kairo,
2002-03-01 12:53:44 PST,dveditz,Summary,Install error -239 registering chrome on newer Linux kernels,Error -239 on recent linux nightlies
2002-03-01 12:53:44 PST,dveditz,Status,NEW,ASSIGNED
2002-03-01 12:53:44 PST,dveditz,Assignee,bryner,syd
2002-03-01 12:53:44 PST,dveditz,CC,syd, dveditz,
2002-03-03 16:39:13 PST,dveditz,Summary,Install error -239 registering chrome on some systems,Install error -239 registering chrome on newer Linux kernels
2002-03-03 16:57:29 PST,shaver,CC,shaver,
2002-03-05 02:57:29 PST,bryner,Target Milestone,mozilla1.0,mozilla0.9.9
2002-03-05 10:31:13 PST,sharding,CC,sharding,
2002-03-13 16:53:59 PST,samir_bugzilla,Whiteboard,[adt3],
2002-03-26 20:47:42 PST,bugmail,Blocks,,115520
2002-04-04 13:52:26 PST,dveditz,Assignee,dveditz,bryner
2002-04-22 19:41:06 PDT,scottputterman,Keywords,nsbeta1-,
2002-04-22 19:57:52 PDT,scottputterman,Keywords,,nsbeta1+
2002-04-24 04:55:45 PDT,moz,CC,moz,
2002-05-07 03:32:52 PDT,hendikins,CC,kh-phillips,
2002-05-07 03:33:16 PDT,hendikins,CC,wayne,
2002-05-07 03:54:24 PDT,bugs4hj,CC,neilpryde92651,
2002-05-08 11:51:53 PDT,aleksander.adamowski,CC,olo,
2002-05-21 06:00:40 PDT,bugs4hj,CC,bugs4hj,
2002-06-05 09:26:03 PDT,bking,CC,petejc,
2002-06-06 20:54:07 PDT,piaip,CC,piaip,
2002-08-09 04:40:12 PDT,Mitch,CC,dave,
2002-08-27 04:31:14 PDT,kairo,Blocks,164804,
2002-08-30 00:25:13 PDT,timar74,CC,timar,
2002-10-02 10:26:00 PDT,vberon,CC,vberon,
2002-12-30 05:46:49 PST,bugzilla,CC,richard,
2002-12-30 18:28:28 PST,mrgrimm,CC,,wayne
2003-03-22 01:57:16 PST,nivoside,CC,nivoside,
2003-05-12 10:54:56 PDT,dveditz,Assignee,ssu,dveditz
2003-06-02 01:50:33 PDT,bugzilla,CC,bugzilla,
2003-06-02 05:19:21 PDT,jasonb,CC,jasonb,
2003-06-02 12:24:53 PDT,bugzilla,OS,All,Linux
2003-06-02 23:27:15 PDT,bugzilla20071228,CC,bugzilla,
2003-06-03 09:52:02 PDT,david,CC,dmajda-misc,
2003-07-07 14:22:35 PDT,aquarion,CC,aquarion,
2003-08-01 04:41:31 PDT,bugzilla,CC,met,
2003-08-05 10:18:01 PDT,bugzilla,Attachment #129229                Flags,review?(ssu),
2003-08-05 14:18:00 PDT,ssu0262,Attachment #129229                Flags,review+, superreview?(dveditz+bmo),review?(ssu)
2003-08-05 14:41:10 PDT,ssu0262,Status,ASSIGNED,NEW
2003-08-05 16:31:08 PDT,dveditz,Attachment #129229                Flags,superreview+, approval1.4.x?,superreview?(dveditz+bmo)
2003-08-05 16:38:12 PDT,ssu0262,Resolution,FIXED,---
2003-08-05 16:38:12 PDT,ssu0262,Last Resolved,2003-08-05 16:38:12,
2003-08-05 16:38:12 PDT,ssu0262,Status,RESOLVED,ASSIGNED
2003-08-06 06:09:02 PDT,jasonb,CC,,jasonb
2003-08-06 11:01:25 PDT,asa,Attachment #129229                Flags,approval1.4.x+,approval1.4.x?
2003-08-06 16:38:51 PDT,ssu0262,Keywords,fixed1.4,
2003-08-08 10:15:26 PDT,asa,Keywords,fixed1.4.1,fixed1.4
2003-08-17 06:50:51 PDT,jasonb,CC,jasonb,
2003-08-27 19:36:10 PDT,jasonb,CC,,jasonb
2003-09-14 12:24:17 PDT,pbartecki,CC,pbartecki,
2003-11-03 01:47:02 PST,yuanyi21,Blocks,224532,
2003-11-04 14:40:16 PST,bugzilla-mozilla,CC,bugzilla-mozilla,
2003-11-04 14:41:16 PST,bugzilla-mozilla,CC,,eennjp
