When, Who, What, Added, Removed
2001-11-08 08:35:51 PST,bzbarsky,CC,morse,
2001-11-08 11:43:20 PST,samir_bugzilla,Component,Cookies,Preferences
2001-11-08 11:43:20 PST,samir_bugzilla,Assignee,morse,sgehani
2001-11-08 11:43:20 PST,samir_bugzilla,QA Contact,tever,sairuh
2001-11-08 11:43:20 PST,samir_bugzilla,CC,,morse
2001-11-08 13:48:57 PST,morse,Status,ASSIGNED,UNCONFIRMED
2001-11-08 13:48:57 PST,morse,Target Milestone,mozilla0.9.6,---
2001-11-08 13:48:57 PST,morse,Ever confirmed,1,0
2001-11-08 13:51:29 PST,morse,CC,blaker, alecf,
2001-11-08 13:55:39 PST,alecf,Attachment #57097                Flags,superreview+,
2001-11-08 13:59:41 PST,bugzilla,Attachment #57097                Flags,review+,
2001-11-08 14:48:28 PST,asa,Keywords,mozilla0.9.6+,
2001-11-08 15:31:29 PST,morse,Status,RESOLVED,ASSIGNED
2001-11-08 15:31:29 PST,morse,Resolution,FIXED,---
2001-11-08 15:31:29 PST,morse,Last Resolved,2001-11-08 15:31:29,
2001-11-13 18:55:20 PST,tever,Status,VERIFIED,RESOLVED
2001-11-14 22:15:44 PST,blizzard,Blocks,104864,
