When, Who, What, Added, Removed
2001-11-08 11:01:57 PST,sujay,CC,rods,
2002-03-29 18:52:53 PST,contact2009,Status,NEW,UNCONFIRMED
2002-03-29 18:52:53 PST,contact2009,CC,xah,
2002-03-29 18:52:53 PST,contact2009,Ever confirmed,1,0
2002-07-18 00:48:20 PDT,zhayupeng,CC,browser-china-printing, pete.zha,
2002-07-18 00:48:20 PDT,zhayupeng,Blocks,157675,
2002-09-06 07:49:53 PDT,phil,CC,phil,
2002-10-23 06:39:34 PDT,dcone,Priority,P3,--
2002-10-23 06:39:34 PDT,dcone,Assignee,rods,dcone
2002-10-23 06:39:34 PDT,dcone,Target Milestone,Future,---
2003-01-23 09:36:47 PST,mfedyk,CC,mfedyk,
2005-08-27 11:11:52 PDT,kherron+mozilla,Resolution,FIXED,---
2005-08-27 11:11:52 PDT,kherron+mozilla,Last Resolved,2005-08-27 11:11:52,
2005-08-27 11:11:52 PDT,kherron+mozilla,Status,RESOLVED,NEW
