When, Who, What, Added, Removed
2001-11-08 11:40:16 PST,bugzilla,CC,matti,
2001-11-08 12:13:45 PST,mythdraug,CC,mythdraug,
2001-11-08 16:44:29 PST,chrispetersen,Status,NEW,UNCONFIRMED
2001-11-08 16:44:29 PST,chrispetersen,QA Contact,tpreston,petersen
2001-11-08 16:44:29 PST,chrispetersen,Ever confirmed,1,0
2001-11-09 12:30:48 PST,attinasi,Status,ASSIGNED,NEW
2001-11-09 12:30:48 PST,attinasi,Priority,P4,--
2001-11-09 12:30:48 PST,attinasi,Target Milestone,mozilla1.0,---
2001-11-09 13:40:40 PST,attinasi,Severity,enhancement,trivial
2001-11-09 16:43:29 PST,doctor__j,CC,doctor__j,
2001-11-12 01:04:50 PST,bugzilla,CC,bugzilla,
2001-11-12 01:59:54 PST,aha,CC,aha,
2001-11-16 07:11:42 PST,tpowellmoz,CC,tpowell,
2001-11-23 11:14:52 PST,andre.bugs2,CC,andre.dahlqvist,
2001-11-27 14:33:47 PST,kmcclusk,Target Milestone,mozilla1.2,mozilla1.0
2001-11-27 15:00:44 PST,rubydoo123,Whiteboard,[bae:20011127],
2001-11-27 16:31:09 PST,piskozub,Keywords,mozilla0.9.7, regression,
2001-11-27 16:31:09 PST,piskozub,Severity,normal,enhancement
2001-11-27 16:31:09 PST,piskozub,CC,piskozub,
2001-11-27 17:46:03 PST,attinasi,Keywords,,mozilla0.9.7
2001-11-28 12:52:30 PST,attinasi,Keywords,patch,
2001-11-28 12:52:30 PST,attinasi,Summary,[FIX] Blocked image should not show Broken Icon,Blocked image should not show Broken Icon
2001-11-28 12:52:30 PST,attinasi,Status,NEW,ASSIGNED
2001-11-28 12:52:30 PST,attinasi,Assignee,attinasi_layout,attinasi
2001-11-28 12:52:30 PST,attinasi,Target Milestone,mozilla0.9.7,mozilla1.2
2001-11-28 12:52:57 PST,attinasi,Status,ASSIGNED,NEW
2001-11-29 12:32:25 PST,alexsavulov,Attachment #59571                Flags,review+,
2001-11-29 16:14:16 PST,kinmoz,Attachment #59571                Flags,superreview+,
2001-11-30 12:51:58 PST,attinasi,Status,RESOLVED,ASSIGNED
2001-11-30 12:51:58 PST,attinasi,Resolution,FIXED,---
2001-11-30 12:51:58 PST,attinasi,Last Resolved,2001-11-30 12:51:58,
2001-12-03 11:01:07 PST,tpreston,Status,VERIFIED,RESOLVED
2001-12-05 15:59:25 PST,bzbarsky,CC,dwolfe,
