When, Who, What, Added, Removed
2001-11-08 10:17:15 PST,bzbarsky,Product,Tech Evangelism,Browser
2001-11-08 10:17:15 PST,bzbarsky,Version,unspecified,other
2001-11-08 10:17:15 PST,bzbarsky,Status,NEW,UNCONFIRMED
2001-11-08 10:17:15 PST,bzbarsky,Component,English: US,Viewer App
2001-11-08 10:17:15 PST,bzbarsky,Assignee,bclary,asa
2001-11-08 10:17:15 PST,bzbarsky,QA Contact,zach,asa
2001-11-08 10:17:15 PST,bzbarsky,CC,bzbarsky,
2001-11-08 10:17:15 PST,bzbarsky,Ever confirmed,1,0
2001-11-08 10:44:04 PST,bob,Summary,sgi.com - Browser Doesn't seem to be handling rendering of &lt,Browser Doesn't seem to be handling rendering of &lt
2001-11-08 10:44:04 PST,bob,Priority,P3,--
2002-01-12 04:27:48 PST,doronr,Whiteboard,[aok],
2002-01-12 04:27:48 PST,doronr,OS,All,Windows 2000
2002-01-25 18:24:42 PST,zach,Assignee,doronr,bclary
2003-03-23 17:32:08 PST,francis.uy,Summary,sgi.com - page uses &lt instead of &lt;,sgi.com - Browser Doesn't seem to be handling rendering of &lt
2003-03-23 17:32:08 PST,francis.uy,Hardware,All,PC
2003-03-23 17:32:08 PST,francis.uy,Severity,minor,normal
2003-03-23 17:32:08 PST,francis.uy,Priority,--,P3
2003-03-25 12:26:20 PST,spam,Status,RESOLVED,NEW
2003-03-25 12:26:20 PST,spam,Resolution,FIXED,---
2003-03-25 12:26:20 PST,spam,Last Resolved,2003-03-25 12:26:20,
2003-06-13 20:29:32 PDT,bzbarsky,CC,,bz-bugspam
2015-04-19 23:39:42 PDT,nobody,Product,Tech Evangelism Graveyard,Tech Evangelism
