When, Who, What, Added, Removed
2001-11-08 11:40:59 PST,nelson,Summary,Apparent infinite recursion in SECMOD_LoadModule,Certomatic certs work under 3.3 but not the tip
2001-11-09 17:19:25 PST,wtc,Priority,P1,--
2001-11-09 17:19:25 PST,wtc,Assignee,relyea,wtc
2001-11-09 17:19:25 PST,wtc,CC,wtc,
2001-11-09 17:19:25 PST,wtc,Target Milestone,3.4,---
2001-11-09 18:44:29 PST,rrelyea,Priority,P3,P1
2002-04-25 16:30:14 PDT,wtc,QA Contact,bishakhabanerjee,sonja.mirtitsch
2002-05-02 14:52:26 PDT,rrelyea,Status,RESOLVED,NEW
2002-05-02 14:52:26 PDT,rrelyea,Resolution,FIXED,---
2002-05-02 14:52:26 PDT,rrelyea,Last Resolved,2002-05-02 14:52:26,
