When, Who, What, Added, Removed
2001-11-08 11:19:21 PST,cmanske,Keywords,patch, review,
2001-11-08 11:19:21 PST,cmanske,Whiteboard,EDITORBASE, FIX IN HAND, need r=,sr=,
2001-11-08 11:19:21 PST,cmanske,Severity,major,normal
2001-11-08 11:19:21 PST,cmanske,Assignee,cmanske,syd
2001-11-08 11:19:21 PST,cmanske,Target Milestone,mozilla0.9.6,---
2001-11-08 11:19:46 PST,cmanske,Status,ASSIGNED,NEW
2001-11-08 11:20:54 PST,brade,Keywords,regression,
2001-11-08 11:20:54 PST,brade,Priority,P1,--
2001-11-08 15:30:23 PST,kinmoz,Attachment #57061                Flags,review+, superreview+,
2001-11-08 16:14:29 PST,asa,Keywords,mozilla0.9.6+,
2001-11-08 16:22:27 PST,cmanske,Whiteboard,EDITORBASE,EDITORBASE, FIX IN HAND, need r=,sr=
2001-11-08 16:22:27 PST,cmanske,Status,RESOLVED,ASSIGNED
2001-11-08 16:22:27 PST,cmanske,Resolution,FIXED,---
2001-11-08 16:22:27 PST,cmanske,Last Resolved,2001-11-08 16:22:27,
2001-11-09 09:14:50 PST,dslmichael,Status,VERIFIED,RESOLVED
2001-11-14 22:17:46 PST,blizzard,Blocks,104864,
2004-11-22 17:25:08 PST,myk,Product,Seamonkey,Browser
