When, Who, What, Added, Removed
2001-11-08 06:38:43 PST,bzbarsky,Status,NEW,UNCONFIRMED
2001-11-08 06:38:43 PST,bzbarsky,Component,Live Connect,OJI
2001-11-08 06:38:43 PST,bzbarsky,Assignee,rogerl,joe.chou
2001-11-08 06:38:43 PST,bzbarsky,QA Contact,pschwartau,pmac
2001-11-08 06:38:43 PST,bzbarsky,Ever confirmed,1,0
2001-11-08 08:06:31 PST,pschwartau,Component,OJI,Live Connect
2001-11-08 08:06:31 PST,pschwartau,Assignee,joe.chou,rogerl
2001-11-08 08:06:31 PST,pschwartau,QA Contact,pmac,pschwartau
2001-11-08 08:06:31 PST,pschwartau,CC,gary.kind, pschwartau,
2001-11-08 08:10:56 PST,pschwartau,Summary,Mayscript attribute needed on <OBJECT> tag; this is not HTML4 compliant,Mayscript attribute needed on object tag; this is not html 4 compliant
2001-11-08 08:38:33 PST,peterlubczynski-bugs,Priority,P3,--
2001-11-08 08:38:33 PST,peterlubczynski-bugs,Component,Plug-ins,OJI
2001-11-08 08:38:33 PST,peterlubczynski-bugs,Assignee,peterlubczynski,joe.chou
2001-11-08 08:38:33 PST,peterlubczynski-bugs,CC,joe.chou, av,
2001-11-08 08:38:33 PST,peterlubczynski-bugs,Target Milestone,mozilla0.9.7,---
2001-11-14 09:04:49 PST,peterlubczynski-bugs,Attachment #57331                Attachment is obsolete,1,0
2001-11-14 15:05:58 PST,serhunt,Attachment #57767                Flags,review+,
2001-11-14 17:20:14 PST,beard,Attachment #57767                Flags,superreview+,
2001-11-19 18:22:37 PST,peterlubczynski-bugs,Status,RESOLVED,NEW
2001-11-19 18:22:37 PST,peterlubczynski-bugs,Resolution,FIXED,---
2001-11-19 18:22:37 PST,peterlubczynski-bugs,Last Resolved,2001-11-19 18:22:37,
2001-11-26 16:31:09 PST,pmac,Status,VERIFIED,RESOLVED
2002-01-23 17:43:58 PST,peterlubczynski-bugs,Keywords,mozilla0.9.4,
2002-01-23 17:43:58 PST,peterlubczynski-bugs,CC,valeski,
2002-01-23 17:56:36 PST,pschwartau,Whiteboard,[Also verify fix against testcase in duplicate bug 121529],
2002-01-24 14:04:58 PST,peterlubczynski-bugs,CC,mdunn,
2002-01-24 15:20:48 PST,pschwartau,CC,bcortez,
2002-01-25 08:50:42 PST,dunn5557,Keywords,edt0.9.4,
2002-01-25 10:04:56 PST,peterlubczynski-bugs,Keywords,,mozilla0.9.4
2002-01-30 12:10:20 PST,pmac,Status,REOPENED,VERIFIED
2002-01-30 12:10:20 PST,pmac,Resolution,---,FIXED
2002-01-30 12:14:16 PST,peterlubczynski-bugs,Status,RESOLVED,REOPENED
2002-01-30 12:14:16 PST,peterlubczynski-bugs,Resolution,FIXED,---
2002-01-30 12:14:16 PST,peterlubczynski-bugs,Last Resolved,2002-01-30 12:14:16,2001-11-19 18:22:37
2002-02-01 08:13:27 PST,jud,Keywords,edt0.9.4-,edt0.9.4
2002-02-01 10:14:39 PST,pmac,Status,VERIFIED,RESOLVED
2002-02-04 22:41:40 PST,jud,Keywords,topembed,
