When, Who, What, Added, Removed
2001-11-08 12:46:36 PST,mozilla,CC,blakeross, hewitt,
2001-11-09 20:15:40 PST,bugs,Attachment #57087                Flags,superreview+,
2001-11-09 20:30:23 PST,mozilla,Attachment #57087                Flags,review+,
2001-11-15 20:03:55 PST,mozilla,CC,valeski,
2001-11-25 16:39:55 PST,bugzilla,Assignee,blakeross,bienvenu
2001-11-25 16:49:32 PST,bugzilla,Status,RESOLVED,NEW
2001-11-25 16:49:32 PST,bugzilla,Resolution,FIXED,---
2001-11-25 16:49:32 PST,bugzilla,Last Resolved,2001-11-25 16:49:32,
2001-12-20 18:47:38 PST,grylchan,Depends on,114545,
2001-12-20 18:51:19 PST,grylchan,Depends on,112993,114545
2002-02-04 12:05:31 PST,grylchan,Status,VERIFIED,RESOLVED
2004-11-22 17:25:08 PST,myk,Product,Seamonkey,Browser
