When, Who, What, Added, Removed
2001-11-08 14:27:50 PST,ajvincent,Keywords,testcase,
2001-11-08 14:27:50 PST,ajvincent,Status,NEW,UNCONFIRMED
2001-11-08 14:27:50 PST,ajvincent,CC,jscript, jst,
2001-11-08 14:27:50 PST,ajvincent,Ever confirmed,1,0
2001-11-08 15:27:21 PST,jg,Keywords,dataloss,
2001-11-08 15:27:21 PST,jg,OS,All,Windows 98
2001-11-08 15:27:21 PST,jg,CC,jg,
2001-11-08 15:42:03 PST,alexsavulov,Summary,Checkbox is broken.[from sub],Checkbox is broken.
2001-11-08 15:45:41 PST,alexsavulov,Summary,Checkbox is broken.[form sub],Checkbox is broken.[from sub]
2001-11-08 15:49:42 PST,coen,OS,Windows 98,All
2001-11-08 15:49:42 PST,coen,Summary,Checkbox is broken.,Checkbox is broken.[form sub]
2001-11-08 15:54:26 PST,coen,Summary,Checkbox is broken. [form sub],Checkbox is broken.
2001-11-08 15:54:26 PST,coen,OS,All,Windows 98
2001-11-08 17:37:53 PST,jst,CC,jkeiser,
2001-11-08 20:06:56 PST,jonas,CC,sicking,
2001-11-08 20:57:56 PST,bzbarsky,CC,bzbarsky,
2001-11-08 21:03:47 PST,rodd,CC,rodd,
2001-11-08 21:32:41 PST,tingley,CC,tingley,
2001-11-08 21:38:01 PST,asa,Blocks,104864,
2001-11-08 22:13:30 PST,asa,Keywords,mozilla0.9.6+,
2001-11-08 22:21:47 PST,jonas,Status,RESOLVED,NEW
2001-11-08 22:21:47 PST,jonas,Resolution,FIXED,---
2001-11-08 22:21:47 PST,jonas,Last Resolved,2001-11-08 22:21:47,
2002-01-09 14:26:26 PST,vladimire,Status,VERIFIED,RESOLVED
