When, Who, What, Added, Removed
2001-11-08 16:52:44 PST,aaronlev,Keywords,access, fcc508,
2001-11-08 16:52:44 PST,aaronlev,Status,ASSIGNED,NEW
2001-11-08 16:52:44 PST,aaronlev,Priority,P2,--
2001-11-08 16:52:44 PST,aaronlev,Target Milestone,mozilla0.9.7,---
2001-11-08 17:12:31 PST,aaronlev,Whiteboard,seeking r=, sr=,
2001-11-08 17:39:23 PST,cmaximus,CC,sairuh, jrgm,
2001-11-08 18:45:11 PST,bugzilla,QA Contact,dsirnapalli,claudius
2001-11-08 19:45:04 PST,aaronlev,Blocks,82207,
2001-11-13 12:24:50 PST,mozilla,Attachment #57142                Flags,review+,
2001-11-19 20:37:12 PST,aaronlev,Status,RESOLVED,ASSIGNED
2001-11-19 20:37:12 PST,aaronlev,Resolution,FIXED,---
2001-11-19 20:37:12 PST,aaronlev,Last Resolved,2001-11-19 20:37:12,
2002-06-21 17:55:51 PDT,dsirnapalli,Status,VERIFIED,RESOLVED
2004-11-22 17:25:08 PST,myk,Product,Seamonkey,Browser
