When, Who, What, Added, Removed
2001-11-08 15:10:22 PST,bugzilla,Status,ASSIGNED,NEW
2001-11-08 15:10:22 PST,bugzilla,Target Milestone,mozilla0.9.7,---
2001-12-10 23:31:09 PST,bugzilla,Attachment #60218                Attachment is obsolete,1,0
2001-12-10 23:33:42 PST,bugzilla,Whiteboard,Have fix,
2001-12-11 13:51:05 PST,vparthas,Attachment #61226                Flags,review+,
2001-12-11 17:33:15 PST,bugzilla,Target Milestone,mozilla0.9.8,mozilla0.9.7
2002-01-07 17:47:42 PST,bugzilla,Attachment #61226                Attachment is obsolete,1,0
2002-01-07 18:33:04 PST,mozilla,Attachment #63908                Flags,superreview+,
2002-01-07 19:18:22 PST,bugzilla,Status,RESOLVED,ASSIGNED
2002-01-07 19:18:22 PST,bugzilla,Resolution,FIXED,---
2002-01-07 19:18:22 PST,bugzilla,Last Resolved,2002-01-07 19:18:22,
2002-02-05 13:37:13 PST,sheelar,Status,VERIFIED,RESOLVED
2004-11-22 17:26:45 PST,myk,Product,Core,MailNews
2008-07-31 04:30:00 PDT,nobody,Product,MailNews Core,Core
