When, Who, What, Added, Removed
2001-11-08 14:17:40 PST,pratik.solanki,CC,psolanki,
2001-11-08 19:11:45 PST,grey,CC,gerv,
2001-11-09 06:00:17 PST,adam,CC,adam,
2001-11-10 09:48:57 PST,bugzilla,CC,matti,
2001-11-10 23:24:55 PST,grey,CC,bugs,
2001-11-11 02:34:43 PST,mozilla,CC,xtra,
2001-11-12 13:08:05 PST,fabricio,CC,fabricio,
2001-11-13 09:12:26 PST,william,CC,william,
2001-11-13 10:28:14 PST,lohphat,CC,lohphat,
2001-11-13 11:54:51 PST,endico,Status,RESOLVED,NEW
2001-11-13 11:54:51 PST,endico,Resolution,FIXED,---
2001-11-13 11:54:51 PST,endico,Last Resolved,2001-11-13 11:54:51,
2001-11-13 12:16:01 PST,ruairif,CC,ruairif,
2001-11-14 06:46:37 PST,subotnik,CC,subotnik,
2001-11-18 09:07:56 PST,subotnik,Blocks,110294,
2008-07-31 04:30:00 PDT,nobody,Product,Websites,mozilla.org
2012-08-23 00:16:07 PDT,nobody,Product,www.mozilla.org,Websites
2012-08-23 00:16:07 PDT,nobody,Component,General,www.mozilla.org
