When, Who, What, Added, Removed
2001-11-08 16:21:21 PST,yinglinxia,QA Contact,teruko,aselimovic
2001-11-16 00:19:17 PST,ftang,Status,ASSIGNED,UNCONFIRMED
2001-11-16 00:19:17 PST,ftang,Ever confirmed,1,0
2001-11-28 08:55:04 PST,ftang,Product,Browser,Browser Localizations
2001-11-28 08:55:04 PST,ftang,Version,other,unspecified
2001-11-28 08:55:04 PST,ftang,Component,Internationalization,Bosnian/bs-BA
2001-11-28 08:55:04 PST,ftang,Target Milestone,mozilla0.9.8,---
2002-01-16 17:53:31 PST,ftang,Target Milestone,mozilla0.9.9,mozilla0.9.8
2002-02-12 19:52:06 PST,ftang,Assignee,nhotta,ftang
2002-02-12 19:52:06 PST,ftang,Target Milestone,---,mozilla0.9.9
2002-02-12 19:52:06 PST,ftang,Status,NEW,ASSIGNED
2002-02-13 18:17:27 PST,nhottanscp,Status,ASSIGNED,NEW
2002-02-13 18:17:27 PST,nhottanscp,Target Milestone,mozilla1.2,---
2002-09-05 11:16:59 PDT,nhottanscp,Target Milestone,mozilla1.2beta,mozilla1.2alpha
2002-09-06 18:41:50 PDT,nhottanscp,CC,ftang, rbs,
2002-09-09 14:48:55 PDT,nhottanscp,Keywords,intl,
2002-09-23 16:20:51 PDT,nhottanscp,CC,shanjian,
2002-11-06 10:23:07 PST,nhottanscp,Target Milestone,mozilla1.3alpha,mozilla1.2beta
2004-06-04 05:26:24 PDT,harunaga,CC,kazhik,
2004-06-04 05:27:58 PDT,harunaga,Summary,Japanese hiragino text slided up within big button/drop-menu/...,Japanese text slided up within big button/drop-menu/...
2004-06-04 05:27:58 PDT,harunaga,CC,harunaga,
2004-06-04 06:02:53 PDT,harunaga,Blocks,210167,
2004-10-25 22:02:51 PDT,nivoside,CC,nivoside,
2004-11-04 23:41:35 PST,mozilla758+bmo,CC,kozawa,
2004-11-15 20:11:00 PST,hsaito54,Attachment #166063                Attachment description,patch for adding internal leading,patch&#12288;for adding internal leading
2004-11-15 20:16:41 PST,hsaito54,CC,saito,
2004-11-16 17:14:32 PST,hsaito54,Attachment #166063                Flags,review?(rbs),
2004-11-17 07:37:39 PST,masayuki,CC,masayuki,
2005-11-26 02:41:23 PST,hsaito54,Attachment #166063                Attachment is obsolete,1,0
2005-11-26 02:41:23 PST,hsaito54,Attachment #166063                Flags,,review?(rbs)
2005-11-26 02:45:04 PST,hsaito54,Attachment #204209                Flags,review?(rbs),
2005-11-26 05:15:16 PST,masayuki,Status,NEW,ASSIGNED
2005-11-26 05:15:16 PST,masayuki,Component,GFX: Mac,Internationalization
2005-11-26 05:15:16 PST,masayuki,Assignee,saito,nhottanscp
2005-11-26 05:15:16 PST,masayuki,Target Milestone,mozilla1.9alpha,mozilla1.3alpha
2005-11-27 07:02:36 PST,hsaito54,Attachment #204209                Attachment is obsolete,1,0
2005-11-27 07:02:36 PST,hsaito54,Attachment #204209                Flags,,review?(rbs)
2005-11-27 07:05:19 PST,hsaito54,Attachment #204283                Flags,review?(rbs),
2005-11-27 07:18:32 PST,hsaito54,Status,ASSIGNED,NEW
2005-11-28 16:59:19 PST,katsuhiromihara,CC,joshmoz, katsuhiromihara,
2005-11-28 17:27:04 PST,hsaito54,Attachment #204283                Flags,,review?(rbs)
2005-11-28 17:31:53 PST,hsaito54,Attachment #204283                Flags,review?(roc), superreview?(roc),
2005-11-28 18:44:54 PST,roc,Attachment #204283                Flags,review?(joshmoz), superreview+,review?(roc), superreview?(roc)
2005-11-29 10:00:38 PST,jaas,Attachment #204283                Flags,review+,review?(joshmoz)
2005-11-29 10:01:06 PST,jaas,Flags,blocking1.8.1?, blocking1.8.0.1?,
2005-11-29 17:21:39 PST,hsaito54,Attachment #204283                Flags,approval1.8.0.1?,
2005-11-30 05:20:25 PST,masayuki,Status,RESOLVED,ASSIGNED
2005-11-30 05:20:25 PST,masayuki,Resolution,FIXED,---
2005-11-30 05:20:25 PST,masayuki,Last Resolved,2005-11-30 05:20:25,
2005-11-30 17:07:52 PST,hsaito54,Blocks,233752,
2005-11-30 20:20:38 PST,phiw2,CC,phiw,
2005-12-22 13:48:07 PST,samuel.sidler+old,CC,bugzilla,
2006-01-04 11:33:33 PST,dveditz,Flags,blocking1.8.0.1-,blocking1.8.0.1?
2006-01-04 11:35:31 PST,dveditz,Attachment #204283                Flags,approval1.8.0.1+, approval1.8.1+,approval1.8.0.1?
2006-01-04 11:35:50 PST,dveditz,Flags,blocking1.8.1+, blocking1.8.0.1+,blocking1.8.1?, blocking1.8.0.1-
2006-01-04 13:44:19 PST,jaas,Keywords,fixed1.8.0.1, fixed1.8.1,
2006-01-07 06:04:04 PST,gavin.sharp,Target Milestone,mozilla1.8.1,mozilla1.9alpha
2009-01-22 10:17:51 PST,nobody,Product,Core Graveyard,Core
