When, Who, What, Added, Removed
2001-11-08 16:32:12 PST,darin.moz,Depends on,103916,
2001-11-08 16:32:51 PST,darin.moz,Keywords,perf,
2001-11-08 16:32:51 PST,darin.moz,Priority,P3,--
2001-11-08 16:32:51 PST,darin.moz,Target Milestone,mozilla0.9.7,---
2001-12-05 15:38:09 PST,darin.moz,Component,XPCOM,Layout
2001-12-05 17:59:21 PST,darin.moz,Status,ASSIGNED,NEW
2001-12-05 18:00:15 PST,darin.moz,Whiteboard,[patch needs testing on win/mac],
2001-12-05 18:16:20 PST,darin.moz,Attachment #60576                Attachment is obsolete,1,0
2001-12-10 11:32:31 PST,darin.moz,Whiteboard,[patch needs work],[patch needs testing on win/mac]
2001-12-11 18:08:57 PST,darin.moz,Target Milestone,mozilla0.9.8,mozilla0.9.7
2002-01-09 14:39:30 PST,andreas.otte,Attachment #63946                Flags,review+,
2002-01-11 13:03:32 PST,alecf,Attachment #63946                Flags,superreview+,
2002-01-11 13:04:22 PST,alecf,CC,dbaron, jaggernaut,
2002-01-11 13:04:44 PST,alecf,CC,alecf,
2002-01-11 13:50:26 PST,darin.moz,Keywords,patch, review,
2002-01-11 13:50:26 PST,darin.moz,Whiteboard,[ready to land part 1],[patch needs work]
2002-01-11 18:38:24 PST,darin.moz,Attachment #63946                Attachment is obsolete,1,0
2002-01-11 18:38:53 PST,darin.moz,CC,dougt,
2002-01-11 18:43:24 PST,darin.moz,Keywords,mozilla0.9.8,
2002-01-11 18:44:20 PST,darin.moz,Whiteboard,,[ready to land part 1]
2002-01-14 10:59:25 PST,dougt,Attachment #64613                Flags,review+,
2002-01-14 15:25:59 PST,darin.moz,CC,mkaply,
2002-01-15 17:35:57 PST,alecf,Attachment #64613                Flags,superreview+,
2002-01-16 00:28:41 PST,darin.moz,Target Milestone,mozilla0.9.9,mozilla0.9.8
2002-01-28 16:33:34 PST,gagan,Attachment #66824                Flags,review+,
2002-01-28 17:09:57 PST,waterson,Attachment #66824                Flags,superreview+,
2002-01-30 12:26:46 PST,cmanske,CC,thegoldenear,
2002-02-02 14:24:03 PST,basic,CC,_basic,
2002-02-02 16:09:25 PST,darin.moz,Attachment #66824                Attachment is obsolete,1,0
2002-02-02 16:09:25 PST,darin.moz,Attachment #64613                Attachment is obsolete,1,0
2002-02-02 19:42:47 PST,alecf,Attachment #67603                Flags,superreview+,
2002-02-02 23:16:18 PST,darin.moz,Attachment #67603                Attachment is obsolete,1,0
2002-02-04 12:07:11 PST,dougt,Attachment #67628                Flags,review+,
2002-02-04 13:05:01 PST,alecf,Attachment #67628                Flags,superreview+,
2002-02-04 19:15:33 PST,darin.moz,Status,RESOLVED,ASSIGNED
2002-02-04 19:15:33 PST,darin.moz,Resolution,FIXED,---
2002-02-04 19:15:33 PST,darin.moz,Last Resolved,2002-02-04 19:15:33,
2014-04-26 03:08:19 PDT,basic,CC,,basic
