When, Who, What, Added, Removed
2001-11-08 18:41:45 PST,nbaca,Status,NEW,UNCONFIRMED
2001-11-08 18:41:45 PST,nbaca,CC,jglick,
2001-11-08 18:41:45 PST,nbaca,Ever confirmed,1,0
2001-11-29 15:32:37 PST,racham,CC,nbaca,
2001-11-29 15:33:07 PST,racham,Status,ASSIGNED,NEW
2001-11-29 15:33:07 PST,racham,Target Milestone,mozilla1.0.1,---
2001-11-29 16:03:36 PST,unmobile+mozbugs,Hardware,All,PC
2001-11-29 16:03:36 PST,unmobile+mozbugs,OS,All,Windows 98
2001-12-19 10:11:32 PST,nbaca,CC,patrick.steiner,
2002-04-02 16:03:22 PST,stephend,Summary,Remove "Advanced Account Settings" In Account Manager for news,Remove "Advanced Account Settings" In Account Manager
2002-04-23 14:10:50 PDT,jglick,URL,http://www.mozilla.org/mailnews/specs/accounts/#AccountSettings,
2002-08-07 08:54:56 PDT,jglick,Whiteboard,[ue],
2002-08-07 08:54:56 PDT,jglick,Keywords,nsbeta1,
2003-01-03 10:26:41 PST,robinf,CC,robinf,
2003-01-14 00:40:09 PST,samir_bugzilla,Keywords,nsbeta1+,nsbeta1
2003-01-14 00:40:09 PST,samir_bugzilla,Whiteboard,[adt2][ue],[ue]
2003-01-25 18:42:31 PST,ezh,CC,ezh,
2003-01-27 11:13:07 PST,sspitzer,Status,NEW,ASSIGNED
2003-01-27 11:13:07 PST,sspitzer,Assignee,sspitzer,racham
2003-01-28 00:11:00 PST,sspitzer,Keywords,nsbeta1,nsbeta1+
2003-01-28 00:11:00 PST,sspitzer,Summary,unify advanced server settings into a tabbed dialog,Remove "Advanced Account Settings" In Account Manager for news
2003-01-28 00:11:00 PST,sspitzer,Target Milestone,Future,mozilla1.0.1
2003-01-28 22:14:53 PST,sspitzer,Keywords,,nsbeta1
2003-01-28 22:14:53 PST,sspitzer,Whiteboard,[ue],[adt2][ue]
2003-02-20 02:00:23 PST,pat,CC,pat,
2003-08-01 07:46:32 PDT,iann_bugzilla,Blocks,62429,
2003-08-04 17:20:34 PDT,iann_bugzilla,Assignee,bugzilla,sspitzer
2003-08-04 17:20:34 PDT,iann_bugzilla,CC,sspitzer,
2003-08-04 17:20:58 PDT,iann_bugzilla,Status,ASSIGNED,NEW
2003-08-04 17:47:54 PDT,iann_bugzilla,Attachment #129196                Attachment is obsolete,1,0
2003-08-04 17:48:22 PDT,iann_bugzilla,Attachment #129197                Flags,review?(neil.parkwaycc.co.uk),
2003-08-04 17:51:23 PDT,iann_bugzilla,Target Milestone,mozilla1.5beta,Future
2003-08-05 04:04:17 PDT,neil,Attachment #129197                Flags,review-,review?(neil.parkwaycc.co.uk)
2003-08-05 09:05:25 PDT,iann_bugzilla,Attachment #129197                Attachment is obsolete,1,0
2003-08-05 09:05:55 PDT,iann_bugzilla,Attachment #129234                Flags,review?(neil.parkwaycc.co.uk),
2003-08-05 15:55:46 PDT,iann_bugzilla,Attachment #129234                Attachment is obsolete,1,0
2003-08-05 15:56:37 PDT,iann_bugzilla,Attachment #129234                Flags,,review?(neil.parkwaycc.co.uk)
2003-08-05 15:57:20 PDT,iann_bugzilla,Attachment #129251                Flags,review?(neil.parkwaycc.co.uk),
2003-08-06 09:12:38 PDT,iann_bugzilla,Attachment #129251                Flags,,review?(neil.parkwaycc.co.uk)
2003-08-06 09:14:15 PDT,iann_bugzilla,Attachment #129251                Attachment is obsolete,1,0
2003-08-06 09:17:19 PDT,iann_bugzilla,Attachment #129289                Flags,review?(neil.parkwaycc.co.uk),
2003-08-07 08:49:17 PDT,neil,Attachment #129289                Flags,review+,review?(neil.parkwaycc.co.uk)
2003-08-07 15:34:15 PDT,iann_bugzilla,Attachment #129289                Attachment is obsolete,1,0
2003-08-07 15:35:23 PDT,iann_bugzilla,Attachment #129387                Flags,review+, superreview?(bienvenu),
2003-08-07 15:44:19 PDT,mozilla,Attachment #129387                Flags,superreview+,superreview?(bienvenu)
2003-08-07 15:49:58 PDT,iann_bugzilla,Attachment #129387                Flags,approval1.5b?,
2003-08-09 10:28:35 PDT,rjesup,Attachment #129387                Flags,approval1.5b+,approval1.5b?
2003-08-11 18:33:00 PDT,mozilla,CC,bienvenu,
2003-08-16 16:14:43 PDT,mozilla,Status,RESOLVED,ASSIGNED
2003-08-16 16:14:43 PDT,mozilla,Resolution,FIXED,---
2003-08-16 16:14:43 PDT,mozilla,Last Resolved,2003-08-16 16:14:43,
2003-08-18 15:42:41 PDT,iann_bugzilla,Blocks,216606,
2004-11-22 17:25:08 PST,myk,Product,Seamonkey,Browser
2006-01-04 15:10:55 PST,stephen.donner,CC,stephen.donner,
