When, Who, What, Added, Removed
2001-11-08 13:37:12 PST,mscott,Keywords,nsbeta1, perf,
2001-11-08 13:37:12 PST,mscott,Status,ASSIGNED,NEW
2001-11-08 13:37:12 PST,mscott,Blocks,22960,
2001-11-08 13:37:12 PST,mscott,Target Milestone,mozilla0.9.7,---
2001-11-08 18:05:01 PST,bugzilla,CC,blakeross,
2001-11-08 18:54:17 PST,scottputterman,Keywords,nsbeta1+,nsbeta1
2001-11-09 15:50:01 PST,mozilla,Attachment #57099                Flags,review+,
2001-11-09 15:52:13 PST,mscott,Attachment #57099                Flags,superreview+,
2001-11-09 15:55:26 PST,mscott,Status,RESOLVED,ASSIGNED
2001-11-09 15:55:26 PST,mscott,Resolution,FIXED,---
2001-11-09 15:55:26 PST,mscott,Last Resolved,2001-11-09 15:55:26,
2001-11-20 16:15:16 PST,stephend,QA Contact,stephend,esther
2001-11-24 05:01:26 PST,stephend,Status,VERIFIED,RESOLVED
2004-11-22 17:25:08 PST,myk,Product,Seamonkey,Browser
