When, Who, What, Added, Removed
2001-11-08 19:38:50 PST,alex,Component,Tabbed Browser,Browser-General
2001-11-08 19:38:50 PST,alex,Assignee,hyatt,asa
2001-11-08 19:38:50 PST,alex,QA Contact,blakeross,doronr
2001-11-08 19:38:50 PST,alex,CC,alex,
2001-11-08 20:38:04 PST,timeless,CC,mikep, asa,
2001-11-08 22:15:12 PST,bzbarsky,Status,NEW,UNCONFIRMED
2001-11-08 22:15:12 PST,bzbarsky,Ever confirmed,1,0
2001-11-08 23:51:37 PST,hyatt,Target Milestone,Future,---
2001-11-08 23:51:37 PST,hyatt,Status,ASSIGNED,NEW
2001-11-09 04:56:44 PST,colinp,CC,colinp, peterb,
2001-11-11 17:32:58 PST,jrgmorrison,CC,hewitt,
2001-11-13 06:26:19 PST,david.dewar,CC,daved,
2001-11-26 17:54:47 PST,bugzilla,QA Contact,sairuh,blakeross
2002-01-05 04:24:51 PST,aha,CC,aha,
2002-01-21 13:52:10 PST,hyatt,Status,NEW,ASSIGNED
2002-01-21 13:52:10 PST,hyatt,Assignee,jaggernaut,hyatt
2002-10-15 19:04:26 PDT,bugzilla,QA Contact,pmac,sairuh
2003-05-19 16:24:44 PDT,john,Depends on,206347,
2003-09-22 16:28:23 PDT,asa,CC,,asa
2004-08-10 09:59:37 PDT,basic,CC,basic,
2004-11-10 04:21:39 PST,stadli,CC,stadli,
2004-11-19 21:04:22 PST,spon0112,CC,spon0112,
2004-11-23 15:17:25 PST,stadli,CC,,stadli
2005-11-17 10:15:02 PST,mcs,CC,mcs,
2006-07-18 06:33:35 PDT,colinp,CC,,colinp
2006-12-13 11:32:17 PST,stadli,CC,stadli,
2008-07-31 04:30:00 PDT,nobody,Product,SeaMonkey,Core
2008-08-15 09:20:04 PDT,bugzillamozillaorg_serge_20140323,Assignee,nobody,jag
2008-08-15 09:20:04 PDT,bugzillamozillaorg_serge_20140323,QA Contact,tabbed-browser,pmac
2008-08-15 09:20:04 PDT,bugzillamozillaorg_serge_20140323,CC,,hewitt
2008-08-15 09:20:04 PDT,bugzillamozillaorg_serge_20140323,Target Milestone,---,Future
2009-03-06 08:03:51 PST,philip.chee,Last Resolved,2009-03-06 08:03:51,
2009-03-06 08:03:51 PST,philip.chee,Status,RESOLVED,NEW
2009-03-06 08:03:51 PST,philip.chee,Resolution,FIXED,---
2009-03-06 08:03:51 PST,philip.chee,Depends on,315207,
2014-04-26 02:26:19 PDT,basic,CC,,basic
