When, Who, What, Added, Removed
2001-11-08 15:18:41 PST,morse,Status,ASSIGNED,NEW
2001-11-08 15:18:41 PST,morse,Severity,major,normal
2001-11-08 15:18:41 PST,morse,Target Milestone,mozilla0.9.6,---
2001-11-08 15:37:36 PST,morse,CC,twalker,
2001-11-08 15:54:10 PST,morse,CC,cmanske,
2001-11-08 16:48:41 PST,cmanske,CC,blakeross, hewitt,
2001-11-08 16:55:05 PST,morse,Severity,critical,major
2001-11-08 16:55:05 PST,morse,CC,ben, hyatt,
2001-11-08 16:56:55 PST,morse,Summary,Form-manager dialogs hosed / Editable menulists broken,Form-manager dialogs hosed
2001-11-08 17:07:53 PST,cmanske,Summary,Form-manager dialogs hosed,Form-manager dialogs hosed / Editable menulists broken
2001-11-08 17:07:53 PST,cmanske,Severity,major,critical
2001-11-08 17:07:53 PST,cmanske,Depends on,109190,
2001-11-08 17:08:52 PST,cmanske,Depends on,,109190
2001-11-08 17:09:28 PST,cmanske,Depends on,109190,
2001-11-08 17:31:43 PST,morse,Summary,Form-manager dialogs hosed, fields are shrunken,Form-manager dialogs hosed
2001-11-08 18:33:43 PST,morse,CC,timeless,
2001-11-08 18:37:45 PST,morse,CC,alecf,
2001-11-08 18:40:16 PST,bugzilla,Attachment #57174                Flags,superreview+,
2001-11-08 18:57:30 PST,jag-mozilla,Attachment #57174                Flags,review+,
2001-11-08 19:51:11 PST,asa,Keywords,mozilla0.9.6+,
2001-11-08 20:06:04 PST,morse,Status,RESOLVED,ASSIGNED
2001-11-08 20:06:04 PST,morse,Resolution,FIXED,---
2001-11-08 20:06:04 PST,morse,Last Resolved,2001-11-08 20:06:04,
2001-11-14 22:21:32 PST,blizzard,Blocks,104864,
2001-12-17 10:57:41 PST,twalker,Status,VERIFIED,RESOLVED
2008-09-05 18:06:44 PDT,dolske,Assignee,nobody,morse
2008-09-05 18:06:44 PDT,dolske,QA Contact,form.manager,tpreston
2008-09-05 18:06:44 PDT,dolske,Target Milestone,---,mozilla0.9.6
2008-09-05 18:06:44 PDT,dolske,Product,Toolkit,Core
2008-09-05 18:06:44 PDT,dolske,Version,unspecified,Trunk
2008-09-05 18:06:44 PDT,dolske,Component,Form Manager,Form Manager
