When, Who, What, Added, Removed
2001-11-08 15:24:46 PST,dbaron,Status,ASSIGNED,NEW
2001-11-08 15:24:46 PST,dbaron,Priority,P2,--
2001-11-08 15:24:46 PST,dbaron,Target Milestone,mozilla0.9.7,---
2001-11-08 16:50:14 PST,dbaron,Summary,[mach-o]tweak the XP_MACOSX ifdefs,tweak the XP_MACOSX ifdefs
2001-11-08 21:19:16 PST,beard,Attachment #57116                Flags,superreview+,
2001-11-10 15:38:55 PST,dbaron,Status,RESOLVED,ASSIGNED
2001-11-10 15:38:55 PST,dbaron,Resolution,FIXED,---
2001-11-10 15:38:55 PST,dbaron,Last Resolved,2001-11-10 15:38:55,
2001-11-12 11:31:33 PST,dbaron,Status,REOPENED,RESOLVED
2001-11-12 11:31:33 PST,dbaron,Resolution,---,FIXED
2001-11-12 11:31:43 PST,dbaron,Status,ASSIGNED,REOPENED
2001-11-13 07:45:34 PST,mikepinkerton,Attachment #57491                Flags,review+,
2001-11-13 12:29:32 PST,sfraser_bugs,Attachment #57491                Flags,superreview+,
2001-11-14 19:53:08 PST,dbaron,Status,RESOLVED,ASSIGNED
2001-11-14 19:53:08 PST,dbaron,Resolution,FIXED,---
2001-11-14 19:53:08 PST,dbaron,Last Resolved,2001-11-14 19:53:08,2001-11-10 15:38:55
2001-11-19 20:22:23 PST,dbaron,Status,REOPENED,RESOLVED
2001-11-19 20:22:23 PST,dbaron,Resolution,---,FIXED
2001-11-20 16:31:56 PST,dbaron,Status,RESOLVED,REOPENED
2001-11-20 16:31:56 PST,dbaron,Resolution,FIXED,---
2001-11-20 16:31:56 PST,dbaron,Last Resolved,2001-11-20 16:31:56,2001-11-14 19:53:08
2004-11-22 17:25:08 PST,myk,Product,Seamonkey,Browser
