When, Who, What, Added, Removed
2001-11-08 16:40:57 PST,brendan,Keywords,js1.5, mozilla0.9.7,
2001-11-08 16:40:57 PST,brendan,Status,ASSIGNED,NEW
2001-11-08 16:40:57 PST,brendan,Priority,P2,--
2001-11-08 16:40:57 PST,brendan,Target Milestone,mozilla0.9.7,---
2001-11-08 17:24:15 PST,jband_mozilla,Attachment #57139                Flags,superreview+,
2001-11-08 19:06:27 PST,brendan,Attachment #57139                Attachment is obsolete,1,0
2001-11-08 19:06:49 PST,brendan,Attachment #57180                Flags,superreview+,
2001-11-09 08:10:33 PST,shaver,Attachment #57180                Flags,review+,
2001-11-11 13:52:30 PST,brendan,Status,RESOLVED,ASSIGNED
2001-11-11 13:52:30 PST,brendan,Resolution,FIXED,---
2001-11-11 13:52:30 PST,brendan,Last Resolved,2001-11-11 13:52:30,
2001-11-13 12:53:23 PST,pschwartau,Status,VERIFIED,RESOLVED
