When, Who, What, Added, Removed
2001-11-08 11:40:25 PST,rods,Assignee,jkeiser,rods
2001-11-08 12:11:57 PST,john,Target Milestone,mozilla0.9.7,---
2001-11-08 12:11:57 PST,john,Ever confirmed,1,0
2001-11-08 12:11:57 PST,john,Status,NEW,UNCONFIRMED
2001-11-08 12:11:57 PST,john,Depends on,108308,
2001-12-04 02:25:17 PST,bugzilla,CC,jose.jeria,
2001-12-13 19:13:00 PST,john,Target Milestone,---,mozilla0.9.7
2002-01-02 09:33:01 PST,dama,CC,dama,
2002-01-10 02:15:59 PST,dama,CC,,dama
2002-01-21 22:30:18 PST,john,Status,ASSIGNED,NEW
2002-01-21 22:30:18 PST,john,Target Milestone,mozilla0.9.9,---
2002-02-13 10:15:10 PST,kmcclusk,Keywords,nsbeta1+, regression,
2002-03-01 16:28:41 PST,john,Target Milestone,mozilla1.0,mozilla0.9.9
2002-03-07 17:14:52 PST,john,Status,RESOLVED,ASSIGNED
2002-03-07 17:14:52 PST,john,Resolution,FIXED,---
2002-03-07 17:14:52 PST,john,Last Resolved,2002-03-07 17:14:52,
2002-04-18 11:56:01 PDT,tpreston,QA Contact,tpreston,madhur
2002-05-28 12:37:46 PDT,tpreston,Status,VERIFIED,RESOLVED
