When, Who, What, Added, Removed
2001-11-08 14:53:33 PST,bob,Summary,aa.com - American Airlines's Flight Date display incorrectly,American Airlines's Flight Date display incorrectly
2001-11-08 14:53:33 PST,bob,Priority,P1,--
2001-11-19 14:15:04 PST,bob,Product,Browser,Tech Evangelism
2001-11-19 14:15:04 PST,bob,Version,other,unspecified
2001-11-19 14:15:04 PST,bob,Priority,--,P1
2001-11-19 14:15:04 PST,bob,Component,HTML Form Controls,English: US
2001-11-19 14:15:04 PST,bob,Assignee,rods,bclary
2001-11-19 14:15:04 PST,bob,QA Contact,madhur,zach
2001-11-19 14:18:06 PST,bob,CC,bclary,
2001-12-20 20:45:15 PST,rods,Status,ASSIGNED,NEW
2001-12-20 20:45:15 PST,rods,Target Milestone,mozilla1.0.1,---
2002-02-21 14:19:33 PST,rods,Priority,P1,--
2002-02-21 14:19:33 PST,rods,Target Milestone,Future,mozilla1.0.1
2002-04-09 20:32:09 PDT,rods,Status,RESOLVED,ASSIGNED
2002-04-09 20:32:09 PDT,rods,Resolution,FIXED,---
2002-04-09 20:32:09 PDT,rods,Last Resolved,2002-04-09 20:32:09,
2002-04-09 21:54:47 PDT,bob,Status,VERIFIED,RESOLVED
