When, Who, What, Added, Removed
2001-11-08 23:51:51 PST,bzbarsky,Hardware,All,PC
2001-11-08 23:51:51 PST,bzbarsky,OS,All,Linux
2001-11-08 23:51:51 PST,bzbarsky,Status,NEW,UNCONFIRMED
2001-11-08 23:51:51 PST,bzbarsky,Component,Parser,Browser-General
2001-11-08 23:51:51 PST,bzbarsky,Assignee,dbaron,asa
2001-11-08 23:51:51 PST,bzbarsky,CC,bzbarsky,
2001-11-08 23:51:51 PST,bzbarsky,Ever confirmed,1,0
2001-11-09 11:45:20 PST,dbaron,Summary,"-//IETF//DTD HTML 3//EN" should trigger quirks mode,no content is displayed in frames in URL (view source shows content present)
2001-11-09 11:45:20 PST,dbaron,Status,ASSIGNED,NEW
2001-11-09 11:45:20 PST,dbaron,Priority,P1,--
2001-11-09 11:45:20 PST,dbaron,Target Milestone,mozilla0.9.7,---
2001-11-14 19:27:32 PST,bzbarsky,CC,fred,
2001-11-22 11:37:38 PST,bzbarsky,CC,ChristianThayer,
2001-12-01 15:31:03 PST,dbaron,CC,choess,
2001-12-07 14:38:40 PST,dbaron,Attachment #60022                Attachment is obsolete,1,0
2001-12-07 14:44:32 PST,harishd,Attachment #60845                Flags,review+,
2001-12-07 17:06:21 PST,jst,Attachment #60845                Flags,superreview+,
2001-12-08 17:00:50 PST,dbaron,Status,RESOLVED,ASSIGNED
2001-12-08 17:00:50 PST,dbaron,Resolution,FIXED,---
2001-12-08 17:00:50 PST,dbaron,Last Resolved,2001-12-08 17:00:50,
2002-04-10 19:36:11 PDT,choess,Status,VERIFIED,RESOLVED
2002-12-31 12:32:03 PST,choess,CC,,choess
