When, Who, What, Added, Removed
2001-11-08 16:38:08 PST,jst,Assignee,jst,neeti
2001-11-08 16:38:08 PST,jst,CC,neeti, waterson, darin,
2001-11-08 16:38:08 PST,jst,Target Milestone,mozilla0.9.6,---
2001-11-08 17:26:09 PST,waterson,CC,dbaron, jaggernaut,
2001-11-08 17:30:51 PST,dbaron,Attachment #57133                Flags,review+,
2001-11-08 17:57:13 PST,darin.moz,Attachment #57133                Flags,superreview+,
2001-11-08 23:07:29 PST,jst,Status,ASSIGNED,NEW
2001-11-14 13:22:13 PST,hjtoi-bugzilla,Keywords,perf,
2001-11-16 00:27:54 PST,jst,Last Resolved,2001-11-16 00:27:54,
2001-11-16 00:27:54 PST,jst,Status,RESOLVED,ASSIGNED
2001-11-16 00:27:54 PST,jst,Resolution,FIXED,---
