When, Who, What, Added, Removed
2001-11-08 15:25:59 PST,endico,CC,dbaron,
2001-11-08 15:46:58 PST,timeless,Severity,critical,normal
2001-11-08 15:46:58 PST,timeless,Assignee,timeless,myk
2001-11-08 15:46:58 PST,timeless,Target Milestone,Bugzilla 2.16,---
2001-11-08 15:46:58 PST,timeless,Keywords,regression,
2001-11-08 15:46:58 PST,timeless,Version,2.15,2.10
2001-11-08 15:46:58 PST,timeless,Hardware,Macintosh,PC
2001-11-08 15:46:58 PST,timeless,OS,All,Linux
2001-11-08 15:48:45 PST,timeless,Status,ASSIGNED,NEW
2001-11-08 15:48:45 PST,timeless,CC,lordpixel, mozilla, pinkerton, sfraser,
2001-11-08 18:27:10 PST,myk,Attachment #57144                Flags,review+,
2001-11-08 18:30:20 PST,bbaetz,Attachment #57144                Flags,review+,
2001-11-08 20:09:46 PST,timeless,Attachment #57144                Attachment is obsolete,1,0
2001-11-08 20:40:21 PST,bbaetz,Attachment #57193                Flags,review+,
2001-11-08 21:35:45 PST,dkl,Attachment #57193                Flags,review+,
2001-11-08 21:37:30 PST,timeless,Status,RESOLVED,ASSIGNED
2001-11-08 21:37:30 PST,timeless,Resolution,FIXED,---
2001-11-08 21:37:30 PST,timeless,Last Resolved,2001-11-08 21:37:30,
2002-01-27 20:32:48 PST,nnooiissee,Status,REOPENED,RESOLVED
2002-01-27 20:32:48 PST,nnooiissee,Resolution,---,FIXED
2002-01-30 05:19:03 PST,bbaetz,Attachment #66723                Flags,review+,
2002-02-01 00:43:00 PST,gerv,Attachment #66723                Flags,review+,
2002-02-01 02:10:43 PST,timeless,Last Resolved,2002-02-01 02:10:43,2001-11-08 21:37:30
2002-02-01 02:10:43 PST,timeless,Status,RESOLVED,REOPENED
2002-02-01 02:10:43 PST,timeless,Resolution,FIXED,---
2002-02-08 21:25:10 PST,justdave,CC,cunctator,
2012-12-18 20:46:27 PST,nobody,QA Contact,default-qa,matty_is_a_geek
