When, Who, What, Added, Removed
2001-11-08 16:11:40 PST,mpt,Keywords,classic,
2001-11-08 16:11:40 PST,mpt,Blocks,83551,
2001-11-13 11:40:23 PST,andreww,Status,ASSIGNED,NEW
2001-11-13 15:41:45 PST,andreww,Keywords,review,
2001-11-13 15:41:45 PST,andreww,Target Milestone,mozilla0.9.7,---
2001-11-14 12:08:21 PST,shliang,Attachment #57654                Flags,review+,
2001-11-15 15:21:44 PST,hewitt,Attachment #57654                Flags,superreview+,
2001-11-19 15:21:11 PST,andreww,Status,RESOLVED,ASSIGNED
2001-11-19 15:21:11 PST,andreww,Resolution,FIXED,---
2001-11-19 15:21:11 PST,andreww,Last Resolved,2001-11-19 15:21:11,
2001-11-20 15:52:07 PST,pmac,Status,VERIFIED,RESOLVED
2008-07-31 04:30:00 PDT,nobody,Product,SeaMonkey,Core
