When, Who, What, Added, Removed
2001-11-08 15:57:06 PST,bugzilla,Depends on,75338,
2001-11-21 11:50:44 PST,samir_bugzilla,CC,juloml,
2001-12-06 15:28:42 PST,samir_bugzilla,Priority,P3,--
2001-12-06 15:28:42 PST,samir_bugzilla,Assignee,sgehani,blakeross
2001-12-06 15:28:42 PST,samir_bugzilla,CC,blakeross,
2001-12-06 15:28:42 PST,samir_bugzilla,Target Milestone,mozilla0.9.7,---
2001-12-20 15:58:14 PST,samir_bugzilla,Whiteboard,[ready to checkin],
2001-12-20 15:58:14 PST,samir_bugzilla,Target Milestone,mozilla0.9.8,mozilla0.9.7
2001-12-20 16:50:06 PST,samir_bugzilla,Resolution,FIXED,---
2001-12-20 16:50:06 PST,samir_bugzilla,Last Resolved,2001-12-20 16:50:06,
2001-12-20 16:50:06 PST,samir_bugzilla,Status,RESOLVED,NEW
2001-12-22 05:57:46 PST,lordpixel,Depends on,,75338
2001-12-22 06:37:08 PST,lordpixel,Blocks,75338,
2001-12-22 09:57:45 PST,mpt,Blocks,,75338
2001-12-22 10:38:17 PST,mpt,Depends on,75338,
2002-01-07 15:47:38 PST,bugzilla,Status,VERIFIED,RESOLVED
2002-03-26 13:48:31 PST,marlon.bishop,Depends on,,75338
2002-03-26 14:37:58 PST,bzbarsky,Depends on,75338,
2004-11-23 18:54:58 PST,myk,Product,Mozilla Application Suite,Core
2008-07-31 04:13:39 PDT,timeless,Component,UI Design,XP Apps: GUI Features
