When, Who, What, Added, Removed
2001-11-08 14:33:24 PST,harishd,Status,ASSIGNED,NEW
2001-11-08 14:33:24 PST,harishd,Priority,P4,--
2001-11-08 14:33:24 PST,harishd,Target Milestone,mozilla0.9.9,---
2002-01-16 15:16:43 PST,harishd,Target Milestone,Future,mozilla0.9.9
2004-05-09 15:18:41 PDT,bzbarsky,URL,data:text/html,<a ="foo">test</a>,
2004-05-09 15:18:41 PDT,bzbarsky,CC,bzbarsky, bugmail, peterv,
2004-10-06 15:38:19 PDT,mrbkap,CC,mrbkap,
2004-10-06 18:10:15 PDT,mrbkap,Depends on,261503,
2004-10-06 18:27:03 PDT,bzbarsky,CC,daniel,
2009-08-22 11:26:52 PDT,philringnalda,Status,NEW,ASSIGNED
2009-08-22 11:26:52 PDT,philringnalda,Assignee,nobody,harishd
2009-08-22 11:26:52 PDT,philringnalda,QA Contact,parser,moied
2009-08-24 05:16:46 PDT,hsivonen,CC,hsivonen,
2009-08-24 05:47:55 PDT,hsivonen,Depends on,373864,
2009-08-24 12:55:41 PDT,jwalden+bmo,CC,jwalden+bmo,
2009-08-24 17:10:29 PDT,fullmetaljacket.xp+bugmail,CC,fullmetaljacket.xp+bugmail,
2010-05-05 00:44:03 PDT,hsivonen,Resolution,FIXED,---
2010-05-05 00:44:03 PDT,hsivonen,Last Resolved,2010-05-05 00:44:03,
2010-05-05 00:44:03 PDT,hsivonen,Whiteboard,[fixed by the HTML5 parser],
2010-05-05 00:44:03 PDT,hsivonen,Status,RESOLVED,NEW
