When, Who, What, Added, Removed
2001-11-08 15:59:02 PST,dbaron,Status,ASSIGNED,NEW
2001-11-08 15:59:02 PST,dbaron,Priority,P1,--
2001-11-08 15:59:02 PST,dbaron,Target Milestone,mozilla0.9.7,---
2001-11-08 16:39:18 PST,jag-mozilla,Attachment #57125                Flags,review+,
2001-11-10 17:31:50 PST,dbaron,Resolution,FIXED,---
2001-11-10 17:31:50 PST,dbaron,Last Resolved,2001-11-10 17:31:50,
2001-11-10 17:31:50 PST,dbaron,Status,RESOLVED,ASSIGNED
2001-11-10 17:53:10 PST,alecf,Status,REOPENED,RESOLVED
2001-11-10 17:53:10 PST,alecf,Resolution,---,FIXED
2001-11-10 17:53:10 PST,alecf,CC,alecf,
2001-11-10 21:02:12 PST,jag-mozilla,Attachment #57403                Flags,review+,
2001-11-11 09:20:29 PST,alecf,Attachment #57403                Flags,superreview+,
2001-11-11 12:43:21 PST,dbaron,Status,RESOLVED,REOPENED
2001-11-11 12:43:21 PST,dbaron,Resolution,FIXED,---
2001-11-11 12:43:21 PST,dbaron,Last Resolved,2001-11-11 12:43:21,2001-11-10 17:31:50
2002-12-17 23:45:56 PST,bugzilla,Status,VERIFIED,RESOLVED
