When, Who, What, Added, Removed
2001-11-08 14:10:25 PST,samir_bugzilla,Severity,major,normal
2001-11-08 14:10:25 PST,samir_bugzilla,Priority,P1,--
2001-11-08 14:10:25 PST,samir_bugzilla,Target Milestone,mozilla0.9.7,---
2001-11-08 15:54:44 PST,samir_bugzilla,Assignee,waterson,sgehani
2001-11-09 13:05:52 PST,samir_bugzilla,Keywords,mozilla0.9.6,
2001-11-09 13:05:52 PST,samir_bugzilla,CC,jatin, bnesse,
2001-11-09 13:11:17 PST,waterson,Keywords,regression,
2001-11-09 13:11:17 PST,waterson,Status,ASSIGNED,NEW
2001-11-09 13:11:17 PST,waterson,Depends on,106749,
2001-11-09 13:11:17 PST,waterson,Target Milestone,mozilla0.9.6,mozilla0.9.7
2001-11-09 13:13:08 PST,waterson,Depends on,,106749
2001-11-09 13:17:06 PST,tingley,CC,tingley,
2001-11-09 14:52:59 PST,waterson,CC,rjc, hyatt,
2001-11-10 06:33:28 PST,tuukka.tolvanen,CC,pierrechanial,
2001-11-10 08:38:50 PST,waterson,Keywords,patch,
2001-11-10 17:20:30 PST,waterson,Whiteboard,fixed on trunk,
2001-11-12 21:55:04 PST,blizzard,Keywords,mozilla0.9.6+,mozilla0.9.6
2001-11-14 18:12:14 PST,waterson,Status,RESOLVED,ASSIGNED
2001-11-14 18:12:14 PST,waterson,Resolution,FIXED,---
2001-11-14 18:12:14 PST,waterson,Last Resolved,2001-11-14 18:12:14,
2001-11-14 22:19:35 PST,blizzard,Blocks,104864,
2002-12-17 23:42:55 PST,bugzilla,Status,VERIFIED,RESOLVED
2008-07-31 04:30:00 PDT,nobody,Product,SeaMonkey,Core
