When, Who, What, Added, Removed
2001-11-08 12:22:54 PST,security-bugs,Status,ASSIGNED,NEW
2001-11-08 13:59:51 PST,security-bugs,Severity,critical,major
2001-11-08 13:59:51 PST,security-bugs,CC,aruner,
2001-11-08 14:15:47 PST,arun,CC,barrowma, sol,
2001-11-08 16:30:35 PST,brendan,CC,shaver, jband,
2001-11-08 16:35:08 PST,jband_mozilla,Attachment #57127                Flags,superreview+,
2001-11-08 17:16:26 PST,lchiang,CC,jimmylee,
2001-11-08 18:54:36 PST,brendan,Attachment #57127                Attachment is obsolete,1,0
2001-11-08 20:35:05 PST,brendan,Attachment #57178                Attachment is obsolete,1,0
2001-11-08 21:45:22 PST,brendan,Attachment #57198                Attachment description,better fix, but jband convinced me to pass the jsval flavor of id, not the jsid flavor.,better fix, still one general checkObjectAccess hook per runtime, called only for f.caller at present
2001-11-08 21:45:22 PST,brendan,Attachment #57198                Attachment is obsolete,1,0
2001-11-08 21:59:14 PST,jband_mozilla,Attachment #57201                Flags,superreview+,
2001-11-12 06:29:00 PST,ben.bucksch,CC,ben.bucksch,
2001-11-14 18:29:01 PST,security-bugs,Attachment #57699                Attachment is obsolete,1,0
2001-11-15 03:43:11 PST,jst,Attachment #57904                Flags,review+,
2001-11-15 09:04:27 PST,jband_mozilla,Attachment #57904                Flags,superreview+,
2001-11-15 11:45:30 PST,security-bugs,Attachment #57868                Attachment is obsolete,1,0
2001-11-15 14:53:01 PST,security-bugs,Attachment #57947                Attachment is obsolete,1,0
2001-11-15 17:49:17 PST,brendan,Attachment #58001                Flags,review+, superreview+,
2001-11-15 19:03:21 PST,brendan,CC,blizzard,
2001-11-15 19:09:19 PST,blizzard,Keywords,mozilla0.9.6+,
2001-11-15 19:09:19 PST,blizzard,Blocks,104864,
2001-11-15 22:28:47 PST,jaimejr,Whiteboard,PDT,
2001-11-19 08:45:31 PST,jaimejr,Whiteboard,[PDT] [Fix ready for PDT],PDT
2001-11-19 08:57:30 PST,jaimejr,Whiteboard,[PDT] [Fix in hand],[PDT] [Fix ready for PDT]
2001-11-19 18:58:14 PST,lchiang,CC,gerardok,
2001-11-19 19:00:38 PST,jaimejr,Whiteboard,[PDT+] [Fix in hand],[PDT] [Fix in hand]
2001-11-20 11:04:43 PST,jaimejr,CC,mscott,
2001-11-20 12:12:19 PST,security-bugs,Status,RESOLVED,ASSIGNED
2001-11-20 12:12:19 PST,security-bugs,Resolution,FIXED,---
2001-11-20 12:12:19 PST,security-bugs,Last Resolved,2001-11-20 12:12:19,
2001-11-21 11:03:20 PST,security-bugs,Status,REOPENED,RESOLVED
2001-11-21 11:03:20 PST,security-bugs,Resolution,---,FIXED
2001-11-28 10:41:12 PST,jimmykenlee,CC,alam,
2001-11-29 15:53:29 PST,bsharma,Status,RESOLVED,REOPENED
2001-11-29 15:53:29 PST,bsharma,Resolution,FIXED,---
2001-11-29 15:53:29 PST,bsharma,Last Resolved,2001-11-29 15:53:29,2001-11-20 12:12:19
2001-12-03 09:49:49 PST,bsharma,Status,VERIFIED,RESOLVED
2001-12-05 20:16:56 PST,bugz,Keywords,edt0.9.4+,
2002-01-15 11:11:05 PST,security-bugs,CC,paulmac,
2002-01-30 14:11:33 PST,hjtoi-bugzilla,Keywords,fixed0.9.4,
2002-01-30 14:11:33 PST,hjtoi-bugzilla,CC,heikki,
2002-09-05 16:27:37 PDT,security-bugs,Group,,security?
2002-09-05 18:01:28 PDT,timeless,Keywords,,edt0.9.4+
2002-09-05 18:01:28 PDT,timeless,Whiteboard,,[PDT+] [Fix in hand]
