When, Who, What, Added, Removed
2001-11-08 17:07:53 PST,cmanske,Blocks,109163,
2001-11-08 17:08:52 PST,cmanske,Severity,critical,normal
2001-11-08 17:08:52 PST,cmanske,Blocks,,109163
2001-11-08 17:09:28 PST,cmanske,Blocks,109163,
2001-11-08 17:32:45 PST,morse,CC,morse,
2001-11-08 17:43:25 PST,bugzilla,CC,blakeross,
2001-11-08 18:25:48 PST,cmanske,Attachment #57166                Flags,review+,
2001-11-12 09:28:21 PST,cmanske,CC,dslmichael,
2001-11-13 22:50:31 PST,hewitt,Target Milestone,mozilla0.9.7,---
2001-11-13 22:50:31 PST,hewitt,Last Resolved,2001-11-13 22:50:31,
2001-11-13 22:50:31 PST,hewitt,Status,RESOLVED,NEW
2001-11-13 22:50:31 PST,hewitt,Resolution,FIXED,---
2008-07-31 03:03:56 PDT,timeless,Component,XUL,XP Toolkit/Widgets: XUL
2008-07-31 03:03:56 PDT,timeless,QA Contact,xptoolkit.widgets,jrgmorrison
