When, Who, What, Added, Removed
2001-11-08 12:10:29 PST,mpt,Blocks,103711,
2001-11-08 13:45:58 PST,samir_bugzilla,Product,MailNews,Browser
2001-11-08 13:45:58 PST,samir_bugzilla,Component,Account Manager,Preferences
2001-11-08 13:46:25 PST,samir_bugzilla,QA Contact,nbaca,sairuh
2001-11-08 13:46:25 PST,samir_bugzilla,Assignee,racham,sgehani
2001-11-08 18:52:57 PST,bugzilla,CC,sairuh,
2001-11-08 18:54:14 PST,bugzilla,Keywords,mozilla0.9.7, regression,
2001-11-08 18:54:14 PST,bugzilla,CC,jbetak,
2001-11-08 19:07:51 PST,jbetak,Priority,P3,--
2001-11-08 19:07:51 PST,jbetak,Target Milestone,mozilla0.9.7,---
2001-11-08 22:18:55 PST,racham,Assignee,jbetak,racham
2001-11-09 08:39:37 PST,nbaca,QA Contact,olgam,nbaca
2001-11-09 12:23:21 PST,jbetak,Status,ASSIGNED,NEW
2001-11-10 09:47:40 PST,jbetak,Status,RESOLVED,ASSIGNED
2001-11-10 09:47:40 PST,jbetak,Resolution,FIXED,---
2001-11-10 09:47:40 PST,jbetak,Last Resolved,2001-11-10 09:47:40,
2001-11-14 16:33:41 PST,olgam,Status,VERIFIED,RESOLVED
2001-11-26 13:38:59 PST,bugzilla,CC,bleon,
2004-11-22 17:25:08 PST,myk,Product,Seamonkey,Browser
