When, Who, What, Added, Removed
2001-11-08 19:48:56 PST,jonas,Summary,make label not use ::GetPrimaryFrame for no reason,shortcut if there is no parent in call to ::GetPrimaryFrame
2001-11-08 19:48:56 PST,jonas,Status,ASSIGNED,NEW
2001-11-08 21:04:23 PST,jonas,Attachment #57186                Attachment is obsolete,1,0
2001-11-09 21:04:28 PST,john,Attachment #57199                Flags,review+,
2001-11-10 00:23:48 PST,jst,Attachment #57199                Flags,superreview+,
2001-11-10 00:29:58 PST,jst,Status,RESOLVED,ASSIGNED
2001-11-10 00:29:58 PST,jst,Resolution,FIXED,---
2001-11-10 00:29:58 PST,jst,Last Resolved,2001-11-10 00:29:58,
2001-11-10 03:29:34 PST,jonas,Status,VERIFIED,RESOLVED
2011-01-06 06:26:06 PST,Ms2ger,Component,DOM: Core & HTML,DOM: Abstract Schemas
2011-01-06 06:26:06 PST,Ms2ger,QA Contact,general,stummala
2011-01-06 06:26:06 PST,Ms2ger,CC,Ms2ger,
