When, Who, What, Added, Removed
2001-11-08 13:14:45 PST,stephend,QA Contact,huang,stephend
2001-11-09 09:57:09 PST,tobias.weibel,Status,RESOLVED,UNCONFIRMED
2001-11-09 09:57:09 PST,tobias.weibel,Resolution,FIXED,---
2001-11-09 09:57:09 PST,tobias.weibel,Last Resolved,2001-11-09 09:57:09,
2001-11-15 16:16:06 PST,huang,Status,VERIFIED,RESOLVED
2004-11-22 17:25:08 PST,myk,Product,Seamonkey,Browser
2008-07-31 02:19:03 PDT,timeless,Component,MailNews: Message Display,MailNews: Subscribe
2008-07-31 02:19:03 PDT,timeless,QA Contact,search,huang
