When, Who, What, Added, Removed
2001-11-08 15:17:03 PST,cathleennscp,Target Milestone,mozilla0.9.7,---
2001-11-08 20:10:43 PST,blythe,Status,ASSIGNED,NEW
2001-11-08 20:10:43 PST,blythe,CC,sgehani,
2001-11-08 20:43:54 PST,timeless,CC,jrgm,
2001-11-09 09:24:53 PST,dveditz,Attachment #57148                Flags,superreview+,
2001-11-09 10:10:26 PST,cathleennscp,CC,dp,
2001-11-09 12:51:59 PST,samir_bugzilla,Attachment #57148                Flags,review+,
2001-11-15 11:46:06 PST,dveditz,CC,alecf,
2001-11-15 16:20:41 PST,stephend,CC,stephend,
2001-11-20 19:37:22 PST,cathleennscp,Blocks,92580,
2001-12-05 18:06:24 PST,blythe,Attachment #57148                Attachment is obsolete,1,0
2001-12-05 18:07:01 PST,blythe,Attachment #57109                Attachment is obsolete,1,0
2001-12-05 18:07:23 PST,blythe,Attachment #57167                Attachment is obsolete,1,0
2001-12-05 19:27:35 PST,dveditz,Attachment #60582                Flags,superreview+,
2001-12-06 08:55:28 PST,dp,Attachment #60582                Flags,review+,
2001-12-06 17:24:31 PST,blythe,Status,RESOLVED,ASSIGNED
2001-12-06 17:24:31 PST,blythe,Resolution,FIXED,---
2001-12-06 17:24:31 PST,blythe,Last Resolved,2001-12-06 17:24:31,
2001-12-06 18:01:25 PST,netscape,Status,REOPENED,RESOLVED
2001-12-06 18:01:25 PST,netscape,Resolution,---,FIXED
2001-12-06 18:11:59 PST,ezh,CC,ezh,
2001-12-06 18:26:34 PST,blythe,Status,RESOLVED,REOPENED
2001-12-06 18:26:34 PST,blythe,Resolution,FIXED,---
2001-12-06 18:26:34 PST,blythe,Last Resolved,2001-12-06 18:26:34,2001-12-06 17:24:31
2004-11-22 17:25:08 PST,myk,Product,Seamonkey,Browser
