When, Who, What, Added, Removed
2001-11-08 15:23:49 PST,aaronlev,Target Milestone,mozilla0.9.7,---
2001-11-08 15:23:49 PST,aaronlev,Keywords,access, fcc508,
2001-11-08 15:23:49 PST,aaronlev,Status,ASSIGNED,NEW
2001-11-08 15:23:49 PST,aaronlev,Priority,P3,--
2001-11-08 16:21:31 PST,aaronlev,Summary,Active Accessibility: state change events for XUL checkboxes,Active Accessibility: state change events for XUL radio buttons and checkboxes
2001-11-08 16:22:56 PST,aaronlev,Whiteboard,seeking r=, sr=,
2001-11-08 19:45:04 PST,aaronlev,Blocks,82207,
2001-11-13 12:17:54 PST,mozilla,Attachment #57130                Flags,review+,
2001-12-05 09:53:31 PST,aaronlev,Whiteboard,seeking sr=,seeking r=, sr=
2001-12-05 09:53:31 PST,aaronlev,CC,hyatt,
2001-12-12 10:29:39 PST,aaronlev,Whiteboard,,seeking sr=
2001-12-12 10:29:39 PST,aaronlev,Status,RESOLVED,ASSIGNED
2001-12-12 10:29:39 PST,aaronlev,Resolution,FIXED,---
2001-12-12 10:29:39 PST,aaronlev,Last Resolved,2001-12-12 10:29:39,
2004-11-22 17:25:08 PST,myk,Product,Seamonkey,Browser
