When, Who, What, Added, Removed
2001-11-08 14:33:56 PST,aaronlev,Keywords,access, fcc508,
2001-11-08 14:33:56 PST,aaronlev,Status,ASSIGNED,NEW
2001-11-08 14:33:56 PST,aaronlev,Priority,P3,--
2001-11-08 14:33:56 PST,aaronlev,Target Milestone,mozilla0.9.7,---
2001-11-08 14:45:36 PST,aaronlev,Whiteboard,seeking r=, sr=,
2001-11-08 19:45:04 PST,aaronlev,Blocks,82207,
2001-11-13 12:21:08 PST,mozilla,Attachment #57106                Flags,review+,
2001-11-19 20:37:55 PST,aaronlev,Status,RESOLVED,ASSIGNED
2001-11-19 20:37:55 PST,aaronlev,Resolution,FIXED,---
2001-11-19 20:37:55 PST,aaronlev,Last Resolved,2001-11-19 20:37:55,
2004-11-22 17:25:08 PST,myk,Product,Seamonkey,Browser
