When, Who, What, Added, Removed
2001-11-08 13:28:09 PST,bzbarsky,Keywords,mlk, patch, review,
2001-11-08 18:49:08 PST,bugzilla,QA Contact,jrgm,sairuh
2001-11-08 18:49:08 PST,bugzilla,CC,sairuh,
2001-11-09 10:46:44 PST,law,Attachment #57092                Flags,review+,
2001-11-09 11:29:58 PST,bzbarsky,Status,ASSIGNED,NEW
2001-11-09 11:29:58 PST,bzbarsky,Priority,P3,--
2001-11-09 11:29:58 PST,bzbarsky,Target Milestone,mozilla0.9.7,---
2001-11-12 16:24:01 PST,bzbarsky,Priority,P1,P3
2001-11-14 21:18:01 PST,bzbarsky,Blocks,110171,
2001-11-27 12:01:36 PST,rpotts,Attachment #57092                Flags,superreview+,
2001-11-27 13:26:06 PST,bzbarsky,Status,RESOLVED,ASSIGNED
2001-11-27 13:26:06 PST,bzbarsky,Resolution,FIXED,---
2001-11-27 13:26:06 PST,bzbarsky,Last Resolved,2001-11-27 13:26:06,
2003-01-23 11:34:56 PST,chrispetersen,Status,VERIFIED,RESOLVED
