When, Who, What, Added, Removed
2001-11-08 13:32:24 PST,timeless,CC,stephend, jglick,
2001-11-21 12:37:04 PST,andreww,CC,andreww,
2001-12-14 17:10:04 PST,laurel,Keywords,nsbeta1,
2001-12-14 17:10:04 PST,laurel,Summary,Custom Hdr: Add new header should indicate where headers are added,Add new header should indicate where headers are added
2001-12-28 11:08:22 PST,scottputterman,Status,ASSIGNED,NEW
2002-01-09 13:14:18 PST,scottputterman,Keywords,nsbeta1-,nsbeta1
2002-01-09 13:14:18 PST,scottputterman,Target Milestone,mozilla1.2,---
2002-04-29 19:19:27 PDT,laurel,CC,mscott,
2002-05-01 11:37:09 PDT,naving,Status,NEW,ASSIGNED
2002-05-01 11:37:09 PDT,naving,Assignee,mscott,naving
2002-05-01 11:37:09 PDT,naving,CC,naving,
2002-05-01 11:59:20 PDT,naving,CC,suresh,
2002-05-02 17:51:14 PDT,mscott,Status,ASSIGNED,NEW
2002-05-02 18:47:49 PDT,mscott,Attachment #81870                Attachment is obsolete,1,0
2002-05-02 19:22:55 PDT,naving,Attachment #82153                Flags,review+,
2002-05-03 13:01:03 PDT,sspitzer,Attachment #82153                Flags,superreview+,
2002-07-25 13:25:16 PDT,laurel,Keywords,nsbeta1,nsbeta1-
2002-08-02 11:03:50 PDT,jglick,Whiteboard,[ue2],
2002-08-02 11:47:57 PDT,jglick,Blocks,160730,
2003-01-03 11:02:06 PST,robinf,CC,robinf,
2003-01-31 12:29:11 PST,samir_bugzilla,Keywords,nsbeta1-,
2003-01-31 12:40:39 PST,samir_bugzilla,Keywords,,nsbeta1
2003-09-08 03:15:23 PDT,stephen.donner,CC,technutz,
2003-10-17 23:42:41 PDT,stephen.donner,CC,,stephend, technutz
2004-01-08 09:38:56 PST,mcow,Status,RESOLVED,ASSIGNED
2004-01-08 09:38:56 PST,mcow,Resolution,FIXED,---
2004-01-08 09:38:56 PST,mcow,Last Resolved,2004-01-08 09:38:56,
2004-01-08 10:49:48 PST,danielwang,Status,VERIFIED,RESOLVED
2004-11-22 17:26:45 PST,myk,Product,Core,MailNews
2008-07-31 04:30:00 PDT,nobody,Product,MailNews Core,Core
