When, Who, What, Added, Removed
2001-11-08 11:30:53 PST,srilatha,Blocks,104672,
2001-12-26 18:00:36 PST,rdayal,CC,sspitzer,kkhandrika, tiantian
2001-12-27 10:08:52 PST,ssu0262,Attachment #62789                Flags,review+,
2001-12-27 10:44:37 PST,rdayal,Assignee,rdayal,srilatha
2001-12-27 16:03:34 PST,sspitzer,CC,kmurray, putterman, jglick,
2001-12-27 19:36:16 PST,rdayal,Attachment #62789                Attachment is obsolete,1,0
2001-12-28 08:51:18 PST,rdayal,Attachment #62908                Attachment is obsolete,1,0
2001-12-28 11:06:32 PST,scottputterman,Status,ASSIGNED,NEW
2001-12-28 11:06:32 PST,scottputterman,Target Milestone,mozilla0.9.8,---
2001-12-28 11:56:32 PST,sspitzer,CC,dveditz, shaver,
2001-12-28 13:43:59 PST,rdayal,CC,bienvenu,
2001-12-28 16:34:23 PST,rdayal,Attachment #62945                Attachment is obsolete,1,0
2001-12-28 16:34:23 PST,rdayal,Attachment #62969                Attachment is obsolete,1,0
2001-12-28 16:34:46 PST,rdayal,Attachment #62969                Attachment is obsolete,0,1
2001-12-28 16:35:50 PST,rdayal,Attachment #62975                Attachment is obsolete,1,0
2001-12-28 16:48:04 PST,mozilla,Attachment #62969                Flags,superreview+,
2002-01-14 14:01:50 PST,rdayal,Status,RESOLVED,ASSIGNED
2002-01-14 14:01:50 PST,rdayal,Resolution,FIXED,---
2002-01-14 14:01:50 PST,rdayal,Last Resolved,2002-01-14 14:01:50,
2002-04-25 18:39:30 PDT,trix,Status,VERIFIED,RESOLVED
2004-11-22 17:26:45 PST,myk,Product,Core,MailNews
2008-07-31 04:30:00 PDT,nobody,Product,MailNews Core,Core
