When, Who, What, Added, Removed
2001-11-08 17:04:21 PST,bugzilla,CC,matti,
2001-11-08 18:45:47 PST,bugzilla,QA Contact,pmac,sairuh
2001-11-08 18:45:47 PST,bugzilla,Component,Themes,XP Apps: GUI Features
2001-11-08 18:45:47 PST,bugzilla,Assignee,hewitt,blakeross
2001-11-09 07:48:31 PST,tuukka.tolvanen,Ever confirmed,1,0
2001-11-09 07:48:31 PST,tuukka.tolvanen,Status,NEW,UNCONFIRMED
2001-11-09 07:48:31 PST,tuukka.tolvanen,CC,t.bugz,
2001-11-15 02:23:37 PST,hewitt,Assignee,nobody,hewitt
2001-11-17 09:41:02 PST,bugzilla,CC,gregvalure,
2001-11-17 10:00:32 PST,neil,Blocks,103053,
2001-11-19 21:05:07 PST,gregvalure,CC,gerv,
2001-11-21 22:13:29 PST,gerv,CC,hewitt,
2001-11-29 06:14:01 PST,bugzilla,Attachment #58247                Attachment is obsolete,1,0
2001-11-29 06:14:15 PST,bugzilla,Attachment #58230                Attachment is obsolete,1,0
2001-11-29 06:14:37 PST,bugzilla,Attachment #58229                Attachment is obsolete,1,0
2001-11-29 06:14:52 PST,bugzilla,Attachment #58225                Attachment is obsolete,1,0
2001-11-29 06:15:07 PST,bugzilla,Attachment #58224                Attachment is obsolete,1,0
2001-12-05 13:46:24 PST,andreww,CC,andreww,
2001-12-13 22:18:16 PST,brendan,Keywords,mozilla0.9.7+,
2001-12-14 11:57:44 PST,alexey,Keywords,classic,
2001-12-14 11:57:44 PST,alexey,Hardware,All,PC
2001-12-14 11:57:44 PST,alexey,OS,All,Windows 2000
2001-12-19 19:25:28 PST,asa,Blocks,114455,
2001-12-19 19:33:47 PST,ezh,CC,ezh,
2001-12-21 05:58:00 PST,kiko,Assignee,gregvalure,nobody
2001-12-21 05:59:23 PST,kiko,Status,ASSIGNED,NEW
2001-12-21 08:47:00 PST,gerv,Status,RESOLVED,ASSIGNED
2001-12-21 08:47:00 PST,gerv,Resolution,FIXED,---
2001-12-21 08:47:00 PST,gerv,Last Resolved,2001-12-21 08:47:00,
2001-12-21 14:04:16 PST,pmac,Status,VERIFIED,RESOLVED
2001-12-21 18:26:28 PST,asa,Blocks,,114455
2008-07-31 04:30:00 PDT,nobody,Product,SeaMonkey,Core
