When, Who, What, Added, Removed
2004-12-15 18:44:37 EST,sxenos@gmail.com,Blocks,81004,
2004-12-16 10:01:58 EST,snorthov@ca.ibm.com,Summary,TableColumn.setText("") results in screen cheese,TableColumn.setText("") results in screen cheese
2004-12-16 10:15:12 EST,snorthov@ca.ibm.com,Assignee,steve_northover@ca.ibm.com,platform-swt-inbox@eclipse.org
2004-12-16 10:18:42 EST,snorthov@ca.ibm.com,Status,RESOLVED,NEW
2004-12-16 10:18:42 EST,snorthov@ca.ibm.com,Resolution,FIXED,---
2004-12-21 18:04:44 EST,snorthov@ca.ibm.com,CC,markus_keller@ch.ibm.com,
2005-04-04 09:40:51 EDT,michaelvanmeekeren@yahoo.ca,Status,REOPENED,RESOLVED
2005-04-04 09:40:51 EDT,michaelvanmeekeren@yahoo.ca,Resolution,---,FIXED
2005-04-04 09:56:31 EDT,markus_keller@ch.ibm.com,CC,mvm@ca.ibm.com,
2005-04-04 15:21:46 EDT,sxenos@gmail.com,Status,RESOLVED,REOPENED
2005-04-04 15:21:46 EDT,sxenos@gmail.com,Resolution,FIXED,---
