When, Who, What, Added, Removed
2004-12-16 11:09:48 EST,alain@qnx.com,Assignee,cdt-debug-inbox@eclipse.org,cdt-core-inbox@eclipse.org
2004-12-16 11:09:48 EST,alain@qnx.com,Component,cdt-debug,UI
2004-12-16 14:12:30 EST,mikhailkhod@googlemail.com,Assignee,Mikhailk@qnx.com,cdt-debug-inbox@eclipse.org
2004-12-16 14:12:30 EST,mikhailkhod@googlemail.com,Target Milestone,3.0,---
2005-06-10 13:52:54 EDT,mikhailkhod@googlemail.com,Status,RESOLVED,NEW
2005-06-10 13:52:54 EDT,mikhailkhod@googlemail.com,Resolution,FIXED,---
2005-06-10 13:52:54 EDT,mikhailkhod@googlemail.com,Target Milestone,3.0 M7,3.0
2005-06-10 15:25:45 EDT,mikhailkhod@googlemail.com,CC,Mikhailk@qnx.com,
2005-12-19 22:41:35 EST,mikhailkhod@googlemail.com,Status,REOPENED,RESOLVED
2005-12-19 22:41:35 EST,mikhailkhod@googlemail.com,Resolution,---,FIXED
2005-12-19 22:41:35 EST,mikhailkhod@googlemail.com,Target Milestone,---,3.0 M7
2005-12-19 22:46:11 EST,mikhailkhod@googlemail.com,CC,ling.5.wang@nokia.com,
2005-12-20 02:07:42 EST,johan.walles@gmail.com,CC,johan.walles@gmail.com,
2006-05-10 14:48:48 EDT,pchuong@ti.com,CC,pchuong@ti.com,
2007-03-23 13:10:10 EDT,mikhailkhod@googlemail.com,Assignee,ken.ryall@nokia.com,Mikhail.Khodjaiants@arm.com
2007-03-23 13:10:10 EDT,mikhailkhod@googlemail.com,Status,NEW,REOPENED
2007-06-21 12:08:32 EDT,ken.ryall@gmail.com,Status,ASSIGNED,NEW
2007-06-21 12:08:32 EDT,ken.ryall@gmail.com,Target Milestone,4.0.1,---
2007-07-29 11:31:43 EDT,ken.ryall@gmail.com,Status,RESOLVED,ASSIGNED
2007-07-29 11:31:43 EDT,ken.ryall@gmail.com,Resolution,FIXED,---
