When, Who, What, Added, Removed
2004-12-17 04:55:24 EST,dirk_baeumer@ch.ibm.com,Depends on,81498,
2004-12-23 13:22:03 EST,dirk_baeumer@ch.ibm.com,Target Milestone,3.1,---
2005-01-10 04:03:46 EST,eclipse@tom.hofmann.name,CC,eclipse@tom.eicher.name,
2005-03-29 17:04:21 EST,dirk_baeumer@ch.ibm.com,Assignee,dirk_baeumer@ch.ibm.com,jdt-ui-inbox@eclipse.org
2005-03-29 17:04:42 EST,dirk_baeumer@ch.ibm.com,Status,RESOLVED,NEW
2005-03-29 17:04:42 EST,dirk_baeumer@ch.ibm.com,Resolution,FIXED,---
2005-03-29 17:04:42 EST,dirk_baeumer@ch.ibm.com,Target Milestone,3.1 M6,3.1
