When, Who, What, Added, Removed
2004-12-16 08:42:53 EST,eclipse@pookzilla.net,Assignee,douglas.pollock@magma.ca,Platform-UI-Inbox@eclipse.org
2004-12-16 08:42:53 EST,eclipse@pookzilla.net,Summary,[KeyBindings] WorkbenchKeyboard error dialog should tell which command failed,WorkbenchKeyboard error dialog should tell which command failed
2004-12-16 12:00:58 EST,douglas.pollock@gmail.com,Severity,enhancement,normal
2004-12-16 12:00:58 EST,douglas.pollock@gmail.com,Status,ASSIGNED,NEW
2004-12-16 12:00:58 EST,douglas.pollock@gmail.com,OS,All,Windows XP
2004-12-16 12:00:58 EST,douglas.pollock@gmail.com,Hardware,All,PC
2004-12-16 12:00:58 EST,douglas.pollock@gmail.com,Summary,[KeyBindings] errors: WorkbenchKeyboard error dialog should tell which command failed,[KeyBindings] WorkbenchKeyboard error dialog should tell which command failed
2004-12-16 12:01:14 EST,douglas.pollock@gmail.com,Target Milestone,3.1,---
2005-02-18 16:01:14 EST,douglas.pollock@gmail.com,Priority,P2,P3
2005-05-18 13:35:49 EDT,douglas.pollock@gmail.com,CC,mvm@ca.ibm.com,
2005-05-18 13:35:49 EDT,douglas.pollock@gmail.com,Target Milestone,3.1 RC1,3.1
2005-05-18 14:19:06 EDT,douglas.pollock@gmail.com,Status,RESOLVED,ASSIGNED
2005-05-18 14:19:06 EDT,douglas.pollock@gmail.com,Resolution,FIXED,---
2005-05-26 15:29:32 EDT,douglas.pollock@gmail.com,Status,VERIFIED,RESOLVED
