When, Who, What, Added, Removed
2004-12-16 09:53:00 EST,Darin_Swanson@us.ibm.com,Severity,normal,minor
2004-12-16 09:53:00 EST,Darin_Swanson@us.ibm.com,Status,ASSIGNED,NEW
2004-12-16 09:53:00 EST,Darin_Swanson@us.ibm.com,Summary,Projects do not require the default attribute,Wrong completion
2004-12-16 09:53:00 EST,Darin_Swanson@us.ibm.com,Target Milestone,3.1 M5,---
2004-12-30 14:19:58 EST,Darin_Swanson@us.ibm.com,CC,Darin_Swanson@us.ibm.com,
2004-12-30 14:19:58 EST,Darin_Swanson@us.ibm.com,Assignee,Darin_Wright@ca.ibm.com,platform-ant-inbox@eclipse.org
2004-12-30 14:19:58 EST,Darin_Swanson@us.ibm.com,Status,NEW,ASSIGNED
2004-12-30 14:20:29 EST,Darin_Swanson@us.ibm.com,Status,RESOLVED,NEW
2004-12-30 14:20:29 EST,Darin_Swanson@us.ibm.com,Resolution,FIXED,---
2005-01-11 08:58:42 EST,darin.eclipse@gmail.com,Status,VERIFIED,RESOLVED
2005-01-27 10:59:24 EST,Darin_Swanson@us.ibm.com,CC,gabriele.garuglieri@infoblu.it,
