When, Who, What, Added, Removed
2005-06-20 23:56:23 EDT,david_williams@us.ibm.com,Assignee,amywu@us.ibm.com,wst.html-inbox@eclipse.org
2005-07-27 13:54:52 EDT,nitind@us.ibm.com,CC,nitind@us.ibm.com,
2005-07-27 13:56:59 EDT,nitind@us.ibm.com,Summary,cleanup document to change tag case does not work,cleanup document to change tag case does not always work
2005-09-15 15:15:15 EDT,for.work.things@gmail.com,Status,RESOLVED,NEW
2005-09-15 15:15:15 EDT,for.work.things@gmail.com,Resolution,FIXED,---
2005-09-15 15:15:36 EDT,for.work.things@gmail.com,Status,CLOSED,RESOLVED
