When, Who, What, Added, Removed
2004-12-16 09:24:46 EST,Darin_Swanson@us.ibm.com,CC,Darin_Swanson@us.ibm.com,
2004-12-16 09:24:46 EST,Darin_Swanson@us.ibm.com,Assignee,Darin_Wright@ca.ibm.com,platform-ant-inbox@eclipse.org
2004-12-16 09:24:46 EST,Darin_Swanson@us.ibm.com,Severity,normal,minor
2004-12-16 09:24:46 EST,Darin_Swanson@us.ibm.com,Summary,"Open declaration" doesnt work on names with spaces,"Open declaration" doesnt work
2004-12-16 09:24:46 EST,Darin_Swanson@us.ibm.com,Target Milestone,3.1 M4,---
2004-12-16 09:25:37 EST,Darin_Swanson@us.ibm.com,Status,RESOLVED,NEW
2004-12-16 09:25:37 EST,Darin_Swanson@us.ibm.com,Resolution,FIXED,---
2004-12-17 10:27:24 EST,darin.eclipse@gmail.com,Status,VERIFIED,RESOLVED
