When, Who, What, Added, Removed
2004-12-16 06:24:02 EST,frederic_fusier@fr.ibm.com,CC,philippe_mulet@fr.ibm.com,
2004-12-16 06:24:02 EST,frederic_fusier@fr.ibm.com,Summary,[1.5][search] Semantics of search for methods with generics,Semantics of search for methods with generics
2004-12-16 06:24:18 EST,frederic_fusier@fr.ibm.com,Assignee,frederic_fusier@fr.ibm.com,jdt-core-inbox@eclipse.org
2004-12-16 06:24:29 EST,frederic_fusier@fr.ibm.com,Target Milestone,3.1 M5,---
2005-01-21 11:45:24 EST,frederic_fusier@fr.ibm.com,Status,ASSIGNED,NEW
2005-02-14 11:03:26 EST,frederic_fusier@fr.ibm.com,Target Milestone,3.1 M6,3.1 M5
2005-02-27 18:00:24 EST,frederic_fusier@fr.ibm.com,Status,RESOLVED,ASSIGNED
2005-02-27 18:00:24 EST,frederic_fusier@fr.ibm.com,Resolution,FIXED,---
2005-02-27 18:20:19 EST,frederic_fusier@fr.ibm.com,Attachment #18345                Attachment is obsolete,1,0
2005-03-31 11:20:33 EST,david_audel@fr.ibm.com,Status,VERIFIED,RESOLVED
