When, Who, What, Added, Removed
2004-12-16 05:37:49 EST,jerome_lanneluc@fr.ibm.com,Summary,[search] Clarify effects of R_ERASURE_MATCH for searches other than TYPE,Clarify effects of R_ERASURE_MATCH for searches other than TYPE
2004-12-16 05:38:06 EST,frederic_fusier@fr.ibm.com,Assignee,frederic_fusier@fr.ibm.com,jdt-core-inbox@eclipse.org
2004-12-17 13:19:59 EST,frederic_fusier@fr.ibm.com,Target Milestone,3.1 M5,---
2004-12-24 06:25:14 EST,frederic_fusier@fr.ibm.com,Status,RESOLVED,NEW
2004-12-24 06:25:14 EST,frederic_fusier@fr.ibm.com,Resolution,FIXED,---
2005-01-03 11:23:17 EST,frederic_fusier@fr.ibm.com,Summary,[1.5][search] Clarify effects of R_ERASURE_MATCH for searches other than TYPE,[search] Clarify effects of R_ERASURE_MATCH for searches other than TYPE
2005-02-14 11:33:37 EST,david_audel@fr.ibm.com,Status,VERIFIED,RESOLVED
