When, Who, What, Added, Removed
2004-12-16 07:25:35 EST,daniel_megert@ch.ibm.com,Status,ASSIGNED,NEW
2005-02-01 10:20:10 EST,daniel_megert@ch.ibm.com,Summary,[rulers] Left-click on icon in vertical ruler does not navigate to text,[nls tooling] Left-click on icon in vertical ruler does not navigate to text
2006-05-16 05:18:54 EDT,daniel_megert@ch.ibm.com,Status,RESOLVED,ASSIGNED
2006-05-16 05:18:54 EDT,daniel_megert@ch.ibm.com,Resolution,FIXED,---
2006-05-16 05:18:54 EDT,daniel_megert@ch.ibm.com,Target Milestone,3.2,---
