When, Who, What, Added, Removed
2004-12-16 09:16:47 EST,eclipse@pookzilla.net,CC,bbiggs@ca.ibm.com,
2004-12-16 09:16:47 EST,eclipse@pookzilla.net,Assignee,nick_edgar@ca.ibm.com,Platform-UI-Inbox@eclipse.org
2004-12-16 11:34:11 EST,nick_edgar@ca.ibm.com,Assignee,platform-swt-inbox@eclipse.org,nick_edgar@ca.ibm.com
2004-12-16 11:34:11 EST,nick_edgar@ca.ibm.com,Component,SWT,UI
2004-12-22 15:36:15 EST,veronika_irvine@yahoo.com,Assignee,veronika_irvine@ca.ibm.com,platform-swt-inbox@eclipse.org
2004-12-22 15:43:10 EST,veronika_irvine@yahoo.com,Status,RESOLVED,NEW
2004-12-22 15:43:10 EST,veronika_irvine@yahoo.com,Resolution,FIXED,---
2005-01-04 09:55:21 EST,eclipse@pookzilla.net,CC,eclipse@tom.eicher.name,
