When, Who, What, Added, Removed
2004-12-23 13:25:04 EST,dirk_baeumer@ch.ibm.com,Depends on,81870,
2004-12-23 13:25:04 EST,dirk_baeumer@ch.ibm.com,Assignee,martin_aeschlimann@ch.ibm.com,jdt-ui-inbox@eclipse.org
2005-05-20 12:31:35 EDT,aeschli@gmail.com,Status,RESOLVED,NEW
2005-05-20 12:31:35 EDT,aeschli@gmail.com,Resolution,FIXED,---
2005-05-20 12:31:35 EDT,aeschli@gmail.com,Summary,[quick fix] Switch to 5.0 quick fix should change jre as well,Switch to 5.0 quick fix should change jre as well [quick fix] [5.0]
2005-05-20 12:31:35 EDT,aeschli@gmail.com,Target Milestone,3.1 RC1,---
2005-05-27 05:37:11 EDT,tobias_widmer@ch.ibm.com,Status,VERIFIED,RESOLVED
