When, Who, What, Added, Removed
2004-12-17 08:53:59 EST,nelliec@ca.ibm.com,Status,RESOLVED,NEW
2004-12-17 08:53:59 EST,nelliec@ca.ibm.com,Resolution,FIXED,---
2004-12-17 08:53:59 EST,nelliec@ca.ibm.com,Target Milestone,3.2 i2,---
2009-06-30 12:36:56 EDT,paules@ca.ibm.com,Status,CLOSED,RESOLVED
2009-06-30 12:36:56 EDT,paules@ca.ibm.com,Whiteboard,closed460,
2012-02-15 13:43:51 EST,webmaster@eclipse.org,Component,Hyades,Hyades
2012-02-15 13:43:51 EST,webmaster@eclipse.org,Version,unspecified,3.2
2012-02-15 13:43:51 EST,webmaster@eclipse.org,Product,z_Archived,Hyades
2012-02-15 13:43:51 EST,webmaster@eclipse.org,Target Milestone,---,3.2 i2
