When, Who, What, Added, Removed
2004-12-16 12:32:44 EST,qiyanli@ca.ibm.com,Status,RESOLVED,NEW
2004-12-16 12:32:44 EST,qiyanli@ca.ibm.com,Resolution,FIXED,---
2004-12-16 15:44:39 EST,nelliec@ca.ibm.com,Status,CLOSED,RESOLVED
2005-02-14 12:45:06 EST,qiyanli@ca.ibm.com,Target Milestone,3.2 i2,---
2012-02-14 16:39:31 EST,webmaster@eclipse.org,Component,Hyades,Hyades
2012-02-14 16:39:31 EST,webmaster@eclipse.org,Version,unspecified,3.2
2012-02-14 16:39:31 EST,webmaster@eclipse.org,Product,z_Archived,Hyades
2012-02-14 16:39:31 EST,webmaster@eclipse.org,Target Milestone,---,3.2 i2
