When, Who, What, Added, Removed
2005-03-01 23:44:26 EST,nitind@us.ibm.com,Assignee,jst.jsp-inbox@eclipse.org,kitlo@us.ibm.com
2005-06-21 00:34:46 EDT,david_williams@us.ibm.com,Assignee,nitind@us.ibm.com,jst.jsp-inbox@eclipse.org
2005-06-27 12:48:32 EDT,david_williams@us.ibm.com,Assignee,david_williams@us.ibm.com,nitind@us.ibm.com
2005-07-03 23:00:43 EDT,david_williams@us.ibm.com,Priority,P2,P3
2005-07-10 02:23:20 EDT,david_williams@us.ibm.com,Priority,P3,P2
2005-07-10 02:23:20 EDT,david_williams@us.ibm.com,Summary,JSP Cleanup tests failed on Linux due to incorrect test,JSP Cleanup tests failed on Linux
2010-01-20 15:34:45 EST,itewksbu@us.ibm.com,CC,itewksbu@us.ibm.com,
2010-04-26 17:50:53 EDT,nsandona@us.ibm.com,Assignee,nsandona@us.ibm.com,david_williams@us.ibm.com
2010-04-26 17:50:53 EDT,nsandona@us.ibm.com,Summary,[tests] JSP Cleanup tests failed on Linux due to incorrect test,JSP Cleanup tests failed on Linux due to incorrect test
2010-04-26 17:50:53 EDT,nsandona@us.ibm.com,QA Contact,nitind@us.ibm.com,
2011-09-20 16:06:33 EDT,nsandona@us.ibm.com,Status,RESOLVED,NEW
2011-09-20 16:06:33 EDT,nsandona@us.ibm.com,Resolution,FIXED,---
2011-09-20 16:06:33 EDT,nsandona@us.ibm.com,Target Milestone,3.4 M2,---
