When, Who, What, Added, Removed
2004-12-16 10:26:22 EST,Darin_Swanson@us.ibm.com,Status,ASSIGNED,NEW
2004-12-16 10:26:22 EST,Darin_Swanson@us.ibm.com,Target Milestone,3.1 M5,---
2004-12-30 13:48:35 EST,Darin_Swanson@us.ibm.com,Assignee,luc_bourlier@us.ibm.com,platform-ant-inbox@eclipse.org
2004-12-30 13:48:35 EST,Darin_Swanson@us.ibm.com,Status,NEW,ASSIGNED
2004-12-30 13:48:51 EST,Darin_Swanson@us.ibm.com,Status,RESOLVED,NEW
2004-12-30 13:48:51 EST,Darin_Swanson@us.ibm.com,Resolution,FIXED,---
2005-01-05 15:40:01 EST,eclipse@skyluc.org,Status,VERIFIED,RESOLVED
