When, Who, What, Added, Removed
2004-12-16 11:11:54 EST,popescu@ca.ibm.com,Target Milestone,3.2 i2,---
2004-12-16 11:12:28 EST,popescu@ca.ibm.com,Status,ASSIGNED,NEW
2004-12-17 09:42:01 EST,duncan@ca.ibm.com,Target Milestone,3.3,3.2 i2
2005-01-11 13:26:20 EST,duncan@ca.ibm.com,Target Milestone,3.3 i1,3.3
2005-01-12 13:39:24 EST,duncan@ca.ibm.com,Target Milestone,3.3 i2,3.3 i1
2005-02-01 15:34:11 EST,duncan@ca.ibm.com,Assignee,paules@ca.ibm.com,duncan@ca.ibm.com
2005-02-01 15:34:11 EST,duncan@ca.ibm.com,Status,NEW,ASSIGNED
2005-02-01 15:34:25 EST,duncan@ca.ibm.com,Status,ASSIGNED,NEW
2005-02-01 15:34:45 EST,paules@ca.ibm.com,Summary,(Plat) CBEnative: Buffer overrun can occur in serialization service.,CBEnative: Buffer overrun can occur in serialization service.
2005-02-07 12:18:19 EST,paules@ca.ibm.com,CC,mhao@ca.ibm.com,
2005-03-15 18:17:17 EST,ruthdaly@ca.ibm.com,Version,3.3,3.2
2005-03-16 16:51:17 EST,paules@ca.ibm.com,Target Milestone,3.3 i3,3.3 i2
2005-04-28 15:27:53 EDT,paules@ca.ibm.com,Status,RESOLVED,ASSIGNED
2005-04-28 15:27:53 EDT,paules@ca.ibm.com,Resolution,FIXED,---
2009-06-30 12:35:53 EDT,paules@ca.ibm.com,Status,CLOSED,RESOLVED
2009-06-30 12:35:53 EDT,paules@ca.ibm.com,Whiteboard,closed460,
2012-02-15 13:47:11 EST,webmaster@eclipse.org,Component,Hyades,Exec.logging
2012-02-15 13:47:11 EST,webmaster@eclipse.org,Version,unspecified,3.3
2012-02-15 13:47:11 EST,webmaster@eclipse.org,Product,z_Archived,Hyades
2012-02-15 13:47:11 EST,webmaster@eclipse.org,Target Milestone,---,3.3 i3
