When, Who, What, Added, Removed
2004-12-16 10:26:07 EST,Darin_Swanson@us.ibm.com,Status,ASSIGNED,NEW
2004-12-16 10:26:07 EST,Darin_Swanson@us.ibm.com,Target Milestone,3.1 M5,---
2004-12-30 13:58:50 EST,Darin_Swanson@us.ibm.com,Assignee,jaredburns@acm.org,platform-ant-inbox@eclipse.org
2004-12-30 13:58:50 EST,Darin_Swanson@us.ibm.com,Status,NEW,ASSIGNED
2004-12-30 13:59:12 EST,Darin_Swanson@us.ibm.com,Status,RESOLVED,NEW
2004-12-30 13:59:12 EST,Darin_Swanson@us.ibm.com,Resolution,FIXED,---
2005-01-05 17:12:54 EST,jared_burns@us.ibm.com,Status,VERIFIED,RESOLVED
