When, Who, What, Added, Removed
2004-12-21 14:25:46 EST,john.camelon@gmail.com,CC,jcamelon@ca.ibm.com,
2005-01-29 23:39:22 EST,alain@qnx.com,Status,RESOLVED,NEW
2005-01-29 23:39:22 EST,alain@qnx.com,Resolution,FIXED,---
2006-05-17 23:20:42 EDT,dschaefer@qnx.com,Target Milestone,3.0,---
2007-05-29 14:20:15 EDT,dschaefer@qnx.com,Keywords,contributed,
2008-06-18 19:12:56 EDT,bjorn.freeman-benson@eclipse.org,Attachment #16695                Flags,iplog+,
2008-06-18 19:13:00 EDT,bjorn.freeman-benson@eclipse.org,Attachment #16722                Flags,iplog+,
2008-06-18 19:13:03 EDT,bjorn.freeman-benson@eclipse.org,Attachment #17195                Flags,iplog+,
2008-06-18 19:13:06 EDT,bjorn.freeman-benson@eclipse.org,Attachment #17233                Flags,iplog+,
2009-01-09 14:58:16 EST,dschaefer@qnx.com,Component,cdt-core,deprecated7
