When, Who, What, Added, Removed
2004-12-16 10:40:14 EST,daniel_megert@ch.ibm.com,Status,ASSIGNED,NEW
2004-12-16 10:40:14 EST,daniel_megert@ch.ibm.com,Summary,[5.0][navigation] Mark occurrences could highlight statically imported fields and methods,[5.0][misc] Mark occurrences could highlight statically imported fields and methods
2005-02-04 12:27:22 EST,daniel_megert@ch.ibm.com,Depends on,80945,
2005-02-04 12:27:22 EST,daniel_megert@ch.ibm.com,Status,RESOLVED,ASSIGNED
2005-02-04 12:27:22 EST,daniel_megert@ch.ibm.com,Resolution,FIXED,---
2005-02-04 12:27:22 EST,daniel_megert@ch.ibm.com,Target Milestone,3.1 M5,---
2005-02-11 12:10:31 EST,daniel_megert@ch.ibm.com,Status,REOPENED,RESOLVED
2005-02-11 12:10:31 EST,daniel_megert@ch.ibm.com,Resolution,---,FIXED
2005-02-11 12:10:49 EST,daniel_megert@ch.ibm.com,Status,RESOLVED,REOPENED
2005-02-11 12:10:49 EST,daniel_megert@ch.ibm.com,Resolution,FIXED,---
