When, Who, What, Added, Removed
2004-12-16 11:26:45 EST,frederic_fusier@fr.ibm.com,Assignee,jerome_lanneluc@fr.ibm.com,jdt-core-inbox@eclipse.org
2004-12-16 11:52:32 EST,jerome_lanneluc@fr.ibm.com,Summary,[dom] getJavaElement() throws a NPE for WildcardBinding,[model] getJavaElement() returns null for WildcardBinding
2005-01-03 05:39:29 EST,jerome_lanneluc@fr.ibm.com,Status,RESOLVED,NEW
2005-01-03 05:39:29 EST,jerome_lanneluc@fr.ibm.com,Resolution,FIXED,---
2005-01-03 05:39:29 EST,jerome_lanneluc@fr.ibm.com,Target Milestone,3.1 M5,---
2005-02-15 06:07:24 EST,david_audel@fr.ibm.com,Status,VERIFIED,RESOLVED
