When, Who, What, Added, Removed
2004-12-16 10:36:14 EST,nick_edgar@ca.ibm.com,Status,RESOLVED,NEW
2004-12-16 10:36:14 EST,nick_edgar@ca.ibm.com,Resolution,FIXED,---
2004-12-16 10:36:14 EST,nick_edgar@ca.ibm.com,Target Milestone,3.1 M4,---
2004-12-16 12:35:38 EST,nick_edgar@ca.ibm.com,Status,REOPENED,RESOLVED
2004-12-16 12:35:38 EST,nick_edgar@ca.ibm.com,Resolution,---,FIXED
2004-12-16 12:39:46 EST,nick_edgar@ca.ibm.com,Status,RESOLVED,REOPENED
2004-12-16 12:39:46 EST,nick_edgar@ca.ibm.com,Resolution,FIXED,---
2004-12-17 10:11:14 EST,nick_edgar@ca.ibm.com,Status,VERIFIED,RESOLVED
