When, Who, What, Added, Removed
2004-12-17 11:38:03 EST,darin.eclipse@gmail.com,Status,ASSIGNED,NEW
2004-12-17 11:38:03 EST,darin.eclipse@gmail.com,Target Milestone,3.1,---
2005-04-04 12:48:34 EDT,darin.eclipse@gmail.com,Severity,trivial,normal
2005-04-04 12:48:34 EDT,darin.eclipse@gmail.com,Keywords,polish,
2005-04-18 14:10:13 EDT,darin.eclipse@gmail.com,Assignee,krbarnes@ca.ibm.com,platform-debug-inbox@eclipse.org
2005-04-18 14:10:13 EDT,darin.eclipse@gmail.com,Status,NEW,ASSIGNED
2005-04-18 14:10:22 EDT,darin.eclipse@gmail.com,Status,ASSIGNED,NEW
2005-04-20 11:03:10 EDT,darin.eclipse@gmail.com,Keywords,,polish
2005-05-18 16:47:57 EDT,cocoakevin@gmail.com,Assignee,Darin_Wright@ca.ibm.com,krbarnes@ca.ibm.com
2005-05-18 16:47:57 EDT,cocoakevin@gmail.com,Status,NEW,ASSIGNED
2005-05-18 16:47:57 EDT,cocoakevin@gmail.com,Target Milestone,3.1 RC1,3.1
2005-05-18 16:48:36 EDT,cocoakevin@gmail.com,Status,RESOLVED,NEW
2005-05-18 16:48:36 EDT,cocoakevin@gmail.com,Resolution,FIXED,---
2005-05-19 09:31:20 EDT,darin.eclipse@gmail.com,Status,VERIFIED,RESOLVED
