When, Who, What, Added, Removed
2004-12-16 15:16:19 EST,Darin_Swanson@us.ibm.com,Status,ASSIGNED,NEW
2004-12-16 15:16:19 EST,Darin_Swanson@us.ibm.com,Target Milestone,3.1,---
2005-02-07 22:16:54 EST,Darin_Swanson@us.ibm.com,Target Milestone,3.1 M6,3.1
2005-03-21 23:04:15 EST,Darin_Swanson@us.ibm.com,Target Milestone,3.1 M7,3.1 M6
2005-04-10 23:02:51 EDT,Darin_Swanson@us.ibm.com,Assignee,Darin_Swanson@us.ibm.com,platform-ant-inbox@eclipse.org
2005-04-10 23:02:51 EDT,Darin_Swanson@us.ibm.com,Status,NEW,ASSIGNED
2005-04-10 23:03:04 EDT,Darin_Swanson@us.ibm.com,Status,ASSIGNED,NEW
2005-04-11 11:22:48 EDT,Darin_Swanson@us.ibm.com,CC,luc_bourlier@us.ibm.com,
2005-04-11 17:40:14 EDT,Darin_Swanson@us.ibm.com,Assignee,Darin_Wright@ca.ibm.com,Darin_Swanson@us.ibm.com
2005-04-11 17:40:14 EDT,Darin_Swanson@us.ibm.com,Status,NEW,ASSIGNED
2005-04-11 17:40:50 EDT,Darin_Swanson@us.ibm.com,Status,RESOLVED,NEW
2005-04-11 17:40:50 EDT,Darin_Swanson@us.ibm.com,Resolution,FIXED,---
2005-05-30 14:17:57 EDT,darin.eclipse@gmail.com,Status,VERIFIED,RESOLVED
