When, Who, What, Added, Removed
2004-12-16 11:54:46 EST,dirk_baeumer@ch.ibm.com,Assignee,jdt-text-inbox@eclipse.org,jdt-ui-inbox@eclipse.org
2004-12-16 11:54:46 EST,dirk_baeumer@ch.ibm.com,Component,Text,UI
2004-12-16 12:01:20 EST,daniel_megert@ch.ibm.com,Assignee,christof_marti@ch.ibm.com,jdt-text-inbox@eclipse.org
2004-12-16 12:01:20 EST,daniel_megert@ch.ibm.com,Priority,P1,P3
2004-12-16 13:08:52 EST,daniel_megert@ch.ibm.com,Status,RESOLVED,NEW
2004-12-16 13:08:52 EST,daniel_megert@ch.ibm.com,Resolution,FIXED,---
2004-12-16 13:08:52 EST,daniel_megert@ch.ibm.com,Target Milestone,3.1 M4,---
2004-12-17 06:41:45 EST,daniel_megert@ch.ibm.com,Status,VERIFIED,RESOLVED
