When, Who, What, Added, Removed
2004-12-16 11:48:37 EST,nick_edgar@ca.ibm.com,Summary,[Contributions] Regression test for action delegate dispose,Should write a regression test for action delegate dispose
2004-12-16 12:00:26 EST,nick_edgar@ca.ibm.com,Target Milestone,3.1 M5,---
2005-02-17 16:45:51 EST,nick_edgar@ca.ibm.com,Target Milestone,3.1 M6,3.1 M5
2005-03-30 12:12:39 EST,nick_edgar@ca.ibm.com,Target Milestone,3.1 M7,3.1 M6
2005-05-11 14:12:02 EDT,nick_edgar@ca.ibm.com,Target Milestone,3.1,3.1 M7
2005-06-06 21:45:37 EDT,nick_edgar@ca.ibm.com,CC,bokowski@ca.ibm.com,
2005-06-08 20:06:47 EDT,nick_edgar@ca.ibm.com,Assignee,bokowski@ca.ibm.com,nick_edgar@ca.ibm.com
2005-06-21 11:00:43 EDT,bokowski@google.com,Target Milestone,3.1 RC4,3.1
2005-06-21 16:37:31 EDT,nick_edgar@ca.ibm.com,Status,RESOLVED,NEW
2005-06-21 16:37:31 EDT,nick_edgar@ca.ibm.com,Resolution,FIXED,---
2005-06-24 09:42:49 EDT,bokowski@google.com,Status,VERIFIED,RESOLVED
