When, Who, What, Added, Removed
2004-12-16 12:44:24 EST,darin.eclipse@gmail.com,Status,RESOLVED,NEW
2004-12-16 12:44:24 EST,darin.eclipse@gmail.com,Resolution,FIXED,---
2004-12-16 12:44:24 EST,darin.eclipse@gmail.com,Target Milestone,3.1 M4,---
2004-12-17 11:27:36 EST,darin.eclipse@gmail.com,Status,REOPENED,RESOLVED
2004-12-17 11:27:36 EST,darin.eclipse@gmail.com,Resolution,---,FIXED
2004-12-17 11:27:36 EST,darin.eclipse@gmail.com,Target Milestone,3.1 M5,3.1 M4
2004-12-17 11:27:44 EST,darin.eclipse@gmail.com,Status,ASSIGNED,REOPENED
2005-01-21 12:09:39 EST,darin.eclipse@gmail.com,Assignee,krbarnes@ca.ibm.com,jdt-debug-inbox@eclipse.org
2005-01-21 12:09:39 EST,darin.eclipse@gmail.com,Status,NEW,ASSIGNED
2005-01-21 12:09:52 EST,darin.eclipse@gmail.com,Status,ASSIGNED,NEW
2005-02-04 10:38:44 EST,cocoakevin@gmail.com,Assignee,Darin_Wright@ca.ibm.com,krbarnes@ca.ibm.com
2005-02-04 10:38:44 EST,cocoakevin@gmail.com,Status,NEW,ASSIGNED
2005-02-04 10:39:14 EST,cocoakevin@gmail.com,CC,krbarnes@ca.ibm.com,
2005-02-04 10:39:14 EST,cocoakevin@gmail.com,Status,RESOLVED,NEW
2005-02-04 10:39:14 EST,cocoakevin@gmail.com,Resolution,FIXED,---
2005-02-07 12:19:33 EST,darin.eclipse@gmail.com,Status,VERIFIED,RESOLVED
