When, Who, What, Added, Removed
2005-06-20 23:44:15 EDT,david_williams@us.ibm.com,Assignee,amywu@us.ibm.com,wst.css-inbox@eclipse.org
2005-09-21 00:51:59 EDT,for.work.things@gmail.com,CC,pavery@us.ibm.com,
2006-02-16 15:23:16 EST,for.work.things@gmail.com,Status,ASSIGNED,NEW
2006-02-16 15:23:16 EST,for.work.things@gmail.com,Target Milestone,1.5 M5,---
2006-02-20 13:07:57 EST,for.work.things@gmail.com,Status,RESOLVED,ASSIGNED
2006-02-20 13:07:57 EST,for.work.things@gmail.com,Resolution,FIXED,---
2006-06-19 17:28:31 EDT,for.work.things@gmail.com,Status,CLOSED,RESOLVED
