When, Who, What, Added, Removed
2004-12-16 13:12:38 EST,eddie@tibco.com,Summary,IllegalArgumentException: Index out of Bounds while dragging editor tab to editor pane,IllegalArgumengException: Index out of Bounds while dragging editor tab to editor pane
2004-12-16 14:04:41 EST,eclipse@pookzilla.net,Assignee,sxenos@ca.ibm.com,Platform-UI-Inbox@eclipse.org
2004-12-16 14:04:41 EST,eclipse@pookzilla.net,Summary,[DnD] IllegalArgumentException: Index out of Bounds while dragging editor tab to editor pane,IllegalArgumentException: Index out of Bounds while dragging editor tab to editor pane
2005-07-25 13:04:00 EDT,sxenos@gmail.com,Assignee,emoffatt@ca.ibm.com,sxenos@gmail.com
2005-08-03 16:52:11 EDT,eddie@tibco.com,Status,RESOLVED,NEW
2005-08-03 16:52:11 EDT,eddie@tibco.com,Resolution,FIXED,---
2008-02-05 15:46:12 EST,emoffatt@ca.ibm.com,Status,CLOSED,RESOLVED
