When, Who, What, Added, Removed
2004-12-16 15:42:16 EST,jean-michel_lemieux@ca.ibm.com,Assignee,jean-michel_lemieux@ca.ibm.com,platform-team-inbox@eclipse.org
2004-12-16 15:42:16 EST,jean-michel_lemieux@ca.ibm.com,Target Milestone,3.1 M5,---
2005-02-15 16:34:48 EST,Michael_Valenta@ca.ibm.com,Target Milestone,3.1 M6,3.1 M5
2005-04-04 12:03:46 EDT,Michael_Valenta@ca.ibm.com,CC,nick_edgar@ca.ibm.com,
2005-04-04 12:23:24 EDT,Michael_Valenta@ca.ibm.com,Assignee,platform-team-inbox@eclipse.org,jean-michel_lemieux@ca.ibm.com
2005-04-04 12:23:24 EDT,Michael_Valenta@ca.ibm.com,Target Milestone,3.1 M7,3.1 M6
2005-04-04 12:23:39 EDT,Michael_Valenta@ca.ibm.com,Status,ASSIGNED,NEW
2005-04-12 09:31:44 EDT,Michael_Valenta@ca.ibm.com,Assignee,Platform-UI-Inbox@eclipse.org,platform-team-inbox@eclipse.org
2005-04-12 09:31:44 EDT,Michael_Valenta@ca.ibm.com,Status,NEW,ASSIGNED
2005-04-12 09:31:44 EDT,Michael_Valenta@ca.ibm.com,Component,UI,Team
2005-04-12 11:11:37 EDT,michaelvanmeekeren@yahoo.ca,Assignee,nick_edgar@ca.ibm.com,Platform-UI-Inbox@eclipse.org
2005-04-12 11:11:45 EDT,michaelvanmeekeren@yahoo.ca,CC,douglas.pollock@magma.ca,
2005-04-12 11:28:27 EDT,nick_edgar@ca.ibm.com,CC,jean-michel_lemieux@ca.ibm.com,
2005-04-12 11:42:55 EDT,douglas.pollock@gmail.com,OS,All,Windows XP
2005-04-12 11:42:55 EDT,douglas.pollock@gmail.com,Hardware,All,PC
2005-04-12 11:42:55 EDT,douglas.pollock@gmail.com,Summary,[Contributions] ordering: Team menus (Compare, Replace, Team) not consistently ordered,Team menus (Compare, Replace, Team) not consistently ordered
2005-04-19 16:55:40 EDT,nick_edgar@ca.ibm.com,Status,RESOLVED,NEW
2005-04-19 16:55:40 EDT,nick_edgar@ca.ibm.com,Resolution,FIXED,---
2005-05-10 17:03:13 EDT,nick_edgar@ca.ibm.com,Status,VERIFIED,RESOLVED
