When, Who, What, Added, Removed
2004-12-16 14:00:27 EST,curtispd@ca.ibm.com,Status,ASSIGNED,NEW
2004-12-16 14:00:27 EST,curtispd@ca.ibm.com,Priority,P1,P3
2004-12-16 14:00:27 EST,curtispd@ca.ibm.com,Target Milestone,3.0.2,---
2004-12-17 09:49:18 EST,ewchan@ca.ibm.com,Target Milestone,---,3.0.2
2004-12-20 11:40:34 EST,ewchan@ca.ibm.com,Target Milestone,3.0.2,---
2004-12-20 11:40:34 EST,ewchan@ca.ibm.com,Version,3.0.2,3.2
2004-12-20 19:16:14 EST,curtispd@ca.ibm.com,Status,RESOLVED,ASSIGNED
2004-12-20 19:16:14 EST,curtispd@ca.ibm.com,Resolution,FIXED,---
2005-02-03 12:45:24 EST,curtispd@ca.ibm.com,Status,CLOSED,RESOLVED
2012-02-15 13:49:11 EST,webmaster@eclipse.org,Component,Hyades,UI
2012-02-15 13:49:11 EST,webmaster@eclipse.org,Version,unspecified,3.0.2
2012-02-15 13:49:11 EST,webmaster@eclipse.org,Product,z_Archived,Hyades
2012-02-15 13:49:11 EST,webmaster@eclipse.org,Target Milestone,---,3.0.2
