When, Who, What, Added, Removed
2004-12-16 14:38:15 EST,wassim.melhem@gmail.com,Status,RESOLVED,NEW
2004-12-16 14:38:15 EST,wassim.melhem@gmail.com,Resolution,FIXED,---
2004-12-16 14:38:15 EST,wassim.melhem@gmail.com,Target Milestone,3.1 M4,---
2004-12-16 14:44:44 EST,wassim.melhem@gmail.com,Summary,IndexOutOfBoundsException opening Log view (in Switzerland only),IndexOutOfBoundsException opening Log view
2004-12-17 04:19:40 EST,markus_keller@ch.ibm.com,Status,VERIFIED,RESOLVED
2004-12-17 04:19:40 EST,markus_keller@ch.ibm.com,Summary,IndexOutOfBoundsException opening Log view (not only in Switzerland),IndexOutOfBoundsException opening Log view (in Switzerland only)
2005-01-04 14:02:13 EST,wassim.melhem@gmail.com,CC,lmorley@wpi.edu,
2005-01-04 14:11:21 EST,imotic@gmail.com,CC,,lmorley@wpi.edu
