When, Who, What, Added, Removed
2004-12-16 14:27:30 EST,leo.treggiari@intel.com,Target Milestone,3.0,---
2004-12-16 14:49:45 EST,john.camelon@gmail.com,CC,jcamelon@ca.ibm.com,
2005-02-09 10:34:39 EST,leo.treggiari@intel.com,CC,scottm@aero.org,
2005-02-09 13:35:34 EST,recoskie@ca.ibm.com,CC,crecoskie@ti.com,
2005-03-09 05:31:54 EST,mikhail.sennikovskiy@gmail.com,CC,Mikhail.Sennikovsky@intel.com,
2005-05-13 13:19:09 EDT,dave.daoust@windriver.com,Target Milestone,---,3.0
2009-05-06 14:50:02 EDT,recoskie@ca.ibm.com,Status,RESOLVED,NEW
2009-05-06 14:50:02 EDT,recoskie@ca.ibm.com,Resolution,FIXED,---
2009-05-06 14:50:19 EDT,recoskie@ca.ibm.com,Target Milestone,3.0,---
