When, Who, What, Added, Removed
2004-12-16 15:30:23 EST,eclipse@pookzilla.net,Assignee,Tod_Creasey@ca.ibm.com,Platform-UI-Inbox@eclipse.org
2004-12-16 15:30:23 EST,eclipse@pookzilla.net,Summary,[Preferences] Preference dioalog background colours look wrong,Preference dioalog background colours look wrong
2004-12-17 07:50:57 EST,Tod_Creasey@ca.ibm.com,CC,mvm@ca.ibm.com,
2004-12-17 07:50:57 EST,Tod_Creasey@ca.ibm.com,Status,ASSIGNED,NEW
2004-12-17 07:50:57 EST,Tod_Creasey@ca.ibm.com,Priority,P2,P3
2004-12-17 07:50:57 EST,Tod_Creasey@ca.ibm.com,Summary,[Preferences] Preference dialog background colours do not match on many platforms,[Preferences] Preference dioalog background colours look wrong
2005-01-05 15:04:01 EST,Tod_Creasey@ca.ibm.com,Status,RESOLVED,ASSIGNED
2005-01-05 15:04:01 EST,Tod_Creasey@ca.ibm.com,Resolution,FIXED,---
2005-01-05 15:04:01 EST,Tod_Creasey@ca.ibm.com,Target Milestone,3.1 M5,---
2005-02-16 15:10:48 EST,Tod_Creasey@ca.ibm.com,Status,VERIFIED,RESOLVED
