When, Who, What, Added, Removed
2005-02-18 15:59:30 EST,eclipse@abstratt.com,CC,barlock@us.ibm.com,
2005-04-01 11:50:59 EST,pascal@rapicorp.com,Target Milestone,3.1,---
2005-04-01 15:01:59 EST,dj_houghton@ca.ibm.com,CC,pascal_rapicault@ca.ibm.com,
2005-04-01 15:01:59 EST,dj_houghton@ca.ibm.com,Assignee,dj_houghton@ca.ibm.com,pascal_rapicault@ca.ibm.com
2005-04-01 15:01:59 EST,dj_houghton@ca.ibm.com,Target Milestone,3.1 M7,3.1
2005-04-01 17:11:18 EST,dj_houghton@ca.ibm.com,Status,RESOLVED,NEW
2005-04-01 17:11:18 EST,dj_houghton@ca.ibm.com,Resolution,FIXED,---
