When, Who, What, Added, Removed
2004-12-16 15:32:08 EST,eclipse@pookzilla.net,Assignee,nick_edgar@ca.ibm.com,Platform-UI-Inbox@eclipse.org
2004-12-16 15:32:08 EST,eclipse@pookzilla.net,Summary,[Perspectives] Close all perspectives, open Java perspective, layout wrong,Close all perspectives, open Java perspective, layout wrong
2004-12-16 15:56:37 EST,nick_edgar@ca.ibm.com,Assignee,sxenos@ca.ibm.com,nick_edgar@ca.ibm.com
2004-12-16 15:56:37 EST,nick_edgar@ca.ibm.com,Summary,[Perspectives] (regression) Close all perspectives, open Java perspective, layout wrong,[Perspectives] Close all perspectives, open Java perspective, layout wrong
2004-12-16 15:56:47 EST,nick_edgar@ca.ibm.com,CC,nick_edgar@ca.ibm.com,
2005-03-30 12:41:02 EST,nick_edgar@ca.ibm.com,CC,mvm@ca.ibm.com,
2005-03-30 12:41:02 EST,nick_edgar@ca.ibm.com,OS,All,Solaris-Motif
2005-03-30 12:41:02 EST,nick_edgar@ca.ibm.com,Hardware,All,PC
2005-03-30 12:41:02 EST,nick_edgar@ca.ibm.com,Target Milestone,3.1 M7,---
2005-04-22 00:44:40 EDT,sxenos@gmail.com,Assignee,mvm@ca.ibm.com,sxenos@ca.ibm.com
2005-04-22 00:44:40 EDT,sxenos@gmail.com,Summary,[Workbench] (regression) Close all perspectives, open Java perspective, layout wrong,[Perspectives] (regression) Close all perspectives, open Java perspective, layout wrong
2005-04-25 11:55:36 EDT,nick_edgar@ca.ibm.com,Assignee,nick_edgar@ca.ibm.com,mvm@ca.ibm.com
2005-04-25 12:14:25 EDT,nick_edgar@ca.ibm.com,CC,sxenos@ca.ibm.com,
2005-04-25 15:00:14 EDT,nick_edgar@ca.ibm.com,Status,RESOLVED,NEW
2005-04-25 15:00:14 EDT,nick_edgar@ca.ibm.com,Resolution,FIXED,---
2005-05-10 17:03:53 EDT,nick_edgar@ca.ibm.com,Status,VERIFIED,RESOLVED
