When, Who, What, Added, Removed
2004-12-16 15:43:57 EST,ewchan@ca.ibm.com,Target Milestone,3.3,---
2005-01-04 22:00:07 EST,popescu@ca.ibm.com,Assignee,tfoun@ca.ibm.com,popescu@ca.ibm.com
2005-01-04 22:00:15 EST,popescu@ca.ibm.com,Status,ASSIGNED,NEW
2005-01-06 17:01:45 EST,ewchan@ca.ibm.com,Status,RESOLVED,ASSIGNED
2005-01-06 17:01:45 EST,ewchan@ca.ibm.com,Resolution,FIXED,---
2005-03-16 08:30:39 EST,sluiman@ca.ibm.com,Target Milestone,3.3 i1,3.3
2005-04-08 11:11:25 EDT,ewchan@ca.ibm.com,Status,CLOSED,RESOLVED
2012-02-15 13:47:59 EST,webmaster@eclipse.org,Component,Hyades,UI
2012-02-15 13:47:59 EST,webmaster@eclipse.org,Version,unspecified,3.2
2012-02-15 13:47:59 EST,webmaster@eclipse.org,Product,z_Archived,Hyades
2012-02-15 13:47:59 EST,webmaster@eclipse.org,Target Milestone,---,3.3 i1
