When, Who, What, Added, Removed
2004-12-16 16:06:32 EST,popescu@ca.ibm.com,Target Milestone,3.3,---
2004-12-16 16:06:39 EST,popescu@ca.ibm.com,Status,ASSIGNED,NEW
2005-02-02 22:44:24 EST,qiyanli@ca.ibm.com,Assignee,hkyleung@ca.ibm.com,qiyanli@ca.ibm.com
2005-02-02 22:44:24 EST,qiyanli@ca.ibm.com,Status,NEW,ASSIGNED
2005-02-04 10:12:38 EST,hkyleung@ca.ibm.com,Summary,(Plat) Build improvements - release notes / bugzilla-cvs integration automation,Build improvements - release notes / bugzilla-cvs integration automation
2005-03-02 12:22:03 EST,hkyleung@ca.ibm.com,Severity,enhancement,normal
2005-03-16 11:41:01 EST,hkyleung@ca.ibm.com,Component,TPTP.Web,Hyades
2005-03-16 11:41:01 EST,hkyleung@ca.ibm.com,Product,TPTP,Hyades
2005-03-16 11:41:01 EST,hkyleung@ca.ibm.com,Target Milestone,4.0i4,3.3
2005-03-16 11:41:01 EST,hkyleung@ca.ibm.com,Version,4.0,unspecified
2005-06-15 11:26:11 EDT,hkyleung@ca.ibm.com,Status,ASSIGNED,NEW
2005-06-15 11:27:19 EDT,hkyleung@ca.ibm.com,Status,RESOLVED,ASSIGNED
2005-06-15 11:27:19 EDT,hkyleung@ca.ibm.com,Resolution,FIXED,---
2009-06-30 07:59:12 EDT,paules@ca.ibm.com,Status,CLOSED,RESOLVED
2009-06-30 07:59:12 EDT,paules@ca.ibm.com,Whiteboard,closed460,
