When, Who, What, Added, Removed
2005-01-06 12:09:22 EST,andre_weinand@ch.ibm.com,CC,andre_weinand@ch.ibm.com,
2005-02-07 12:03:27 EST,hudsonr@us.ibm.com,Status,RESOLVED,NEW
2005-02-07 12:03:27 EST,hudsonr@us.ibm.com,Keywords,helpwanted,
2005-02-07 12:03:27 EST,hudsonr@us.ibm.com,Resolution,REMIND,---
2006-03-01 18:23:51 EST,ewasserman@voxify.com,CC,ewasserman@voxify.com,
2006-03-01 23:10:28 EST,hudsonr@us.ibm.com,CC,steve_northover@ca.ibm.com,
2006-03-01 23:10:28 EST,hudsonr@us.ibm.com,Status,REOPENED,RESOLVED
2006-03-01 23:10:28 EST,hudsonr@us.ibm.com,Resolution,---,REMIND
2006-03-02 21:47:06 EST,snorthov@ca.ibm.com,CC,Silenio_Quarti@ca.ibm.com,
2006-03-03 00:07:55 EST,hudsonr@us.ibm.com,Severity,normal,critical
2007-04-16 05:52:21 EDT,herman.lintvelt@gmail.com,CC,herman.lintvelt@gmail.com,
2007-04-16 08:54:22 EDT,snorthov@ca.ibm.com,CC,Carolyn_MacLeod@ca.ibm.com,
2007-04-16 15:47:08 EDT,carolynmacleod4@gmail.com,Status,RESOLVED,REOPENED
2007-04-16 15:47:08 EDT,carolynmacleod4@gmail.com,Resolution,FIXED,---
