When, Who, What, Added, Removed
2004-12-16 16:28:01 EST,paules@ca.ibm.com,Target Milestone,3.3,---
2005-01-10 09:43:30 EST,paules@ca.ibm.com,Target Milestone,3.3 i1,3.3
2005-01-25 15:33:42 EST,paules@ca.ibm.com,Summary,(Plat) Guid.java degrates database performance when GUIDs are used for keys.,Guid.java degrates database performance when GUIDs are used for keys.
2005-01-31 23:43:31 EST,paules@ca.ibm.com,Status,RESOLVED,NEW
2005-01-31 23:43:31 EST,paules@ca.ibm.com,Resolution,FIXED,---
2005-02-07 07:22:37 EST,paules@ca.ibm.com,Status,VERIFIED,RESOLVED
2005-02-07 07:22:45 EST,paules@ca.ibm.com,Status,CLOSED,VERIFIED
2012-02-14 16:09:27 EST,webmaster@eclipse.org,Component,Hyades,Exec.logging
2012-02-14 16:09:27 EST,webmaster@eclipse.org,Version,unspecified,3.2
2012-02-14 16:09:27 EST,webmaster@eclipse.org,Product,z_Archived,Hyades
2012-02-14 16:09:27 EST,webmaster@eclipse.org,Target Milestone,---,3.3 i1
