When, Who, What, Added, Removed
2004-12-22 11:58:55 EST,cocoakevin@gmail.com,CC,krbarnes@ca.ibm.com,
2005-01-04 12:49:57 EST,cocoakevin@gmail.com,Status,RESOLVED,NEW
2005-01-04 12:49:57 EST,cocoakevin@gmail.com,Resolution,FIXED,---
2005-01-04 12:49:57 EST,cocoakevin@gmail.com,Target Milestone,3.1 M5,---
2005-01-04 12:50:39 EST,cocoakevin@gmail.com,Status,REOPENED,RESOLVED
2005-01-04 12:50:39 EST,cocoakevin@gmail.com,Resolution,---,FIXED
2005-01-04 12:50:57 EST,cocoakevin@gmail.com,Assignee,Darin_Wright@ca.ibm.com,platform-debug-inbox@eclipse.org
2005-01-04 12:50:57 EST,cocoakevin@gmail.com,Status,NEW,REOPENED
2005-01-04 12:51:26 EST,cocoakevin@gmail.com,Status,RESOLVED,NEW
2005-01-04 12:51:26 EST,cocoakevin@gmail.com,Resolution,FIXED,---
2005-01-05 15:08:13 EST,darin.eclipse@gmail.com,Status,VERIFIED,RESOLVED
2005-02-21 21:10:36 EST,java97301@yahoo.com,Status,REOPENED,VERIFIED
2005-02-21 21:10:36 EST,java97301@yahoo.com,Resolution,---,FIXED
2005-02-21 21:12:48 EST,darin.eclipse@gmail.com,Target Milestone,---,3.1 M5
2005-02-27 13:00:39 EST,darin.eclipse@gmail.com,Status,ASSIGNED,REOPENED
2005-02-27 13:00:39 EST,darin.eclipse@gmail.com,Target Milestone,3.1,---
2005-04-04 12:50:28 EDT,darin.eclipse@gmail.com,Priority,P2,P3
2005-04-18 14:13:16 EDT,darin.eclipse@gmail.com,Assignee,krbarnes@ca.ibm.com,Darin_Wright@ca.ibm.com
2005-04-18 14:13:16 EDT,darin.eclipse@gmail.com,Status,NEW,ASSIGNED
2005-04-18 14:13:24 EDT,darin.eclipse@gmail.com,Status,ASSIGNED,NEW
2005-05-02 11:11:33 EDT,cocoakevin@gmail.com,Priority,P3,P2
2005-05-10 17:10:02 EDT,cocoakevin@gmail.com,Status,RESOLVED,ASSIGNED
2005-05-10 17:10:02 EDT,cocoakevin@gmail.com,Resolution,FIXED,---
2005-05-10 17:10:28 EDT,cocoakevin@gmail.com,Status,VERIFIED,RESOLVED
