When, Who, What, Added, Removed
2004-12-16 18:00:39 EST,smith@ca.ibm.com,Target Milestone,3.2 i2,---
2004-12-17 08:54:53 EST,nelliec@ca.ibm.com,Assignee,khalsted@ca.ibm.com,nelliec@ca.ibm.com
2004-12-22 11:53:21 EST,khalsted@ca.ibm.com,Status,RESOLVED,NEW
2004-12-22 11:53:21 EST,khalsted@ca.ibm.com,Resolution,FIXED,---
2005-01-04 11:29:02 EST,smith@ca.ibm.com,Status,VERIFIED,RESOLVED
2005-01-04 11:29:24 EST,smith@ca.ibm.com,Status,CLOSED,VERIFIED
2012-02-15 13:48:49 EST,webmaster@eclipse.org,Component,Hyades,Hyades
2012-02-15 13:48:49 EST,webmaster@eclipse.org,Version,unspecified,3.2
2012-02-15 13:48:49 EST,webmaster@eclipse.org,Product,z_Archived,Hyades
2012-02-15 13:48:49 EST,webmaster@eclipse.org,Target Milestone,---,3.2 i2
