When, Who, What, Added, Removed
2005-01-04 16:48:39 EST,kim.moir@gmail.com,Assignee,kmoir@ca.ibm.com,platform-releng-inbox@eclipse.org
2005-01-05 17:17:12 EST,kim.moir@gmail.com,Status,RESOLVED,NEW
2005-01-05 17:17:12 EST,kim.moir@gmail.com,Resolution,FIXED,---
2005-01-05 18:02:27 EST,avijayr@gmail.com,Status,REOPENED,RESOLVED
2005-01-05 18:02:27 EST,avijayr@gmail.com,Resolution,---,FIXED
2005-01-06 08:20:28 EST,kim.moir@gmail.com,Status,RESOLVED,REOPENED
2005-01-06 08:20:28 EST,kim.moir@gmail.com,Resolution,FIXED,---
2005-01-07 09:38:54 EST,avijayr@gmail.com,Status,VERIFIED,RESOLVED
2008-01-09 16:59:49 EST,avijayr@gmail.com,Status,CLOSED,VERIFIED
