When, Who, What, Added, Removed
2004-12-16 19:58:44 EST,Darin_Swanson@us.ibm.com,Status,ASSIGNED,NEW
2004-12-16 19:58:44 EST,Darin_Swanson@us.ibm.com,Target Milestone,3.1 M5,---
2004-12-16 23:31:04 EST,Darin_Swanson@us.ibm.com,Assignee,Darin_Swanson@us.ibm.com,platform-ant-inbox@eclipse.org
2004-12-16 23:31:04 EST,Darin_Swanson@us.ibm.com,Status,NEW,ASSIGNED
2004-12-16 23:31:13 EST,Darin_Swanson@us.ibm.com,Status,ASSIGNED,NEW
2004-12-17 18:38:58 EST,Darin_Swanson@us.ibm.com,CC,Darin_Swanson@us.ibm.com,
2004-12-17 18:38:58 EST,Darin_Swanson@us.ibm.com,Assignee,krbarnes@ca.ibm.com,Darin_Swanson@us.ibm.com
2004-12-17 18:38:58 EST,Darin_Swanson@us.ibm.com,Status,NEW,ASSIGNED
2004-12-17 18:39:20 EST,Darin_Swanson@us.ibm.com,Status,RESOLVED,NEW
2004-12-17 18:39:20 EST,Darin_Swanson@us.ibm.com,Resolution,FIXED,---
2004-12-20 11:10:23 EST,cocoakevin@gmail.com,Status,VERIFIED,RESOLVED
