When, Who, What, Added, Removed
2005-02-11 10:30:13 EST,dirk_baeumer@ch.ibm.com,Status,ASSIGNED,NEW
2005-02-11 10:30:13 EST,dirk_baeumer@ch.ibm.com,Summary,Select-All does not work in Members pane. [browsing] [general issue],Select-All does not work in Members pane.
2006-06-15 11:11:06 EDT,aeschli@gmail.com,Summary,[browsing] Select-All does not work in Members pane.,Select-All does not work in Members pane. [browsing] [general issue]
2006-09-11 06:31:24 EDT,markus_keller@ch.ibm.com,CC,markus_keller@ch.ibm.com,
2006-09-11 06:31:24 EDT,markus_keller@ch.ibm.com,Assignee,martin_aeschlimann@ch.ibm.com,jdt-ui-inbox@eclipse.org
2006-09-11 06:31:24 EDT,markus_keller@ch.ibm.com,Status,NEW,ASSIGNED
2007-05-09 06:15:04 EDT,aeschli@gmail.com,Assignee,jdt-ui-inbox@eclipse.org,martin_aeschlimann@ch.ibm.com
2010-06-04 05:36:25 EDT,deepakazad@gmail.com,Status,RESOLVED,NEW
2010-06-04 05:36:25 EDT,deepakazad@gmail.com,CC,deepak.azad@in.ibm.com,
2010-06-04 05:36:25 EDT,deepakazad@gmail.com,Resolution,FIXED,---
