When, Who, What, Added, Removed
2004-12-17 04:20:08 EST,daniel_megert@ch.ibm.com,Status,ASSIGNED,NEW
2005-02-01 10:22:11 EST,daniel_megert@ch.ibm.com,CC,brockj_eclipse@ihug.com.au,
2010-11-05 11:42:24 EDT,deepakazad@gmail.com,Assignee,deepak.azad@in.ibm.com,jdt-text-inbox@eclipse.org
2010-11-08 08:19:50 EST,deepakazad@gmail.com,Status,RESOLVED,ASSIGNED
2010-11-08 08:19:50 EST,deepakazad@gmail.com,Resolution,FIXED,---
2010-11-08 08:19:50 EST,deepakazad@gmail.com,Target Milestone,3.7 M4,---
2010-12-07 04:55:52 EST,raksha.vasisht@in.ibm.com,Status,VERIFIED,RESOLVED
2010-12-07 04:55:52 EST,raksha.vasisht@in.ibm.com,CC,raksha.vasisht@in.ibm.com,
