When, Who, What, Added, Removed
2004-12-20 12:31:07 EST,smith@ca.ibm.com,Target Milestone,3.3,---
2004-12-20 12:35:31 EST,ewchan@ca.ibm.com,Status,ASSIGNED,NEW
2005-01-05 15:13:12 EST,smith@ca.ibm.com,Assignee,paules@ca.ibm.com,smith@ca.ibm.com
2005-01-05 15:13:12 EST,smith@ca.ibm.com,Status,NEW,ASSIGNED
2005-01-10 09:43:37 EST,paules@ca.ibm.com,Target Milestone,3.3 i1,3.3
2005-01-25 15:33:52 EST,paules@ca.ibm.com,Summary,(Plat) Control characters in log file causes GLA to generate invalid XML for CommonBaseEvents,Control characters in log file causes GLA to generate invalid XML for CommonBaseEvents
2005-01-28 17:05:13 EST,paules@ca.ibm.com,Status,RESOLVED,NEW
2005-01-28 17:05:13 EST,paules@ca.ibm.com,Resolution,FIXED,---
2009-06-30 09:34:45 EDT,paules@ca.ibm.com,Status,CLOSED,RESOLVED
2009-06-30 09:34:45 EDT,paules@ca.ibm.com,Whiteboard,closed460,
2012-02-14 16:08:27 EST,webmaster@eclipse.org,Component,Hyades,Exec.logging
2012-02-14 16:08:27 EST,webmaster@eclipse.org,Version,unspecified,3.2
2012-02-14 16:08:27 EST,webmaster@eclipse.org,Product,z_Archived,Hyades
2012-02-14 16:08:27 EST,webmaster@eclipse.org,Target Milestone,---,3.3 i1
