When, Who, What, Added, Removed
2004-12-17 04:55:24 EST,dirk_baeumer@ch.ibm.com,Blocks,81366,
2004-12-17 05:37:41 EST,jerome_lanneluc@fr.ibm.com,Summary,[search] ITypeNameRequestor should support enums and annotations as well,ITypeNameRequestor should support enums and annotations as well
2004-12-28 21:37:53 EST,ilias@lazaridis.com,Blocks,80776,
2004-12-29 05:13:53 EST,frederic_fusier@fr.ibm.com,Blocks,,80776
2004-12-29 05:13:53 EST,frederic_fusier@fr.ibm.com,Severity,enhancement,normal
2004-12-29 05:15:38 EST,frederic_fusier@fr.ibm.com,Assignee,frederic_fusier@fr.ibm.com,jdt-core-inbox@eclipse.org
2005-01-10 11:24:36 EST,frederic_fusier@fr.ibm.com,Target Milestone,3.1 M5,---
2005-02-14 11:03:43 EST,frederic_fusier@fr.ibm.com,Target Milestone,3.1 M6,3.1 M5
2005-03-09 13:00:29 EST,frederic_fusier@fr.ibm.com,Status,ASSIGNED,NEW
2005-03-10 07:08:57 EST,dirk_baeumer@ch.ibm.com,CC,martin_aeschlimann@ch.ibm.com,
2005-03-11 04:47:44 EST,frederic_fusier@fr.ibm.com,Attachment #18593                Attachment is obsolete,1,0
2005-03-11 04:54:23 EST,frederic_fusier@fr.ibm.com,Status,RESOLVED,ASSIGNED
2005-03-11 04:54:23 EST,frederic_fusier@fr.ibm.com,Resolution,FIXED,---
2005-03-30 15:14:35 EST,Olivier_Thomann@ca.ibm.com,Status,VERIFIED,RESOLVED
