When, Who, What, Added, Removed
2004-12-17 04:47:27 EST,jerome_lanneluc@fr.ibm.com,Summary,[format] Wrong feeding after array-initialization,[formatter] Wrong feeding after array-initialization
2004-12-17 11:34:49 EST,Olivier_Thomann@ca.ibm.com,Assignee,Olivier_Thomann@ca.ibm.com,jdt-core-inbox@eclipse.org
2004-12-17 11:37:39 EST,Olivier_Thomann@ca.ibm.com,Status,ASSIGNED,NEW
2005-03-28 18:29:23 EST,Olivier_Thomann@ca.ibm.com,Status,RESOLVED,ASSIGNED
2005-03-28 18:29:23 EST,Olivier_Thomann@ca.ibm.com,Resolution,FIXED,---
2005-03-28 18:29:23 EST,Olivier_Thomann@ca.ibm.com,Target Milestone,3.1 M6,---
2005-03-28 18:32:54 EST,Olivier_Thomann@ca.ibm.com,Status,REOPENED,RESOLVED
2005-03-28 18:32:54 EST,Olivier_Thomann@ca.ibm.com,Resolution,---,FIXED
2005-03-28 18:33:26 EST,Olivier_Thomann@ca.ibm.com,Status,RESOLVED,REOPENED
2005-03-28 18:33:26 EST,Olivier_Thomann@ca.ibm.com,Resolution,WORKSFORME,---
2005-03-29 10:06:17 EST,Olivier_Thomann@ca.ibm.com,Status,REOPENED,RESOLVED
2005-03-29 10:06:17 EST,Olivier_Thomann@ca.ibm.com,Resolution,---,WORKSFORME
2005-03-29 10:11:26 EST,Olivier_Thomann@ca.ibm.com,Status,RESOLVED,REOPENED
2005-03-29 10:11:26 EST,Olivier_Thomann@ca.ibm.com,Resolution,FIXED,---
2005-03-30 19:18:06 EST,Olivier_Thomann@ca.ibm.com,Status,VERIFIED,RESOLVED
