When, Who, What, Added, Removed
2004-12-17 05:31:51 EST,daniel_megert@ch.ibm.com,Status,ASSIGNED,NEW
2006-03-14 07:18:42 EST,daniel_megert@ch.ibm.com,Assignee,daniel.megert@eclipse.org,platform-text-inbox@eclipse.org
2006-03-14 07:18:42 EST,daniel_megert@ch.ibm.com,Status,NEW,ASSIGNED
2006-03-14 07:18:42 EST,daniel_megert@ch.ibm.com,Target Milestone,3.2 M6,---
2006-03-15 05:27:00 EST,daniel_megert@ch.ibm.com,Status,RESOLVED,NEW
2006-03-15 05:27:00 EST,daniel_megert@ch.ibm.com,Resolution,FIXED,---
