When, Who, What, Added, Removed
2004-12-17 11:01:28 EST,darin.eclipse@gmail.com,Status,ASSIGNED,NEW
2004-12-17 11:01:28 EST,darin.eclipse@gmail.com,Target Milestone,3.1 M5,---
2004-12-17 11:20:34 EST,darin.eclipse@gmail.com,Assignee,luc_bourlier@us.ibm.com,jdt-debug-inbox@eclipse.org
2004-12-17 11:20:34 EST,darin.eclipse@gmail.com,Status,NEW,ASSIGNED
2004-12-17 11:20:46 EST,darin.eclipse@gmail.com,Status,RESOLVED,NEW
2004-12-17 11:20:46 EST,darin.eclipse@gmail.com,Resolution,FIXED,---
2005-01-05 15:42:41 EST,eclipse@skyluc.org,Status,VERIFIED,RESOLVED
