When, Who, What, Added, Removed
2004-12-17 09:04:15 EST,frederic_fusier@fr.ibm.com,Status,ASSIGNED,NEW
2004-12-17 09:04:15 EST,frederic_fusier@fr.ibm.com,Target Milestone,3.1 M5,---
2004-12-17 09:04:27 EST,frederic_fusier@fr.ibm.com,Assignee,frederic_fusier@fr.ibm.com,jdt-core-inbox@eclipse.org
2004-12-17 09:04:27 EST,frederic_fusier@fr.ibm.com,Status,NEW,ASSIGNED
2004-12-17 10:30:58 EST,frederic_fusier@fr.ibm.com,Status,ASSIGNED,NEW
2004-12-17 10:30:58 EST,frederic_fusier@fr.ibm.com,Summary,[javadoc] Invalid @see references are not flagged in some source files,[javadoc] Invalid @see references are not flagged in some JDK 1.5 source files
2004-12-20 06:16:23 EST,frederic_fusier@fr.ibm.com,Status,RESOLVED,ASSIGNED
2004-12-20 06:16:23 EST,frederic_fusier@fr.ibm.com,Resolution,FIXED,---
2005-02-14 11:31:17 EST,david_audel@fr.ibm.com,Status,VERIFIED,RESOLVED
