When, Who, What, Added, Removed
2004-12-17 11:01:36 EST,eclipse@pookzilla.net,Assignee,douglas.pollock@magma.ca,Platform-UI-Inbox@eclipse.org
2004-12-17 11:01:36 EST,eclipse@pookzilla.net,Keywords,api,
2004-12-17 11:01:36 EST,eclipse@pookzilla.net,Summary,[EditorMgmt] IEditorPart.getEditorInput() returns null,IEditorPart.getEditorInput() returns null
2005-01-11 07:14:17 EST,douglas.pollock@gmail.com,Status,ASSIGNED,NEW
2005-01-11 07:14:17 EST,douglas.pollock@gmail.com,Target Milestone,3.1,---
2005-02-21 15:44:49 EST,douglas.pollock@gmail.com,Severity,minor,normal
2005-02-21 15:44:49 EST,douglas.pollock@gmail.com,OS,All,Windows XP
2005-02-21 15:44:49 EST,douglas.pollock@gmail.com,Priority,P2,P3
2005-02-21 15:44:49 EST,douglas.pollock@gmail.com,Hardware,All,PC
2005-06-10 08:37:40 EDT,douglas.pollock@gmail.com,CC,nick_edgar@ca.ibm.com,
2005-06-10 08:37:40 EDT,douglas.pollock@gmail.com,Target Milestone,3.1 RC3,3.1
2005-06-10 10:01:44 EDT,nick_edgar@ca.ibm.com,CC,sxenos@ca.ibm.com,
2005-06-13 12:15:41 EDT,douglas.pollock@gmail.com,Depends on,99715,
2005-06-13 12:15:41 EDT,douglas.pollock@gmail.com,Summary,[EditorMgmt] setInput should defend against null,[EditorMgmt] IEditorPart.getEditorInput() returns null
2005-06-13 12:15:41 EDT,douglas.pollock@gmail.com,Target Milestone,3.2,3.1 RC3
2006-04-21 13:19:29 EDT,michaelvanmeekeren@yahoo.ca,Assignee,kim_horne@ca.ibm.com,dpollock@acm.org
2006-04-21 13:19:29 EDT,michaelvanmeekeren@yahoo.ca,Status,NEW,ASSIGNED
2006-05-01 11:21:27 EDT,Tod_Creasey@ca.ibm.com,Target Milestone,3.3,3.2
2008-01-10 21:21:38 EST,ducky@webfoot.com,CC,ducky@webfoot.com,
2008-04-12 11:41:11 EDT,Mike_Wilson@ca.ibm.com,CC,Mike_Wilson@ca.ibm.com,
2008-04-12 11:41:11 EDT,Mike_Wilson@ca.ibm.com,Priority,P4,P2
2009-06-12 13:00:21 EDT,bokowski@google.com,Target Milestone,---,3.3
2009-06-15 08:40:26 EDT,daniel_megert@ch.ibm.com,CC,Boris_Bokowski@ca.ibm.com,
2009-06-15 08:40:26 EDT,daniel_megert@ch.ibm.com,Assignee,Platform-UI-Inbox@eclipse.org,eclipse@pookzilla.net
2009-06-15 09:05:47 EDT,pwebster@ca.ibm.com,CC,pwebster@ca.ibm.com,
2009-06-18 07:48:07 EDT,bokowski@google.com,Target Milestone,3.6 M1,---
2009-06-23 02:06:02 EDT,daniel_megert@ch.ibm.com,Assignee,daniel_megert@ch.ibm.com,Platform-UI-Inbox@eclipse.org
2009-06-23 02:06:32 EDT,daniel_megert@ch.ibm.com,Status,ASSIGNED,NEW
2009-06-23 02:06:32 EDT,daniel_megert@ch.ibm.com,Priority,P3,P4
2009-06-24 04:01:14 EDT,daniel_megert@ch.ibm.com,Status,RESOLVED,ASSIGNED
2009-06-24 04:01:14 EDT,daniel_megert@ch.ibm.com,Resolution,FIXED,---
