When, Who, What, Added, Removed
2004-12-17 08:45:36 EST,john.camelon@gmail.com,Severity,enhancement,normal
2006-05-11 10:13:29 EDT,anton.leherbauer@windriver.com,CC,anton.leherbauer@windriver.com,
2006-05-18 06:55:35 EDT,markus.schorn@windriver.com,CC,markus.schorn@windriver.com,
2006-05-18 06:55:35 EDT,markus.schorn@windriver.com,Assignee,anton.leherbauer@windriver.com,cdt-core-inbox@eclipse.org
2006-07-14 09:36:09 EDT,anton.leherbauer@windriver.com,Status,ASSIGNED,NEW
2006-07-19 07:12:38 EDT,anton.leherbauer@windriver.com,Status,RESOLVED,ASSIGNED
2006-07-19 07:12:38 EDT,anton.leherbauer@windriver.com,Resolution,FIXED,---
2007-06-13 15:29:18 EDT,dschaefer@qnx.com,Target Milestone,4.0,---
2009-01-09 15:01:24 EST,dschaefer@qnx.com,Component,cdt-core,deprecated7
