When, Who, What, Added, Removed
2005-02-16 13:20:09 EST,elitani@ca.ibm.com,Status,ASSIGNED,NEW
2005-02-17 18:08:36 EST,nickboldt@gmail.com,Status,RESOLVED,ASSIGNED
2005-02-17 18:08:36 EST,nickboldt@gmail.com,Resolution,FIXED,---
2005-10-26 15:54:43 EDT,elitani@ca.ibm.com,Status,REOPENED,RESOLVED
2005-10-26 15:54:43 EDT,elitani@ca.ibm.com,Resolution,---,FIXED
2005-10-26 15:58:07 EDT,elitani@ca.ibm.com,Status,ASSIGNED,REOPENED
2005-10-27 08:46:14 EDT,nickboldt@gmail.com,Status,RESOLVED,ASSIGNED
2005-10-27 08:46:14 EDT,nickboldt@gmail.com,Resolution,FIXED,---
2005-10-28 14:17:54 EDT,nickboldt@gmail.com,Attachment #28883                Attachment is obsolete,1,0
2005-10-31 16:24:17 EST,nickboldt@gmail.com,Attachment #28940                Attachment is obsolete,1,0
2008-01-28 16:47:20 EST,nickboldt@gmail.com,Status,VERIFIED,RESOLVED
