When, Who, What, Added, Removed
2004-12-17 11:16:09 EST,dguilbaud@fr.ibm.com,CC,sylvain.duguet@fr.ibm.com,
2004-12-17 11:16:09 EST,dguilbaud@fr.ibm.com,Status,RESOLVED,NEW
2004-12-17 11:16:09 EST,dguilbaud@fr.ibm.com,Resolution,FIXED,---
2004-12-17 11:18:28 EST,dguilbaud@fr.ibm.com,Target Milestone,3.2 i2,---
2004-12-17 11:37:59 EST,curtispd@ca.ibm.com,Status,CLOSED,RESOLVED
2012-02-15 13:48:14 EST,webmaster@eclipse.org,Component,Hyades,UI.seq_diagram
2012-02-15 13:48:14 EST,webmaster@eclipse.org,Version,unspecified,3.2
2012-02-15 13:48:14 EST,webmaster@eclipse.org,Product,z_Archived,Hyades
2012-02-15 13:48:14 EST,webmaster@eclipse.org,Target Milestone,---,3.2 i2
