When, Who, What, Added, Removed
2004-12-17 11:49:50 EST,pavery@us.ibm.com,Summary,DTD content model not working,DTD/Schema content model not working
2004-12-17 14:52:24 EST,pavery@us.ibm.com,OS,Linux-GTK,Windows XP
2004-12-17 23:59:04 EST,david_williams@us.ibm.com,Status,RESOLVED,NEW
2004-12-17 23:59:04 EST,david_williams@us.ibm.com,Resolution,WORKSFORME,---
2004-12-21 15:17:19 EST,pavery@us.ibm.com,Status,REOPENED,RESOLVED
2004-12-21 15:17:19 EST,pavery@us.ibm.com,Resolution,---,WORKSFORME
2004-12-21 16:47:14 EST,csalter@ca.ibm.com,Assignee,ebelisar@ca.ibm.com,wst.xml-inbox@eclipse.org
2004-12-21 16:47:14 EST,csalter@ca.ibm.com,Status,NEW,REOPENED
2004-12-21 23:13:48 EST,nitind@us.ibm.com,CC,nitind@us.ibm.com,
2004-12-22 11:42:24 EST,ebelisar@us.ibm.com,Status,RESOLVED,NEW
2004-12-22 11:42:24 EST,ebelisar@us.ibm.com,Resolution,WORKSFORME,---
2004-12-22 14:20:15 EST,nitind@us.ibm.com,Status,REOPENED,RESOLVED
2004-12-22 14:20:15 EST,nitind@us.ibm.com,Resolution,---,WORKSFORME
2004-12-22 15:30:59 EST,nitind@us.ibm.com,Summary,DTD content model not working on Linux,DTD content model not working
2005-01-13 10:28:31 EST,nitind@us.ibm.com,Target Milestone,1.0 M3,---
2005-01-28 20:05:33 EST,morten-eclipse@moelleryoung.com,CC,morten-eclipse@moelleryoung.com,
2005-06-27 21:37:26 EDT,david_williams@us.ibm.com,Priority,P2,P3
2005-06-29 15:29:19 EDT,csalter@ca.ibm.com,Severity,major,normal
2005-06-29 15:29:19 EDT,csalter@ca.ibm.com,Priority,P1,P2
2005-06-29 19:23:59 EDT,nitind@us.ibm.com,Target Milestone,1.0 M5,1.0 M3
2005-06-29 20:11:36 EDT,nitind@us.ibm.com,CC,ebelisar@ca.ibm.com, csalter@ca.ibm.com,
2005-06-29 20:11:36 EDT,nitind@us.ibm.com,Assignee,nitind@us.ibm.com,ebelisar@ca.ibm.com
2005-06-29 20:11:36 EDT,nitind@us.ibm.com,Status,NEW,REOPENED
2005-06-29 20:19:50 EDT,nitind@us.ibm.com,Status,RESOLVED,NEW
2005-06-29 20:19:50 EDT,nitind@us.ibm.com,Resolution,FIXED,---
2005-07-25 11:43:40 EDT,david_williams@us.ibm.com,Status,VERIFIED,RESOLVED
2005-08-26 05:56:54 EDT,nitind@us.ibm.com,Status,CLOSED,VERIFIED
