When, Who, What, Added, Removed
2005-01-26 10:13:29 EST,john_arthorne@ca.ibm.com,Status,ASSIGNED,NEW
2005-02-03 13:25:37 EST,Michael_Valenta@ca.ibm.com,Attachment #16731                Attachment is obsolete,1,0
2005-02-03 13:27:15 EST,john_arthorne@ca.ibm.com,Assignee,john_arthorne@ca.ibm.com,platform-resources-inbox@eclipse.org
2005-02-03 13:27:15 EST,john_arthorne@ca.ibm.com,Status,NEW,ASSIGNED
2005-02-03 13:30:30 EST,Michael_Valenta@ca.ibm.com,CC,dirk_baeumer@ch.ibm.com,
2005-02-03 17:54:48 EST,john_arthorne@ca.ibm.com,Summary,Add visit to ResourceMapping,Add visit to ResourceMapper
2005-02-03 17:54:48 EST,john_arthorne@ca.ibm.com,Target Milestone,3.1 M5,---
2005-02-03 17:55:14 EST,john_arthorne@ca.ibm.com,Status,RESOLVED,NEW
2005-02-03 17:55:14 EST,john_arthorne@ca.ibm.com,Resolution,FIXED,---
