When, Who, What, Added, Removed
2004-12-17 12:03:13 EST,Olivier_Thomann@ca.ibm.com,Assignee,kent_johnson@ca.ibm.com,jdt-core-inbox@eclipse.org
2004-12-17 12:28:16 EST,kent_johnson@ca.ibm.com,CC,philippe_mulet@fr.ibm.com,
2005-01-07 12:16:28 EST,kent_johnson@ca.ibm.com,Status,RESOLVED,NEW
2005-01-07 12:16:28 EST,kent_johnson@ca.ibm.com,Resolution,FIXED,---
2005-01-07 12:16:28 EST,kent_johnson@ca.ibm.com,Target Milestone,3.1 M5,---
2005-01-09 17:54:15 EST,a@etver.com,CC,a@etver.com,
2005-02-16 05:42:49 EST,david_audel@fr.ibm.com,Status,VERIFIED,RESOLVED
