When, Who, What, Added, Removed
2004-12-20 23:03:26 EST,scott.schneider@us.ibm.com,Depends on,81551,
2004-12-20 23:03:26 EST,scott.schneider@us.ibm.com,Status,RESOLVED,NEW
2004-12-20 23:03:26 EST,scott.schneider@us.ibm.com,Resolution,FIXED,---
2005-02-13 20:24:56 EST,scott.schneider@us.ibm.com,Status,CLOSED,RESOLVED
2005-02-13 20:24:56 EST,scott.schneider@us.ibm.com,Target Milestone,3.2 i2,---
2012-02-14 16:09:42 EST,webmaster@eclipse.org,Component,Hyades,Exec.harness
2012-02-14 16:09:42 EST,webmaster@eclipse.org,Version,unspecified,3.2
2012-02-14 16:09:42 EST,webmaster@eclipse.org,Product,z_Archived,Hyades
2012-02-14 16:09:42 EST,webmaster@eclipse.org,Target Milestone,---,3.2 i2
