When, Who, What, Added, Removed
2004-12-17 12:33:12 EST,dj_houghton@ca.ibm.com,Assignee,platform-team-inbox@eclipse.org,platform-webdav-inbox@eclipse.org
2004-12-17 12:33:12 EST,dj_houghton@ca.ibm.com,Component,Team,WebDAV
2005-01-05 15:57:11 EST,jean-michel_lemieux@ca.ibm.com,Assignee,Michael_Valenta@ca.ibm.com,platform-team-inbox@eclipse.org
2005-01-05 15:57:11 EST,jean-michel_lemieux@ca.ibm.com,Target Milestone,3.1 M6,---
2005-03-16 16:34:59 EST,Michael_Valenta@ca.ibm.com,Status,RESOLVED,NEW
2005-03-16 16:34:59 EST,Michael_Valenta@ca.ibm.com,Resolution,FIXED,---
