When, Who, What, Added, Removed
2004-12-20 09:54:24 EST,eclipse@pookzilla.net,Assignee,Tod_Creasey@ca.ibm.com,Platform-UI-Inbox@eclipse.org
2004-12-20 09:54:24 EST,eclipse@pookzilla.net,Summary,[Import/Export] Import Project Wizard problems,Import Project Wizard problems
2004-12-22 09:17:55 EST,billy.biggs@eclipse.org,CC,bbiggs@ca.ibm.com,
2004-12-22 09:52:39 EST,billy.biggs@eclipse.org,CC,tod_creasey@ca.ibm.com,
2004-12-22 09:52:39 EST,billy.biggs@eclipse.org,Assignee,bbiggs@ca.ibm.com,Tod_Creasey@ca.ibm.com
2004-12-22 09:52:39 EST,billy.biggs@eclipse.org,Target Milestone,3.1 M5,---
2004-12-23 11:51:33 EST,billy.biggs@eclipse.org,Status,RESOLVED,NEW
2004-12-23 11:51:33 EST,billy.biggs@eclipse.org,Resolution,FIXED,---
2005-02-16 15:40:46 EST,billy.biggs@eclipse.org,Status,VERIFIED,RESOLVED
