When, Who, What, Added, Removed
2004-12-17 12:11:45 EST,Darin_Swanson@us.ibm.com,Status,ASSIGNED,NEW
2004-12-17 12:11:45 EST,Darin_Swanson@us.ibm.com,Target Milestone,3.1 M5,---
2004-12-30 13:41:07 EST,Darin_Swanson@us.ibm.com,Assignee,krbarnes@ca.ibm.com,platform-ant-inbox@eclipse.org
2004-12-30 13:41:07 EST,Darin_Swanson@us.ibm.com,Status,NEW,ASSIGNED
2004-12-30 13:41:25 EST,Darin_Swanson@us.ibm.com,Status,RESOLVED,NEW
2004-12-30 13:41:25 EST,Darin_Swanson@us.ibm.com,Resolution,FIXED,---
2005-01-04 11:52:02 EST,cocoakevin@gmail.com,Status,VERIFIED,RESOLVED
