When, Who, What, Added, Removed
2004-12-17 12:24:53 EST,daniel_megert@ch.ibm.com,Product,Platform,JDT
2004-12-17 12:25:10 EST,daniel_megert@ch.ibm.com,Assignee,platform-team-inbox@eclipse.org,jdt-text-inbox@eclipse.org
2004-12-17 12:25:10 EST,daniel_megert@ch.ibm.com,Component,Team,Text
2005-01-07 13:02:31 EST,Michael_Valenta@ca.ibm.com,Assignee,Michael_Valenta@ca.ibm.com,platform-team-inbox@eclipse.org
2005-01-07 13:02:31 EST,Michael_Valenta@ca.ibm.com,Target Milestone,3.1 M5,---
2005-01-07 13:03:08 EST,Michael_Valenta@ca.ibm.com,Status,RESOLVED,NEW
2005-01-07 13:03:08 EST,Michael_Valenta@ca.ibm.com,Resolution,FIXED,---
