When, Who, What, Added, Removed
2004-12-17 14:48:04 EST,alain@qnx.com,Depends on,72796,
2004-12-17 14:48:04 EST,alain@qnx.com,Target Milestone,3.0,---
2004-12-21 16:11:28 EST,alain@qnx.com,CC,M.E.Foster@ed.ac.uk,
2004-12-21 16:13:23 EST,alain@qnx.com,Blocks,78330,
2004-12-29 15:54:54 EST,nitind@us.ibm.com,CC,david_williams@us.ibm.com, nitind@us.ibm.com,
2004-12-29 15:54:54 EST,nitind@us.ibm.com,Severity,blocker,major
2004-12-29 17:15:36 EST,david_williams@us.ibm.com,Blocks,81898,
2005-01-01 23:51:36 EST,dmose@meer.net,CC,dmose@meer.net,
2005-02-21 22:04:18 EST,alain@qnx.com,Severity,major,blocker
2005-05-19 14:10:21 EDT,mlists@juma.me.uk,CC,mlists@juma.me.uk,
2005-06-06 06:51:12 EDT,dave.daoust@windriver.com,Target Milestone,Future,3.0
2005-08-23 04:52:27 EDT,daniel_megert@ch.ibm.com,CC,daniel_megert@ch.ibm.com,
2006-03-30 17:00:42 EST,dschaefer@qnx.com,Assignee,dschaefer@qnx.com,cdt-core-inbox@eclipse.org
2006-03-30 17:00:42 EST,dschaefer@qnx.com,Target Milestone,3.1,Future
2006-03-30 17:02:39 EST,dschaefer@qnx.com,CC,keithc@ca.ibm.com,
2006-04-04 14:54:11 EDT,dschaefer@qnx.com,CC,anton.leherbauer@windriver.com,
2006-04-04 14:54:11 EDT,dschaefer@qnx.com,Status,RESOLVED,NEW
2006-04-04 14:54:11 EDT,dschaefer@qnx.com,Resolution,FIXED,---
2009-01-09 16:57:52 EST,dschaefer@qnx.com,Component,cdt-core,deprecated7
2014-01-29 13:17:35 EST,dschaefer@qnx.com,Attachment #37317                Flags,iplog+,
