When, Who, What, Added, Removed
2004-12-20 04:18:32 EST,frederic_fusier@fr.ibm.com,Assignee,frederic_fusier@fr.ibm.com,jdt-core-inbox@eclipse.org
2004-12-20 04:18:32 EST,frederic_fusier@fr.ibm.com,Summary,[search] correct results are missing in java search,correct results are missing in java search
2004-12-28 10:34:11 EST,frederic_fusier@fr.ibm.com,Assignee,jerome_lanneluc@fr.ibm.com,frederic_fusier@fr.ibm.com
2004-12-28 10:34:11 EST,frederic_fusier@fr.ibm.com,Summary,[classpath] correct results are missing in java search,[search] correct results are missing in java search
2004-12-28 10:36:05 EST,frederic_fusier@fr.ibm.com,CC,frederic_fusier@fr.ibm.com,
2005-01-03 10:33:39 EST,jerome_lanneluc@fr.ibm.com,Assignee,frederic_fusier@fr.ibm.com,jerome_lanneluc@fr.ibm.com
2005-01-04 10:16:55 EST,frederic_fusier@fr.ibm.com,Status,RESOLVED,NEW
2005-01-04 10:16:55 EST,frederic_fusier@fr.ibm.com,Resolution,FIXED,---
2005-01-04 10:16:55 EST,frederic_fusier@fr.ibm.com,Summary,[search] correct results are missing in java search,[classpath] correct results are missing in java search
2005-01-04 10:17:04 EST,frederic_fusier@fr.ibm.com,Target Milestone,3.1 M5,---
2005-01-04 10:17:14 EST,frederic_fusier@fr.ibm.com,CC,,frederic_fusier@fr.ibm.com
2005-02-15 05:59:42 EST,david_audel@fr.ibm.com,Status,VERIFIED,RESOLVED
