When, Who, What, Added, Removed
2004-12-20 23:03:26 EST,scott.schneider@us.ibm.com,Blocks,81532,
2004-12-20 23:10:51 EST,scott.schneider@us.ibm.com,CC,samwai@ca.ibm.com,
2004-12-20 23:10:51 EST,scott.schneider@us.ibm.com,Depends on,79026,
2004-12-20 23:17:29 EST,scott.schneider@us.ibm.com,CC,sluiman@ca.ibm.com,
2004-12-21 07:18:05 EST,jptoomey@us.ibm.com,CC,suwanda@ca.ibm.com,
2004-12-21 07:18:05 EST,jptoomey@us.ibm.com,Status,ASSIGNED,NEW
2004-12-21 08:00:10 EST,sluiman@ca.ibm.com,Severity,critical,normal
2004-12-21 17:56:21 EST,scott.schneider@us.ibm.com,Status,RESOLVED,ASSIGNED
2004-12-21 17:56:21 EST,scott.schneider@us.ibm.com,Resolution,FIXED,---
2005-02-13 20:28:08 EST,scott.schneider@us.ibm.com,Status,CLOSED,RESOLVED
2005-02-13 20:28:08 EST,scott.schneider@us.ibm.com,Target Milestone,3.2 i2,---
2012-02-15 13:48:09 EST,webmaster@eclipse.org,Component,Hyades,Exec.harness
2012-02-15 13:48:09 EST,webmaster@eclipse.org,Version,unspecified,3.2
2012-02-15 13:48:09 EST,webmaster@eclipse.org,Product,z_Archived,Hyades
2012-02-15 13:48:09 EST,webmaster@eclipse.org,Target Milestone,---,3.2 i2
