When, Who, What, Added, Removed
2004-12-17 16:43:05 EST,ewchan@ca.ibm.com,Status,RESOLVED,NEW
2004-12-17 16:43:05 EST,ewchan@ca.ibm.com,Resolution,FIXED,---
2004-12-17 16:43:05 EST,ewchan@ca.ibm.com,Target Milestone,3.2 i2,---
2004-12-20 14:26:20 EST,ewchan@ca.ibm.com,Status,CLOSED,RESOLVED
2012-02-14 16:09:22 EST,webmaster@eclipse.org,Component,Hyades,UI.log_view
2012-02-14 16:09:22 EST,webmaster@eclipse.org,Version,unspecified,3.2
2012-02-14 16:09:22 EST,webmaster@eclipse.org,Product,z_Archived,Hyades
2012-02-14 16:09:22 EST,webmaster@eclipse.org,Target Milestone,---,3.2 i2
