When, Who, What, Added, Removed
2004-12-20 09:55:57 EST,eclipse@pookzilla.net,Assignee,nick_edgar@ca.ibm.com,Platform-UI-Inbox@eclipse.org
2004-12-20 09:55:57 EST,eclipse@pookzilla.net,Summary,[PropertiesView] Properties View scrolling problem,Properties View scrolling problem
2004-12-20 10:07:52 EST,nick_edgar@ca.ibm.com,Status,ASSIGNED,NEW
2004-12-20 10:07:52 EST,nick_edgar@ca.ibm.com,Priority,P2,P3
2004-12-20 10:07:52 EST,nick_edgar@ca.ibm.com,Target Milestone,3.1 M5,---
2005-02-17 17:15:10 EST,nick_edgar@ca.ibm.com,CC,nick_edgar@ca.ibm.com,
2005-02-17 17:15:10 EST,nick_edgar@ca.ibm.com,Assignee,platform-swt-inbox@eclipse.org,nick_edgar@ca.ibm.com
2005-02-17 17:15:10 EST,nick_edgar@ca.ibm.com,Status,NEW,ASSIGNED
2005-02-17 17:15:10 EST,nick_edgar@ca.ibm.com,Component,SWT,UI
2005-02-17 17:15:10 EST,nick_edgar@ca.ibm.com,Target Milestone,---,3.1 M5
2005-03-03 16:31:02 EST,veronika_irvine@yahoo.com,Assignee,Silenio_Quarti@ca.ibm.com,platform-swt-inbox@eclipse.org
2005-08-25 10:46:24 EDT,eclipse@pookzilla.net,CC,mvsteenbergen@eljakim.nl,
2005-08-29 14:25:37 EDT,Silenio_Quarti@ca.ibm.com,Status,RESOLVED,NEW
2005-08-29 14:25:37 EDT,Silenio_Quarti@ca.ibm.com,Resolution,FIXED,---
2005-08-29 17:50:21 EDT,billy.biggs@eclipse.org,Target Milestone,3.2 M2,---
