When, Who, What, Added, Removed
2004-12-17 18:18:32 EST,madsie@vip.cybercity.dk,OS,All,Windows XP
2005-01-04 09:16:00 EST,jerome_lanneluc@fr.ibm.com,Summary,[compiler] Covariant return types fails when an interface extends another interface,Covariant return types fails when an interface extends another interface
2005-01-04 09:21:17 EST,philippe_mulet@fr.ibm.com,Assignee,kent_johnson@ca.ibm.com,jdt-core-inbox@eclipse.org
2005-01-04 09:21:17 EST,philippe_mulet@fr.ibm.com,Summary,[1.5][compiler] Covariant return types fails when an interface extends another interface,[compiler] Covariant return types fails when an interface extends another interface
2005-01-05 16:37:02 EST,kent_johnson@ca.ibm.com,Status,RESOLVED,NEW
2005-01-05 16:37:02 EST,kent_johnson@ca.ibm.com,Resolution,FIXED,---
2005-01-05 16:37:02 EST,kent_johnson@ca.ibm.com,Target Milestone,3.1 M5,---
2005-02-15 12:45:19 EST,david_audel@fr.ibm.com,Status,VERIFIED,RESOLVED
