When, Who, What, Added, Removed
2005-01-03 12:11:34 EST,ppshah@us.ibm.com,CC,Gerd.Castan@z.zgs.de,
2005-01-04 10:40:25 EST,hudsonr@us.ibm.com,Severity,minor,normal
2005-01-04 10:40:25 EST,hudsonr@us.ibm.com,Priority,P4,P3
2005-03-25 06:27:44 EST,andre_weinand@ch.ibm.com,CC,andre_weinand@ch.ibm.com,
2005-03-25 11:45:21 EST,ppshah@us.ibm.com,Summary,BiDi does not work on Mac,ediagram throws internal error exceptions
2005-03-25 11:58:21 EST,hudsonr@us.ibm.com,CC,,andre_weinand@ch.ibm.com
2006-09-28 21:32:45 EDT,ewasserman@voxify.com,CC,ewasserman@voxify.com,
2007-04-26 18:42:01 EDT,anthonyh@ca.ibm.com,Target Milestone,3.4,---
2008-07-09 12:57:11 EDT,anthonyh@ca.ibm.com,CC,anthonyh@ca.ibm.com,
2008-07-09 12:57:11 EDT,anthonyh@ca.ibm.com,Target Milestone,---,3.4
2011-01-06 15:27:30 EST,alexander.nyssen@itemis.de,CC,alexander.nyssen@itemis.de,
2011-02-14 15:49:55 EST,alexander.nyssen@itemis.de,Status,RESOLVED,NEW
2011-02-14 15:49:55 EST,alexander.nyssen@itemis.de,Resolution,FIXED,---
2011-02-14 15:49:55 EST,alexander.nyssen@itemis.de,Assignee,alexander.nyssen@itemis.de,gef-inbox@eclipse.org
2011-02-14 15:49:55 EST,alexander.nyssen@itemis.de,Target Milestone,3.7 M6,---
