When, Who, What, Added, Removed
2004-12-28 13:12:51 EST,nitind@us.ibm.com,Assignee,nitind@us.ibm.com,wst.sse-inbox@eclipse.org
2004-12-28 13:12:59 EST,nitind@us.ibm.com,Status,ASSIGNED,NEW
2004-12-28 13:15:27 EST,nitind@us.ibm.com,Status,RESOLVED,ASSIGNED
2004-12-28 13:15:27 EST,nitind@us.ibm.com,Resolution,FIXED,---
2005-01-04 10:54:16 EST,david_williams@us.ibm.com,Target Milestone,1.0 M3,---
2005-07-02 23:32:47 EDT,nitind@us.ibm.com,Status,REOPENED,RESOLVED
2005-07-02 23:32:47 EDT,nitind@us.ibm.com,Resolution,---,FIXED
2005-07-21 14:42:00 EDT,nitind@us.ibm.com,Target Milestone,---,1.0 M3
2005-07-21 14:45:23 EDT,nitind@us.ibm.com,Severity,normal,minor
2005-09-19 18:45:31 EDT,for.work.things@gmail.com,CC,amywu@us.ibm.com,
2005-10-07 17:43:19 EDT,nitind@us.ibm.com,Status,RESOLVED,REOPENED
2005-10-07 17:43:19 EDT,nitind@us.ibm.com,Resolution,FIXED,---
2005-10-08 12:51:17 EDT,david_williams@us.ibm.com,CC,david_williams@us.ibm.com,
2005-11-15 19:09:43 EST,nitind@us.ibm.com,Target Milestone,1.0 M9,---
2005-12-07 17:03:10 EST,pavery@us.ibm.com,Status,CLOSED,RESOLVED
