When, Who, What, Added, Removed
2004-12-17 15:29:15 EST,wassim.melhem@gmail.com,Status,RESOLVED,NEW
2004-12-17 15:29:15 EST,wassim.melhem@gmail.com,Resolution,WONTFIX,---
2004-12-17 15:29:15 EST,wassim.melhem@gmail.com,Summary,org.eclipse.pde.junit.runtime can not run without compatibility,org.eclipse.pde.junit.runtime can not run without compatibility
2004-12-18 00:56:15 EST,jeffmcaffer@gmail.com,CC,jeff_mcaffer@ca.ibm.com,
2004-12-20 22:40:18 EST,wassim.melhem@gmail.com,Status,REOPENED,RESOLVED
2004-12-20 22:40:18 EST,wassim.melhem@gmail.com,Resolution,---,WONTFIX
2004-12-20 22:40:55 EST,wassim.melhem@gmail.com,Status,RESOLVED,REOPENED
2004-12-20 22:40:55 EST,wassim.melhem@gmail.com,Resolution,FIXED,---
2004-12-20 22:40:55 EST,wassim.melhem@gmail.com,Target Milestone,3.1 M5,---
2004-12-20 23:23:03 EST,wassim.melhem@gmail.com,Status,REOPENED,RESOLVED
2004-12-20 23:23:03 EST,wassim.melhem@gmail.com,Resolution,---,FIXED
2004-12-21 00:23:56 EST,wassim.melhem@gmail.com,Status,RESOLVED,REOPENED
2004-12-21 00:23:56 EST,wassim.melhem@gmail.com,Resolution,FIXED,---
