When, Who, What, Added, Removed
2004-12-17 18:21:13 EST,ewchan@ca.ibm.com,Target Milestone,3.3,---
2004-12-17 18:21:40 EST,ewchan@ca.ibm.com,CC,labadie@ca.ibm.com,
2004-12-17 18:21:50 EST,ewchan@ca.ibm.com,CC,apnan@ca.ibm.com,
2004-12-17 19:37:04 EST,popescu@ca.ibm.com,Assignee,apnan@ca.ibm.com,popescu@ca.ibm.com
2004-12-17 19:37:13 EST,popescu@ca.ibm.com,Status,ASSIGNED,NEW
2005-01-04 21:46:31 EST,popescu@ca.ibm.com,Assignee,mgill@ca.ibm.com,apnan@ca.ibm.com
2005-01-04 21:46:31 EST,popescu@ca.ibm.com,Status,NEW,ASSIGNED
2005-01-04 21:46:40 EST,popescu@ca.ibm.com,Status,ASSIGNED,NEW
2005-01-13 09:25:56 EST,popescu@ca.ibm.com,Target Milestone,3.3 i1,3.3
2005-01-24 19:10:47 EST,popescu@ca.ibm.com,Assignee,apnan@ca.ibm.com,mgill@ca.ibm.com
2005-01-24 19:10:47 EST,popescu@ca.ibm.com,Status,NEW,ASSIGNED
2005-01-24 19:10:56 EST,popescu@ca.ibm.com,Status,ASSIGNED,NEW
2005-01-25 19:09:55 EST,popescu@ca.ibm.com,Summary,(Plat) Selection is not preserved after filter change in log view,Selection is not preserved after filter change in log view
2005-01-26 15:50:38 EST,apnan@ca.ibm.com,Status,RESOLVED,ASSIGNED
2005-01-26 15:50:38 EST,apnan@ca.ibm.com,Resolution,FIXED,---
2005-04-08 11:12:50 EDT,ewchan@ca.ibm.com,Status,CLOSED,RESOLVED
2012-02-14 16:41:22 EST,webmaster@eclipse.org,Component,Hyades,UI.log_view
2012-02-14 16:41:22 EST,webmaster@eclipse.org,Version,unspecified,3.2
2012-02-14 16:41:22 EST,webmaster@eclipse.org,Product,z_Archived,Hyades
2012-02-14 16:41:22 EST,webmaster@eclipse.org,Target Milestone,---,3.3 i1
