When, Who, What, Added, Removed
2004-12-17 18:35:09 EST,Darin_Swanson@us.ibm.com,Assignee,jaredburns@acm.org,platform-ant-inbox@eclipse.org
2004-12-17 18:35:09 EST,Darin_Swanson@us.ibm.com,Target Milestone,3.1 M5,---
2004-12-17 18:35:24 EST,Darin_Swanson@us.ibm.com,CC,Darin_Swanson@us.ibm.com,
2004-12-17 18:35:24 EST,Darin_Swanson@us.ibm.com,Status,RESOLVED,NEW
2004-12-17 18:35:24 EST,Darin_Swanson@us.ibm.com,Resolution,FIXED,---
2005-01-05 17:10:51 EST,jared_burns@us.ibm.com,Status,VERIFIED,RESOLVED
