When, Who, What, Added, Removed
2005-03-04 19:59:51 EST,bnfb@superboy.org,Assignee,bnfb@superboy.org,webmaster@eclipse.org
2005-08-05 03:06:40 EDT,bjorn.freeman-benson@eclipse.org,Component,Articles,Bugzilla
2005-09-26 08:27:30 EDT,ed.burnette@sas.com,CC,bjorn@eclipse.org,
2005-09-26 08:27:30 EDT,ed.burnette@sas.com,Assignee,Darin_Wright@ca.ibm.com,bnfb@superboy.org
2005-09-26 08:27:30 EDT,ed.burnette@sas.com,OS,MacOS X,Windows XP
2006-01-18 10:56:10 EST,wayne@eclipse.org,Status,RESOLVED,NEW
2006-01-18 10:56:10 EST,wayne@eclipse.org,Resolution,FIXED,---
2006-01-18 12:33:26 EST,mike@morearty.com,Status,VERIFIED,RESOLVED
