When, Who, What, Added, Removed
2005-06-21 00:23:31 EDT,david_williams@us.ibm.com,Assignee,david_williams@us.ibm.com,jst.jsp-inbox@eclipse.org
2006-12-22 23:53:17 EST,for.work.things@gmail.com,CC,amywu@us.ibm.com,
2007-10-16 15:40:05 EDT,for.work.things@gmail.com,Assignee,wuamy@ca.ibm.com,david_williams@us.ibm.com
2007-10-16 15:40:05 EDT,for.work.things@gmail.com,Target Milestone,3.0 M3,---
2007-10-16 15:40:36 EDT,for.work.things@gmail.com,Status,RESOLVED,NEW
2007-10-16 15:40:36 EDT,for.work.things@gmail.com,Resolution,FIXED,---
2007-11-13 20:44:44 EST,for.work.things@gmail.com,Status,CLOSED,RESOLVED
