When, Who, What, Added, Removed
2004-12-19 06:55:56 EST,philippe_mulet@fr.ibm.com,Assignee,philippe_mulet@fr.ibm.com,jdt-core-inbox@eclipse.org
2004-12-19 06:55:56 EST,philippe_mulet@fr.ibm.com,Target Milestone,3.1 M5,---
2005-01-04 05:37:14 EST,philippe_mulet@fr.ibm.com,Summary,[1.5] 3.1M4 static import of enum,3.1M4 static import of enum
2005-01-04 05:47:05 EST,philippe_mulet@fr.ibm.com,Assignee,jdt-ui-inbox@eclipse.org,philippe_mulet@fr.ibm.com
2005-01-04 05:47:05 EST,philippe_mulet@fr.ibm.com,Component,UI,Core
2005-01-04 05:47:05 EST,philippe_mulet@fr.ibm.com,Target Milestone,---,3.1 M5
2005-01-04 13:19:37 EST,dirk_baeumer@ch.ibm.com,Assignee,martin_aeschlimann@ch.ibm.com,jdt-ui-inbox@eclipse.org
2005-01-04 13:19:37 EST,dirk_baeumer@ch.ibm.com,Summary,[1.5] 3.1M4 static import of enum [organize import],[1.5] 3.1M4 static import of enum
2005-01-04 13:19:37 EST,dirk_baeumer@ch.ibm.com,Target Milestone,3.1 M5,---
2005-01-05 06:20:16 EST,aeschli@gmail.com,Status,RESOLVED,NEW
2005-01-05 06:20:16 EST,aeschli@gmail.com,Resolution,FIXED,---
