When, Who, What, Added, Removed
2004-12-18 11:56:48 EST,sven.koehler@gmail.com,CC,skoehler@upb.de,
2004-12-19 08:45:31 EST,philippe_mulet@fr.ibm.com,Assignee,philippe_mulet@fr.ibm.com,jdt-core-inbox@eclipse.org
2004-12-20 19:29:10 EST,thorsten.langer@udo.edu,CC,thorsten.langer@udo.edu,
2005-01-04 05:47:45 EST,philippe_mulet@fr.ibm.com,Summary,[1.5][compiler] Iteration over nested arrays is broken,Iteration over nested arrays is broken
2005-01-14 09:51:10 EST,philippe_mulet@fr.ibm.com,Target Milestone,3.1 M5,---
2005-01-14 11:42:36 EST,philippe_mulet@fr.ibm.com,CC,ha_tech_2004@yahoo.com,
2005-01-14 11:43:38 EST,philippe_mulet@fr.ibm.com,Status,RESOLVED,NEW
2005-01-14 11:43:38 EST,philippe_mulet@fr.ibm.com,Resolution,FIXED,---
2005-02-15 05:56:36 EST,jerome_lanneluc@fr.ibm.com,Status,VERIFIED,RESOLVED
