When, Who, What, Added, Removed
2004-12-29 04:15:50 EST,naci.dai@eteration.com,Status,ASSIGNED,NEW
2005-07-05 04:46:27 EDT,naci.dai@eteration.com,Assignee,jeffliu@ca.ibm.com,webtools.releng-inbox@eclipse.org
2005-07-05 04:46:27 EDT,naci.dai@eteration.com,Status,NEW,ASSIGNED
2006-11-29 15:18:48 EST,jeffliu@ca.ibm.com,Assignee,jlanuti@us.ibm.com,jeffliu@ca.ibm.com
2007-01-03 11:38:23 EST,jlanuti@us.ibm.com,Summary,[builds] Add "test framework" link on build page,suggestion to have "test framework" linked on build page
2007-07-19 15:40:14 EDT,jlanuti@us.ibm.com,Assignee,bfraser@bea.com,jlanuti@us.ibm.com
2007-09-19 02:53:28 EDT,david_williams@us.ibm.com,Assignee,david_williams@us.ibm.com,bfraser@bea.com
2007-09-19 02:53:28 EDT,david_williams@us.ibm.com,Target Milestone,3.0,---
2007-10-04 02:18:55 EDT,david_williams@us.ibm.com,Status,RESOLVED,NEW
2007-10-04 02:18:55 EDT,david_williams@us.ibm.com,Resolution,FIXED,---
2008-04-04 22:43:04 EDT,david_williams@us.ibm.com,Status,VERIFIED,RESOLVED
