When, Who, What, Added, Removed
2004-12-22 17:07:09 EST,snorthov@ca.ibm.com,Assignee,grant_gayed@ca.ibm.com,platform-swt-inbox@eclipse.org
2007-06-06 12:30:34 EDT,grant_gayed@ca.ibm.com,Attachment #16754                Attachment is obsolete,1,0
2007-06-06 12:31:07 EDT,grant_gayed@ca.ibm.com,Target Milestone,3.4,---
2007-06-07 03:12:16 EDT,hortiz@objetdirect.com,CC,hortiz@objetdirect.com,
2007-06-12 11:35:25 EDT,grant_gayed@ca.ibm.com,CC,anneravi_600@yahoo.co.in,
2007-06-20 11:54:30 EDT,grant_gayed@ca.ibm.com,Status,RESOLVED,NEW
2007-06-20 11:54:30 EDT,grant_gayed@ca.ibm.com,Resolution,FIXED,---
2007-07-10 17:03:25 EDT,grant_gayed@ca.ibm.com,Target Milestone,3.4 M1,3.4
2007-08-31 10:17:49 EDT,grant_gayed@ca.ibm.com,CC,kdpraveen@novell.com,
2007-09-14 15:25:07 EDT,grant_gayed@ca.ibm.com,CC,m.dickie@querix.com,
2008-03-25 13:56:45 EDT,grant_gayed@ca.ibm.com,CC,johnthuss@gmail.com,
2008-04-25 15:33:17 EDT,grant_gayed@ca.ibm.com,CC,eclipse-bugs@ginguppin.de,
2008-07-24 09:27:50 EDT,grant_gayed@ca.ibm.com,CC,marek.zawirski@gmail.com,
