When, Who, What, Added, Removed
2004-12-19 12:08:18 EST,nico@seessle.de,Version,3.1,3.0
2004-12-21 06:57:09 EST,dirk_baeumer@ch.ibm.com,CC,kagrama@hotmail.com,
2004-12-23 13:30:11 EST,dirk_baeumer@ch.ibm.com,Assignee,tobias_widmer@ch.ibm.com,jdt-ui-inbox@eclipse.org
2004-12-23 13:30:11 EST,dirk_baeumer@ch.ibm.com,Priority,P2,P3
2004-12-23 13:30:11 EST,dirk_baeumer@ch.ibm.com,Target Milestone,3.1 M5,---
2005-01-03 05:44:14 EST,tobias_widmer@ch.ibm.com,Status,RESOLVED,NEW
2005-01-03 05:44:14 EST,tobias_widmer@ch.ibm.com,Resolution,FIXED,---
2005-02-14 09:58:50 EST,tobias_widmer@ch.ibm.com,CC,lukrez@gmx.at,
2005-02-18 04:33:19 EST,aeschli@gmail.com,Status,VERIFIED,RESOLVED
