When, Who, What, Added, Removed
2004-12-20 09:56:11 EST,nick_edgar@ca.ibm.com,Summary,[RCP] [Wizards] Missing icons: wiz_new.gif,Missing icons: wiz_new.gif
2004-12-20 09:56:11 EST,nick_edgar@ca.ibm.com,Target Milestone,3.1 M5,---
2004-12-21 11:09:30 EST,nick_edgar@ca.ibm.com,Status,ASSIGNED,NEW
2004-12-21 11:09:30 EST,nick_edgar@ca.ibm.com,Summary,[RCP] [Wizards] Missing icons for wizards,[RCP] [Wizards] Missing icons: wiz_new.gif
2004-12-21 13:06:33 EST,nick_edgar@ca.ibm.com,Status,RESOLVED,ASSIGNED
2004-12-21 13:06:33 EST,nick_edgar@ca.ibm.com,Resolution,FIXED,---
2005-02-16 16:11:44 EST,nick_edgar@ca.ibm.com,Status,VERIFIED,RESOLVED
