When, Who, What, Added, Removed
2004-12-20 03:03:01 EST,philippe_mulet@fr.ibm.com,Assignee,kent_johnson@ca.ibm.com,jdt-core-inbox@eclipse.org
2004-12-21 16:02:45 EST,kent_johnson@ca.ibm.com,Status,RESOLVED,NEW
2004-12-21 16:02:45 EST,kent_johnson@ca.ibm.com,Resolution,FIXED,---
2004-12-21 16:02:45 EST,kent_johnson@ca.ibm.com,Target Milestone,3.1 M5,---
2005-01-11 07:45:32 EST,philippe_mulet@fr.ibm.com,CC,rlenard@avaya.com,
2005-01-11 10:58:16 EST,kent_johnson@ca.ibm.com,CC,eclipse.org@davelink.net,
2005-01-17 04:27:33 EST,jerome_lanneluc@fr.ibm.com,CC,lbloom@gmx.net,
2005-01-19 22:47:22 EST,qualidafial@gmail.com,CC,matthall@woodcraftmill.com,
2005-02-16 05:57:56 EST,david_audel@fr.ibm.com,Status,VERIFIED,RESOLVED
