When, Who, What, Added, Removed
2004-12-29 04:14:38 EST,naci.dai@eteration.com,Status,ASSIGNED,NEW
2005-07-05 04:47:08 EDT,naci.dai@eteration.com,Assignee,jeffliu@ca.ibm.com,webtools.releng-inbox@eclipse.org
2005-07-05 04:47:08 EDT,naci.dai@eteration.com,Status,NEW,ASSIGNED
2005-07-06 11:12:25 EDT,jeffliu@ca.ibm.com,Status,ASSIGNED,NEW
2005-07-06 11:12:39 EDT,jeffliu@ca.ibm.com,Status,RESOLVED,ASSIGNED
2005-07-06 11:12:39 EDT,jeffliu@ca.ibm.com,Resolution,FIXED,---
2005-07-18 14:27:00 EDT,david_williams@us.ibm.com,Status,VERIFIED,RESOLVED
2005-07-18 15:30:36 EDT,jeffliu@ca.ibm.com,Status,CLOSED,VERIFIED
