When, Who, What, Added, Removed
2004-12-20 09:38:10 EST,cbridgha@us.ibm.com,Assignee,jsholl@us.ibm.com,jst.j2ee-inbox@eclipse.org
2005-01-05 13:53:18 EST,cbridgha@us.ibm.com,CC,stessydelcroix@tiscali.be,
2005-01-20 14:14:01 EST,cbridgha@us.ibm.com,Assignee,nssheth@us.ibm.com,jsholl@us.ibm.com
2005-02-22 17:01:13 EST,cbridgha@us.ibm.com,Assignee,dfholt@us.ibm.com,nssheth@us.ibm.com
2005-02-22 17:01:13 EST,cbridgha@us.ibm.com,Target Milestone,1.0 M3,---
2005-02-22 17:34:55 EST,dfholt@us.ibm.com,Status,ASSIGNED,NEW
2005-02-22 17:36:34 EST,dfholt@us.ibm.com,Status,RESOLVED,ASSIGNED
2005-02-22 17:36:34 EST,dfholt@us.ibm.com,Resolution,FIXED,---
2005-06-20 09:24:27 EDT,naci.dai@eteration.com,Status,CLOSED,RESOLVED
