When, Who, What, Added, Removed
2004-12-19 17:34:52 EST,mpchapman@gmail.com,Status,RESOLVED,NEW
2004-12-19 17:34:52 EST,mpchapman@gmail.com,Resolution,LATER,---
2005-07-13 13:31:36 EDT,pombredanne@nexb.com,CC,pombredanne@nexb.com,
2009-08-30 02:51:10 EDT,webmaster@eclipse.org,Priority,P5,P3
2009-08-30 02:51:10 EDT,webmaster@eclipse.org,Status,REOPENED,RESOLVED
2009-08-30 02:51:10 EDT,webmaster@eclipse.org,Resolution,---,LATER
2009-09-24 18:25:25 EDT,andrew.eisenberg@gmail.com,Status,RESOLVED,REOPENED
2009-09-24 18:25:25 EDT,andrew.eisenberg@gmail.com,Resolution,FIXED,---
2009-09-24 18:25:25 EDT,andrew.eisenberg@gmail.com,Target Milestone,2.0.1,---
