When, Who, What, Added, Removed
2004-12-19 20:56:14 EST,eclipse@pookzilla.net,Assignee,sxenos@ca.ibm.com,Platform-UI-Inbox@eclipse.org
2004-12-19 20:56:14 EST,eclipse@pookzilla.net,Summary,[PresentationAPI] 5 image's leaked each time Java Perspective opened,5 image's leaked each time Java Perspective opened
2004-12-22 08:57:07 EST,fraenkel@us.ibm.com,CC,fraenkel@us.ibm.com,
2005-07-25 13:16:38 EDT,sxenos@gmail.com,Assignee,mvm@ca.ibm.com,sxenos@gmail.com
2005-08-31 14:02:57 EDT,michaelvanmeekeren@yahoo.ca,Priority,P2,P3
2005-09-19 09:17:39 EDT,michaelvanmeekeren@yahoo.ca,Status,RESOLVED,NEW
2005-09-19 09:17:39 EDT,michaelvanmeekeren@yahoo.ca,Resolution,FIXED,---
2005-09-19 09:17:39 EDT,michaelvanmeekeren@yahoo.ca,Target Milestone,3.1,---
