When, Who, What, Added, Removed
2004-12-22 12:25:17 EST,snorthov@ca.ibm.com,Assignee,Platform-UI-Inbox@eclipse.org,platform-swt-inbox@eclipse.org
2004-12-22 12:25:17 EST,snorthov@ca.ibm.com,Component,UI,SWT
2004-12-22 13:47:25 EST,eclipse@pookzilla.net,Assignee,Tod_Creasey@ca.ibm.com,Platform-UI-Inbox@eclipse.org
2004-12-22 13:47:25 EST,eclipse@pookzilla.net,Summary,[Viewers] AssertionFailedException when navigating virtual tables,AssertionFailedException when navigating virtual tables
2004-12-22 14:27:01 EST,Tod_Creasey@ca.ibm.com,Status,ASSIGNED,NEW
2004-12-22 14:27:01 EST,Tod_Creasey@ca.ibm.com,Priority,P2,P3
2005-01-28 07:57:41 EST,Tod_Creasey@ca.ibm.com,Status,RESOLVED,ASSIGNED
2005-01-28 07:57:41 EST,Tod_Creasey@ca.ibm.com,Resolution,FIXED,---
2005-01-28 07:57:41 EST,Tod_Creasey@ca.ibm.com,Target Milestone,3.1 M5,---
2005-02-16 15:11:04 EST,Tod_Creasey@ca.ibm.com,Status,VERIFIED,RESOLVED
