When, Who, What, Added, Removed
2004-12-20 09:40:42 EST,cbridgha@us.ibm.com,Assignee,nagrawal@us.ibm.com,wst.common-inbox@eclipse.org
2005-02-23 13:21:19 EST,cbridgha@us.ibm.com,Target Milestone,1.0 M4,---
2005-04-26 11:20:04 EDT,nagrawal@us.ibm.com,Target Milestone,1.0 M5,1.0 M4
2005-07-01 10:16:08 EDT,cbridgha@us.ibm.com,Target Milestone,1.0 M6,1.0 M5
2005-07-11 15:04:00 EDT,nagrawal@us.ibm.com,Assignee,wst.common-inbox@eclipse.org,nagrawal@us.ibm.com
2005-07-11 15:04:00 EDT,nagrawal@us.ibm.com,Target Milestone,1.0 M8,1.0 M6
2005-07-27 10:23:57 EDT,cbridgha@us.ibm.com,Assignee,nagrawal@us.ibm.com,wst.common-inbox@eclipse.org
2005-08-02 15:54:46 EDT,nagrawal@us.ibm.com,Target Milestone,---,1.0 M8
2006-05-12 13:44:06 EDT,jlanuti@us.ibm.com,Status,RESOLVED,NEW
2006-05-12 13:44:06 EDT,jlanuti@us.ibm.com,Resolution,FIXED,---
2006-09-11 10:16:18 EDT,david_williams@us.ibm.com,Status,VERIFIED,RESOLVED
2006-09-25 15:51:33 EDT,nagrawal@us.ibm.com,Status,CLOSED,VERIFIED
