When, Who, What, Added, Removed
2004-12-20 04:33:30 EST,dirk_baeumer@ch.ibm.com,Assignee,jdt-text-inbox@eclipse.org,jdt-ui-inbox@eclipse.org
2004-12-20 04:33:30 EST,dirk_baeumer@ch.ibm.com,Component,Text,UI
2004-12-20 04:33:30 EST,dirk_baeumer@ch.ibm.com,Summary,Combined Hover does not work in ja_JP locale with NLPack,Combined Hover does not work in ja_JP locale with NLPack
2004-12-20 05:49:46 EST,daniel_megert@ch.ibm.com,Status,RESOLVED,NEW
2004-12-20 05:49:46 EST,daniel_megert@ch.ibm.com,Resolution,REMIND,---
2005-01-03 10:51:21 EST,daniel_megert@ch.ibm.com,Status,REOPENED,RESOLVED
2005-01-03 10:51:21 EST,daniel_megert@ch.ibm.com,Resolution,---,REMIND
2005-01-03 10:52:13 EST,daniel_megert@ch.ibm.com,Status,RESOLVED,REOPENED
2005-01-03 10:52:13 EST,daniel_megert@ch.ibm.com,Keywords,nl,
2005-01-03 10:52:13 EST,daniel_megert@ch.ibm.com,Resolution,FIXED,---
2005-01-03 10:52:13 EST,daniel_megert@ch.ibm.com,Summary,[hovering] Combined Hover does not work in ja_JP locale with NLPack,Combined Hover does not work in ja_JP locale with NLPack
2005-01-03 10:52:13 EST,daniel_megert@ch.ibm.com,Target Milestone,3.1 M5,---
