When, Who, What, Added, Removed
2004-12-21 14:47:08 EST,alain@qnx.com,Status,RESOLVED,NEW
2004-12-21 14:47:08 EST,alain@qnx.com,Resolution,FIXED,---
2004-12-22 02:52:58 EST,tomaszewski.p@poczta.fm,Status,VERIFIED,RESOLVED
2006-05-17 23:20:57 EDT,dschaefer@qnx.com,Target Milestone,3.0,---
2007-05-29 14:20:54 EDT,dschaefer@qnx.com,Keywords,contributed,
2008-06-18 19:15:50 EDT,bjorn.freeman-benson@eclipse.org,Attachment #16760                Flags,iplog+,
2009-01-09 14:58:20 EST,dschaefer@qnx.com,Component,cdt-core,deprecated7
