When, Who, What, Added, Removed
2005-01-05 11:52:11 EST,panagiotis.korros@gmail.com,CC,panagiotis.korros@gmail.com,
2005-02-05 13:16:12 EST,andreas@schildbach.de,CC,bugs.eclipse.org@schildbach.de,
2005-04-24 02:45:26 EDT,david_williams@us.ibm.com,Assignee,wst.server-inbox@eclipse.org,wtp-dev@eclipse.org
2005-04-24 02:45:26 EDT,david_williams@us.ibm.com,Component,wst.server,Web Standard Tools
2005-04-24 15:00:21 EDT,gorkem.ercan@gmail.com,Severity,enhancement,normal
2005-04-24 15:01:36 EDT,deboer@ca.ibm.com,Assignee,deboer@ca.ibm.com,wst.server-inbox@eclipse.org
2005-04-24 15:02:12 EDT,deboer@ca.ibm.com,Status,ASSIGNED,NEW
2005-04-24 21:11:38 EDT,deboer@ca.ibm.com,Priority,P2,P3
2005-04-24 21:36:51 EDT,deboer@ca.ibm.com,Status,RESOLVED,ASSIGNED
2005-04-24 21:36:51 EDT,deboer@ca.ibm.com,Resolution,FIXED,---
2005-06-30 00:10:20 EDT,gunnar@wagenknecht.org,CC,jeffliu@ca.ibm.com,
2005-07-05 11:53:24 EDT,deboer@ca.ibm.com,Status,CLOSED,RESOLVED
