When, Who, What, Added, Removed
2004-12-20 10:01:52 EST,eclipse@pookzilla.net,Assignee,Tod_Creasey@ca.ibm.com,Platform-UI-Inbox@eclipse.org
2004-12-20 10:01:52 EST,eclipse@pookzilla.net,Summary,[Preferences] Preferences dialog not layouted properly,Preferences dialog not layouted properly
2004-12-20 10:06:43 EST,Tod_Creasey@ca.ibm.com,Status,ASSIGNED,NEW
2004-12-20 10:06:43 EST,Tod_Creasey@ca.ibm.com,Priority,P2,P3
2005-01-05 15:07:47 EST,Tod_Creasey@ca.ibm.com,Status,RESOLVED,ASSIGNED
2005-01-05 15:07:47 EST,Tod_Creasey@ca.ibm.com,Resolution,FIXED,---
2005-01-05 15:07:47 EST,Tod_Creasey@ca.ibm.com,Target Milestone,3.1 M5,---
2005-02-16 15:12:57 EST,Tod_Creasey@ca.ibm.com,Status,VERIFIED,RESOLVED
