When, Who, What, Added, Removed
2004-12-20 12:33:21 EST,smith@ca.ibm.com,Target Milestone,3.3,---
2004-12-20 12:35:31 EST,ewchan@ca.ibm.com,Status,ASSIGNED,NEW
2005-01-10 18:14:34 EST,smith@ca.ibm.com,Target Milestone,3.3 i1,3.3
2005-01-11 15:10:43 EST,smith@ca.ibm.com,Status,RESOLVED,ASSIGNED
2005-01-11 15:10:43 EST,smith@ca.ibm.com,Resolution,FIXED,---
2009-06-30 09:34:57 EDT,paules@ca.ibm.com,Status,CLOSED,RESOLVED
2009-06-30 09:34:57 EDT,paules@ca.ibm.com,Whiteboard,closed460,
2012-02-15 13:42:27 EST,webmaster@eclipse.org,Component,Hyades,Exec.logging
2012-02-15 13:42:27 EST,webmaster@eclipse.org,Version,unspecified,3.2
2012-02-15 13:42:27 EST,webmaster@eclipse.org,Product,z_Archived,Hyades
2012-02-15 13:42:27 EST,webmaster@eclipse.org,Target Milestone,---,3.3 i1
