When, Who, What, Added, Removed
2004-12-20 11:14:44 EST,eclipse@pookzilla.net,Assignee,sxenos@ca.ibm.com,Platform-UI-Inbox@eclipse.org
2004-12-20 11:14:44 EST,eclipse@pookzilla.net,Summary,[RCP] [PresentationAPI] StackPresentation needs to specify minimum width,[RCP] [Presentations] StackPresentation needs to specify minimum width
2004-12-22 14:06:10 EST,nick_edgar@ca.ibm.com,Target Milestone,3.1 M5,---
2005-01-04 15:42:33 EST,sxenos@gmail.com,Status,RESOLVED,NEW
2005-01-04 15:42:33 EST,sxenos@gmail.com,Resolution,FIXED,---
2005-01-04 15:42:33 EST,sxenos@gmail.com,Target Milestone,3.1 M2,3.1 M5
