When, Who, What, Added, Removed
2004-12-20 10:03:26 EST,nitind@us.ibm.com,Assignee,nitind@us.ibm.com,jst.jsp-inbox@eclipse.org
2004-12-20 12:20:14 EST,nitind@us.ibm.com,Status,ASSIGNED,NEW
2004-12-20 12:20:14 EST,nitind@us.ibm.com,Priority,P2,P3
2004-12-20 12:20:14 EST,nitind@us.ibm.com,Summary,NPE in TaglibIndex$ResourceChangeListener when cloising/opening projects,NPE in TaglibIndex$ResourceChangeListener
2004-12-20 12:33:15 EST,nitind@us.ibm.com,Status,RESOLVED,ASSIGNED
2004-12-20 12:33:15 EST,nitind@us.ibm.com,OS,All,Windows XP
2004-12-20 12:33:15 EST,nitind@us.ibm.com,Hardware,All,PC
2004-12-20 12:33:15 EST,nitind@us.ibm.com,Resolution,FIXED,---
2004-12-20 12:33:15 EST,nitind@us.ibm.com,Summary,NPE in TaglibIndex$ResourceChangeListener when closing/opening projects,NPE in TaglibIndex$ResourceChangeListener when cloising/opening projects
2005-06-30 00:10:36 EDT,gunnar@wagenknecht.org,CC,jeffliu@ca.ibm.com,
2005-06-30 00:15:18 EDT,gunnar@wagenknecht.org,Status,VERIFIED,RESOLVED
2005-07-20 23:11:05 EDT,david_williams@us.ibm.com,Status,CLOSED,VERIFIED
