When, Who, What, Added, Removed
2004-12-20 08:46:23 EST,eclipse@pookzilla.net,Assignee,mvm@ca.ibm.com,Platform-UI-Inbox@eclipse.org
2004-12-20 08:46:23 EST,eclipse@pookzilla.net,Summary,[ErrorHandling] PartInitException should handle CoreException,PartInitException should handle CoreException
2004-12-23 12:35:27 EST,sxenos@gmail.com,CC,sxenos@ca.ibm.com,
2004-12-23 12:35:27 EST,sxenos@gmail.com,Assignee,platform-runtime-inbox@eclipse.org,mvm@ca.ibm.com
2004-12-23 12:35:27 EST,sxenos@gmail.com,Component,Runtime,UI
2004-12-23 12:37:14 EST,sxenos@gmail.com,Summary,[ErrorHandling] CoreException should provide an easy way to wrap itself (and other wrappers) recursively,[ErrorHandling] PartInitException should handle CoreException
2005-02-23 18:55:40 EST,sxenos@gmail.com,CC,john_arthorne@ca.ibm.com,
2005-02-24 10:47:42 EST,john_arthorne@ca.ibm.com,Assignee,john_arthorne@ca.ibm.com,platform-runtime-inbox@eclipse.org
2005-11-22 15:42:20 EST,john_arthorne@ca.ibm.com,Assignee,equinox.bundles-inbox@eclipse.org,john_arthorne@ca.ibm.com
2005-11-22 15:42:20 EST,john_arthorne@ca.ibm.com,Component,Bundles,Runtime
2005-11-22 15:42:20 EST,john_arthorne@ca.ibm.com,Product,Equinox,Platform
2006-04-06 11:21:00 EDT,pascal@rapicorp.com,Assignee,dj_houghton@ca.ibm.com,equinox.bundles-inbox@eclipse.org
2006-04-10 16:38:57 EDT,tjwatson@us.ibm.com,Status,ASSIGNED,NEW
2006-04-10 16:38:57 EDT,tjwatson@us.ibm.com,Target Milestone,3.3,---
2006-08-16 13:13:53 EDT,celek@ca.ibm.com,CC,celek@ca.ibm.com,
2007-04-04 15:35:41 EDT,dj_houghton@ca.ibm.com,Target Milestone,3.4,3.3
2007-04-06 20:36:10 EDT,elias@eclipsesource.com,CC,evolanakis@innoopract.com,
2007-06-22 09:32:01 EDT,markus_keller@ch.ibm.com,CC,markus_keller@ch.ibm.com,
2007-12-07 10:56:35 EST,tjwatson@us.ibm.com,CC,obesedin@ca.ibm.com, tjwatson@us.ibm.com,
2007-12-07 10:56:35 EST,tjwatson@us.ibm.com,Target Milestone,3.4 M5,3.4
2008-02-07 11:38:05 EST,dj_houghton@ca.ibm.com,Target Milestone,3.4 M6,3.4 M5
2008-02-08 10:45:24 EST,dj_houghton@ca.ibm.com,Attachment #18265                Attachment is obsolete,1,0
2008-03-18 14:55:49 EDT,dj_houghton@ca.ibm.com,Status,RESOLVED,ASSIGNED
2008-03-18 14:55:49 EDT,dj_houghton@ca.ibm.com,Resolution,FIXED,---
