When, Who, What, Added, Removed
2004-12-20 11:42:27 EST,khalsted@ca.ibm.com,Status,RESOLVED,NEW
2004-12-20 11:42:27 EST,khalsted@ca.ibm.com,Resolution,FIXED,---
2005-02-15 13:21:56 EST,khalsted@ca.ibm.com,Target Milestone,3.2 i2,---
2009-06-30 12:40:57 EDT,paules@ca.ibm.com,Status,CLOSED,RESOLVED
2009-06-30 12:40:57 EDT,paules@ca.ibm.com,Whiteboard,closed460,
2012-02-15 13:44:06 EST,webmaster@eclipse.org,Component,Hyades,Test.http
2012-02-15 13:44:06 EST,webmaster@eclipse.org,Version,unspecified,3.2
2012-02-15 13:44:06 EST,webmaster@eclipse.org,Product,z_Archived,Hyades
2012-02-15 13:44:06 EST,webmaster@eclipse.org,Target Milestone,---,3.2 i2
