When, Who, What, Added, Removed
2004-12-22 12:20:21 EST,khalsted@ca.ibm.com,Status,RESOLVED,NEW
2004-12-22 12:20:21 EST,khalsted@ca.ibm.com,Resolution,FIXED,---
2004-12-23 14:10:46 EST,apnan@ca.ibm.com,Status,VERIFIED,RESOLVED
2005-02-15 13:22:52 EST,khalsted@ca.ibm.com,Target Milestone,3.2 i2,---
2009-06-30 10:30:26 EDT,paules@ca.ibm.com,Status,CLOSED,VERIFIED
2009-06-30 10:30:26 EDT,paules@ca.ibm.com,Whiteboard,closed460,
2012-02-15 13:42:21 EST,webmaster@eclipse.org,Component,Hyades,UI.log_view
2012-02-15 13:42:21 EST,webmaster@eclipse.org,Version,unspecified,3.2
2012-02-15 13:42:21 EST,webmaster@eclipse.org,Product,z_Archived,Hyades
2012-02-15 13:42:21 EST,webmaster@eclipse.org,Target Milestone,---,3.2 i2
