When, Who, What, Added, Removed
2004-12-22 09:36:16 EST,darin.eclipse@gmail.com,Status,ASSIGNED,NEW
2004-12-22 09:36:16 EST,darin.eclipse@gmail.com,Priority,P2,P3
2004-12-22 09:36:16 EST,darin.eclipse@gmail.com,Target Milestone,3.1,---
2005-01-13 14:54:11 EST,jared_burns@us.ibm.com,Assignee,jaredburns@acm.org,jdt-debug-inbox@eclipse.org
2005-01-13 14:54:11 EST,jared_burns@us.ibm.com,Status,NEW,ASSIGNED
2005-01-13 16:29:30 EST,jared_burns@us.ibm.com,CC,darin_wright@ca.ibm.com,
2005-01-14 16:28:14 EST,jared_burns@us.ibm.com,Assignee,Darin_Wright@ca.ibm.com,jaredburns@acm.org
2005-01-14 16:30:22 EST,jared_burns@us.ibm.com,Status,RESOLVED,NEW
2005-01-14 16:30:22 EST,jared_burns@us.ibm.com,Resolution,FIXED,---
2005-01-14 16:30:22 EST,jared_burns@us.ibm.com,Target Milestone,3.1 M5,3.1
2005-01-17 10:17:20 EST,darin.eclipse@gmail.com,Status,REOPENED,RESOLVED
2005-01-17 10:17:20 EST,darin.eclipse@gmail.com,Resolution,---,FIXED
2005-01-19 08:31:09 EST,darin.eclipse@gmail.com,CC,darin_swanson@us.ibm.com,
2005-01-19 08:31:09 EST,darin.eclipse@gmail.com,Status,RESOLVED,REOPENED
2005-01-19 08:31:09 EST,darin.eclipse@gmail.com,Resolution,FIXED,---
2005-01-19 08:31:25 EST,darin.eclipse@gmail.com,Status,VERIFIED,RESOLVED
