When, Who, What, Added, Removed
2004-12-20 17:12:13 EST,cbridgha@us.ibm.com,Assignee,nssheth@us.ibm.com,jst.j2ee-inbox@eclipse.org
2004-12-20 17:12:13 EST,cbridgha@us.ibm.com,Summary,One last "PDE Error" in 'released projects'.,One last "PDE Error" in 'released projects'.
2005-01-17 14:09:19 EST,nssheth@us.ibm.com,Status,RESOLVED,NEW
2005-01-17 14:09:19 EST,nssheth@us.ibm.com,Resolution,FIXED,---
2005-06-15 23:06:49 EDT,david_williams@us.ibm.com,Status,VERIFIED,RESOLVED
2005-06-15 23:06:49 EDT,david_williams@us.ibm.com,Version,0.7,unspecified
2005-06-15 23:08:29 EDT,david_williams@us.ibm.com,Status,CLOSED,VERIFIED
