When, Who, What, Added, Removed
2004-12-20 13:04:24 EST,smith@ca.ibm.com,Target Milestone,3.2 i2,---
2004-12-22 12:29:31 EST,khalsted@ca.ibm.com,Status,RESOLVED,NEW
2004-12-22 12:29:31 EST,khalsted@ca.ibm.com,Resolution,FIXED,---
2005-01-04 11:26:24 EST,smith@ca.ibm.com,Status,VERIFIED,RESOLVED
2005-01-04 11:26:54 EST,smith@ca.ibm.com,Status,CLOSED,VERIFIED
2012-02-14 16:10:15 EST,webmaster@eclipse.org,Component,Hyades,Hyades
2012-02-14 16:10:15 EST,webmaster@eclipse.org,Version,unspecified,3.2
2012-02-14 16:10:15 EST,webmaster@eclipse.org,Product,z_Archived,Hyades
2012-02-14 16:10:15 EST,webmaster@eclipse.org,Target Milestone,---,3.2 i2
