When, Who, What, Added, Removed
2004-12-23 16:47:53 EST,gorkem.ercan@gmail.com,CC,gercan@acm.org,
2005-01-09 19:29:36 EST,deboer@ca.ibm.com,Assignee,deboer@ca.ibm.com,wst.server-inbox@eclipse.org
2005-02-21 11:07:52 EST,deboer@ca.ibm.com,Status,RESOLVED,NEW
2005-02-21 11:07:52 EST,deboer@ca.ibm.com,Resolution,FIXED,---
2005-06-15 23:06:56 EDT,david_williams@us.ibm.com,Status,VERIFIED,RESOLVED
2005-06-15 23:06:56 EDT,david_williams@us.ibm.com,Version,0.7,unspecified
2005-06-15 23:08:36 EDT,david_williams@us.ibm.com,Status,CLOSED,VERIFIED
