When, Who, What, Added, Removed
2004-12-30 14:09:54 EST,dpchou@us.ibm.com,Depends on,80190,
2004-12-30 14:09:54 EST,dpchou@us.ibm.com,Status,ASSIGNED,NEW
2005-06-29 21:30:58 EDT,dpchou@us.ibm.com,Assignee,ledunnel@us.ibm.com,wst.rdb-inbox@eclipse.org
2005-06-29 21:30:58 EDT,dpchou@us.ibm.com,Status,NEW,ASSIGNED
2005-06-29 21:30:58 EDT,dpchou@us.ibm.com,Target Milestone,1.0 M8,---
2005-06-30 01:28:07 EDT,dpchou@us.ibm.com,Status,ASSIGNED,NEW
2005-07-05 13:22:56 EDT,ledunnel@us.ibm.com,Status,RESOLVED,ASSIGNED
2005-07-05 13:22:56 EDT,ledunnel@us.ibm.com,Resolution,FIXED,---
2005-11-23 11:20:08 EST,deboer@ca.ibm.com,Status,CLOSED,RESOLVED
2013-02-20 16:06:34 EST,webmaster@eclipse.org,Component,WTP Datatools,wst.rdb
2013-02-20 16:06:34 EST,webmaster@eclipse.org,Product,z_Archived,WTP Datatools
