When, Who, What, Added, Removed
2004-12-20 17:13:46 EST,cbridgha@us.ibm.com,Assignee,jialin@us.ibm.com,jst.j2ee-inbox@eclipse.org
2004-12-21 03:02:19 EST,panagiotis.korros@gmail.com,CC,panagiotis.korros@gmail.com,
2005-02-23 09:32:43 EST,jialin@us.ibm.com,Target Milestone,1.0 M4,---
2005-04-18 11:42:37 EDT,jialin@us.ibm.com,Status,RESOLVED,NEW
2005-04-18 11:42:37 EDT,jialin@us.ibm.com,Resolution,FIXED,---
2005-07-12 16:32:46 EDT,deboer@ca.ibm.com,Status,REOPENED,RESOLVED
2005-07-12 16:32:46 EDT,deboer@ca.ibm.com,Resolution,---,FIXED
2005-07-13 10:37:29 EDT,cbridgha@us.ibm.com,Target Milestone,1.0 M8,1.0 M4
2005-08-02 13:47:28 EDT,jialin@us.ibm.com,Status,RESOLVED,REOPENED
2005-08-02 13:47:28 EDT,jialin@us.ibm.com,Resolution,FIXED,---
2005-11-23 11:19:35 EST,deboer@ca.ibm.com,Status,CLOSED,RESOLVED
