When, Who, What, Added, Removed
2004-12-20 15:31:53 EST,eclipse@pookzilla.net,Assignee,Tod_Creasey@ca.ibm.com,Platform-UI-Inbox@eclipse.org
2004-12-20 15:31:53 EST,eclipse@pookzilla.net,Summary,[Progress] NPE in JobErrorDialog,NPE in JobErrorDialog
2004-12-20 16:44:21 EST,Tod_Creasey@ca.ibm.com,CC,Michael_Valenta@ca.ibm.com,
2004-12-20 16:44:21 EST,Tod_Creasey@ca.ibm.com,Status,ASSIGNED,NEW
2004-12-20 16:44:21 EST,Tod_Creasey@ca.ibm.com,Priority,P2,P3
2004-12-22 22:23:08 EST,fraenkel@us.ibm.com,CC,fraenkel@us.ibm.com,
2005-01-07 09:26:45 EST,Tod_Creasey@ca.ibm.com,Status,RESOLVED,ASSIGNED
2005-01-07 09:26:45 EST,Tod_Creasey@ca.ibm.com,Resolution,FIXED,---
2005-01-07 09:26:45 EST,Tod_Creasey@ca.ibm.com,Target Milestone,3.1 M5,---
2005-02-16 15:15:45 EST,Tod_Creasey@ca.ibm.com,Status,VERIFIED,RESOLVED
