When, Who, What, Added, Removed
2004-12-20 15:32:30 EST,eclipse@pookzilla.net,Assignee,Tod_Creasey@ca.ibm.com,Platform-UI-Inbox@eclipse.org
2004-12-20 15:32:30 EST,eclipse@pookzilla.net,Summary,[Progress] ArrayIndexOutOfBoundsException in progress viewer code,ArrayIndexOutOfBoundsException in progress viewer code
2004-12-20 16:45:08 EST,Tod_Creasey@ca.ibm.com,Status,ASSIGNED,NEW
2004-12-20 16:45:08 EST,Tod_Creasey@ca.ibm.com,Priority,P2,P3
2005-04-28 10:50:39 EDT,Tod_Creasey@ca.ibm.com,Target Milestone,3.1,---
2005-04-28 10:58:16 EDT,Tod_Creasey@ca.ibm.com,CC,eclipse@tom.eicher.name,
2005-04-29 12:04:35 EDT,Tod_Creasey@ca.ibm.com,Status,RESOLVED,ASSIGNED
2005-04-29 12:04:35 EDT,Tod_Creasey@ca.ibm.com,Resolution,FIXED,---
2005-04-29 12:04:35 EDT,Tod_Creasey@ca.ibm.com,Target Milestone,3.1 M7,3.1
2005-05-10 14:51:22 EDT,Tod_Creasey@ca.ibm.com,Status,VERIFIED,RESOLVED
