When, Who, What, Added, Removed
2004-12-20 16:58:17 EST,smith@ca.ibm.com,Target Milestone,3.2 i2,---
2004-12-22 13:49:04 EST,khalsted@ca.ibm.com,Status,RESOLVED,NEW
2004-12-22 13:49:04 EST,khalsted@ca.ibm.com,Resolution,FIXED,---
2005-01-04 11:23:33 EST,smith@ca.ibm.com,Status,VERIFIED,RESOLVED
2005-01-04 11:23:59 EST,smith@ca.ibm.com,Status,CLOSED,VERIFIED
2012-02-15 13:42:46 EST,webmaster@eclipse.org,Component,Hyades,Hyades
2012-02-15 13:42:46 EST,webmaster@eclipse.org,Version,unspecified,3.2
2012-02-15 13:42:46 EST,webmaster@eclipse.org,Product,z_Archived,Hyades
2012-02-15 13:42:46 EST,webmaster@eclipse.org,Target Milestone,---,3.2 i2
