When, Who, What, Added, Removed
2004-12-30 14:11:06 EST,dpchou@us.ibm.com,Status,ASSIGNED,NEW
2004-12-30 14:11:06 EST,dpchou@us.ibm.com,Summary,Non-standard "new" menu item,Non-standard "new" menu item
2005-06-24 19:10:28 EDT,ledunnel@us.ibm.com,Status,RESOLVED,ASSIGNED
2005-06-24 19:10:28 EDT,ledunnel@us.ibm.com,Resolution,FIXED,---
2005-06-24 19:10:45 EDT,ledunnel@us.ibm.com,Status,CLOSED,RESOLVED
2013-02-20 16:06:17 EST,webmaster@eclipse.org,Component,WTP Datatools,wst.rdb
2013-02-20 16:06:17 EST,webmaster@eclipse.org,Product,z_Archived,WTP Datatools
