When, Who, What, Added, Removed
2004-12-21 07:11:47 EST,dirk_baeumer@ch.ibm.com,Assignee,platform-text-inbox@eclipse.org,jdt-ui-inbox@eclipse.org
2004-12-21 07:11:47 EST,dirk_baeumer@ch.ibm.com,Severity,major,normal
2004-12-21 07:11:47 EST,dirk_baeumer@ch.ibm.com,Component,Text,UI
2004-12-21 07:11:47 EST,dirk_baeumer@ch.ibm.com,Priority,P2,P3
2004-12-21 07:11:47 EST,dirk_baeumer@ch.ibm.com,Product,Platform,JDT
2004-12-21 12:51:34 EST,daniel_megert@ch.ibm.com,Assignee,daniel_megert@ch.ibm.com,platform-text-inbox@eclipse.org
2004-12-21 12:51:34 EST,daniel_megert@ch.ibm.com,Target Milestone,3.1 M5,---
2004-12-22 08:23:23 EST,daniel_megert@ch.ibm.com,Status,RESOLVED,NEW
2004-12-22 08:23:23 EST,daniel_megert@ch.ibm.com,Resolution,FIXED,---
2004-12-22 08:24:12 EST,daniel_megert@ch.ibm.com,Summary,[implementation] Error renaming plugin.xml,Error renaming Plugin project
2005-02-18 04:36:48 EST,aeschli@gmail.com,Status,VERIFIED,RESOLVED
