When, Who, What, Added, Removed
2004-12-20 18:00:05 EST,jkrause@innoopract.de,CC,naci.dai@eteration.com,
2005-04-24 01:46:15 EDT,david_williams@us.ibm.com,Assignee,naci.dai@eteration.com,wtp-dev@eclipse.org
2005-04-25 09:43:56 EDT,naci.dai@eteration.com,Status,RESOLVED,NEW
2005-04-25 09:43:56 EDT,naci.dai@eteration.com,Resolution,FIXED,---
2005-06-25 19:45:23 EDT,david_williams@us.ibm.com,Status,REOPENED,RESOLVED
2005-06-25 19:45:23 EDT,david_williams@us.ibm.com,Resolution,---,FIXED
2005-06-25 19:45:39 EDT,david_williams@us.ibm.com,Assignee,david_williams@us.ibm.com,naci.dai@eteration.com
2005-06-25 19:45:39 EDT,david_williams@us.ibm.com,Status,NEW,REOPENED
2005-06-25 19:45:58 EDT,david_williams@us.ibm.com,Status,ASSIGNED,NEW
2005-06-26 22:17:09 EDT,david_williams@us.ibm.com,Status,RESOLVED,ASSIGNED
2005-06-26 22:17:09 EDT,david_williams@us.ibm.com,Resolution,FIXED,---
2005-07-25 12:10:25 EDT,david_williams@us.ibm.com,Status,VERIFIED,RESOLVED
2006-11-28 15:37:33 EST,jlanuti@us.ibm.com,Status,CLOSED,VERIFIED
