When, Who, What, Added, Removed
2005-01-07 11:45:35 EST,rduggan@ca.ibm.com,Assignee,suwanda@ca.ibm.com,rduggan@ca.ibm.com
2005-01-11 14:52:12 EST,suwanda@ca.ibm.com,Assignee,jptoomey@us.ibm.com,suwanda@ca.ibm.com
2005-01-11 18:19:04 EST,jptoomey@us.ibm.com,Assignee,scott.schneider@us.ibm.com,jptoomey@us.ibm.com
2005-01-11 18:19:04 EST,jptoomey@us.ibm.com,Priority,P2,P3
2005-01-28 10:39:45 EST,jptoomey@us.ibm.com,Severity,minor,normal
2005-01-28 10:39:45 EST,jptoomey@us.ibm.com,Status,ASSIGNED,NEW
2005-01-28 10:39:45 EST,jptoomey@us.ibm.com,Target Milestone,4.1,---
2005-02-01 15:44:34 EST,scott.schneider@us.ibm.com,Component,Platform.Execution,Exec
2005-02-01 15:44:34 EST,scott.schneider@us.ibm.com,Product,TPTP,Hyades
2005-03-09 10:52:25 EST,scott.schneider@us.ibm.com,CC,javierg@us.ibm.com,
2005-03-09 13:11:27 EST,scott.schneider@us.ibm.com,Blocks,87160,
2005-04-29 12:36:28 EDT,scott.schneider@us.ibm.com,Severity,major,minor
2005-04-29 12:36:28 EDT,scott.schneider@us.ibm.com,Target Milestone,4.0,4.1
2005-05-25 16:49:27 EDT,scott.schneider@us.ibm.com,Target Milestone,4.0i4,4.0
2005-06-01 20:13:23 EDT,scott.schneider@us.ibm.com,Status,RESOLVED,ASSIGNED
2005-06-01 20:13:23 EDT,scott.schneider@us.ibm.com,Resolution,FIXED,---
2009-06-30 07:52:52 EDT,paules@ca.ibm.com,Status,CLOSED,RESOLVED
2009-06-30 07:52:52 EDT,paules@ca.ibm.com,Whiteboard,closed460,
2009-06-30 14:57:35 EDT,paules@ca.ibm.com,Whiteboard,housecleaned460 closed460,closed460
2009-07-01 13:31:49 EDT,paules@ca.ibm.com,Whiteboard,closed460,housecleaned460 closed460
