When, Who, What, Added, Removed
2004-12-20 19:27:55 EST,popescu@ca.ibm.com,Assignee,apnan@ca.ibm.com,curtispd@ca.ibm.com
2004-12-20 19:28:03 EST,popescu@ca.ibm.com,Status,ASSIGNED,NEW
2004-12-20 19:49:55 EST,popescu@ca.ibm.com,Target Milestone,4.0,---
2005-01-03 20:24:50 EST,sluiman@ca.ibm.com,Target Milestone,---,4.0
2005-01-28 15:06:39 EST,popescu@ca.ibm.com,Component,Monitor.UI,UI
2005-01-28 15:06:39 EST,popescu@ca.ibm.com,Product,TPTP,Hyades
2005-01-28 15:06:39 EST,popescu@ca.ibm.com,Version,4.1,3.2
2005-07-12 11:20:46 EDT,ruthdaly@ca.ibm.com,Priority,P1,P3
2005-07-12 12:27:48 EDT,ruthdaly@ca.ibm.com,Assignee,ruthdaly@ca.ibm.com,apnan@ca.ibm.com
2005-07-12 12:27:48 EDT,ruthdaly@ca.ibm.com,Status,NEW,ASSIGNED
2005-07-13 11:54:24 EDT,popescu@ca.ibm.com,Status,ASSIGNED,NEW
2005-07-13 11:54:24 EDT,popescu@ca.ibm.com,Target Milestone,4.1i2,---
2005-08-11 15:44:50 EDT,ruthdaly@ca.ibm.com,Assignee,dtprice@ca.ibm.com,ruthdaly@ca.ibm.com
2005-08-11 15:44:50 EDT,ruthdaly@ca.ibm.com,Status,NEW,ASSIGNED
2005-08-23 09:50:58 EDT,dtprice@ca.ibm.com,Assignee,cmaier@ca.ibm.com,dtprice@ca.ibm.com
2005-08-23 09:50:58 EDT,dtprice@ca.ibm.com,Target Milestone,4.1i1,4.1i2
2005-08-23 10:09:24 EDT,popescu@ca.ibm.com,Status,ASSIGNED,NEW
2005-08-23 10:09:24 EDT,popescu@ca.ibm.com,Component,Monitor.Doc,Monitor.UI
2005-08-24 14:41:17 EDT,ruthdaly@ca.ibm.com,Assignee,ruthdaly@ca.ibm.com,cmaier@ca.ibm.com
2005-08-24 14:41:17 EDT,ruthdaly@ca.ibm.com,Status,NEW,ASSIGNED
2005-08-25 12:02:08 EDT,ruthdaly@ca.ibm.com,Status,RESOLVED,NEW
2005-08-25 12:02:08 EDT,ruthdaly@ca.ibm.com,Resolution,FIXED,---
2005-08-29 16:52:21 EDT,curtispd@ca.ibm.com,Severity,normal,enhancement
2005-08-29 16:52:21 EDT,curtispd@ca.ibm.com,Status,REOPENED,RESOLVED
2005-08-29 16:52:21 EDT,curtispd@ca.ibm.com,Resolution,---,FIXED
2005-08-29 19:05:03 EDT,ruthdaly@ca.ibm.com,Status,RESOLVED,REOPENED
2005-08-29 19:05:03 EDT,ruthdaly@ca.ibm.com,Resolution,FIXED,---
2005-08-30 19:16:42 EDT,curtispd@ca.ibm.com,Status,CLOSED,RESOLVED
2005-09-14 12:45:13 EDT,ruthdaly@ca.ibm.com,Severity,enhancement,normal
