When, Who, What, Added, Removed
2004-12-20 17:32:25 EST,smith@ca.ibm.com,Target Milestone,3.2 i2,---
2004-12-22 12:45:08 EST,khalsted@ca.ibm.com,Status,RESOLVED,NEW
2004-12-22 12:45:08 EST,khalsted@ca.ibm.com,Resolution,FIXED,---
2005-01-04 11:25:03 EST,smith@ca.ibm.com,Status,VERIFIED,RESOLVED
2005-01-04 11:25:22 EST,smith@ca.ibm.com,Status,CLOSED,VERIFIED
2012-02-14 16:40:16 EST,webmaster@eclipse.org,Component,Hyades,Hyades
2012-02-14 16:40:16 EST,webmaster@eclipse.org,Version,unspecified,3.2
2012-02-14 16:40:16 EST,webmaster@eclipse.org,Product,z_Archived,Hyades
2012-02-14 16:40:16 EST,webmaster@eclipse.org,Target Milestone,---,3.2 i2
