When, Who, What, Added, Removed
2004-12-21 07:00:47 EST,dirk_baeumer@ch.ibm.com,CC,martin_aeschlimann@ch.ibm.com,
2004-12-21 07:11:11 EST,aeschli@gmail.com,Assignee,jdt-text-inbox@eclipse.org,jdt-ui-inbox@eclipse.org
2004-12-21 07:11:11 EST,aeschli@gmail.com,Component,Text,UI
2004-12-22 05:31:00 EST,daniel_megert@ch.ibm.com,Status,ASSIGNED,NEW
2004-12-22 05:31:00 EST,daniel_megert@ch.ibm.com,Summary,[content assist] content assist on random text inserts method stub,content assist on random text inserts method stub
2005-05-18 03:37:03 EDT,eclipse@tom.hofmann.name,Assignee,eclipse@tom.eicher.name,jdt-text-inbox@eclipse.org
2005-05-18 03:37:03 EDT,eclipse@tom.hofmann.name,Status,NEW,ASSIGNED
2005-05-18 03:37:03 EDT,eclipse@tom.hofmann.name,Target Milestone,3.1 RC1,---
2005-05-18 04:05:43 EDT,eclipse@tom.hofmann.name,Status,ASSIGNED,NEW
2005-05-18 04:50:19 EDT,eclipse@tom.hofmann.name,CC,daniel_megert@ch.ibm.com, erich_gamma@ch.ibm.com,
2005-05-18 10:15:31 EDT,eclipse@tom.hofmann.name,CC,jim_des_rivieres@ca.ibm.com,
2005-05-18 12:29:22 EDT,eclipse@tom.hofmann.name,Status,RESOLVED,ASSIGNED
2005-05-18 12:29:22 EDT,eclipse@tom.hofmann.name,Resolution,FIXED,---
2005-05-19 09:40:11 EDT,jim_des_rivieres@ca.ibm.com,Status,REOPENED,RESOLVED
2005-05-19 09:40:11 EDT,jim_des_rivieres@ca.ibm.com,Resolution,---,FIXED
2005-05-19 10:15:07 EDT,eclipse@tom.hofmann.name,Status,RESOLVED,REOPENED
2005-05-19 10:15:07 EDT,eclipse@tom.hofmann.name,Resolution,FIXED,---
2005-05-27 07:08:36 EDT,tobias_widmer@ch.ibm.com,Status,VERIFIED,RESOLVED
