When, Who, What, Added, Removed
2004-12-20 23:58:11 EST,csalter@ca.ibm.com,Summary,XML validator : validation on save produces an ugly warning message  in the problems view when xerces jars are not available,XML validator : validation on save produces warning message when xerces jars are not available
2005-02-22 17:31:29 EST,csalter@ca.ibm.com,Status,RESOLVED,NEW
2005-02-22 17:31:29 EST,csalter@ca.ibm.com,Resolution,FIXED,---
2005-06-27 12:40:36 EDT,csalter@ca.ibm.com,Status,CLOSED,RESOLVED
