When, Who, What, Added, Removed
2004-12-28 09:50:32 EST,kent_johnson@ca.ibm.com,Assignee,kent_johnson@ca.ibm.com,jdt-core-inbox@eclipse.org
2004-12-28 21:02:47 EST,ilias@lazaridis.com,Blocks,81593,
2004-12-29 09:33:40 EST,kent_johnson@ca.ibm.com,CC,ilias@lazaridis.com,
2004-12-30 18:27:36 EST,iasandcb@tmax.co.kr,CC,iasandcb@tmax.co.kr,
2004-12-30 23:50:24 EST,ilias@lazaridis.com,CC,,ilias@lazaridis.com
2005-01-06 05:37:16 EST,philippe_mulet@fr.ibm.com,Blocks,,81593
2005-01-09 17:16:05 EST,leberre@cril.univ-artois.fr,CC,leberre@cril.univ-artois.fr,
2005-01-12 15:02:39 EST,kent_johnson@ca.ibm.com,Status,RESOLVED,NEW
2005-01-12 15:02:39 EST,kent_johnson@ca.ibm.com,Resolution,FIXED,---
2005-01-12 15:02:39 EST,kent_johnson@ca.ibm.com,Target Milestone,3.1 M5,---
2005-01-13 10:16:32 EST,kent_johnson@ca.ibm.com,CC,sdavids@gmx.de,
2005-01-20 10:12:14 EST,Olivier_Thomann@ca.ibm.com,CC,crouton.eclipse.org@ex-machina.jp,
2005-02-16 06:16:31 EST,david_audel@fr.ibm.com,Status,VERIFIED,RESOLVED
