When, Who, What, Added, Removed
2004-12-21 07:48:42 EST,Olivier_Thomann@ca.ibm.com,Summary,[1.5] "Static import never used" warning disappears when variable of same name is declared,"Static import never used" warning disappears when variable of same name is declared
2005-01-04 05:23:07 EST,philippe_mulet@fr.ibm.com,Assignee,philippe_mulet@fr.ibm.com,jdt-core-inbox@eclipse.org
2005-01-04 05:23:07 EST,philippe_mulet@fr.ibm.com,Target Milestone,3.1 M5,---
2005-01-04 05:23:44 EST,philippe_mulet@fr.ibm.com,Status,RESOLVED,NEW
2005-01-04 05:23:44 EST,philippe_mulet@fr.ibm.com,Resolution,FIXED,---
2005-02-15 05:23:42 EST,jerome_lanneluc@fr.ibm.com,Status,VERIFIED,RESOLVED
