When, Who, What, Added, Removed
2004-12-23 23:38:39 EST,wyuenho@gmail.com,CC,yhwong@tnc.hk,
2005-01-15 05:20:55 EST,wyuenho@gmail.com,CC,,yhwong@tnc.hk
2005-06-21 01:11:34 EDT,david_williams@us.ibm.com,Assignee,pavery@us.ibm.com,wst.sse-inbox@eclipse.org
2005-07-11 16:08:11 EDT,pavery@us.ibm.com,Status,RESOLVED,NEW
2005-07-11 16:08:11 EDT,pavery@us.ibm.com,Resolution,FIXED,---
2005-07-12 20:17:26 EDT,pavery@us.ibm.com,Target Milestone,1.0 M6,---
2006-09-25 02:43:13 EDT,david_williams@us.ibm.com,Status,CLOSED,RESOLVED
