When, Who, What, Added, Removed
2004-12-21 02:44:05 EST,gunnar@wagenknecht.org,Severity,major,normal
2004-12-21 03:01:35 EST,panagiotis.korros@gmail.com,CC,panagiotis.korros@gmail.com,
2004-12-21 17:19:19 EST,gorkem.ercan@gmail.com,CC,gercan@acm.org,
2005-01-19 17:23:58 EST,deboer@ca.ibm.com,Status,RESOLVED,NEW
2005-01-19 17:23:58 EST,deboer@ca.ibm.com,Resolution,FIXED,---
2005-06-30 00:11:16 EDT,gunnar@wagenknecht.org,CC,jeffliu@ca.ibm.com,
2005-06-30 00:13:47 EDT,gunnar@wagenknecht.org,Status,VERIFIED,RESOLVED
2005-07-26 09:38:33 EDT,deboer@ca.ibm.com,Status,CLOSED,VERIFIED
2006-09-07 09:30:32 EDT,david_williams@us.ibm.com,Keywords,performance,
