When, Who, What, Added, Removed
2004-12-21 02:43:45 EST,daniel_megert@ch.ibm.com,Assignee,jdt-ui-inbox@eclipse.org,jdt-text-inbox@eclipse.org
2004-12-21 02:43:45 EST,daniel_megert@ch.ibm.com,Component,UI,Text
2004-12-21 06:56:25 EST,dirk_baeumer@ch.ibm.com,Assignee,markus_keller@ch.ibm.com,jdt-ui-inbox@eclipse.org
2004-12-21 06:56:25 EST,dirk_baeumer@ch.ibm.com,Target Milestone,3.1 M5,---
2005-02-08 11:36:22 EST,markus_keller@ch.ibm.com,CC,dirk_baeumer@ch.ibm.com,
2005-02-08 11:36:22 EST,markus_keller@ch.ibm.com,Status,RESOLVED,NEW
2005-02-08 11:36:22 EST,markus_keller@ch.ibm.com,Resolution,FIXED,---
