When, Who, What, Added, Removed
2005-01-05 13:56:37 EST,Darin_Swanson@us.ibm.com,Status,ASSIGNED,NEW
2005-01-05 13:56:37 EST,Darin_Swanson@us.ibm.com,Target Milestone,3.1,---
2005-01-08 13:58:57 EST,Darin_Swanson@us.ibm.com,CC,david_williams@us.ibm.com,
2005-01-08 13:58:57 EST,Darin_Swanson@us.ibm.com,Assignee,Darin_Swanson@us.ibm.com,platform-ant-inbox@eclipse.org
2005-01-08 13:58:57 EST,Darin_Swanson@us.ibm.com,Status,NEW,ASSIGNED
2005-01-08 13:58:57 EST,Darin_Swanson@us.ibm.com,Target Milestone,3.1 M5,3.1
2005-01-08 13:59:05 EST,Darin_Swanson@us.ibm.com,Status,ASSIGNED,NEW
2005-01-08 17:32:23 EST,nitind@us.ibm.com,CC,nitind@us.ibm.com,
2005-01-12 16:31:13 EST,Darin_Swanson@us.ibm.com,CC,Darin_Swanson@us.ibm.com,
2005-01-12 16:31:13 EST,Darin_Swanson@us.ibm.com,Assignee,Darin_Wright@ca.ibm.com,Darin_Swanson@us.ibm.com
2005-01-12 16:31:13 EST,Darin_Swanson@us.ibm.com,Status,NEW,ASSIGNED
2005-01-12 16:31:33 EST,Darin_Swanson@us.ibm.com,Status,RESOLVED,NEW
2005-01-12 16:31:33 EST,Darin_Swanson@us.ibm.com,Resolution,FIXED,---
2005-01-17 11:19:00 EST,darin.eclipse@gmail.com,Status,VERIFIED,RESOLVED
