When, Who, What, Added, Removed
2005-01-13 19:19:51 EST,david_williams@us.ibm.com,Depends on,37668,
2005-01-20 13:26:32 EST,nitind@us.ibm.com,CC,asgeir.asgeirsson@teamware.com,
2005-01-21 07:42:43 EST,nitind@us.ibm.com,Version,1.0,unspecified
2005-03-07 13:23:27 EST,zaphod@byzantine.no,CC,zaphod@byzantine.no,
2005-04-09 01:31:23 EDT,david_williams@us.ibm.com,Assignee,david_williams@us.ibm.com,jst.jsp-inbox@eclipse.org
2005-04-09 01:31:23 EDT,david_williams@us.ibm.com,Target Milestone,1.0 M4,---
2005-04-09 01:35:24 EDT,david_williams@us.ibm.com,Status,ASSIGNED,NEW
2005-04-09 01:35:45 EDT,david_williams@us.ibm.com,Status,RESOLVED,ASSIGNED
2005-04-09 01:35:45 EDT,david_williams@us.ibm.com,Resolution,FIXED,---
2005-04-13 08:50:41 EDT,david_williams@us.ibm.com,CC,tjmaven@yahoo.com,
2005-06-15 01:33:07 EDT,david_williams@us.ibm.com,Version,0.7,1.0
2005-06-30 00:10:58 EDT,gunnar@wagenknecht.org,CC,jeffliu@ca.ibm.com,
2005-07-25 11:38:44 EDT,david_williams@us.ibm.com,Status,VERIFIED,RESOLVED
2006-11-28 15:37:12 EST,jlanuti@us.ibm.com,Status,CLOSED,VERIFIED
