When, Who, What, Added, Removed
2004-12-21 07:48:49 EST,Olivier_Thomann@ca.ibm.com,Summary,[1.5] Correct use of generic abstract classes give compiler error,Correct use of generic abstract classes give compiler error
2005-01-04 07:30:09 EST,jerome_lanneluc@fr.ibm.com,Summary,[compiler][1.5] Correct use of generic abstract classes give compiler error,[1.5] Correct use of generic abstract classes give compiler error
2005-01-08 10:12:07 EST,kent_johnson@ca.ibm.com,Assignee,kent_johnson@ca.ibm.com,jdt-core-inbox@eclipse.org
2005-01-11 14:19:51 EST,kent_johnson@ca.ibm.com,CC,olivier_thomann@ca.ibm.com,
2005-01-11 14:19:51 EST,kent_johnson@ca.ibm.com,Assignee,philippe_mulet@fr.ibm.com,kent_johnson@ca.ibm.com
2005-01-11 18:23:37 EST,philippe_mulet@fr.ibm.com,Status,RESOLVED,NEW
2005-01-11 18:23:37 EST,philippe_mulet@fr.ibm.com,Resolution,FIXED,---
2005-01-11 18:23:37 EST,philippe_mulet@fr.ibm.com,Target Milestone,3.1 M5,---
2005-01-12 04:30:44 EST,philippe_mulet@fr.ibm.com,CC,davegates@juno.com,
2005-01-13 19:29:26 EST,philippe_mulet@fr.ibm.com,CC,z0149@zorzella.com,
2005-01-14 09:21:56 EST,philippe_mulet@fr.ibm.com,CC,mikea@xoba.com,
2005-02-15 05:51:57 EST,jerome_lanneluc@fr.ibm.com,Status,VERIFIED,RESOLVED
