When, Who, What, Added, Removed
2004-12-21 05:40:03 EST,artyom.kuanbekov@intel.com,CC,Kevin_Haaland@ca.ibm.com,
2004-12-22 15:28:49 EST,sonia_dimitrov@ca.ibm.com,CC,christophe_cornu@ca.ibm.com, dj_houghton@ca.ibm.com,
2005-01-04 11:48:08 EST,kim.moir@gmail.com,Blocks,69009,
2005-01-05 11:02:55 EST,kim.moir@gmail.com,Blocks,,69009
2005-01-05 11:26:34 EST,christophe.cornu+eclipse@gmail.com,CC,silenio_quarti@ca.ibm.com, bbiggs@ca.ibm.com, steve_northover@ca.ibm.com,
2005-01-12 10:42:56 EST,christophe.cornu+eclipse@gmail.com,CC,pascal_rapicault@ca.ibm.com,
2005-02-01 14:41:27 EST,sonia_dimitrov@ca.ibm.com,Status,RESOLVED,NEW
2005-02-01 14:41:27 EST,sonia_dimitrov@ca.ibm.com,Resolution,FIXED,---
