When, Who, What, Added, Removed
2004-12-21 06:25:12 EST,thomas.barregren@picturegrid.com,Severity,minor,critical
2004-12-21 07:48:56 EST,Olivier_Thomann@ca.ibm.com,Summary,[1.5] Correct use of generic interfaces give compiler error,Correct use of generic interfaces give compiler error
2005-01-04 07:27:28 EST,jerome_lanneluc@fr.ibm.com,Summary,[compiler][1.5] Correct use of generic interfaces give compiler error,[1.5] Correct use of generic interfaces give compiler error
2005-01-04 08:12:24 EST,philippe_mulet@fr.ibm.com,Assignee,kent_johnson@ca.ibm.com,jdt-core-inbox@eclipse.org
2005-01-11 15:27:00 EST,kent_johnson@ca.ibm.com,Assignee,philippe_mulet@fr.ibm.com,kent_johnson@ca.ibm.com
2005-01-11 15:27:00 EST,kent_johnson@ca.ibm.com,Severity,normal,minor
2005-01-11 18:28:51 EST,philippe_mulet@fr.ibm.com,Target Milestone,3.1 M5,---
2005-01-13 18:19:51 EST,philippe_mulet@fr.ibm.com,Status,RESOLVED,NEW
2005-01-13 18:19:51 EST,philippe_mulet@fr.ibm.com,Resolution,FIXED,---
2005-02-15 05:45:25 EST,jerome_lanneluc@fr.ibm.com,Status,VERIFIED,RESOLVED
