When, Who, What, Added, Removed
2004-12-21 08:31:52 EST,frederic_fusier@fr.ibm.com,Summary,[1.5] Incorrect warning of parameterized return type,Incorrect warning of parameterized return type
2004-12-27 01:29:18 EST,baikuo21@yahoo.com,Summary,(jdk5.0) Redundant warning of parameterized return type,[1.5] Incorrect warning of parameterized return type
2004-12-27 01:29:18 EST,baikuo21@yahoo.com,Target Milestone,3.1 M4,---
2004-12-27 05:24:22 EST,frederic_fusier@fr.ibm.com,Summary,[1.5] Redundant warning of parameterized return type,(jdk5.0) Redundant warning of parameterized return type
2004-12-27 05:24:22 EST,frederic_fusier@fr.ibm.com,Target Milestone,---,3.1 M4
2005-01-01 05:42:19 EST,philippe_mulet@fr.ibm.com,Assignee,kent_johnson@ca.ibm.com,jdt-core-inbox@eclipse.org
2005-01-04 15:37:42 EST,kent_johnson@ca.ibm.com,Status,RESOLVED,NEW
2005-01-04 15:37:42 EST,kent_johnson@ca.ibm.com,Resolution,FIXED,---
2005-01-04 15:37:42 EST,kent_johnson@ca.ibm.com,Target Milestone,3.1 M5,---
2005-02-15 12:39:43 EST,david_audel@fr.ibm.com,Status,VERIFIED,RESOLVED
