When, Who, What, Added, Removed
2004-12-21 07:25:20 EST,frederic_fusier@fr.ibm.com,Assignee,kent_johnson@ca.ibm.com,jdt-core-inbox@eclipse.org
2004-12-21 07:57:49 EST,frederic_fusier@fr.ibm.com,Severity,major,critical
2004-12-21 07:57:49 EST,frederic_fusier@fr.ibm.com,OS,All,Linux-GTK
2004-12-21 08:41:16 EST,philippe_mulet@fr.ibm.com,Assignee,philippe_mulet@fr.ibm.com,kent_johnson@ca.ibm.com
2004-12-27 05:18:27 EST,frederic_fusier@fr.ibm.com,CC,bsp@land.ru,
2005-01-01 09:46:05 EST,philippe_mulet@fr.ibm.com,Status,RESOLVED,NEW
2005-01-01 09:46:05 EST,philippe_mulet@fr.ibm.com,Resolution,FIXED,---
2005-01-01 09:46:05 EST,philippe_mulet@fr.ibm.com,Target Milestone,3.1 M5,---
2005-01-10 05:11:38 EST,frederic_fusier@fr.ibm.com,CC,eclipse@chaos.demon.nl,
2005-02-15 05:37:15 EST,jerome_lanneluc@fr.ibm.com,Status,VERIFIED,RESOLVED
2005-03-14 11:54:11 EST,Olivier_Thomann@ca.ibm.com,CC,javatech@yahoo.com,
