When, Who, What, Added, Removed
2004-12-21 11:40:49 EST,hudsonr@us.ibm.com,Status,ASSIGNED,NEW
2004-12-21 11:40:49 EST,hudsonr@us.ibm.com,Target Milestone,3.1 M5,---
2004-12-22 11:14:46 EST,hudsonr@us.ibm.com,Assignee,ppshah@us.ibm.com,gef-inbox@eclipse.org
2004-12-22 11:14:46 EST,hudsonr@us.ibm.com,Status,NEW,ASSIGNED
2004-12-22 11:14:46 EST,hudsonr@us.ibm.com,Target Milestone,3.1 M4,3.1 M5
2005-01-11 18:06:19 EST,ppshah@us.ibm.com,Status,RESOLVED,NEW
2005-01-11 18:06:19 EST,ppshah@us.ibm.com,Resolution,FIXED,---
2005-01-11 18:06:19 EST,ppshah@us.ibm.com,Target Milestone,3.1 M5,3.1 M4
