When, Who, What, Added, Removed
2004-12-21 09:45:05 EST,deboer@ca.ibm.com,Component,jst.j2ee,jst.server
2004-12-21 09:45:05 EST,deboer@ca.ibm.com,Summary,Run on server does not use the context url,Run on server does not use the context url
2004-12-21 10:23:19 EST,cbridgha@us.ibm.com,Assignee,blancett@us.ibm.com,jst.server-inbox@eclipse.org
2005-02-23 16:39:28 EST,cbridgha@us.ibm.com,Target Milestone,1.0 M4,---
2005-04-27 16:18:49 EDT,blancett@us.ibm.com,Status,RESOLVED,NEW
2005-04-27 16:18:49 EDT,blancett@us.ibm.com,Resolution,FIXED,---
2005-06-20 09:23:44 EDT,naci.dai@eteration.com,Status,CLOSED,RESOLVED
