When, Who, What, Added, Removed
2004-12-21 11:47:27 EST,john.camelon@gmail.com,CC,jcamelon@ca.ibm.com,
2004-12-21 11:47:27 EST,john.camelon@gmail.com,Assignee,Devin_Steffler@ca.ibm.com,jcamelon@ca.ibm.com
2004-12-21 11:47:27 EST,john.camelon@gmail.com,Target Milestone,3.0,---
2004-12-21 15:29:56 EST,john.camelon@gmail.com,CC,devin_steffler@ca.ibm.com,jcamelon@ca.ibm.com
2004-12-21 15:29:56 EST,john.camelon@gmail.com,Assignee,jcamelon@ca.ibm.com,Devin_Steffler@ca.ibm.com
2005-01-04 13:01:21 EST,john.camelon@gmail.com,CC,jcamelon@ca.ibm.com,Devin_Steffler@ca.ibm.com
2005-01-04 13:01:21 EST,john.camelon@gmail.com,Assignee,Devin_Steffler@ca.ibm.com,jcamelon@ca.ibm.com
2005-01-19 13:12:42 EST,john.camelon@gmail.com,CC,devin_steffler@ca.ibm.com,jcamelon@ca.ibm.com
2005-01-19 13:12:42 EST,john.camelon@gmail.com,Assignee,jcamelon@ca.ibm.com,Devin_Steffler@ca.ibm.com
2005-05-17 09:27:58 EDT,john.camelon@gmail.com,Summary,[GNUCSourceParser] Lookahead problem w/nested declarators,[GNUCSourceParser] problems with macro parameters and parsing (EXFUN)
2005-05-17 13:59:16 EDT,john.camelon@gmail.com,Status,RESOLVED,NEW
2005-05-17 13:59:16 EDT,john.camelon@gmail.com,Resolution,FIXED,---
