When, Who, What, Added, Removed
2004-12-21 09:57:18 EST,oyvind.harboe@zylin.com,OS,Linux-GTK,Windows XP
2004-12-21 09:57:18 EST,oyvind.harboe@zylin.com,Summary,NPE in when issuing Team->Mark as merged,Exceptions in log
2005-01-07 13:50:17 EST,Michael_Valenta@ca.ibm.com,Assignee,Michael_Valenta@ca.ibm.com,platform-cvs-inbox@eclipse.org
2005-01-07 13:50:17 EST,Michael_Valenta@ca.ibm.com,Target Milestone,3.1 M5,---
2005-01-07 13:51:26 EST,Michael_Valenta@ca.ibm.com,Status,RESOLVED,NEW
2005-01-07 13:51:26 EST,Michael_Valenta@ca.ibm.com,Resolution,FIXED,---
