When, Who, What, Added, Removed
2006-01-27 02:12:32 EST,csalter@ca.ibm.com,CC,zhang@cs.queensu.ca,
2006-01-27 11:40:38 EST,zhang@cs.queensu.ca,Attachment #33629                Attachment is obsolete,1,0
2006-06-07 16:16:03 EDT,csalter@ca.ibm.com,Assignee,vbaciu@ca.ibm.com,kchong@ca.ibm.com
2006-06-07 16:16:03 EDT,csalter@ca.ibm.com,Whiteboard,reviewed_1.5,
2006-06-07 16:16:03 EDT,csalter@ca.ibm.com,Target Milestone,1.5.1 M151,---
2006-07-31 14:47:34 EDT,kchong@ca.ibm.com,Assignee,kchong@ca.ibm.com,vbaciu@ca.ibm.com
2006-07-31 15:01:48 EDT,kchong@ca.ibm.com,Status,RESOLVED,NEW
2006-07-31 15:01:48 EDT,kchong@ca.ibm.com,Resolution,FIXED,---
2006-10-23 17:48:47 EDT,rmah@ca.ibm.com,Status,REOPENED,RESOLVED
2006-10-23 17:48:47 EDT,rmah@ca.ibm.com,Resolution,---,FIXED
2006-10-23 17:48:47 EDT,rmah@ca.ibm.com,Target Milestone,2.0,1.5.1 M151
2007-01-25 02:04:33 EST,kchong@ca.ibm.com,Status,RESOLVED,REOPENED
2007-01-25 02:04:33 EST,kchong@ca.ibm.com,Resolution,FIXED,---
2007-04-03 12:03:55 EDT,jlanuti@us.ibm.com,Target Milestone,2.0 M5,2.0
2007-07-05 15:44:20 EDT,rmah@ca.ibm.com,Status,CLOSED,RESOLVED
