When, Who, What, Added, Removed
2004-12-22 04:51:55 EST,philippe_mulet@fr.ibm.com,Component,Ant,Core
2004-12-22 04:51:55 EST,philippe_mulet@fr.ibm.com,Product,Platform,JDT
2004-12-22 04:52:29 EST,philippe_mulet@fr.ibm.com,Component,Build,Ant
2004-12-22 04:52:29 EST,philippe_mulet@fr.ibm.com,Product,PDE,Platform
2004-12-22 04:52:41 EST,philippe_mulet@fr.ibm.com,Assignee,pde-build-inbox@eclipse.org,jdt-core-inbox@eclipse.org
2005-01-07 00:06:40 EST,pascal@rapicorp.com,Status,ASSIGNED,NEW
2005-01-07 00:06:40 EST,pascal@rapicorp.com,Target Milestone,3.1 M5,---
2005-03-17 21:56:01 EST,pascal@rapicorp.com,Target Milestone,3.1 M6,3.1 M5
2005-03-23 14:45:46 EST,pascal@rapicorp.com,Status,RESOLVED,ASSIGNED
2005-03-23 14:45:46 EST,pascal@rapicorp.com,Resolution,FIXED,---
