When, Who, What, Added, Removed
2004-12-21 16:04:56 EST,david_williams@us.ibm.com,Status,RESOLVED,NEW
2004-12-21 16:04:56 EST,david_williams@us.ibm.com,Resolution,FIXED,---
2004-12-22 02:01:44 EST,david_williams@us.ibm.com,Status,REOPENED,RESOLVED
2004-12-22 02:01:44 EST,david_williams@us.ibm.com,Resolution,---,FIXED
2004-12-22 02:27:21 EST,david_williams@us.ibm.com,Status,RESOLVED,REOPENED
2004-12-22 02:27:21 EST,david_williams@us.ibm.com,Resolution,FIXED,---
2005-06-15 23:06:52 EDT,david_williams@us.ibm.com,Status,VERIFIED,RESOLVED
2005-06-15 23:06:52 EDT,david_williams@us.ibm.com,Version,0.7,unspecified
2005-06-15 23:08:32 EDT,david_williams@us.ibm.com,Status,CLOSED,VERIFIED
