When, Who, What, Added, Removed
2005-02-18 07:41:24 EST,Ed.Merks@gmail.com,Priority,P1,P3
2005-05-25 10:54:00 EDT,Ed.Merks@gmail.com,Target Milestone,2.1,---
2005-06-06 14:30:47 EDT,bportier@ca.ibm.com,Blocks,82615,
2005-06-08 16:49:28 EDT,bportier@ca.ibm.com,Status,ASSIGNED,NEW
2005-06-09 15:40:54 EDT,nickboldt@gmail.com,Status,RESOLVED,ASSIGNED
2005-06-09 15:40:54 EDT,nickboldt@gmail.com,Resolution,FIXED,---
2005-12-21 11:13:30 EST,fuhwei@us.ibm.com,CC,fuhwei@us.ibm.com,
2005-12-21 14:24:01 EST,bitonti@us.ibm.com,CC,bitonti@us.ibm.com,
2008-01-28 16:47:51 EST,nickboldt@gmail.com,Status,VERIFIED,RESOLVED
