When, Who, What, Added, Removed
2004-12-21 17:55:41 EST,eclipse@pookzilla.net,Assignee,sxenos@ca.ibm.com,Platform-UI-Inbox@eclipse.org
2004-12-21 17:55:41 EST,eclipse@pookzilla.net,Summary,[DnD] Unable to switch perspectives or open fast views,Unable to switch perspectives or open fast views
2004-12-21 21:32:39 EST,brockj@gmail.com,Component,SWT,UI
2004-12-21 21:32:39 EST,brockj@gmail.com,Summary,Can't select tool items when tool bar has a DragDetect listener,[DnD] Unable to switch perspectives or open fast views
2004-12-21 21:33:11 EST,brockj@gmail.com,Assignee,platform-swt-inbox@eclipse.org,sxenos@ca.ibm.com
2004-12-22 06:31:12 EST,eclipse@pookzilla.net,CC,dirk_baeumer@ch.ibm.com,
2004-12-22 11:00:59 EST,dirk_baeumer@ch.ibm.com,Severity,critical,major
2004-12-22 11:34:44 EST,billy.biggs@eclipse.org,Assignee,bbiggs@ca.ibm.com,platform-swt-inbox@eclipse.org
2004-12-22 11:35:31 EST,billy.biggs@eclipse.org,Status,RESOLVED,NEW
2004-12-22 11:35:31 EST,billy.biggs@eclipse.org,Resolution,FIXED,---
2004-12-22 11:38:14 EST,billy.biggs@eclipse.org,CC,steve_northover@ca.ibm.com,
2005-01-20 11:13:35 EST,billy.biggs@eclipse.org,Target Milestone,3.1 M5,---
