When, Who, What, Added, Removed
2006-06-06 17:47:04 EDT,kchong@ca.ibm.com,Whiteboard,reviewed_1.5,
2007-03-14 15:11:24 EDT,d_a_carver@yahoo.com,CC,d_a_carver@yahoo.com,
2007-09-17 12:00:59 EDT,kchong@ca.ibm.com,Status,RESOLVED,NEW
2007-09-17 12:00:59 EDT,kchong@ca.ibm.com,Resolution,FIXED,---
2007-09-17 12:00:59 EDT,kchong@ca.ibm.com,Target Milestone,3.0 M2,---
2007-10-19 14:18:24 EDT,kchong@ca.ibm.com,Status,VERIFIED,RESOLVED
2007-10-24 10:39:45 EDT,valentinbaciu@hotmail.com,Status,CLOSED,VERIFIED
