When, Who, What, Added, Removed
2004-12-22 08:35:06 EST,darin.eclipse@gmail.com,Assignee,jdt-core-inbox@eclipse.org,jdt-debug-inbox@eclipse.org
2004-12-22 08:35:06 EST,darin.eclipse@gmail.com,Component,Core,Debug
2005-01-04 07:11:51 EST,jerome_lanneluc@fr.ibm.com,Assignee,jerome_lanneluc@fr.ibm.com,jdt-core-inbox@eclipse.org
2005-01-04 07:11:51 EST,jerome_lanneluc@fr.ibm.com,Summary,[model] AIOOB in breakpoints view,AIOOB in breakpoints view
2005-01-04 11:31:21 EST,jerome_lanneluc@fr.ibm.com,Status,RESOLVED,NEW
2005-01-04 11:31:21 EST,jerome_lanneluc@fr.ibm.com,Resolution,FIXED,---
2005-01-04 11:31:21 EST,jerome_lanneluc@fr.ibm.com,Target Milestone,3.1 M5,---
2005-02-15 06:27:41 EST,david_audel@fr.ibm.com,Status,VERIFIED,RESOLVED
