When, Who, What, Added, Removed
2005-02-22 17:59:57 EST,for.work.things@gmail.com,CC,amywu@us.ibm.com,
2005-04-23 12:41:06 EDT,david_williams@us.ibm.com,Priority,P2,P3
2005-06-21 01:34:16 EDT,david_williams@us.ibm.com,Assignee,david_williams@us.ibm.com,wst.sse-inbox@eclipse.org
2005-06-22 09:21:05 EDT,david_williams@us.ibm.com,Status,ASSIGNED,NEW
2005-06-22 09:41:44 EDT,david_williams@us.ibm.com,Status,RESOLVED,ASSIGNED
2005-06-22 09:41:44 EDT,david_williams@us.ibm.com,Resolution,FIXED,---
2005-06-25 00:52:04 EDT,david_williams@us.ibm.com,Status,VERIFIED,RESOLVED
2005-06-27 12:34:49 EDT,david_williams@us.ibm.com,Status,CLOSED,VERIFIED
