When, Who, What, Added, Removed
2004-12-21 19:14:53 EST,eclipse@pookzilla.net,Assignee,Tod_Creasey@ca.ibm.com,Platform-UI-Inbox@eclipse.org
2004-12-21 19:14:53 EST,eclipse@pookzilla.net,Summary,[Import/Export] Search as you type in import dialog is bad,Search as you type in import dialog is bad
2004-12-21 19:18:24 EST,eclipse@pookzilla.net,CC,eclipse@stian.freeserve.co.uk,
2004-12-22 08:30:09 EST,Tod_Creasey@ca.ibm.com,Status,ASSIGNED,NEW
2004-12-22 08:30:09 EST,Tod_Creasey@ca.ibm.com,Priority,P2,P3
2005-02-08 13:11:41 EST,eclipse@pookzilla.net,CC,mvm@ca.ibm.com,
2005-02-09 15:22:55 EST,john_arthorne@ca.ibm.com,CC,Rafael_Chaves@ca.ibm.com,
2005-02-09 17:02:58 EST,john_arthorne@ca.ibm.com,Status,RESOLVED,ASSIGNED
2005-02-09 17:02:58 EST,john_arthorne@ca.ibm.com,Resolution,FIXED,---
2005-02-09 17:02:58 EST,john_arthorne@ca.ibm.com,Target Milestone,3.1 M5,---
2005-02-16 15:16:24 EST,Tod_Creasey@ca.ibm.com,Status,VERIFIED,RESOLVED
