When, Who, What, Added, Removed
2004-12-22 01:57:06 EST,xhwu002@21cn.com,Priority,P5,P3
2004-12-22 01:57:06 EST,xhwu002@21cn.com,Summary,C/C++ Indexer is too too slow and has too too problems!!!,C/C++ Inderer is too too slow and has too too problems!!!
2004-12-22 01:57:06 EST,xhwu002@21cn.com,Target Milestone,2.0 - Release,---
2004-12-22 07:33:16 EST,dschaefer@qnx.com,Target Milestone,Future,2.0 - Release
2005-01-11 10:14:00 EST,dinglis@qnx.com,Assignee,cdt-core-inbox@eclipse.org,cdt-build-inbox@eclipse.org
2005-01-11 10:14:00 EST,dinglis@qnx.com,Component,cdt-core,cdt-build
2005-03-22 09:28:34 EST,smoketest@luukku.com,Depends on,88734,
2005-03-22 09:29:51 EST,smoketest@luukku.com,Depends on,,88734
2005-04-03 14:28:46 EDT,dfarning@sbcglobal.net,CC,dfarning@sbcglobal.net,
2005-04-04 09:43:29 EDT,gheorghe@ca.ibm.com,Assignee,gheorghe@ca.ibm.com,cdt-core-inbox@eclipse.org
2005-07-24 07:21:02 EDT,sreinstein@e-sim.co.il,CC,sreinstein@e-sim.co.il,
2005-08-02 05:12:21 EDT,nikolaymetchev@gmail.com,CC,N.Metchev@teamphone.com,
2005-10-04 01:46:14 EDT,balask@india.hp.com,CC,balask@india.hp.com,
2005-11-17 04:34:49 EST,oleg.krasilnikov@intel.com,CC,oleg.krasilnikov@intel.com,
2006-03-15 01:50:47 EST,shlomy@sagantec.co.il,CC,shlomy@sagantec.co.il,
2006-03-15 06:42:11 EST,shlomy@sagantec.co.il,CC,,sreinstein@e-sim.co.il
2006-05-26 16:36:42 EDT,dschaefer@qnx.com,Status,RESOLVED,NEW
2006-05-26 16:36:42 EDT,dschaefer@qnx.com,Resolution,FIXED,---
