When, Who, What, Added, Removed
2004-12-21 22:45:53 EST,popescu@ca.ibm.com,Assignee,apnan@ca.ibm.com,curtispd@ca.ibm.com
2004-12-21 22:45:53 EST,popescu@ca.ibm.com,Target Milestone,3.3,---
2004-12-21 22:46:00 EST,popescu@ca.ibm.com,Status,ASSIGNED,NEW
2005-01-04 21:47:23 EST,popescu@ca.ibm.com,Assignee,mgill@ca.ibm.com,apnan@ca.ibm.com
2005-01-04 21:47:23 EST,popescu@ca.ibm.com,Status,NEW,ASSIGNED
2005-01-04 21:47:40 EST,popescu@ca.ibm.com,Status,ASSIGNED,NEW
2005-01-13 09:26:10 EST,popescu@ca.ibm.com,Target Milestone,3.3 i1,3.3
2005-01-13 11:14:35 EST,mgill@ca.ibm.com,Status,RESOLVED,ASSIGNED
2005-01-13 11:14:35 EST,mgill@ca.ibm.com,Resolution,FIXED,---
2009-06-30 13:06:25 EDT,paules@ca.ibm.com,Status,CLOSED,RESOLVED
2009-06-30 13:06:25 EDT,paules@ca.ibm.com,Whiteboard,closed460,
2012-02-15 13:43:57 EST,webmaster@eclipse.org,Component,Hyades,UI.log_view
2012-02-15 13:43:57 EST,webmaster@eclipse.org,Version,unspecified,3.2
2012-02-15 13:43:57 EST,webmaster@eclipse.org,Product,z_Archived,Hyades
2012-02-15 13:43:57 EST,webmaster@eclipse.org,Target Milestone,---,3.3 i1
