When, Who, What, Added, Removed
2004-12-22 10:40:13 EST,ewchan@ca.ibm.com,Status,ASSIGNED,NEW
2004-12-22 10:40:13 EST,ewchan@ca.ibm.com,Target Milestone,3.3,---
2005-01-04 21:56:54 EST,popescu@ca.ibm.com,Assignee,aviman@ca.ibm.com,ewchan@ca.ibm.com
2005-01-04 21:56:54 EST,popescu@ca.ibm.com,Status,NEW,ASSIGNED
2005-01-04 21:57:02 EST,popescu@ca.ibm.com,Status,ASSIGNED,NEW
2005-01-06 11:23:34 EST,aviman@ca.ibm.com,Status,RESOLVED,ASSIGNED
2005-01-06 11:23:34 EST,aviman@ca.ibm.com,Resolution,FIXED,---
2005-01-06 11:32:02 EST,ewchan@ca.ibm.com,Status,REOPENED,RESOLVED
2005-01-06 11:32:02 EST,ewchan@ca.ibm.com,Resolution,---,FIXED
2005-01-06 11:32:15 EST,ewchan@ca.ibm.com,CC,,apnan@ca.ibm.com
2005-01-06 11:32:15 EST,ewchan@ca.ibm.com,Status,ASSIGNED,REOPENED
2005-01-06 16:04:49 EST,ewchan@ca.ibm.com,Status,RESOLVED,ASSIGNED
2005-01-06 16:04:49 EST,ewchan@ca.ibm.com,Resolution,FIXED,---
2005-03-16 08:30:40 EST,sluiman@ca.ibm.com,Target Milestone,3.3 i1,3.3
2005-04-08 11:14:14 EDT,ewchan@ca.ibm.com,Status,CLOSED,RESOLVED
2012-02-14 16:40:34 EST,webmaster@eclipse.org,Component,Hyades,UI.log_view
2012-02-14 16:40:34 EST,webmaster@eclipse.org,Version,unspecified,3.2
2012-02-14 16:40:34 EST,webmaster@eclipse.org,Product,z_Archived,Hyades
2012-02-14 16:40:34 EST,webmaster@eclipse.org,Target Milestone,---,3.3 i1
