When, Who, What, Added, Removed
2004-12-22 10:31:44 EST,ewchan@ca.ibm.com,Status,ASSIGNED,NEW
2004-12-22 10:31:44 EST,ewchan@ca.ibm.com,Target Milestone,3.3,---
2005-01-04 21:51:51 EST,popescu@ca.ibm.com,Assignee,janefang@ca.ibm.com,apnan@ca.ibm.com
2005-01-04 21:51:51 EST,popescu@ca.ibm.com,Status,NEW,ASSIGNED
2005-01-04 21:51:59 EST,popescu@ca.ibm.com,Status,ASSIGNED,NEW
2005-01-07 14:02:03 EST,popescu@ca.ibm.com,Assignee,apnan@ca.ibm.com,janefang@ca.ibm.com
2005-01-07 14:02:03 EST,popescu@ca.ibm.com,Status,NEW,ASSIGNED
2005-01-07 14:02:11 EST,popescu@ca.ibm.com,Status,ASSIGNED,NEW
2005-01-12 21:23:05 EST,apnan@ca.ibm.com,Status,RESOLVED,ASSIGNED
2005-01-12 21:23:05 EST,apnan@ca.ibm.com,Resolution,FIXED,---
2005-03-16 08:30:41 EST,sluiman@ca.ibm.com,Target Milestone,3.3 i1,3.3
2005-04-08 11:13:41 EDT,ewchan@ca.ibm.com,Status,CLOSED,RESOLVED
2012-02-14 16:10:16 EST,webmaster@eclipse.org,Component,Hyades,UI.log_view
2012-02-14 16:10:16 EST,webmaster@eclipse.org,Version,unspecified,3.2
2012-02-14 16:10:16 EST,webmaster@eclipse.org,Product,z_Archived,Hyades
2012-02-14 16:10:16 EST,webmaster@eclipse.org,Target Milestone,---,3.3 i1
