When, Who, What, Added, Removed
2004-12-22 10:50:14 EST,daniel_megert@ch.ibm.com,Severity,enhancement,normal
2004-12-22 10:50:14 EST,daniel_megert@ch.ibm.com,Status,ASSIGNED,NEW
2004-12-22 10:50:14 EST,daniel_megert@ch.ibm.com,Summary,[navigation] Offer command to go to start and end of linked area,Go to begin/end of line should be handled differently in linked mode
2005-10-31 05:11:58 EST,eclipse@tom.hofmann.name,CC,iyers@rocketmail.com,
2006-03-16 05:02:11 EST,daniel_megert@ch.ibm.com,CC,roger.ye@gmail.com,
2007-01-05 09:34:07 EST,markus_keller@ch.ibm.com,CC,markus_keller@ch.ibm.com,
2007-04-25 10:33:15 EDT,michschn@google.com,CC,michael_schneider@ch.ibm.com,
2007-04-25 11:02:43 EDT,dirk_baeumer@ch.ibm.com,CC,dirk_baeumer@ch.ibm.com,
2007-04-26 10:43:30 EDT,daniel_megert@ch.ibm.com,Status,RESOLVED,ASSIGNED
2007-04-26 10:43:30 EDT,daniel_megert@ch.ibm.com,Resolution,FIXED,---
2007-04-26 10:43:30 EDT,daniel_megert@ch.ibm.com,Target Milestone,3.3 M7,---
