When, Who, What, Added, Removed
2004-12-25 20:03:17 EST,Olivier_Thomann@ca.ibm.com,Assignee,Olivier_Thomann@ca.ibm.com,jdt-core-inbox@eclipse.org
2004-12-25 20:11:23 EST,Olivier_Thomann@ca.ibm.com,Status,ASSIGNED,NEW
2005-03-15 14:18:54 EST,douglas.pollock@gmail.com,CC,douglas.pollock@magma.ca,
2005-03-15 14:18:54 EST,douglas.pollock@gmail.com,OS,All,Windows 2000
2005-03-15 14:18:54 EST,douglas.pollock@gmail.com,Hardware,All,PC
2005-03-16 14:24:41 EST,Olivier_Thomann@ca.ibm.com,Status,RESOLVED,ASSIGNED
2005-03-16 14:24:41 EST,Olivier_Thomann@ca.ibm.com,Resolution,FIXED,---
2005-03-16 14:24:41 EST,Olivier_Thomann@ca.ibm.com,Target Milestone,3.1 M6,---
2005-03-30 19:28:46 EST,Olivier_Thomann@ca.ibm.com,Status,VERIFIED,RESOLVED
