When, Who, What, Added, Removed
2004-12-22 11:52:26 EST,dwhare@us.ibm.com,CC,camle@us.ibm.com,
2004-12-23 05:27:17 EST,dirk_baeumer@ch.ibm.com,Status,RESOLVED,NEW
2004-12-23 05:27:17 EST,dirk_baeumer@ch.ibm.com,Resolution,FIXED,---
2004-12-23 08:50:08 EST,dirk_baeumer@ch.ibm.com,Status,REOPENED,RESOLVED
2004-12-23 08:50:08 EST,dirk_baeumer@ch.ibm.com,Resolution,---,FIXED
2004-12-23 08:50:08 EST,dirk_baeumer@ch.ibm.com,Target Milestone,3.0.2,---
2004-12-23 08:50:29 EST,dirk_baeumer@ch.ibm.com,Assignee,dirk_baeumer@ch.ibm.com,jdt-doc-inbox@eclipse.org
2004-12-23 08:50:29 EST,dirk_baeumer@ch.ibm.com,Status,NEW,REOPENED
2004-12-23 12:06:40 EST,dirk_baeumer@ch.ibm.com,CC,sonia_dimitrov@ca.ibm.com,
2004-12-29 04:34:07 EST,daniel_megert@ch.ibm.com,CC,daniel_megert@ch.ibm.com,
2005-01-03 09:33:31 EST,dirk_baeumer@ch.ibm.com,Status,RESOLVED,NEW
2005-01-03 09:33:31 EST,dirk_baeumer@ch.ibm.com,Resolution,FIXED,---
2005-01-03 09:33:31 EST,dirk_baeumer@ch.ibm.com,Target Milestone,3.1 M4,3.0.2
