When, Who, What, Added, Removed
2004-12-22 11:49:27 EST,dwhare@us.ibm.com,CC,camle@us.ibm.com,
2005-01-26 12:30:34 EST,qiyanli@ca.ibm.com,Assignee,nelliec@ca.ibm.com,qiyanli@ca.ibm.com
2005-01-27 13:37:04 EST,nelliec@ca.ibm.com,Target Milestone,4.0 i1,---
2005-02-01 12:59:18 EST,nelliec@ca.ibm.com,Component,Platform.Doc,Hyades
2005-02-01 12:59:18 EST,nelliec@ca.ibm.com,Product,TPTP,Hyades
2005-02-01 12:59:18 EST,nelliec@ca.ibm.com,Target Milestone,---,4.0 i1
2005-02-14 08:06:07 EST,nelliec@ca.ibm.com,Status,ASSIGNED,NEW
2005-02-14 08:06:07 EST,nelliec@ca.ibm.com,Target Milestone,4.0i2,---
2005-02-16 12:15:27 EST,nelliec@ca.ibm.com,Status,RESOLVED,ASSIGNED
2005-02-16 12:15:27 EST,nelliec@ca.ibm.com,Resolution,FIXED,---
2005-02-16 12:15:27 EST,nelliec@ca.ibm.com,Target Milestone,4.0i1,4.0i2
2005-03-30 08:59:23 EST,nelliec@ca.ibm.com,Keywords,Documentation,
2009-06-30 07:45:48 EDT,paules@ca.ibm.com,Status,CLOSED,RESOLVED
2009-06-30 07:45:48 EDT,paules@ca.ibm.com,Whiteboard,closed460,
2009-06-30 16:48:48 EDT,paules@ca.ibm.com,Whiteboard,housecleaned460 closed460,closed460
2009-07-01 13:24:10 EDT,paules@ca.ibm.com,Whiteboard,closed460,housecleaned460 closed460
