When, Who, What, Added, Removed
2005-01-03 16:02:05 EST,toddmm@us.ibm.com,CC,scott.schneider@us.ibm.com,
2005-01-06 16:19:50 EST,toddmm@us.ibm.com,Assignee,jptoomey@us.ibm.com,toddmm@us.ibm.com
2005-01-06 16:19:50 EST,toddmm@us.ibm.com,Component,Test.common,Test.http
2005-01-28 10:34:46 EST,jptoomey@us.ibm.com,Assignee,scott.schneider@us.ibm.com,jptoomey@us.ibm.com
2005-01-28 10:34:46 EST,jptoomey@us.ibm.com,Target Milestone,3.3 i2,---
2005-01-31 21:30:17 EST,scott.schneider@us.ibm.com,Summary,(Plat) Unable to obtain reliable test completion notification,Unable to obtain reliable test completion notification
2005-03-15 18:17:18 EST,ruthdaly@ca.ibm.com,Version,3.3,3.0.2
2005-03-16 10:46:16 EST,scott.schneider@us.ibm.com,Status,ASSIGNED,NEW
2005-03-16 10:46:16 EST,scott.schneider@us.ibm.com,Summary,(Test) Unable to obtain reliable test completion notification,(Plat) Unable to obtain reliable test completion notification
2005-04-01 15:27:29 EST,scott.schneider@us.ibm.com,Status,RESOLVED,ASSIGNED
2005-04-01 15:27:29 EST,scott.schneider@us.ibm.com,Resolution,FIXED,---
2009-06-30 12:40:32 EDT,paules@ca.ibm.com,Status,CLOSED,RESOLVED
2009-06-30 12:40:32 EDT,paules@ca.ibm.com,Whiteboard,closed460,
2012-02-14 16:09:38 EST,webmaster@eclipse.org,Component,Hyades,Test.common
2012-02-14 16:09:38 EST,webmaster@eclipse.org,Version,unspecified,3.3
2012-02-14 16:09:38 EST,webmaster@eclipse.org,Product,z_Archived,Hyades
2012-02-14 16:09:38 EST,webmaster@eclipse.org,Target Milestone,---,3.3 i2
