When, Who, What, Added, Removed
2004-12-22 10:49:41 EST,ewchan@ca.ibm.com,Assignee,ewchan@ca.ibm.com,curtispd@ca.ibm.com
2004-12-22 10:49:41 EST,ewchan@ca.ibm.com,Target Milestone,3.3,---
2004-12-22 10:49:52 EST,ewchan@ca.ibm.com,Status,ASSIGNED,NEW
2005-01-04 21:57:31 EST,popescu@ca.ibm.com,Assignee,aviman@ca.ibm.com,ewchan@ca.ibm.com
2005-01-04 21:57:31 EST,popescu@ca.ibm.com,Status,NEW,ASSIGNED
2005-01-04 21:57:38 EST,popescu@ca.ibm.com,Status,ASSIGNED,NEW
2005-01-06 16:10:00 EST,ewchan@ca.ibm.com,Status,RESOLVED,ASSIGNED
2005-01-06 16:10:00 EST,ewchan@ca.ibm.com,Resolution,FIXED,---
2005-03-16 08:30:37 EST,sluiman@ca.ibm.com,Target Milestone,3.3 i1,3.3
2005-04-08 11:19:28 EDT,ewchan@ca.ibm.com,Status,CLOSED,RESOLVED
2012-02-14 16:09:59 EST,webmaster@eclipse.org,Component,Hyades,UI
2012-02-14 16:09:59 EST,webmaster@eclipse.org,Version,unspecified,3.2
2012-02-14 16:09:59 EST,webmaster@eclipse.org,Product,z_Archived,Hyades
2012-02-14 16:09:59 EST,webmaster@eclipse.org,Target Milestone,---,3.3 i1
