When, Who, What, Added, Removed
2004-12-22 14:26:31 EST,john.camelon@gmail.com,Target Milestone,3.0,---
2005-01-26 11:03:04 EST,john.camelon@gmail.com,CC,jcamelon@ca.ibm.com,aniefer@ca.ibm.com
2005-01-26 11:03:17 EST,john.camelon@gmail.com,Assignee,aniefer@ca.ibm.com,jcamelon@ca.ibm.com
2005-02-15 12:05:18 EST,john.camelon@gmail.com,CC,,jcamelon@ca.ibm.com
2005-02-15 12:05:18 EST,john.camelon@gmail.com,Assignee,jcamelon@ca.ibm.com,aniefer@ca.ibm.com
2005-02-15 13:40:46 EST,john.camelon@gmail.com,CC,ddaoust@ca.ibm.com,
2005-02-24 15:53:28 EST,aniefer@ca.ibm.com,CC,Devin_Steffler@ca.ibm.com,
2005-04-08 13:05:58 EDT,john.camelon@gmail.com,Summary,[Parser2] [Ambiguity] Constructor Initializer is mistaken as function prototype,[Parser2] Constructor Initializer is mistaken as function prototype
2005-04-28 09:44:11 EDT,john.camelon@gmail.com,CC,dschaefe@ca.ibm.com,
2005-05-19 14:48:13 EDT,john.camelon@gmail.com,Status,RESOLVED,NEW
2005-05-19 14:48:13 EDT,john.camelon@gmail.com,Resolution,FIXED,---
2005-05-19 14:48:13 EDT,john.camelon@gmail.com,Target Milestone,3.0 M7,3.0
