When, Who, What, Added, Removed
2004-12-22 13:02:26 EST,ewchan@ca.ibm.com,Assignee,apnan@ca.ibm.com,curtispd@ca.ibm.com
2004-12-22 13:02:26 EST,ewchan@ca.ibm.com,Summary,NullPointerException in correlation view,NullPointerException in correlation view
2004-12-22 13:02:26 EST,ewchan@ca.ibm.com,Target Milestone,3.3,---
2004-12-22 13:02:35 EST,ewchan@ca.ibm.com,Status,ASSIGNED,NEW
2005-01-04 21:48:38 EST,popescu@ca.ibm.com,Assignee,janefang@ca.ibm.com,apnan@ca.ibm.com
2005-01-04 21:48:38 EST,popescu@ca.ibm.com,Status,NEW,ASSIGNED
2005-01-04 21:48:47 EST,popescu@ca.ibm.com,Status,ASSIGNED,NEW
2005-01-07 14:02:52 EST,popescu@ca.ibm.com,Assignee,apnan@ca.ibm.com,janefang@ca.ibm.com
2005-01-07 14:02:52 EST,popescu@ca.ibm.com,Status,NEW,ASSIGNED
2005-01-07 14:03:00 EST,popescu@ca.ibm.com,Status,ASSIGNED,NEW
2005-01-12 20:28:10 EST,apnan@ca.ibm.com,Status,RESOLVED,ASSIGNED
2005-01-12 20:28:10 EST,apnan@ca.ibm.com,Resolution,FIXED,---
2005-03-16 08:30:40 EST,sluiman@ca.ibm.com,Target Milestone,3.3 i1,3.3
2009-06-30 13:06:17 EDT,paules@ca.ibm.com,Status,CLOSED,RESOLVED
2009-06-30 13:06:17 EDT,paules@ca.ibm.com,Whiteboard,closed460,
2012-02-14 16:09:55 EST,webmaster@eclipse.org,Component,Hyades,UI.log_view
2012-02-14 16:09:55 EST,webmaster@eclipse.org,Version,unspecified,3.2
2012-02-14 16:09:55 EST,webmaster@eclipse.org,Product,z_Archived,Hyades
2012-02-14 16:09:55 EST,webmaster@eclipse.org,Target Milestone,---,3.3 i1
