When, Who, What, Added, Removed
2004-12-23 01:31:36 EST,rmah@ca.ibm.com,CC,rmah@ca.ibm.com,
2005-04-27 07:15:17 EDT,ycpeng@tw.ibm.com,CC,ycpeng@tw.ibm.com,
2005-04-28 22:22:35 EDT,vince.chien@symbio.com.tw,CC,vince.chien@symbio.com.tw,
2005-07-08 17:00:13 EDT,csalter@ca.ibm.com,Assignee,mhutchin@gmail.com,rmah@ca.ibm.com
2005-07-10 14:23:32 EDT,mhutchin@gmail.com,Status,RESOLVED,NEW
2005-07-10 14:23:32 EDT,mhutchin@gmail.com,Resolution,FIXED,---
2005-07-14 10:52:16 EDT,kchong@ca.ibm.com,Status,VERIFIED,RESOLVED
2005-07-14 10:52:40 EDT,kchong@ca.ibm.com,Status,CLOSED,VERIFIED
