When, Who, What, Added, Removed
2004-12-22 15:12:55 EST,sonia_dimitrov@ca.ibm.com,Blocks,75755,
2005-01-03 09:26:21 EST,daniel_megert@ch.ibm.com,CC,andre_weinand@ch.ibm.com,
2005-01-05 03:46:29 EST,daniel_megert@ch.ibm.com,Status,RESOLVED,NEW
2005-01-05 03:46:29 EST,daniel_megert@ch.ibm.com,Resolution,WORKSFORME,---
2005-01-12 15:00:32 EST,sonia_dimitrov@ca.ibm.com,Status,REOPENED,RESOLVED
2005-01-12 15:00:32 EST,sonia_dimitrov@ca.ibm.com,Resolution,---,WORKSFORME
2005-02-23 04:51:59 EST,daniel_megert@ch.ibm.com,Component,Text,Text
2005-02-23 04:51:59 EST,daniel_megert@ch.ibm.com,Product,Platform,JDT
2005-02-23 04:57:38 EST,daniel_megert@ch.ibm.com,CC,daniel_megert@ch.ibm.com,
2005-02-23 04:57:38 EST,daniel_megert@ch.ibm.com,Assignee,platform-releng-inbox@eclipse.org,jdt-text-inbox@eclipse.org
2005-02-23 04:57:38 EST,daniel_megert@ch.ibm.com,Status,NEW,REOPENED
2005-02-23 04:57:38 EST,daniel_megert@ch.ibm.com,Component,Releng,Text
2005-03-10 04:04:08 EST,daniel_megert@ch.ibm.com,Assignee,andre_weinand@ch.ibm.com,platform-releng-inbox@eclipse.org
2005-03-14 05:50:50 EST,andre_weinand@ch.ibm.com,Status,RESOLVED,NEW
2005-03-14 05:50:50 EST,andre_weinand@ch.ibm.com,Resolution,FIXED,---
2005-03-14 05:51:08 EST,andre_weinand@ch.ibm.com,Target Milestone,3.1 M6,---
