When, Who, What, Added, Removed
2005-01-05 10:37:12 EST,jjsimpso@us.ibm.com,Version,3.1,3.0.2
2005-01-28 14:35:48 EST,hkyleung@ca.ibm.com,Assignee,smith@ca.ibm.com,qiyanli@ca.ibm.com
2005-02-01 01:42:51 EST,smith@ca.ibm.com,Summary,(MON) quote problems in property files (hyades),quote problems in property files (hyades)
2005-02-01 11:39:16 EST,smith@ca.ibm.com,Target Milestone,3.3 i1,---
2005-02-01 16:48:29 EST,smith@ca.ibm.com,Status,RESOLVED,NEW
2005-02-01 16:48:29 EST,smith@ca.ibm.com,Resolution,FIXED,---
2009-06-30 12:37:01 EDT,paules@ca.ibm.com,Status,CLOSED,RESOLVED
2009-06-30 12:37:01 EDT,paules@ca.ibm.com,Whiteboard,closed460,
2012-02-14 16:40:53 EST,webmaster@eclipse.org,Component,Hyades,Hyades
2012-02-14 16:40:53 EST,webmaster@eclipse.org,Version,unspecified,3.1
2012-02-14 16:40:53 EST,webmaster@eclipse.org,Product,z_Archived,Hyades
2012-02-14 16:40:53 EST,webmaster@eclipse.org,Target Milestone,---,3.3 i1
