When, Who, What, Added, Removed
2004-12-22 15:12:55 EST,sonia_dimitrov@ca.ibm.com,Blocks,75755,
2004-12-23 14:42:20 EST,Darin_Swanson@us.ibm.com,Status,ASSIGNED,NEW
2005-01-11 20:08:46 EST,Darin_Swanson@us.ibm.com,CC,Darin_Swanson@us.ibm.com,
2005-01-11 20:10:45 EST,Darin_Swanson@us.ibm.com,Assignee,platform-swt-inbox@eclipse.org,platform-ant-inbox@eclipse.org
2005-01-11 20:10:45 EST,Darin_Swanson@us.ibm.com,Status,NEW,ASSIGNED
2005-01-11 20:10:45 EST,Darin_Swanson@us.ibm.com,Component,SWT,Ant
2005-01-12 12:00:47 EST,snorthov@ca.ibm.com,CC,veronika_irvine@ca.ibm.com, steve_northover@ca.ibm.com,
2005-01-12 12:00:47 EST,snorthov@ca.ibm.com,Assignee,bbiggs@ca.ibm.com,platform-swt-inbox@eclipse.org
2005-01-16 23:11:34 EST,billy.biggs@eclipse.org,CC,jaredburns@acm.org,
2005-01-26 15:49:03 EST,billy.biggs@eclipse.org,Summary,Ant UI performance tests take much longer on Linux-GTK than Win32,DNF in Ant UI performance tests
2005-01-27 10:47:42 EST,billy.biggs@eclipse.org,Assignee,platform-ant-inbox@eclipse.org,bbiggs@ca.ibm.com
2005-01-27 10:47:42 EST,billy.biggs@eclipse.org,Component,Ant,SWT
2005-01-27 13:17:50 EST,Darin_Swanson@us.ibm.com,Assignee,Darin_Swanson@us.ibm.com,platform-ant-inbox@eclipse.org
2005-01-27 13:17:50 EST,Darin_Swanson@us.ibm.com,Target Milestone,3.1 M5,---
2005-01-27 13:17:59 EST,Darin_Swanson@us.ibm.com,Status,ASSIGNED,NEW
2005-01-27 16:07:44 EST,snorthov@ca.ibm.com,CC,bbiggs@ca.ibm.com,
2005-01-27 17:16:51 EST,Darin_Swanson@us.ibm.com,Assignee,jaredburns@acm.org,Darin_Swanson@us.ibm.com
2005-01-27 17:16:51 EST,Darin_Swanson@us.ibm.com,Status,NEW,ASSIGNED
2005-01-27 17:17:24 EST,Darin_Swanson@us.ibm.com,Status,RESOLVED,NEW
2005-01-27 17:17:24 EST,Darin_Swanson@us.ibm.com,Resolution,FIXED,---
2005-02-07 13:41:42 EST,jared_burns@us.ibm.com,Status,VERIFIED,RESOLVED
