When, Who, What, Added, Removed
2005-01-05 10:39:18 EST,jjsimpso@us.ibm.com,Version,3.0,2.1
2006-05-09 10:41:10 EDT,markus.schorn@windriver.com,Assignee,markus.schorn@windriver.com,cdt-core-inbox@eclipse.org
2006-05-09 10:44:10 EDT,markus.schorn@windriver.com,Status,RESOLVED,NEW
2006-05-09 10:44:10 EDT,markus.schorn@windriver.com,Resolution,FIXED,---
2006-05-10 11:08:06 EDT,markus.schorn@windriver.com,Target Milestone,3.1,---
2009-01-09 17:03:52 EST,dschaefer@qnx.com,Component,cdt-core,deprecated7
