When, Who, What, Added, Removed
2004-12-22 15:12:55 EST,sonia_dimitrov@ca.ibm.com,Blocks,75755,
2004-12-22 17:05:23 EST,snorthov@ca.ibm.com,Assignee,grant_gayed@ca.ibm.com,platform-swt-inbox@eclipse.org
2005-01-14 08:57:57 EST,grant_gayed@ca.ibm.com,Status,RESOLVED,NEW
2005-01-14 08:57:57 EST,grant_gayed@ca.ibm.com,Resolution,FIXED,---
2005-01-14 08:57:57 EST,grant_gayed@ca.ibm.com,Target Milestone,3.1 M5,---
2005-01-20 11:58:00 EST,sonia_dimitrov@ca.ibm.com,Status,REOPENED,RESOLVED
2005-01-20 11:58:00 EST,sonia_dimitrov@ca.ibm.com,Resolution,---,FIXED
2005-02-20 00:35:10 EST,billy.biggs@eclipse.org,CC,bbiggs@ca.ibm.com,
2005-02-20 00:35:10 EST,billy.biggs@eclipse.org,Status,RESOLVED,REOPENED
2005-02-20 00:35:10 EST,billy.biggs@eclipse.org,Resolution,FIXED,---
