When, Who, What, Added, Removed
2004-12-25 19:58:04 EST,Olivier_Thomann@ca.ibm.com,Assignee,Olivier_Thomann@ca.ibm.com,jdt-core-inbox@eclipse.org
2004-12-25 20:11:32 EST,Olivier_Thomann@ca.ibm.com,Status,ASSIGNED,NEW
2005-01-04 09:05:00 EST,philippe_mulet@fr.ibm.com,Assignee,philippe_mulet@fr.ibm.com,Olivier_Thomann@ca.ibm.com
2005-01-04 09:05:00 EST,philippe_mulet@fr.ibm.com,Status,NEW,ASSIGNED
2005-01-04 09:05:00 EST,philippe_mulet@fr.ibm.com,Target Milestone,3.1 M5,---
2005-01-04 09:05:22 EST,philippe_mulet@fr.ibm.com,Status,RESOLVED,NEW
2005-01-04 09:05:22 EST,philippe_mulet@fr.ibm.com,Resolution,FIXED,---
2005-01-04 09:05:22 EST,philippe_mulet@fr.ibm.com,Summary,[1.5][compiler] Internal compiler error,[1.5] Internal compiler error
2005-01-04 11:44:26 EST,Olivier_Thomann@ca.ibm.com,CC,carl_mcconnell@instantiations.com,
2005-01-04 17:35:01 EST,Olivier_Thomann@ca.ibm.com,CC,emmanuel@hibernate.org,
2005-01-10 10:47:20 EST,Olivier_Thomann@ca.ibm.com,CC,henning.agt@isst.fraunhofer.de,
2005-01-10 10:58:34 EST,philippe_mulet@fr.ibm.com,CC,richard@ram6.com,
2005-01-19 16:04:28 EST,Olivier_Thomann@ca.ibm.com,CC,dcumberl@truelink.com,
2005-02-09 05:57:30 EST,philippe_mulet@fr.ibm.com,CC,bill@thebackfamily.com,
2005-02-15 09:04:35 EST,jerome_lanneluc@fr.ibm.com,Status,VERIFIED,RESOLVED
