When, Who, What, Added, Removed
2004-12-28 09:47:28 EST,kent_johnson@ca.ibm.com,Assignee,kent_johnson@ca.ibm.com,jdt-core-inbox@eclipse.org
2005-01-05 16:37:56 EST,kent_johnson@ca.ibm.com,Status,RESOLVED,NEW
2005-01-05 16:37:56 EST,kent_johnson@ca.ibm.com,Resolution,FIXED,---
2005-01-05 16:37:56 EST,kent_johnson@ca.ibm.com,Target Milestone,3.1 M5,---
2005-01-05 17:17:28 EST,Olivier_Thomann@ca.ibm.com,CC,leberre@cril.univ-artois.fr,
2005-02-15 12:49:49 EST,david_audel@fr.ibm.com,Status,VERIFIED,RESOLVED
2005-02-16 10:10:34 EST,Olivier_Thomann@ca.ibm.com,CC,me@neilbartlett.name,
2010-09-15 16:30:18 EDT,JohnCreighton_@hotmail.com,CC,JohnCreighton_@hotmail.com,
