When, Who, What, Added, Removed
2005-01-05 13:06:40 EST,snorthov@ca.ibm.com,Assignee,felipe_heidrich@ca.ibm.com,platform-swt-inbox@eclipse.org
2005-03-15 17:01:03 EST,wasleski@us.ibm.com,CC,wasleski@us.ibm.com,
2005-06-28 14:43:19 EDT,eclipse.felipe@gmail.com,Summary,BIDI:  StyledText does not convert European Number to Arabic Number,[Bidi]  StyledText does not convert European Number to Arabic Number
2006-03-28 18:21:19 EST,eclipse.felipe@gmail.com,CC,afarrag@eg.ibm.com,
2006-05-25 13:58:27 EDT,Silenio_Quarti@ca.ibm.com,CC,Silenio_Quarti@ca.ibm.com,
2006-07-17 17:45:30 EDT,eclipse.felipe@gmail.com,Status,RESOLVED,NEW
2006-07-17 17:45:30 EDT,eclipse.felipe@gmail.com,Resolution,FIXED,---
2006-07-20 11:03:42 EDT,grant_gayed@ca.ibm.com,Target Milestone,3.3 M1,---
2006-07-26 11:10:30 EDT,Silenio_Quarti@ca.ibm.com,Target Milestone,3.2.1,3.3 M1
