When, Who, What, Added, Removed
2005-02-01 12:18:27 EST,pascal@rapicorp.com,Status,ASSIGNED,NEW
2005-02-01 12:18:27 EST,pascal@rapicorp.com,Target Milestone,3.1,---
2005-02-01 16:56:03 EST,bkonrath@redhat.com,CC,bkonrath@redhat.com,
2005-04-01 15:04:56 EST,dj_houghton@ca.ibm.com,Target Milestone,---,3.1
2006-01-10 13:01:54 EST,pascal@rapicorp.com,Target Milestone,3.2,---
2006-03-09 14:34:41 EST,aniefer@ca.ibm.com,Attachment #16859                Attachment is obsolete,1,0
2006-03-10 16:29:56 EST,pascal@rapicorp.com,Status,RESOLVED,ASSIGNED
2006-03-10 16:29:56 EST,pascal@rapicorp.com,Resolution,FIXED,---
2006-03-10 16:29:56 EST,pascal@rapicorp.com,Target Milestone,3.2 M6,3.2
