When, Who, What, Added, Removed
2004-12-23 11:07:06 EST,billy.biggs@eclipse.org,CC,nick_edgar@ca.ibm.com,
2004-12-23 11:07:06 EST,billy.biggs@eclipse.org,Assignee,bbiggs@ca.ibm.com,Platform-UI-Inbox@eclipse.org
2004-12-23 11:07:06 EST,billy.biggs@eclipse.org,Severity,enhancement,normal
2004-12-23 11:07:06 EST,billy.biggs@eclipse.org,Summary,[About] About > Configuration Details should use text font,About > Configuration Details should use text font
2005-01-02 20:56:49 EST,billy.biggs@eclipse.org,Status,RESOLVED,NEW
2005-01-02 20:56:49 EST,billy.biggs@eclipse.org,Resolution,FIXED,---
2005-01-02 20:56:49 EST,billy.biggs@eclipse.org,Target Milestone,3.1 M5,---
2005-01-02 21:09:56 EST,billy.biggs@eclipse.org,CC,kim_horne@ca.ibm.com,
2005-02-16 15:41:17 EST,billy.biggs@eclipse.org,Status,VERIFIED,RESOLVED
