When, Who, What, Added, Removed
2004-12-23 02:33:53 EST,daniel_megert@ch.ibm.com,Assignee,daniel_megert@ch.ibm.com,jdt-text-inbox@eclipse.org
2004-12-23 02:33:53 EST,daniel_megert@ch.ibm.com,Severity,major,normal
2004-12-23 02:33:53 EST,daniel_megert@ch.ibm.com,Priority,P2,P3
2004-12-23 02:33:53 EST,daniel_megert@ch.ibm.com,Summary,[content assist] Quickfix stops working when Ctrl-1 is pressed during Content Assist,Quickfix stops working when Ctrl-1 is pressed during Content Assist
2004-12-23 02:33:53 EST,daniel_megert@ch.ibm.com,Target Milestone,3.1 M5,---
2004-12-23 02:34:04 EST,daniel_megert@ch.ibm.com,CC,martin_aeschlimann@ch.ibm.com,
2005-01-14 08:04:59 EST,daniel_megert@ch.ibm.com,Status,RESOLVED,NEW
2005-01-14 08:04:59 EST,daniel_megert@ch.ibm.com,Resolution,FIXED,---
2005-02-18 04:56:01 EST,aeschli@gmail.com,Status,VERIFIED,RESOLVED
