When, Who, What, Added, Removed
2005-01-04 07:01:31 EST,jerome_lanneluc@fr.ibm.com,Summary,[compiler] JDT compiler tries to infer the wildcard type "too early" in case of recursive generic type-bounds,JDT compiler tries to infer the wildcard type "too early" in case of recursive generic type-bounds
2005-04-07 09:51:21 EDT,philippe_mulet@fr.ibm.com,Assignee,philippe_mulet@fr.ibm.com,jdt-core-inbox@eclipse.org
2005-04-07 09:51:21 EDT,philippe_mulet@fr.ibm.com,Summary,[1.5][compiler] JDT compiler tries to infer the wildcard type "too early" in case of recursive generic type-bounds,[compiler] JDT compiler tries to infer the wildcard type "too early" in case of recursive generic type-bounds
2005-04-12 06:01:05 EDT,philippe_mulet@fr.ibm.com,Assignee,kent_johnson@ca.ibm.com,philippe_mulet@fr.ibm.com
2005-04-16 08:21:42 EDT,philippe_mulet@fr.ibm.com,Assignee,philippe_mulet@fr.ibm.com,kent_johnson@ca.ibm.com
2005-04-16 08:21:42 EDT,philippe_mulet@fr.ibm.com,Target Milestone,3.1 M7,---
2005-04-16 08:22:10 EDT,philippe_mulet@fr.ibm.com,Status,RESOLVED,NEW
2005-04-16 08:22:10 EDT,philippe_mulet@fr.ibm.com,Resolution,FIXED,---
2005-05-11 10:08:43 EDT,Olivier_Thomann@ca.ibm.com,Status,VERIFIED,RESOLVED
