When, Who, What, Added, Removed
2004-12-23 10:19:33 EST,aclement@pivotal.io,Status,ASSIGNED,NEW
2005-03-23 09:09:39 EST,adrian.colyer@gmail.com,Assignee,clemas@uk.ibm.com,Adrian_Colyer@uk.ibm.com
2005-03-23 09:09:39 EST,adrian.colyer@gmail.com,Status,NEW,ASSIGNED
2005-03-23 09:09:39 EST,adrian.colyer@gmail.com,Target Milestone,1.5.0 M3,---
2005-06-01 12:13:42 EDT,aclement@pivotal.io,Status,ASSIGNED,NEW
2005-06-03 11:35:44 EDT,aclement@pivotal.io,Status,RESOLVED,ASSIGNED
2005-06-03 11:35:44 EDT,aclement@pivotal.io,Resolution,FIXED,---
