When, Who, What, Added, Removed
2005-01-05 10:42:53 EST,jjsimpso@us.ibm.com,Version,3.1,3.0.1
2005-01-05 12:34:06 EST,Olivier_Thomann@ca.ibm.com,Assignee,Olivier_Thomann@ca.ibm.com,jdt-core-inbox@eclipse.org
2005-01-05 14:18:20 EST,Olivier_Thomann@ca.ibm.com,Status,ASSIGNED,NEW
2005-01-05 16:42:58 EST,Olivier_Thomann@ca.ibm.com,Target Milestone,3.1 M5,---
2005-01-05 16:44:00 EST,Olivier_Thomann@ca.ibm.com,Assignee,jdt-ui-inbox@eclipse.org,Olivier_Thomann@ca.ibm.com
2005-01-05 16:44:00 EST,Olivier_Thomann@ca.ibm.com,Status,NEW,ASSIGNED
2005-01-05 16:44:00 EST,Olivier_Thomann@ca.ibm.com,Component,UI,Core
2005-01-06 06:15:43 EST,daniel_megert@ch.ibm.com,Component,Text,UI
2005-01-06 06:15:43 EST,daniel_megert@ch.ibm.com,Product,Platform,JDT
2005-01-06 06:16:25 EST,daniel_megert@ch.ibm.com,CC,daniel_megert@ch.ibm.com,
2005-01-06 06:16:25 EST,daniel_megert@ch.ibm.com,Assignee,platform-releng-inbox@eclipse.org,jdt-ui-inbox@eclipse.org
2005-01-06 06:16:25 EST,daniel_megert@ch.ibm.com,Component,Releng,Text
2005-01-10 12:12:14 EST,sonia_dimitrov@ca.ibm.com,Status,RESOLVED,NEW
2005-01-10 12:12:14 EST,sonia_dimitrov@ca.ibm.com,Resolution,FIXED,---
2005-01-10 14:35:14 EST,wasleski@us.ibm.com,CC,philippe_mulet@fr.ibm.com,
