When, Who, What, Added, Removed
2005-01-05 10:41:30 EST,jjsimpso@us.ibm.com,Version,3.1,3.0.1
2005-01-10 05:57:25 EST,andre_weinand@ch.ibm.com,CC,daniel_megert@ch.ibm.com,
2005-01-10 11:36:33 EST,andre_weinand@ch.ibm.com,Assignee,andre_weinand@ch.ibm.com,platform-compare-inbox@eclipse.org
2005-01-10 11:36:33 EST,andre_weinand@ch.ibm.com,Target Milestone,3.1 M5,---
2005-01-10 11:37:24 EST,andre_weinand@ch.ibm.com,Status,RESOLVED,NEW
2005-01-10 11:37:24 EST,andre_weinand@ch.ibm.com,Resolution,FIXED,---
