When, Who, What, Added, Removed
2004-12-23 11:29:03 EST,john_arthorne@ca.ibm.com,Assignee,platform-update-inbox@eclipse.org,platform-runtime-inbox@eclipse.org
2004-12-23 11:29:03 EST,john_arthorne@ca.ibm.com,Component,Update,Runtime
2005-01-05 10:42:12 EST,jjsimpso@us.ibm.com,Version,3.1,3.0.1
2005-01-05 23:44:36 EST,birsan@ca.ibm.com,Assignee,birsan@ca.ibm.com,platform-update-inbox@eclipse.org
2005-01-05 23:44:53 EST,birsan@ca.ibm.com,Status,RESOLVED,NEW
2005-01-05 23:44:53 EST,birsan@ca.ibm.com,Resolution,FIXED,---
2005-01-05 23:44:53 EST,birsan@ca.ibm.com,Target Milestone,3.1 M5,---
