When, Who, What, Added, Removed
2005-01-08 15:10:25 EST,Darin_Swanson@us.ibm.com,Status,RESOLVED,NEW
2005-01-08 15:10:25 EST,Darin_Swanson@us.ibm.com,Resolution,INVALID,---
2005-03-16 00:26:51 EST,msowka@rogers.com,Status,REOPENED,RESOLVED
2005-03-16 00:26:51 EST,msowka@rogers.com,Resolution,---,INVALID
2005-03-16 01:18:24 EST,Darin_Swanson@us.ibm.com,Status,ASSIGNED,REOPENED
2005-03-16 01:18:49 EST,Darin_Swanson@us.ibm.com,Depends on,88138,
2005-03-21 23:15:19 EST,Darin_Swanson@us.ibm.com,Target Milestone,3.1 M7,---
2005-04-12 00:57:33 EDT,Darin_Swanson@us.ibm.com,Assignee,Darin_Swanson@us.ibm.com,platform-ant-inbox@eclipse.org
2005-04-12 00:57:33 EDT,Darin_Swanson@us.ibm.com,Status,NEW,ASSIGNED
2005-04-12 00:58:21 EDT,Darin_Swanson@us.ibm.com,Status,ASSIGNED,NEW
2005-04-29 18:31:29 EDT,Darin_Swanson@us.ibm.com,CC,Darin_Swanson@us.ibm.com,
2005-04-29 18:31:29 EDT,Darin_Swanson@us.ibm.com,Assignee,krbarnes@ca.ibm.com,Darin_Swanson@us.ibm.com
2005-04-29 18:31:29 EDT,Darin_Swanson@us.ibm.com,Status,NEW,ASSIGNED
2005-04-29 18:31:29 EDT,Darin_Swanson@us.ibm.com,OS,All,Linux
2005-04-29 18:32:13 EDT,Darin_Swanson@us.ibm.com,Status,RESOLVED,NEW
2005-04-29 18:32:13 EDT,Darin_Swanson@us.ibm.com,Resolution,FIXED,---
2005-05-05 11:36:49 EDT,cocoakevin@gmail.com,Status,VERIFIED,RESOLVED
2005-05-17 09:58:50 EDT,Darin_Swanson@us.ibm.com,CC,jan.materne@rzf.fin-nrw.de,
