When, Who, What, Added, Removed
2004-12-28 16:17:20 EST,dirk_baeumer@ch.ibm.com,Summary,Package explorer forgets active working set [package explorer],Package explorer forgets active working set
2005-02-11 10:31:11 EST,dirk_baeumer@ch.ibm.com,Severity,enhancement,normal
2005-05-11 12:15:46 EDT,markus_keller@ch.ibm.com,CC,markus_keller@ch.ibm.com,
2005-05-11 13:48:50 EDT,aeschli@gmail.com,Assignee,dirk_baeumer@ch.ibm.com,jdt-ui-inbox@eclipse.org
2005-05-20 09:09:19 EDT,dirk_baeumer@ch.ibm.com,Target Milestone,3.1 RC1,---
2005-05-20 09:13:39 EDT,dirk_baeumer@ch.ibm.com,Status,RESOLVED,NEW
2005-05-20 09:13:39 EDT,dirk_baeumer@ch.ibm.com,Resolution,FIXED,---
2005-05-27 10:50:14 EDT,markus_keller@ch.ibm.com,Status,VERIFIED,RESOLVED
