When, Who, What, Added, Removed
2004-12-23 13:25:04 EST,dirk_baeumer@ch.ibm.com,Blocks,81398,
2005-01-04 09:10:13 EST,darin.eclipse@gmail.com,Status,RESOLVED,NEW
2005-01-04 09:10:13 EST,darin.eclipse@gmail.com,Resolution,LATER,---
2005-01-04 09:56:01 EST,dirk_baeumer@ch.ibm.com,CC,darin_wright@ca.ibm.com,
2005-01-04 10:02:12 EST,darin.eclipse@gmail.com,Severity,enhancement,normal
2005-01-04 10:02:12 EST,darin.eclipse@gmail.com,Status,REOPENED,RESOLVED
2005-01-04 10:02:12 EST,darin.eclipse@gmail.com,Resolution,---,LATER
2005-01-04 10:02:12 EST,darin.eclipse@gmail.com,Target Milestone,3.1 M5,---
2005-01-04 10:02:23 EST,darin.eclipse@gmail.com,Status,NEW,REOPENED
2005-01-04 10:02:35 EST,darin.eclipse@gmail.com,Status,ASSIGNED,NEW
2005-01-04 12:28:10 EST,darin.eclipse@gmail.com,Assignee,luc_bourlier@us.ibm.com,jdt-debug-inbox@eclipse.org
2005-01-04 12:28:10 EST,darin.eclipse@gmail.com,Status,NEW,ASSIGNED
2005-01-04 12:28:24 EST,darin.eclipse@gmail.com,Status,RESOLVED,NEW
2005-01-04 12:28:24 EST,darin.eclipse@gmail.com,Resolution,FIXED,---
2005-01-04 13:08:21 EST,dirk_baeumer@ch.ibm.com,CC,martin_aeschlimann@ch.ibm.com,
2005-01-05 14:34:49 EST,eclipse@skyluc.org,Status,VERIFIED,RESOLVED
