When, Who, What, Added, Removed
2005-01-05 08:56:29 EST,dirk_baeumer@ch.ibm.com,Assignee,dirk_baeumer@ch.ibm.com,jdt-ui-inbox@eclipse.org
2005-01-05 08:56:29 EST,dirk_baeumer@ch.ibm.com,Severity,major,normal
2005-01-05 08:56:29 EST,dirk_baeumer@ch.ibm.com,Summary,cannot edit working sets from package explorer [package explorer],cannot edit working sets from package explorer
2005-01-05 08:56:29 EST,dirk_baeumer@ch.ibm.com,Target Milestone,3.1 M5,---
2005-01-05 09:03:51 EST,dirk_baeumer@ch.ibm.com,Status,RESOLVED,NEW
2005-01-05 09:03:51 EST,dirk_baeumer@ch.ibm.com,Resolution,FIXED,---
2005-02-18 04:59:32 EST,aeschli@gmail.com,Status,VERIFIED,RESOLVED
