When, Who, What, Added, Removed
2004-12-23 15:33:21 EST,curtispd@ca.ibm.com,Assignee,mgill@ca.ibm.com,curtispd@ca.ibm.com
2004-12-23 15:33:45 EST,curtispd@ca.ibm.com,Status,ASSIGNED,NEW
2004-12-23 15:37:17 EST,popescu@ca.ibm.com,Target Milestone,3.3,---
2004-12-30 10:31:55 EST,popescu@ca.ibm.com,Assignee,smith@ca.ibm.com,mgill@ca.ibm.com
2004-12-30 10:31:55 EST,popescu@ca.ibm.com,Status,NEW,ASSIGNED
2004-12-30 10:31:55 EST,popescu@ca.ibm.com,Component,DataCollection&Control,UI
2005-01-04 12:53:49 EST,curtispd@ca.ibm.com,Assignee,mgill@ca.ibm.com,smith@ca.ibm.com
2005-01-04 12:53:49 EST,curtispd@ca.ibm.com,Component,UI,DataCollection&Control
2005-01-04 12:54:02 EST,curtispd@ca.ibm.com,Status,ASSIGNED,NEW
2005-01-11 23:10:29 EST,popescu@ca.ibm.com,Component,Models.trace,UI
2005-01-11 23:11:12 EST,popescu@ca.ibm.com,Assignee,slavescu@ca.ibm.com,mgill@ca.ibm.com
2005-01-11 23:11:12 EST,popescu@ca.ibm.com,Status,NEW,ASSIGNED
2005-01-11 23:11:12 EST,popescu@ca.ibm.com,Target Milestone,3.3 i1,3.3
2005-01-12 18:32:29 EST,ewchan@ca.ibm.com,Status,RESOLVED,NEW
2005-01-12 18:32:29 EST,ewchan@ca.ibm.com,Resolution,FIXED,---
2005-01-14 12:45:56 EST,curtispd@ca.ibm.com,Status,CLOSED,RESOLVED
2012-02-15 13:47:05 EST,webmaster@eclipse.org,Component,Hyades,Models.trace
2012-02-15 13:47:05 EST,webmaster@eclipse.org,Version,unspecified,3.2
2012-02-15 13:47:05 EST,webmaster@eclipse.org,Product,z_Archived,Hyades
2012-02-15 13:47:05 EST,webmaster@eclipse.org,Target Milestone,---,3.3 i1
