When, Who, What, Added, Removed
2005-01-04 14:05:05 EST,john_arthorne@ca.ibm.com,CC,michael_valenta@ca.ibm.com,
2005-01-04 14:05:05 EST,john_arthorne@ca.ibm.com,Status,ASSIGNED,NEW
2005-01-04 14:05:05 EST,john_arthorne@ca.ibm.com,Summary,incomplete specs for mapping package,incomplete specs for ResourceAttributes
2005-11-18 16:47:18 EST,john_arthorne@ca.ibm.com,Assignee,john_arthorne@ca.ibm.com,platform-resources-inbox@eclipse.org
2005-11-18 16:47:18 EST,john_arthorne@ca.ibm.com,Status,NEW,ASSIGNED
2005-11-18 16:47:18 EST,john_arthorne@ca.ibm.com,Target Milestone,3.2 M4,---
2005-11-18 16:55:02 EST,john_arthorne@ca.ibm.com,Status,RESOLVED,NEW
2005-11-18 16:55:02 EST,john_arthorne@ca.ibm.com,Resolution,FIXED,---
