When, Who, What, Added, Removed
2004-12-29 17:15:36 EST,david_williams@us.ibm.com,Depends on,81555,
2004-12-29 18:18:57 EST,nitind@us.ibm.com,Component,wst.sse,jst.jsp
2004-12-29 18:19:15 EST,nitind@us.ibm.com,Assignee,wst.sse-inbox@eclipse.org,jst.jsp-inbox@eclipse.org
2005-01-01 23:51:04 EST,dmose@meer.net,CC,dmose@meer.net,
2005-01-07 13:16:44 EST,david_williams@us.ibm.com,Status,RESOLVED,NEW
2005-01-07 13:16:44 EST,david_williams@us.ibm.com,Resolution,FIXED,---
2005-02-05 17:07:36 EST,nitind@us.ibm.com,CC,mtraum@yahoo.com,
2005-07-25 11:46:13 EDT,david_williams@us.ibm.com,Status,VERIFIED,RESOLVED
2006-11-28 15:40:51 EST,jlanuti@us.ibm.com,Status,CLOSED,VERIFIED
