When, Who, What, Added, Removed
2004-12-24 10:51:51 EST,billy.biggs@eclipse.org,CC,bbiggs@ca.ibm.com,
2005-01-04 14:30:39 EST,snorthov@ca.ibm.com,CC,silenio_quarti@ca.ibm.com, steve_northover@ca.ibm.com,
2005-01-04 14:30:39 EST,snorthov@ca.ibm.com,Assignee,bbiggs@ca.ibm.com,platform-swt-inbox@eclipse.org
2005-07-13 04:30:24 EDT,artyom.kuanbekov@intel.com,CC,Mikhail.Voronin@intel.com,
2005-11-14 10:39:16 EST,Mikhail.Voronin@intel.com,CC,oleg.smetanin@intel.com,
2006-02-01 14:13:04 EST,Silenio_Quarti@ca.ibm.com,Assignee,Silenio_Quarti@ca.ibm.com,billy.biggs@eclipse.org
2006-02-01 14:13:42 EST,Silenio_Quarti@ca.ibm.com,Status,RESOLVED,NEW
2006-02-01 14:13:42 EST,Silenio_Quarti@ca.ibm.com,Resolution,FIXED,---
