When, Who, What, Added, Removed
2005-01-04 09:22:54 EST,eclipse@pookzilla.net,Assignee,Tod_Creasey@ca.ibm.com,Platform-UI-Inbox@eclipse.org
2005-01-04 09:22:54 EST,eclipse@pookzilla.net,Summary,[Import/Export] Multiple Projetcs Import Panel must give information about the projects,Multiple Projetcs Import Panel must give information about the projects
2005-01-04 09:49:38 EST,Tod_Creasey@ca.ibm.com,Severity,enhancement,normal
2005-01-04 09:49:38 EST,Tod_Creasey@ca.ibm.com,Status,ASSIGNED,NEW
2005-01-04 09:49:38 EST,Tod_Creasey@ca.ibm.com,Priority,P2,P3
2005-04-27 14:54:00 EDT,Tod_Creasey@ca.ibm.com,Priority,P4,P2
2005-07-21 16:35:23 EDT,Tod_Creasey@ca.ibm.com,Assignee,Karice_McIntyre@ca.ibm.com,Tod_Creasey@ca.ibm.com
2005-07-21 16:35:23 EDT,Tod_Creasey@ca.ibm.com,Status,NEW,ASSIGNED
2006-07-06 15:57:20 EDT,Karice_McIntyre@ca.ibm.com,Assignee,wassimm@ca.ibm.com,Karice_McIntyre@ca.ibm.com
2006-10-16 02:30:35 EDT,wassim.melhem@gmail.com,Component,IDE,UI
2006-12-21 23:17:16 EST,wassim.melhem@gmail.com,Assignee,platform-ide-inbox@eclipse.org,wassimm@ca.ibm.com
2007-06-25 15:45:13 EDT,Tod_Creasey@ca.ibm.com,Assignee,Tod_Creasey@ca.ibm.com,platform-ide-inbox@eclipse.org
2007-06-25 15:45:13 EDT,Tod_Creasey@ca.ibm.com,Keywords,helpwanted,
2007-06-25 15:45:13 EDT,Tod_Creasey@ca.ibm.com,Priority,P5,P4
2007-12-14 08:24:43 EST,remy.suen@gmail.com,CC,remy.suen@gmail.com,
2007-12-14 14:53:59 EST,Tod_Creasey@ca.ibm.com,Target Milestone,3.4,---
2007-12-14 18:50:27 EST,remy.suen@gmail.com,Attachment #85303                Attachment is obsolete,1,0
2007-12-17 07:57:30 EST,Tod_Creasey@ca.ibm.com,Whiteboard,ip,
2007-12-19 04:59:53 EST,dev@dlecan.com,CC,ml@dlecan.com,
2008-01-18 09:41:48 EST,Tod_Creasey@ca.ibm.com,Target Milestone,---,3.4
2008-01-18 09:53:32 EST,remy.suen@gmail.com,Attachment #85313                Attachment is obsolete,1,0
2008-02-24 10:50:07 EST,remy.suen@gmail.com,Attachment #87263                Attachment is obsolete,1,0
2009-07-15 12:11:19 EDT,susan@rapicorp.com,Assignee,platform-ui-triaged@eclipse.org,Tod_Creasey@ca.ibm.com
2009-07-15 12:11:19 EDT,susan@rapicorp.com,QA Contact,prakrang@in.ibm.com,
2009-07-16 05:36:46 EDT,me@grprakash.com,Status,RESOLVED,NEW
2009-07-16 05:36:46 EDT,me@grprakash.com,Resolution,FIXED,---
