When, Who, What, Added, Removed
2004-12-29 04:30:32 EST,daniel_megert@ch.ibm.com,Status,RESOLVED,NEW
2004-12-29 04:30:32 EST,daniel_megert@ch.ibm.com,Resolution,WORKSFORME,---
2005-01-01 12:07:11 EST,achapiro@qnx.com,Status,REOPENED,RESOLVED
2005-01-01 12:07:11 EST,achapiro@qnx.com,Resolution,---,WORKSFORME
2005-01-03 06:19:58 EST,daniel_megert@ch.ibm.com,Status,ASSIGNED,REOPENED
2005-01-03 06:19:58 EST,daniel_megert@ch.ibm.com,Summary,[find/replace] Find buttons disabled after reopening manifest editor,Closing of editor makes Find button disabled.
2007-08-28 04:55:51 EDT,daniel_megert@ch.ibm.com,Depends on,201391,
2007-08-28 08:18:42 EDT,pwebster@ca.ibm.com,CC,tvaseeharan@fnfr.com,
2008-10-27 04:49:04 EDT,daniel_megert@ch.ibm.com,CC,daniel_megert@ch.ibm.com,
2008-10-27 04:49:04 EDT,daniel_megert@ch.ibm.com,Status,RESOLVED,ASSIGNED
2008-10-27 04:49:04 EDT,daniel_megert@ch.ibm.com,OS,All,Windows XP
2008-10-27 04:49:04 EDT,daniel_megert@ch.ibm.com,Hardware,All,PC
2008-10-27 04:49:04 EDT,daniel_megert@ch.ibm.com,Resolution,FIXED,---
2008-10-27 04:49:04 EDT,daniel_megert@ch.ibm.com,Target Milestone,3.5 M3,---
