When, Who, What, Added, Removed
2004-12-27 03:00:20 EST,nitind@us.ibm.com,Assignee,nitind@us.ibm.com,wst.sse-inbox@eclipse.org
2004-12-28 15:51:30 EST,nitind@us.ibm.com,Status,ASSIGNED,NEW
2004-12-28 15:53:08 EST,nitind@us.ibm.com,Status,RESOLVED,ASSIGNED
2004-12-28 15:53:08 EST,nitind@us.ibm.com,Resolution,FIXED,---
2005-01-04 10:53:28 EST,david_williams@us.ibm.com,Target Milestone,1.0 M3,---
2005-06-25 20:20:46 EDT,brockj@gmail.com,Status,VERIFIED,RESOLVED
2005-07-20 23:11:04 EDT,david_williams@us.ibm.com,Status,CLOSED,VERIFIED
2008-12-08 22:44:29 EST,nitind@us.ibm.com,Component,Snippets Framework,wst.sse
2008-12-08 22:44:29 EST,nitind@us.ibm.com,Product,WTP Common Tools,WTP Source Editing
2008-12-08 22:44:29 EST,nitind@us.ibm.com,Version,0.7,unspecified
