When, Who, What, Added, Removed
2007-06-20 07:31:24 EDT,root@kryo.se,CC,root@kryo.se,
2009-01-09 15:28:48 EST,dschaefer@qnx.com,Component,cdt-core,deprecated7
2009-10-29 15:35:54 EDT,overholt@gmail.com,CC,overholt@redhat.com,
2009-10-29 17:11:22 EDT,angvoz.dev@gmail.com,CC,angvoz.dev@gmail.com,
2009-10-30 03:34:16 EDT,akurtakov@gmail.com,CC,akurtakov@gmail.com,
2009-10-30 04:57:41 EDT,jamesblackburn+eclipse@gmail.com,Keywords,helpwanted,
2009-10-30 04:57:41 EDT,jamesblackburn+eclipse@gmail.com,CC,jamesblackburn+eclipse@gmail.com, linux.distros-inbox@eclipse.org,
2009-10-30 04:57:41 EDT,jamesblackburn+eclipse@gmail.com,Component,Project,cdt-core
2009-10-30 04:57:41 EDT,jamesblackburn+eclipse@gmail.com,Version,unspecified,2.1
2009-10-30 04:57:41 EDT,jamesblackburn+eclipse@gmail.com,Assignee,overholt@redhat.com,cdt-core-inbox@eclipse.org
2009-10-30 04:57:41 EDT,jamesblackburn+eclipse@gmail.com,Product,Linux Tools,CDT
2009-12-03 09:02:46 EST,akurtakov@gmail.com,Status,ASSIGNED,NEW
2009-12-03 09:02:46 EST,akurtakov@gmail.com,Assignee,akurtakov@gmail.com,overholt@redhat.com
2010-01-26 06:48:18 EST,akurtakov@gmail.com,Status,CLOSED,ASSIGNED
2010-01-26 06:48:18 EST,akurtakov@gmail.com,Resolution,FIXED,---
2010-03-03 13:33:47 EST,overholt@gmail.com,Target Milestone,0.5,---
