When, Who, What, Added, Removed
2005-03-14 11:14:45 EST,gmendel@us.ibm.com,Assignee,gmendel@us.ibm.com,walkerp@us.ibm.com
2005-03-14 11:14:45 EST,gmendel@us.ibm.com,Priority,P1,P3
2005-03-14 11:14:45 EST,gmendel@us.ibm.com,Target Milestone,1.1M1,---
2005-03-16 10:51:06 EST,walkerp@us.ibm.com,Assignee,sgunturi@us.ibm.com,gmendel@us.ibm.com
2005-03-16 16:13:42 EST,sgunturi@us.ibm.com,Status,RESOLVED,NEW
2005-03-16 16:13:42 EST,sgunturi@us.ibm.com,Resolution,FIXED,---
2005-05-11 11:27:05 EDT,richkulp@us.ibm.com,Status,CLOSED,RESOLVED
2011-06-13 11:36:39 EDT,webmaster@eclipse.org,Component,VE,JFC/Swing
2011-06-13 11:36:39 EDT,webmaster@eclipse.org,Version,unspecified,1.1
2011-06-13 11:36:39 EDT,webmaster@eclipse.org,Product,z_Archived,VE
2011-06-13 11:36:39 EDT,webmaster@eclipse.org,Target Milestone,---,1.1M1
