When, Who, What, Added, Removed
2004-12-27 11:05:26 EST,marc.lehmann@infineon.com,Assignee,jst.server-inbox@eclipse.org,wst.server-inbox@eclipse.org
2004-12-27 11:33:03 EST,marc.lehmann@infineon.com,Severity,normal,major
2004-12-27 11:33:03 EST,marc.lehmann@infineon.com,Component,jst.server,wst.server
2005-01-09 19:30:22 EST,deboer@ca.ibm.com,Assignee,deboer@ca.ibm.com,jst.server-inbox@eclipse.org
2005-02-02 12:43:49 EST,deboer@ca.ibm.com,Status,RESOLVED,NEW
2005-02-02 12:43:49 EST,deboer@ca.ibm.com,Resolution,FIXED,---
2005-07-26 14:45:12 EDT,deboer@ca.ibm.com,Status,CLOSED,RESOLVED
