When, Who, What, Added, Removed
2005-06-20 17:03:53 EDT,david_williams@us.ibm.com,Assignee,david_williams@us.ibm.com,wst.xml-inbox@eclipse.org
2007-09-13 03:15:24 EDT,nitind@us.ibm.com,CC,nitind@us.ibm.com,
2007-09-13 03:15:24 EDT,nitind@us.ibm.com,Keywords,helpwanted,
2007-09-13 03:15:24 EDT,nitind@us.ibm.com,Version,1.0,unspecified
2008-03-03 14:50:21 EST,doug.satchwell@ymail.com,CC,doug.satchwell@btinternet.com,
2008-03-10 21:12:15 EDT,d_a_carver@yahoo.com,CC,d_a_carver@yahoo.com,
2008-04-15 22:11:59 EDT,nitind@us.ibm.com,CC,david_williams@us.ibm.com,
2008-04-15 22:11:59 EDT,nitind@us.ibm.com,Assignee,wtp.inc-inbox@eclipse.org,david_williams@us.ibm.com
2008-04-15 22:11:59 EDT,nitind@us.ibm.com,Component,incubator,wst.xml
2008-04-15 22:11:59 EDT,nitind@us.ibm.com,QA Contact,david_williams@us.ibm.com,
2008-04-16 08:22:36 EDT,d_a_carver@yahoo.com,Version,unspecified,1.0
2008-04-23 03:22:49 EDT,doug.satchwell@ymail.com,Status,ASSIGNED,NEW
2008-04-23 03:22:49 EDT,doug.satchwell@ymail.com,Target Milestone,0.5 M7,---
2008-04-23 08:09:58 EDT,d_a_carver@yahoo.com,Assignee,doug.satchwell@btinternet.com,wtp.inc-inbox@eclipse.org
2008-04-23 08:09:58 EDT,d_a_carver@yahoo.com,Status,NEW,ASSIGNED
2008-04-23 08:10:15 EDT,d_a_carver@yahoo.com,Status,ASSIGNED,NEW
2008-04-30 19:18:50 EDT,d_a_carver@yahoo.com,Status,RESOLVED,ASSIGNED
2008-04-30 19:18:50 EDT,d_a_carver@yahoo.com,Resolution,FIXED,---
