When, Who, What, Added, Removed
2004-12-27 12:42:24 EST,radu@negulescu.net,Priority,P2,P3
2004-12-27 20:13:43 EST,birsan@ca.ibm.com,CC,,birsan@ca.ibm.com
2004-12-27 20:13:43 EST,birsan@ca.ibm.com,Assignee,platform-swt-inbox@eclipse.org,platform-help-inbox@eclipse.org
2004-12-27 20:13:43 EST,birsan@ca.ibm.com,Component,SWT,Help
2005-01-04 14:23:52 EST,snorthov@ca.ibm.com,Assignee,platform-help-inbox@eclipse.org,platform-swt-inbox@eclipse.org
2005-01-04 14:23:52 EST,snorthov@ca.ibm.com,Component,Help,SWT
2005-01-04 14:54:30 EST,konradk@ca.ibm.com,Assignee,Platform-UI-Inbox@eclipse.org,platform-help-inbox@eclipse.org
2005-01-04 14:54:30 EST,konradk@ca.ibm.com,Component,UI,Help
2005-01-04 15:15:06 EST,eclipse@pookzilla.net,Assignee,lparsons@ca.ibm.com,Platform-UI-Inbox@eclipse.org
2005-01-04 15:15:06 EST,eclipse@pookzilla.net,Priority,P3,P2
2006-08-21 12:11:05 EDT,bokowski@google.com,Component,User Assistance,UI
2006-09-22 16:47:53 EDT,curtispd@ca.ibm.com,Status,RESOLVED,NEW
2006-09-22 16:47:53 EDT,curtispd@ca.ibm.com,Resolution,FIXED,---
2006-09-22 16:47:53 EDT,curtispd@ca.ibm.com,Summary,[CheatSheet] SWT Tutorial settings,SWT Tutorial settings
2006-09-22 18:07:30 EDT,radu@negulescu.net,Status,CLOSED,RESOLVED
