When, Who, What, Added, Removed
2005-01-05 15:59:23 EST,jean-michel_lemieux@ca.ibm.com,Assignee,silvio_boehler@ca.ibm.com,platform-cvs-inbox@eclipse.org
2005-01-05 15:59:23 EST,jean-michel_lemieux@ca.ibm.com,Summary,3.1M4 cvs commit doesn't always commit all resources,3.1M4 cvs commit doesn't always commit all resources
2005-01-05 15:59:23 EST,jean-michel_lemieux@ca.ibm.com,Target Milestone,3.1 M5,---
2005-01-06 15:28:21 EST,silvio_boehler@ca.ibm.com,Status,ASSIGNED,NEW
2005-01-13 10:12:43 EST,silvio_boehler@ca.ibm.com,Status,RESOLVED,ASSIGNED
2005-01-13 10:12:43 EST,silvio_boehler@ca.ibm.com,Resolution,FIXED,---
