When, Who, What, Added, Removed
2005-01-04 09:43:12 EST,eclipse@pookzilla.net,CC,kim_horne@ca.ibm.com,
2005-01-04 09:43:12 EST,eclipse@pookzilla.net,Assignee,sxenos@ca.ibm.com,Platform-UI-Inbox@eclipse.org
2005-01-04 09:43:12 EST,eclipse@pookzilla.net,Summary,[DnD] Maximize intro, then put intro in stand-by, now can't resize views,Maximize intro, then put intro in stand-by, now can't resize views
2005-04-21 18:39:49 EDT,sxenos@gmail.com,CC,nick_edgar@ca.ibm.com,
2005-04-21 18:40:55 EDT,sxenos@gmail.com,Target Milestone,3.1 M7,---
2005-04-21 23:47:27 EDT,sxenos@gmail.com,Status,RESOLVED,NEW
2005-04-21 23:47:27 EDT,sxenos@gmail.com,Resolution,FIXED,---
2005-05-10 23:46:57 EDT,sxenos@gmail.com,Status,VERIFIED,RESOLVED
