When, Who, What, Added, Removed
2005-01-04 06:40:38 EST,jerome_lanneluc@fr.ibm.com,Summary,[compiler] Enum and Duplicate case error,Enum and Duplicate case error
2005-01-11 07:12:02 EST,jerome_lanneluc@fr.ibm.com,CC,cap@isg.axmor.com,
2005-01-11 17:56:01 EST,philippe_mulet@fr.ibm.com,Assignee,philippe_mulet@fr.ibm.com,jdt-core-inbox@eclipse.org
2005-01-11 17:56:01 EST,philippe_mulet@fr.ibm.com,Target Milestone,3.1 M5,---
2005-01-11 17:56:21 EST,philippe_mulet@fr.ibm.com,Status,RESOLVED,NEW
2005-01-11 17:56:21 EST,philippe_mulet@fr.ibm.com,Resolution,FIXED,---
2005-02-15 05:41:56 EST,jerome_lanneluc@fr.ibm.com,Status,VERIFIED,RESOLVED
