When, Who, What, Added, Removed
2004-12-28 09:43:21 EST,kent_johnson@ca.ibm.com,Assignee,kent_johnson@ca.ibm.com,jdt-core-inbox@eclipse.org
2005-06-13 10:36:59 EDT,kent_johnson@ca.ibm.com,Status,RESOLVED,NEW
2005-06-13 10:36:59 EDT,kent_johnson@ca.ibm.com,Resolution,DUPLICATE,---
2005-06-13 10:36:59 EDT,kent_johnson@ca.ibm.com,Target Milestone,3.1 RC2,---
2005-12-29 16:59:37 EST,BJGeraci@aol.com,Status,REOPENED,RESOLVED
2005-12-29 16:59:37 EST,BJGeraci@aol.com,Resolution,---,DUPLICATE
2006-03-06 13:33:42 EST,kent_johnson@ca.ibm.com,Target Milestone,---,3.1 RC2
2006-03-17 03:47:13 EST,bugzilla@emanuelgreisen.dk,CC,bugzilla@emanuelgreisen.dk,
2006-04-12 13:13:52 EDT,philippe_mulet@fr.ibm.com,Summary,[1.5][compiler] Cycle detected / type hierarchy error,Cycle detected / type hierarchy error
2006-04-12 16:35:50 EDT,kent_johnson@ca.ibm.com,Status,RESOLVED,REOPENED
2006-04-12 16:35:50 EDT,kent_johnson@ca.ibm.com,Resolution,FIXED,---
2006-04-12 16:35:50 EDT,kent_johnson@ca.ibm.com,Target Milestone,3.2 RC1,---
2006-04-14 05:14:35 EDT,david_audel@fr.ibm.com,Status,VERIFIED,RESOLVED
