When, Who, What, Added, Removed
2004-12-27 15:43:47 EST,eclipse@tom.hofmann.name,Status,RESOLVED,NEW
2004-12-27 15:43:47 EST,eclipse@tom.hofmann.name,Resolution,INVALID,---
2004-12-29 03:57:44 EST,daniel_megert@ch.ibm.com,Status,REOPENED,RESOLVED
2004-12-29 03:57:44 EST,daniel_megert@ch.ibm.com,Resolution,---,INVALID
2004-12-29 03:58:32 EST,daniel_megert@ch.ibm.com,Severity,trivial,normal
2004-12-29 03:58:32 EST,daniel_megert@ch.ibm.com,Status,ASSIGNED,REOPENED
2004-12-29 03:58:32 EST,daniel_megert@ch.ibm.com,Summary,[formatting] Revisit CommentFormatterPreferenceConstants,CommentFormatterPreferenceConstants - Problem with constants in public class with private constructor
2005-05-17 10:54:51 EDT,daniel_megert@ch.ibm.com,Status,RESOLVED,ASSIGNED
2005-05-17 10:54:51 EDT,daniel_megert@ch.ibm.com,Resolution,FIXED,---
2005-05-17 10:54:51 EDT,daniel_megert@ch.ibm.com,Target Milestone,3.1 M6,---
