When, Who, What, Added, Removed
2004-12-28 15:57:14 EST,nitind@us.ibm.com,Assignee,wst.xml-inbox@eclipse.org,wst.css-inbox@eclipse.org
2004-12-30 12:45:33 EST,panagiotis.korros@gmail.com,CC,panagiotis.korros@gmail.com,
2005-01-03 03:11:27 EST,david_williams@us.ibm.com,CC,kai-uwe_maetzel@ch.ibm.com,
2005-01-03 03:11:50 EST,david_williams@us.ibm.com,CC,Darin_Swanson@us.ibm.com,
2005-01-03 03:26:57 EST,david_williams@us.ibm.com,Assignee,david_williams@us.ibm.com,wst.xml-inbox@eclipse.org
2005-01-03 04:27:12 EST,nitind@us.ibm.com,CC,nitind@us.ibm.com,
2005-01-04 03:02:08 EST,david_williams@us.ibm.com,Depends on,82120,
2005-01-04 03:02:08 EST,david_williams@us.ibm.com,Status,RESOLVED,NEW
2005-01-04 03:02:08 EST,david_williams@us.ibm.com,Resolution,FIXED,---
2005-01-04 10:51:22 EST,david_williams@us.ibm.com,Target Milestone,1.0 M3,---
2005-02-05 00:09:39 EST,david_williams@us.ibm.com,CC,mtraum@yahoo.com,
2005-02-23 18:54:51 EST,david_williams@us.ibm.com,Component,wst.sse,wst.css
2005-06-15 18:20:28 EDT,ryman@ca.ibm.com,Status,VERIFIED,RESOLVED
2005-06-20 09:06:28 EDT,david_williams@us.ibm.com,Status,CLOSED,VERIFIED
