When, Who, What, Added, Removed
2004-12-29 12:12:35 EST,eclipse@pookzilla.net,Assignee,dejan@ca.ibm.com,Platform-UI-Inbox@eclipse.org
2005-04-29 17:04:42 EDT,dejan@ca.ibm.com,Summary,[Forms] Section (ExpandableComposite) title label background color overrides gradient when using TITLE_BAR style,Section (ExpandableComposite) title label background color overrides gradient when using TITLE_BAR style
2005-04-29 18:59:56 EDT,dejan@ca.ibm.com,Keywords,polish,
2005-06-02 11:18:26 EDT,dejan@ca.ibm.com,Status,RESOLVED,NEW
2005-06-02 11:18:26 EDT,dejan@ca.ibm.com,Resolution,WORKSFORME,---
2005-06-02 12:11:34 EDT,roland@videobet.com,Status,REOPENED,RESOLVED
2005-06-02 12:11:34 EDT,roland@videobet.com,Resolution,---,WORKSFORME
2005-06-02 12:57:17 EDT,dejan@ca.ibm.com,Priority,P4,P3
2005-06-16 04:40:03 EDT,roland@videobet.com,Depends on,29994,
2006-01-18 19:19:33 EST,dejan@ca.ibm.com,Status,RESOLVED,REOPENED
2006-01-18 19:19:33 EST,dejan@ca.ibm.com,Resolution,FIXED,---
2006-01-18 19:19:33 EST,dejan@ca.ibm.com,Target Milestone,3.2 M5,---
2006-02-16 16:16:41 EST,bokowski@google.com,Component,User Assistance,UI
