When, Who, What, Added, Removed
2005-01-05 16:03:47 EST,birsan@ca.ibm.com,Assignee,birsan@ca.ibm.com,platform-update-inbox@eclipse.org
2005-05-21 22:44:03 EDT,dejan@ca.ibm.com,Assignee,btripkov@ca.ibm.com,birsan@ca.ibm.com
2005-05-21 22:44:21 EDT,dejan@ca.ibm.com,Priority,P2,P3
2005-05-25 15:53:30 EDT,btripkov@ca.ibm.com,Attachment #21773                Attachment is obsolete,1,0
2005-06-03 10:35:34 EDT,btripkov@ca.ibm.com,Status,RESOLVED,NEW
2005-06-03 10:35:34 EDT,btripkov@ca.ibm.com,Resolution,FIXED,---
2005-06-03 10:35:34 EDT,btripkov@ca.ibm.com,Target Milestone,3.1 RC2,---
2006-05-27 09:48:32 EDT,spamtheworm@koehler-homepage.de,CC,spamtheworm@koehler-homepage.de,
