When, Who, What, Added, Removed
2004-12-29 05:31:41 EST,sylvain.pasche@gmail.com,CC,sylvain.pasche@gmail.com,
2005-01-07 13:32:57 EST,Michael_Valenta@ca.ibm.com,Status,RESOLVED,NEW
2005-01-07 13:32:57 EST,Michael_Valenta@ca.ibm.com,Resolution,REMIND,---
2005-01-10 11:03:42 EST,Michael_Valenta@ca.ibm.com,Status,REOPENED,RESOLVED
2005-01-10 11:03:42 EST,Michael_Valenta@ca.ibm.com,Resolution,---,REMIND
2005-01-10 11:03:42 EST,Michael_Valenta@ca.ibm.com,Summary,[FAQ] [Change Sets] Change sets don't work in Incomming mode using extssh,[Change Sets] Change sets don't work in Incomming mode using extssh
2005-01-10 11:03:42 EST,Michael_Valenta@ca.ibm.com,Target Milestone,3.1 M5,---
2005-01-10 11:04:00 EST,Michael_Valenta@ca.ibm.com,Status,ASSIGNED,REOPENED
2005-02-15 16:34:51 EST,Michael_Valenta@ca.ibm.com,Target Milestone,3.1 M6,3.1 M5
2005-03-31 14:39:13 EST,Michael_Valenta@ca.ibm.com,Target Milestone,3.1 M7,3.1 M6
2005-04-20 14:21:23 EDT,Michael_Valenta@ca.ibm.com,Status,RESOLVED,ASSIGNED
2005-04-20 14:21:23 EDT,Michael_Valenta@ca.ibm.com,Resolution,FIXED,---
2005-05-10 11:11:58 EDT,Michael_Valenta@ca.ibm.com,Status,VERIFIED,RESOLVED
2005-09-28 15:57:17 EDT,tvwww@hot.ee,CC,tvwww@hot.ee,
