When, Who, What, Added, Removed
2005-01-04 14:17:10 EST,snorthov@ca.ibm.com,Assignee,christophe_cornu@ca.ibm.com,platform-swt-inbox@eclipse.org
2005-01-06 09:58:34 EST,christophe.cornu+eclipse@gmail.com,Summary,[launcher] Launcher should be independent of startup.jar location,Launcher should be independent of startup.jar location
2005-01-06 10:13:05 EST,pascal@rapicorp.com,CC,pascal_rapicault@ca.ibm.com,
2005-01-10 09:35:42 EST,pascal@rapicorp.com,Status,ASSIGNED,NEW
2005-01-10 10:21:53 EST,ed.burnette@sas.com,CC,ed.burnette@sas.com,
2005-01-18 08:45:56 EST,Jim.Adams@sas.com,CC,jim.adams@sas.com,
2005-01-31 19:11:13 EST,christophe.cornu+eclipse@gmail.com,Status,RESOLVED,ASSIGNED
2005-01-31 19:11:13 EST,christophe.cornu+eclipse@gmail.com,Resolution,FIXED,---
2005-02-01 09:43:14 EST,christophe.cornu+eclipse@gmail.com,Status,REOPENED,RESOLVED
2005-02-01 09:43:14 EST,christophe.cornu+eclipse@gmail.com,Resolution,---,FIXED
2005-02-07 16:27:05 EST,christophe.cornu+eclipse@gmail.com,Status,RESOLVED,REOPENED
2005-02-07 16:27:05 EST,christophe.cornu+eclipse@gmail.com,Resolution,FIXED,---
