When, Who, What, Added, Removed
2004-12-29 04:53:41 EST,frederic_fusier@fr.ibm.com,Assignee,platform-ant-inbox@eclipse.org,jdt-core-inbox@eclipse.org
2004-12-29 04:53:41 EST,frederic_fusier@fr.ibm.com,Component,Ant,Core
2004-12-29 04:53:41 EST,frederic_fusier@fr.ibm.com,Product,Platform,JDT
2005-01-03 22:41:59 EST,Darin_Swanson@us.ibm.com,CC,Darin_Swanson@us.ibm.com,
2005-01-03 22:41:59 EST,Darin_Swanson@us.ibm.com,Assignee,jaredburns@acm.org,platform-ant-inbox@eclipse.org
2005-01-03 22:41:59 EST,Darin_Swanson@us.ibm.com,Target Milestone,3.1 M5,---
2005-01-03 22:42:13 EST,Darin_Swanson@us.ibm.com,Status,RESOLVED,NEW
2005-01-03 22:42:13 EST,Darin_Swanson@us.ibm.com,Resolution,FIXED,---
2005-01-05 17:06:39 EST,jared_burns@us.ibm.com,Status,VERIFIED,RESOLVED
