When, Who, What, Added, Removed
2005-01-02 07:06:54 EST,philippe_mulet@fr.ibm.com,Assignee,philippe_mulet@fr.ibm.com,jdt-core-inbox@eclipse.org
2005-01-03 15:49:06 EST,philippe_mulet@fr.ibm.com,Target Milestone,3.1 M5,---
2005-01-04 05:03:58 EST,philippe_mulet@fr.ibm.com,Status,RESOLVED,NEW
2005-01-04 05:03:58 EST,philippe_mulet@fr.ibm.com,Resolution,FIXED,---
2005-01-04 05:03:58 EST,philippe_mulet@fr.ibm.com,Summary,[1.5][compiler] compiler allows use of void type as method arguments,compiler allows use of void type as method arguments
2005-01-23 06:50:44 EST,philippe_mulet@fr.ibm.com,CC,kwhittingham@bluewin.ch,
2005-02-15 06:04:45 EST,jerome_lanneluc@fr.ibm.com,Status,VERIFIED,RESOLVED
2005-02-18 16:11:34 EST,philippe_mulet@fr.ibm.com,CC,gilead@yellowhedgehog.com,
