When, Who, What, Added, Removed
2004-12-29 05:02:08 EST,frederic_fusier@fr.ibm.com,Assignee,jdt-ui-inbox@eclipse.org,jdt-core-inbox@eclipse.org
2004-12-29 05:02:08 EST,frederic_fusier@fr.ibm.com,Component,UI,Core
2004-12-29 11:21:11 EST,dirk_baeumer@ch.ibm.com,Assignee,martin_aeschlimann@ch.ibm.com,jdt-ui-inbox@eclipse.org
2004-12-29 11:21:11 EST,dirk_baeumer@ch.ibm.com,Summary,Unexpected unresolved enum quick fix suggestions [quick fix] [5.0],Unexpected unresolved enum quick fix suggestions
2004-12-29 11:21:11 EST,dirk_baeumer@ch.ibm.com,Target Milestone,3.1 M5,---
2005-02-07 10:15:20 EST,aeschli@gmail.com,Status,RESOLVED,NEW
2005-02-07 10:15:20 EST,aeschli@gmail.com,Resolution,FIXED,---
