When, Who, What, Added, Removed
2004-12-29 08:42:14 EST,agouz@eg.ibm.com,CC,semion@il.ibm.com,
2004-12-29 12:36:46 EST,konradk@ca.ibm.com,CC,mfaraj@ca.ibm.com,
2004-12-29 12:36:46 EST,konradk@ca.ibm.com,Assignee,platform-intro-inbox@eclipse.org,platform-help-inbox@eclipse.org
2004-12-29 12:36:46 EST,konradk@ca.ibm.com,Component,Intro,Help
2005-02-09 11:59:55 EST,mfaraj@ca.ibm.com,Assignee,mfaraj@ca.ibm.com,platform-intro-inbox@eclipse.org
2005-03-17 07:42:18 EST,agouz@eg.ibm.com,Assignee,platform-intro-inbox@eclipse.org,mfaraj@ca.ibm.com
2005-03-17 07:42:18 EST,agouz@eg.ibm.com,Severity,critical,major
2005-03-17 07:44:04 EST,agouz@eg.ibm.com,Assignee,mfaraj@ca.ibm.com,platform-intro-inbox@eclipse.org
2005-03-17 09:08:50 EST,dwhare@us.ibm.com,CC,,jjsimpso@us.ibm.com, dwhare@us.ibm.com
2005-03-17 11:18:35 EST,mfaraj@ca.ibm.com,Target Milestone,3.1 M6,---
2005-04-04 15:58:09 EDT,mfaraj@ca.ibm.com,Status,RESOLVED,NEW
2005-04-04 15:58:09 EDT,mfaraj@ca.ibm.com,Resolution,FIXED,---
