When, Who, What, Added, Removed
2004-12-29 04:25:16 EST,daniel_megert@ch.ibm.com,Assignee,eclipse@tom.eicher.name,jdt-text-inbox@eclipse.org
2004-12-29 04:25:16 EST,daniel_megert@ch.ibm.com,Summary,[preferences] Disabling and enabling folding on small file takes forever,Disabling and enabling folding on small file takes forever
2004-12-29 04:25:16 EST,daniel_megert@ch.ibm.com,Target Milestone,3.1 M5,---
2005-01-14 09:35:39 EST,daniel_megert@ch.ibm.com,Priority,P2,P3
2005-01-17 06:10:12 EST,eclipse@tom.hofmann.name,Status,ASSIGNED,NEW
2005-02-11 10:31:24 EST,eclipse@tom.hofmann.name,Status,RESOLVED,ASSIGNED
2005-02-11 10:31:24 EST,eclipse@tom.hofmann.name,Resolution,FIXED,---
2005-02-18 05:01:36 EST,aeschli@gmail.com,Status,VERIFIED,RESOLVED
