When, Who, What, Added, Removed
2004-12-29 08:48:28 EST,agouz@eg.ibm.com,CC,semion@il.ibm.com,
2004-12-29 09:04:36 EST,eclipse@pookzilla.net,Assignee,Tod_Creasey@ca.ibm.com,Platform-UI-Inbox@eclipse.org
2004-12-29 09:04:36 EST,eclipse@pookzilla.net,Summary,[BiDi] Mirrored English text within icons,BIDI:Mirrored English text within icons
2005-01-04 09:31:45 EST,Tod_Creasey@ca.ibm.com,CC,Tod_Creasey@ca.ibm.com,
2005-01-04 09:31:45 EST,Tod_Creasey@ca.ibm.com,Assignee,platform-swt-inbox@eclipse.org,Tod_Creasey@ca.ibm.com
2005-01-04 09:31:45 EST,Tod_Creasey@ca.ibm.com,Component,SWT,UI
2005-01-04 14:13:54 EST,snorthov@ca.ibm.com,CC,felipe_heidrich@ca.ibm.com,
2005-01-04 14:13:54 EST,snorthov@ca.ibm.com,Assignee,steve_northover@ca.ibm.com,platform-swt-inbox@eclipse.org
2005-01-05 04:39:52 EST,agouz@eg.ibm.com,Severity,enhancement,major
2005-01-05 15:09:27 EST,eclipse.felipe@gmail.com,Assignee,Tod_Creasey@ca.ibm.com,steve_northover@ca.ibm.com
2005-01-05 16:15:03 EST,Tod_Creasey@ca.ibm.com,Status,ASSIGNED,NEW
2005-01-05 16:15:03 EST,Tod_Creasey@ca.ibm.com,Keywords,nl,
2005-01-05 16:15:03 EST,Tod_Creasey@ca.ibm.com,Priority,P2,P3
2005-01-13 15:46:09 EST,eclipse.felipe@gmail.com,Component,UI,SWT
2005-02-10 08:54:39 EST,Tod_Creasey@ca.ibm.com,CC,hokamoto@us.ibm.com,
2005-02-23 13:59:31 EST,Tod_Creasey@ca.ibm.com,Assignee,platform-releng-inbox@eclipse.org,Tod_Creasey@ca.ibm.com
2005-02-23 13:59:31 EST,Tod_Creasey@ca.ibm.com,Status,NEW,ASSIGNED
2005-02-23 13:59:31 EST,Tod_Creasey@ca.ibm.com,Component,Releng,UI
2005-02-23 13:59:48 EST,Tod_Creasey@ca.ibm.com,Assignee,camle@us.ibm.com,platform-releng-inbox@eclipse.org
2005-02-23 14:33:49 EST,wasleski@us.ibm.com,CC,lindawat@us.ibm.com,
2005-02-24 08:35:40 EST,aiproulx@ca.ibm.com,CC,aiproulx@ca.ibm.com,
2005-02-24 11:10:00 EST,Tod_Creasey@ca.ibm.com,CC,dj_houghton@ca.ibm.com,
2005-02-24 11:20:15 EST,Tod_Creasey@ca.ibm.com,Depends on,86492,
2005-02-25 09:31:26 EST,Tod_Creasey@ca.ibm.com,CC,Kevin_Haaland@ca.ibm.com,
2005-03-03 15:06:19 EST,jmockler@ca.ibm.com,CC,jmockler@ca.ibm.com,
2005-08-30 09:59:39 EDT,camle@us.ibm.com,Status,ASSIGNED,NEW
2005-08-30 10:01:21 EDT,camle@us.ibm.com,Status,RESOLVED,ASSIGNED
2005-08-30 10:01:21 EDT,camle@us.ibm.com,Resolution,FIXED,---
2005-08-30 10:02:44 EDT,camle@us.ibm.com,Status,CLOSED,RESOLVED
