When, Who, What, Added, Removed
2004-12-29 08:42:46 EST,agouz@eg.ibm.com,CC,semion@il.ibm.com,
2005-01-04 14:05:03 EST,snorthov@ca.ibm.com,CC,steve_northover@ca.ibm.com,
2005-01-04 14:05:03 EST,snorthov@ca.ibm.com,Assignee,felipe_heidrich@ca.ibm.com,platform-swt-inbox@eclipse.org
2005-01-10 10:54:18 EST,eclipse.felipe@gmail.com,CC,yulingc@ca.ibm.com,
2005-01-11 11:44:37 EST,eclipse.felipe@gmail.com,Status,RESOLVED,NEW
2005-01-11 11:44:37 EST,eclipse.felipe@gmail.com,Resolution,FIXED,---
2005-01-12 08:26:40 EST,agouz@eg.ibm.com,Status,REOPENED,RESOLVED
2005-01-12 08:26:40 EST,agouz@eg.ibm.com,Resolution,---,FIXED
2005-01-12 11:37:02 EST,eclipse.felipe@gmail.com,Status,RESOLVED,REOPENED
2005-01-12 11:37:02 EST,eclipse.felipe@gmail.com,Resolution,FIXED,---
2005-01-17 06:37:37 EST,agouz@eg.ibm.com,Status,VERIFIED,RESOLVED
2005-02-09 03:48:21 EST,agouz@eg.ibm.com,Status,REOPENED,VERIFIED
2005-02-09 03:48:21 EST,agouz@eg.ibm.com,Resolution,---,FIXED
2005-02-09 03:49:24 EST,agouz@eg.ibm.com,Status,RESOLVED,REOPENED
2005-02-09 03:49:24 EST,agouz@eg.ibm.com,Resolution,FIXED,---
2005-02-09 03:49:44 EST,agouz@eg.ibm.com,Status,CLOSED,RESOLVED
