When, Who, What, Added, Removed
2005-01-03 06:59:37 EST,daniel_megert@ch.ibm.com,Status,ASSIGNED,NEW
2005-01-03 06:59:37 EST,daniel_megert@ch.ibm.com,Keywords,nl,
2005-01-03 06:59:37 EST,daniel_megert@ch.ibm.com,Summary,[projection] BIDI:Folding arrow should be mirrored,BIDI:Grouping arrow should be mirrored
2005-01-03 12:37:51 EST,daniel_megert@ch.ibm.com,Depends on,61725,
2005-01-04 08:44:20 EST,agouz@eg.ibm.com,Severity,normal,major
2005-01-13 14:50:51 EST,daniel_megert@ch.ibm.com,CC,daniel_megert@ch.ibm.com,
2005-01-13 14:50:51 EST,daniel_megert@ch.ibm.com,Assignee,Tod_Creasey@ca.ibm.com,jdt-text-inbox@eclipse.org
2005-01-13 14:50:51 EST,daniel_megert@ch.ibm.com,Status,NEW,ASSIGNED
2005-01-13 14:50:51 EST,daniel_megert@ch.ibm.com,Component,UI,Text
2005-01-13 14:50:51 EST,daniel_megert@ch.ibm.com,Product,Platform,JDT
2005-01-13 14:54:58 EST,Tod_Creasey@ca.ibm.com,CC,lindawat@us.ibm.com,
2005-01-13 14:54:58 EST,Tod_Creasey@ca.ibm.com,Status,ASSIGNED,NEW
2005-01-13 14:54:58 EST,Tod_Creasey@ca.ibm.com,Priority,P2,P3
2005-01-14 12:36:41 EST,kpeter@ca.ibm.com,CC,kpeter@ca.ibm.com,
2005-01-16 07:40:38 EST,agouz@eg.ibm.com,Status,RESOLVED,ASSIGNED
2005-01-16 07:40:38 EST,agouz@eg.ibm.com,Resolution,FIXED,---
2005-02-09 02:40:50 EST,agouz@eg.ibm.com,Status,CLOSED,RESOLVED
