When, Who, What, Added, Removed
2005-02-02 12:39:07 EST,deboer@ca.ibm.com,CC,cs4me@bellsouth.net,
2005-02-02 12:39:31 EST,deboer@ca.ibm.com,Assignee,deboer@ca.ibm.com,wst.server-inbox@eclipse.org
2005-04-17 16:35:29 EDT,deboer@ca.ibm.com,Status,ASSIGNED,NEW
2005-04-19 08:54:27 EDT,deboer@ca.ibm.com,Status,RESOLVED,ASSIGNED
2005-04-19 08:54:27 EDT,deboer@ca.ibm.com,Resolution,FIXED,---
2005-06-24 10:57:15 EDT,Larry.Isaacs@sas.com,Status,VERIFIED,RESOLVED
2005-06-30 14:34:48 EDT,deboer@ca.ibm.com,Status,CLOSED,VERIFIED
