When, Who, What, Added, Removed
2005-01-04 16:08:29 EST,mikhailkhod@googlemail.com,CC,alain@qnx.com,
2005-01-05 09:06:25 EST,darin.eclipse@gmail.com,Assignee,jaredburns@acm.org,platform-debug-inbox@eclipse.org
2005-01-05 09:06:25 EST,darin.eclipse@gmail.com,Target Milestone,3.1 M5,---
2005-01-05 09:08:22 EST,darin.eclipse@gmail.com,Status,RESOLVED,NEW
2005-01-05 09:08:22 EST,darin.eclipse@gmail.com,Resolution,FIXED,---
2005-01-05 16:58:24 EST,jared_burns@us.ibm.com,Status,VERIFIED,RESOLVED
2005-01-05 16:58:24 EST,jared_burns@us.ibm.com,Summary,The IDisconnect implementation by Launch module is too restrictive,The IDisconnect implementation by Launch module is too restrictive.
