When, Who, What, Added, Removed
2004-12-30 15:50:44 EST,daniel_megert@ch.ibm.com,Assignee,daniel_megert@ch.ibm.com,jdt-text-inbox@eclipse.org
2004-12-30 15:50:44 EST,daniel_megert@ch.ibm.com,Summary,[preferences] Colour section of Properties File Editor preference page should not grab vertical space,Colour section of Properties File Editor preference page should not grab vertical space
2004-12-30 15:50:44 EST,daniel_megert@ch.ibm.com,Target Milestone,3.1 M5,---
2005-01-14 09:29:32 EST,daniel_megert@ch.ibm.com,Status,RESOLVED,NEW
2005-01-14 09:29:32 EST,daniel_megert@ch.ibm.com,Resolution,FIXED,---
