When, Who, What, Added, Removed
2004-12-29 18:27:11 EST,dirk_baeumer@ch.ibm.com,Assignee,dirk_baeumer@ch.ibm.com,jdt-ui-inbox@eclipse.org
2004-12-29 18:27:11 EST,dirk_baeumer@ch.ibm.com,Summary,"Encapsulate Field" changes the data type of member variable [refactoring] [sef],"Encapsulate Field" changes the data type of member variable
2004-12-29 18:27:11 EST,dirk_baeumer@ch.ibm.com,Target Milestone,3.1,---
2005-01-14 05:29:56 EST,dirk_baeumer@ch.ibm.com,CC,andylarder@hotmail.com,
2005-02-11 05:01:44 EST,dirk_baeumer@ch.ibm.com,Status,RESOLVED,NEW
2005-02-11 05:01:44 EST,dirk_baeumer@ch.ibm.com,Resolution,FIXED,---
2005-02-11 05:01:44 EST,dirk_baeumer@ch.ibm.com,Target Milestone,3.1 M5,3.1
