When, Who, What, Added, Removed
2005-01-04 15:56:28 EST,pawel.1.piech@gmail.com,Attachment #16866                Attachment is obsolete,1,0
2005-01-04 15:56:28 EST,pawel.1.piech@gmail.com,Attachment #16868                Attachment is obsolete,1,0
2005-01-04 16:08:02 EST,mikhailkhod@googlemail.com,CC,alain@qnx.com,
2005-01-05 09:01:50 EST,darin.eclipse@gmail.com,Assignee,jaredburns@acm.org,platform-debug-inbox@eclipse.org
2005-01-05 09:01:50 EST,darin.eclipse@gmail.com,Target Milestone,3.1 M5,---
2005-01-05 09:02:43 EST,darin.eclipse@gmail.com,Status,RESOLVED,NEW
2005-01-05 09:02:43 EST,darin.eclipse@gmail.com,Resolution,FIXED,---
2005-01-05 17:01:39 EST,jared_burns@us.ibm.com,Status,VERIFIED,RESOLVED
2005-01-05 17:01:39 EST,jared_burns@us.ibm.com,Summary,When shutting down the IDE, the debugger should first attempt to disconnect debug targets before terminating them,When shutting down the IDE, the debugger should first attempt to disconnect debug targets before terminating them.
