When, Who, What, Added, Removed
2005-01-04 06:33:22 EST,jerome_lanneluc@fr.ibm.com,Assignee,jerome_lanneluc@fr.ibm.com,jdt-core-inbox@eclipse.org
2005-01-04 06:33:22 EST,jerome_lanneluc@fr.ibm.com,Summary,[model][5.0] 3.1M4 type hierarchy for generic interface,[5.0] 3.1M4 type hierarchy for generic interface
2005-01-05 04:37:26 EST,jerome_lanneluc@fr.ibm.com,Status,RESOLVED,NEW
2005-01-05 04:37:26 EST,jerome_lanneluc@fr.ibm.com,Resolution,FIXED,---
2005-01-05 04:37:26 EST,jerome_lanneluc@fr.ibm.com,Target Milestone,3.1 M5,---
2005-02-15 06:22:20 EST,david_audel@fr.ibm.com,Status,VERIFIED,RESOLVED
