When, Who, What, Added, Removed
2005-01-01 09:14:52 EST,dirk_baeumer@ch.ibm.com,Product,Platform,JDT
2005-01-01 09:14:52 EST,dirk_baeumer@ch.ibm.com,Summary,File>New Project>Checkout Project from CVS>Checkout from CVS window,File>New Project>Checkout Project from CVS>Checkout from CVS window
2005-01-01 09:15:04 EST,dirk_baeumer@ch.ibm.com,Assignee,platform-cvs-inbox@eclipse.org,jdt-ui-inbox@eclipse.org
2005-01-01 09:15:04 EST,dirk_baeumer@ch.ibm.com,Component,CVS,UI
2005-01-07 13:52:47 EST,Michael_Valenta@ca.ibm.com,Status,RESOLVED,NEW
2005-01-07 13:52:47 EST,Michael_Valenta@ca.ibm.com,Resolution,FIXED,---
2005-01-07 13:52:47 EST,Michael_Valenta@ca.ibm.com,Target Milestone,3.1 M5,---
