When, Who, What, Added, Removed
2005-01-04 16:31:57 EST,pascal@rapicorp.com,Assignee,pde-ui-inbox@eclipse.org,pde-build-inbox@eclipse.org
2005-01-04 16:31:57 EST,pascal@rapicorp.com,Component,UI,Build
2005-01-04 16:48:01 EST,wassim.melhem@gmail.com,Assignee,platform-update-inbox@eclipse.org,pde-ui-inbox@eclipse.org
2005-01-04 16:48:01 EST,wassim.melhem@gmail.com,Component,Update,UI
2005-01-04 16:48:01 EST,wassim.melhem@gmail.com,Product,Platform,PDE
2005-01-05 13:36:10 EST,birsan@ca.ibm.com,Assignee,pde-ui-inbox@eclipse.org,platform-update-inbox@eclipse.org
2005-01-05 13:36:10 EST,birsan@ca.ibm.com,Component,UI,Update
2005-01-05 13:36:10 EST,birsan@ca.ibm.com,Product,PDE,Platform
2005-01-05 16:52:27 EST,wassim.melhem@gmail.com,Summary,support new site.xml attribute,Multiple category descriptions in site.xml are marked as errors
2005-01-06 02:31:11 EST,wassim.melhem@gmail.com,Status,RESOLVED,NEW
2005-01-06 02:31:11 EST,wassim.melhem@gmail.com,Resolution,FIXED,---
2005-01-06 02:31:11 EST,wassim.melhem@gmail.com,Target Milestone,3.1 M5,---
2005-01-11 02:06:33 EST,wassim.melhem@gmail.com,Status,REOPENED,RESOLVED
2005-01-11 02:06:33 EST,wassim.melhem@gmail.com,Resolution,---,FIXED
2005-01-11 02:06:50 EST,wassim.melhem@gmail.com,Assignee,konradk@ca.ibm.com,pde-ui-inbox@eclipse.org
2005-01-11 02:06:50 EST,wassim.melhem@gmail.com,Status,NEW,REOPENED
2005-02-07 20:46:22 EST,konradk@ca.ibm.com,Status,RESOLVED,NEW
2005-02-07 20:46:22 EST,konradk@ca.ibm.com,Resolution,FIXED,---
