When, Who, What, Added, Removed
2005-01-03 07:07:39 EST,aeschli@gmail.com,Summary,when searching for a substring of an Arabic word the highlighted substring,when searching for a substring of an Arabic word the highlighted substring
2005-01-03 12:20:14 EST,aeschli@gmail.com,CC,daniel_megert@ch.ibm.com,
2005-01-03 12:20:14 EST,aeschli@gmail.com,Assignee,platform-swt-inbox@eclipse.org,platform-search-inbox@eclipse.org
2005-01-03 12:20:14 EST,aeschli@gmail.com,Component,SWT,Search
2005-01-04 13:56:06 EST,snorthov@ca.ibm.com,Assignee,felipe_heidrich@ca.ibm.com,platform-swt-inbox@eclipse.org
2005-01-04 18:15:34 EST,eclipse.felipe@gmail.com,Depends on,57723,
2005-03-15 06:45:55 EST,agouz@eg.ibm.com,Summary,when searching for a substring of an Arabic word the highlighted substring is displayed isolated from the whole word,when searching for a substring of an Arabic word the highlighted substring
2005-03-16 16:29:07 EST,dwhare@us.ibm.com,CC,,jjsimpso@us.ibm.com, dwhare@us.ibm.com
2005-03-22 04:34:17 EST,agouz@eg.ibm.com,Summary,BIDI:when searching for a substring of an Arabic word the highlighted substring is displayed isolated from the whole word,when searching for a substring of an Arabic word the highlighted substring is displayed isolated from the whole word
2005-10-13 17:27:31 EDT,eclipse.felipe@gmail.com,Status,RESOLVED,NEW
2005-10-13 17:27:31 EDT,eclipse.felipe@gmail.com,Resolution,FIXED,---
2005-10-14 13:12:39 EDT,camle@us.ibm.com,CC,kitlo@us.ibm.com,
2005-10-17 18:24:07 EDT,billy.biggs@eclipse.org,CC,billy.biggs@eclipse.org,
2005-10-17 18:24:07 EDT,billy.biggs@eclipse.org,Target Milestone,3.2 M3,---
