When, Who, What, Added, Removed
2004-12-30 17:00:59 EST,eclipse@pookzilla.net,Assignee,Tod_Creasey@ca.ibm.com,Platform-UI-Inbox@eclipse.org
2004-12-30 17:00:59 EST,eclipse@pookzilla.net,Keywords,nl,
2004-12-30 17:00:59 EST,eclipse@pookzilla.net,Summary,BIDI:Menu shortcuts are not working,BIDI:Menu shortcuts are not working
2005-01-04 09:40:40 EST,Tod_Creasey@ca.ibm.com,CC,Tod_Creasey@ca.ibm.com,
2005-01-04 09:40:40 EST,Tod_Creasey@ca.ibm.com,Assignee,camle@us.ibm.com,Tod_Creasey@ca.ibm.com
2005-01-04 09:40:40 EST,Tod_Creasey@ca.ibm.com,Component,Releng,UI
2005-02-09 16:09:29 EST,camle@us.ibm.com,Status,ASSIGNED,NEW
2005-03-17 09:09:09 EST,dwhare@us.ibm.com,CC,,jjsimpso@us.ibm.com, dwhare@us.ibm.com
2007-04-13 15:16:35 EDT,sonia_dimitrov@ca.ibm.com,Status,RESOLVED,ASSIGNED
2007-04-13 15:16:35 EDT,sonia_dimitrov@ca.ibm.com,Resolution,FIXED,---
2009-07-09 07:51:46 EDT,marafa@eg.ibm.com,CC,marafa@eg.ibm.com,
