When, Who, What, Added, Removed
2005-01-04 13:52:53 EST,snorthov@ca.ibm.com,Assignee,christophe_cornu@ca.ibm.com,platform-swt-inbox@eclipse.org
2005-01-06 09:58:07 EST,christophe.cornu+eclipse@gmail.com,Summary,[launcher] eclipse launcher does not connect stdout of jvm to console,eclipse launcher does not connect stdout of jvm to console
2005-01-19 18:12:20 EST,christophe.cornu+eclipse@gmail.com,Status,RESOLVED,NEW
2005-01-19 18:12:20 EST,christophe.cornu+eclipse@gmail.com,Resolution,FIXED,---
