When, Who, What, Added, Removed
2004-12-30 16:14:27 EST,daniel_megert@ch.ibm.com,Status,ASSIGNED,NEW
2004-12-30 16:14:27 EST,daniel_megert@ch.ibm.com,Keywords,nl,
2004-12-30 16:14:27 EST,daniel_megert@ch.ibm.com,Summary,[content assist] BIDI: Additional infor hides the content assist,BIDI:Tool tip override the content assist
2005-01-02 09:00:14 EST,agouz@eg.ibm.com,Summary,[content assist] BIDI: Additional info hides the content assist,[content assist] BIDI: Additional infor hides the content assist
2005-01-13 13:30:45 EST,daniel_megert@ch.ibm.com,Target Milestone,3.0.2,---
2005-01-13 13:59:54 EST,daniel_megert@ch.ibm.com,Status,RESOLVED,ASSIGNED
2005-01-13 13:59:54 EST,daniel_megert@ch.ibm.com,Resolution,FIXED,---
2005-01-13 13:59:54 EST,daniel_megert@ch.ibm.com,Target Milestone,3.1 M5,3.0.2
2005-01-17 07:04:35 EST,agouz@eg.ibm.com,Status,VERIFIED,RESOLVED
2005-02-09 02:41:57 EST,agouz@eg.ibm.com,Status,CLOSED,VERIFIED
