When, Who, What, Added, Removed
2005-01-10 00:09:13 EST,csalter@ca.ibm.com,Assignee,lmandel@ca.ibm.com,wst.xml-inbox@eclipse.org
2005-03-01 15:47:08 EST,lmandel@gmail.com,Keywords,helpwanted,
2005-03-08 16:15:51 EST,lmandel@gmail.com,Assignee,cbrealey@ca.ibm.com,lmandel@ca.ibm.com
2005-03-08 16:15:51 EST,lmandel@gmail.com,Component,wst.internet,wst.xml
2005-03-08 16:15:51 EST,lmandel@gmail.com,Keywords,,helpwanted
2005-03-08 16:16:20 EST,lmandel@gmail.com,CC,lmandel@ca.ibm.com,
2005-06-16 09:00:41 EDT,cbrealey@ca.ibm.com,Status,ASSIGNED,NEW
2005-06-16 09:00:41 EDT,cbrealey@ca.ibm.com,Target Milestone,1.0 M6,---
2005-06-16 09:00:41 EDT,cbrealey@ca.ibm.com,Version,0.7,unspecified
2005-07-12 17:22:42 EDT,cbrealey@ca.ibm.com,Target Milestone,1.0 M8,1.0 M6
2005-07-25 01:02:14 EDT,lmandel@gmail.com,CC,szabo.peter@dk.hu,
2005-07-25 01:50:15 EDT,david_williams@us.ibm.com,CC,david_williams@us.ibm.com,
2005-07-27 13:24:27 EDT,tbaskan@gmail.com,CC,tbaskan@gmail.com,
2005-09-08 05:07:55 EDT,g.albrecht@mobilkom.at,CC,goerge@a1.net,
2005-09-22 14:10:34 EDT,cbrealey@ca.ibm.com,Target Milestone,1.0 M10,1.0 M8
2005-11-13 07:23:33 EST,g.albrecht@mobilkom.at,CC,eclipse@anz.at,
2005-11-24 14:15:47 EST,cbrealey@ca.ibm.com,Assignee,pmoogk@ca.ibm.com,cbrealey@ca.ibm.com
2005-11-24 14:15:47 EST,cbrealey@ca.ibm.com,Status,NEW,ASSIGNED
2005-11-29 17:47:59 EST,pmoogk@ca.ibm.com,Status,ASSIGNED,NEW
2005-11-29 18:55:21 EST,pmoogk@ca.ibm.com,Blocks,102677,
2005-11-29 18:56:38 EST,pmoogk@ca.ibm.com,Blocks,112565,
2005-11-30 22:17:27 EST,cbrealey@ca.ibm.com,Status,RESOLVED,ASSIGNED
2005-11-30 22:17:27 EST,cbrealey@ca.ibm.com,Resolution,FIXED,---
2005-12-01 02:35:52 EST,eclipse@anz.at,CC,,goerge@a1.net
2006-09-25 02:42:30 EDT,david_williams@us.ibm.com,Status,CLOSED,RESOLVED
2011-09-07 04:58:47 EDT,handi23423XaQs@gmx.net,CC,handi23423XaQs@gmx.net,
2014-02-12 07:07:48 EST,alain.pannetier@gmail.com,CC,alain.pannetier@gmail.com,
