When, Who, What, Added, Removed
2005-01-06 02:42:28 EST,wassim.melhem@gmail.com,Summary,RCP App template should use IWorkbenchActionConstants,RCP App template should use IWorkbenchActionConstants
2005-01-18 12:46:54 EST,wassim.melhem@gmail.com,Assignee,cgwong@ca.ibm.com,pde-ui-inbox@eclipse.org
2005-01-25 03:46:36 EST,cherie.wong@gmail.com,CC,wassimm@ca.ibm.com,
2005-01-25 03:46:36 EST,cherie.wong@gmail.com,Status,RESOLVED,NEW
2005-01-25 03:46:36 EST,cherie.wong@gmail.com,Resolution,FIXED,---
2005-01-25 03:46:36 EST,cherie.wong@gmail.com,Target Milestone,3.1 M5,---
