When, Who, What, Added, Removed
2005-01-02 20:52:32 EST,Olivier_Thomann@ca.ibm.com,Assignee,jdt-ui-inbox@eclipse.org,jdt-core-inbox@eclipse.org
2005-01-02 20:52:32 EST,Olivier_Thomann@ca.ibm.com,Component,UI,Core
2005-01-03 04:46:25 EST,dirk_baeumer@ch.ibm.com,Assignee,tobias_widmer@ch.ibm.com,jdt-ui-inbox@eclipse.org
2005-01-03 04:46:25 EST,dirk_baeumer@ch.ibm.com,Target Milestone,3.1 M5,---
2005-02-02 09:18:35 EST,tobias_widmer@ch.ibm.com,Status,RESOLVED,NEW
2005-02-02 09:18:35 EST,tobias_widmer@ch.ibm.com,Resolution,FIXED,---
