When, Who, What, Added, Removed
2005-01-03 06:40:36 EST,daniel_megert@ch.ibm.com,Status,RESOLVED,NEW
2005-01-03 06:40:36 EST,daniel_megert@ch.ibm.com,Resolution,FIXED,---
2005-01-03 06:40:36 EST,daniel_megert@ch.ibm.com,Summary,[misc] ClassFileEditor uses generic names for method arguments when source info is available in class file,ClassFileEditor uses generic names for method arguments when source info is available in class file
2005-01-03 06:40:36 EST,daniel_megert@ch.ibm.com,Target Milestone,3.1 M5,---
