When, Who, What, Added, Removed
2004-12-31 12:08:04 EST,victor.lenet@gmail.com,Status,ASSIGNED,NEW
2004-12-31 12:08:04 EST,victor.lenet@gmail.com,Target Milestone,3.0,---
2004-12-31 12:49:49 EST,victor.lenet@gmail.com,Status,RESOLVED,ASSIGNED
2004-12-31 12:49:49 EST,victor.lenet@gmail.com,Resolution,FIXED,---
2005-01-18 11:16:57 EST,alain@qnx.com,CC,alain@qnx.com,
2005-01-18 11:16:57 EST,alain@qnx.com,Target Milestone,2.1.1,3.0
2014-01-29 13:17:50 EST,dschaefer@qnx.com,Attachment #17208                Flags,iplog+,
2014-01-29 13:17:50 EST,dschaefer@qnx.com,CC,dschaefer@qnx.com,
