When, Who, What, Added, Removed
2005-01-06 02:51:35 EST,wassim.melhem@gmail.com,Status,RESOLVED,NEW
2005-01-06 02:51:35 EST,wassim.melhem@gmail.com,Resolution,INVALID,---
2005-01-06 02:51:35 EST,wassim.melhem@gmail.com,Target Milestone,3.1 M5,---
2005-01-17 07:15:19 EST,agouz@eg.ibm.com,Status,REOPENED,RESOLVED
2005-01-17 07:15:19 EST,agouz@eg.ibm.com,Resolution,---,INVALID
2005-01-17 12:03:44 EST,wassim.melhem@gmail.com,Status,RESOLVED,REOPENED
2005-01-17 12:03:44 EST,wassim.melhem@gmail.com,Resolution,INVALID,---
2005-01-18 02:45:46 EST,agouz@eg.ibm.com,Status,REOPENED,RESOLVED
2005-01-18 02:45:46 EST,agouz@eg.ibm.com,Resolution,---,INVALID
2005-01-18 19:47:50 EST,wassim.melhem@gmail.com,CC,wasleski@us.ibm.com,
2005-01-20 03:09:08 EST,wassim.melhem@gmail.com,Status,RESOLVED,REOPENED
2005-01-20 03:09:08 EST,wassim.melhem@gmail.com,Resolution,FIXED,---
2005-02-14 09:41:26 EST,agouz@eg.ibm.com,Status,CLOSED,RESOLVED
