When, Who, What, Added, Removed
2005-01-01 23:39:03 EST,sdavids@gmx.de,Summary,[Dialogs] TitleAreaDialog#setTitleImage cannot be called before open(),TitleAreaDialog#setTitleImage cannot be called before open()
2005-01-04 09:50:36 EST,eclipse@pookzilla.net,Assignee,Tod_Creasey@ca.ibm.com,Platform-UI-Inbox@eclipse.org
2005-01-06 11:02:58 EST,Tod_Creasey@ca.ibm.com,Status,ASSIGNED,NEW
2005-01-06 11:02:58 EST,Tod_Creasey@ca.ibm.com,Priority,P2,P3
2005-04-27 14:54:11 EDT,Tod_Creasey@ca.ibm.com,Priority,P4,P2
2005-07-21 16:36:30 EDT,Tod_Creasey@ca.ibm.com,Assignee,susan_franklin@us.ibm.com,Tod_Creasey@ca.ibm.com
2005-07-21 16:36:30 EDT,Tod_Creasey@ca.ibm.com,Status,NEW,ASSIGNED
2005-12-14 13:36:34 EST,susan@rapicorp.com,Status,ASSIGNED,NEW
2005-12-14 13:36:34 EST,susan@rapicorp.com,Target Milestone,3.2 M5,---
2006-02-02 13:35:59 EST,susan@rapicorp.com,Target Milestone,3.2 M6,3.2 M5
2006-03-28 12:08:36 EST,susan@rapicorp.com,Target Milestone,3.2,3.2 M6
2006-04-13 21:33:44 EDT,susan@rapicorp.com,CC,tobias@frech.info,
2006-04-18 14:40:28 EDT,susan@rapicorp.com,Status,RESOLVED,ASSIGNED
2006-04-18 14:40:28 EDT,susan@rapicorp.com,Resolution,FIXED,---
2006-04-18 14:40:28 EDT,susan@rapicorp.com,Summary,[Dialogs] TitleAreaDialog#[Dialogs] TitleAreaDialog#setTitleImage cannot be called before open()Last modified: 2006-04-13 21:33:44setTitleImage cannot be called before open(),[Dialogs] TitleAreaDialog#setTitleImage cannot be called before open()
2006-04-18 14:40:28 EDT,susan@rapicorp.com,Target Milestone,3.2 RC2,3.2
2006-04-18 14:49:49 EDT,susan@rapicorp.com,Summary,[Dialogs] TitleAreaDialog#setTitleImage cannot be called before open(),[Dialogs] TitleAreaDialog#[Dialogs] TitleAreaDialog#setTitleImage cannot be called before open()Last modified: 2006-04-13 21:33:44setTitleImage cannot be called before open()
2006-04-21 14:59:53 EDT,susan@rapicorp.com,CC,Mike_Wilson@ca.ibm.com,
2006-04-27 12:54:32 EDT,susan@rapicorp.com,Status,VERIFIED,RESOLVED
2006-07-07 16:39:03 EDT,Karice_McIntyre@ca.ibm.com,CC,psubrama@chn.cognizant.com,
