When, Who, What, Added, Removed
2005-01-03 06:44:57 EST,daniel_megert@ch.ibm.com,CC,daniel_megert@ch.ibm.com,
2005-01-03 06:44:57 EST,daniel_megert@ch.ibm.com,Assignee,platform-swt-inbox@eclipse.org,platform-text-inbox@eclipse.org
2005-01-03 06:44:57 EST,daniel_megert@ch.ibm.com,Component,SWT,Text
2005-01-04 13:27:00 EST,snorthov@ca.ibm.com,Assignee,felipe_heidrich@ca.ibm.com,platform-swt-inbox@eclipse.org
2005-01-14 17:41:42 EST,eclipse.felipe@gmail.com,Status,RESOLVED,NEW
2005-01-14 17:41:42 EST,eclipse.felipe@gmail.com,Resolution,FIXED,---
2005-02-09 04:15:57 EST,agouz@eg.ibm.com,Depends on,82951,
2005-02-09 04:15:57 EST,agouz@eg.ibm.com,Status,REOPENED,RESOLVED
2005-02-09 04:15:57 EST,agouz@eg.ibm.com,Resolution,---,FIXED
2005-03-15 11:35:19 EST,eclipse.felipe@gmail.com,Status,RESOLVED,REOPENED
2005-03-15 11:35:19 EST,eclipse.felipe@gmail.com,Resolution,FIXED,---
2005-03-16 07:25:23 EST,agouz@eg.ibm.com,Status,CLOSED,RESOLVED
2005-03-17 09:07:51 EST,dwhare@us.ibm.com,CC,,jjsimpso@us.ibm.com, dwhare@us.ibm.com
