When, Who, What, Added, Removed
2005-01-01 15:22:39 EST,mlippert@gmail.com,Attachment #16884                Attachment description,weavemessage-weaver-patch,weavemessage-weaver--patch
2005-01-04 08:19:14 EST,aclement@pivotal.io,Status,ASSIGNED,NEW
2005-01-05 03:12:32 EST,aclement@pivotal.io,Status,RESOLVED,ASSIGNED
2005-01-05 03:12:32 EST,aclement@pivotal.io,Resolution,FIXED,---
2012-04-03 15:53:00 EDT,aclement@pivotal.io,Attachment #16883                Flags,iplog+,
2012-04-17 10:26:16 EDT,wayne@eclipse.org,Attachment #16884                Attachment filename,patch.txt,
2012-04-17 10:26:16 EDT,wayne@eclipse.org,Attachment #16884                Flags,iplog+,
