When, Who, What, Added, Removed
2005-01-05 10:06:51 EST,pascal@rapicorp.com,Status,ASSIGNED,NEW
2005-01-05 14:41:58 EST,eclipse@abstratt.com,Assignee,Rafael_Chaves@ca.ibm.com,platform-runtime-inbox@eclipse.org
2005-01-05 14:41:58 EST,eclipse@abstratt.com,Status,NEW,ASSIGNED
2005-01-05 18:15:40 EST,eclipse@abstratt.com,CC,pascal_rapicault@ca.ibm.com,
2005-01-07 11:30:11 EST,pascal@rapicorp.com,Status,RESOLVED,NEW
2005-01-07 11:30:11 EST,pascal@rapicorp.com,Resolution,FIXED,---
2005-01-07 11:30:24 EST,pascal@rapicorp.com,Target Milestone,3.1 M5,---
2005-01-26 16:05:29 EST,eclipse@abstratt.com,CC,adrianch@rogers.com,
2005-06-10 10:31:28 EDT,eclipse@abstratt.com,CC,akiezun@mit.edu,
