When, Who, What, Added, Removed
2005-01-03 08:48:06 EST,frederic_fusier@fr.ibm.com,Assignee,frederic_fusier@fr.ibm.com,jdt-core-inbox@eclipse.org
2005-01-03 10:09:43 EST,frederic_fusier@fr.ibm.com,Severity,major,normal
2005-01-03 10:09:43 EST,frederic_fusier@fr.ibm.com,Status,ASSIGNED,NEW
2005-01-03 10:09:43 EST,frederic_fusier@fr.ibm.com,Target Milestone,3.1 M5,---
2005-01-03 12:44:13 EST,frederic_fusier@fr.ibm.com,Status,RESOLVED,ASSIGNED
2005-01-03 12:44:13 EST,frederic_fusier@fr.ibm.com,Resolution,FIXED,---
2005-02-14 11:34:03 EST,david_audel@fr.ibm.com,Status,VERIFIED,RESOLVED
