When, Who, What, Added, Removed
2005-01-03 06:20:49 EST,daniel_megert@ch.ibm.com,Status,ASSIGNED,NEW
2005-01-03 06:20:49 EST,daniel_megert@ch.ibm.com,Summary,[5.0][syntax highlighting] "@" in "@ interface" should be rendered keyword-style,"@" in "@ interface" should be rendered keyword-style [5.0]
2005-01-18 16:09:16 EST,eclipse@tom.hofmann.name,Status,RESOLVED,ASSIGNED
2005-01-18 16:09:16 EST,eclipse@tom.hofmann.name,Resolution,FIXED,---
2005-01-18 16:09:16 EST,eclipse@tom.hofmann.name,Target Milestone,3.1 M5,---
