When, Who, What, Added, Removed
2005-01-04 13:22:00 EST,snorthov@ca.ibm.com,Assignee,Platform-UI-Inbox@eclipse.org,platform-swt-inbox@eclipse.org
2005-01-04 13:22:00 EST,snorthov@ca.ibm.com,Component,UI,SWT
2005-01-04 13:37:15 EST,eclipse@pookzilla.net,Assignee,dejan@ca.ibm.com,Platform-UI-Inbox@eclipse.org
2005-01-04 14:05:27 EST,dejan@ca.ibm.com,Summary,[Eclipse Forms] TableWrapLayout throws SWT Exception,TableWrapLayout throws SWT Exception
2005-01-12 14:35:26 EST,patrick@marketcontours.com,CC,pjpaulin@yahoo.com,
2005-01-26 07:39:53 EST,dejan@ca.ibm.com,Status,RESOLVED,NEW
2005-01-26 07:39:53 EST,dejan@ca.ibm.com,Resolution,FIXED,---
2005-01-26 07:39:53 EST,dejan@ca.ibm.com,Target Milestone,3.1 M5,---
