When, Who, What, Added, Removed
2005-01-03 13:51:41 EST,gmendel@us.ibm.com,Blocks,61944,
2005-01-03 13:57:23 EST,gmendel@us.ibm.com,Target Milestone,1.1M1,---
2005-01-13 16:36:22 EST,gmendel@us.ibm.com,Status,ASSIGNED,NEW
2005-01-19 12:59:38 EST,gmendel@us.ibm.com,CC,sgunturi@us.ibm.com, kehn@us.ibm.com, walkerp@us.ibm.com,
2005-01-21 16:01:33 EST,gmendel@us.ibm.com,Status,RESOLVED,ASSIGNED
2005-01-21 16:01:33 EST,gmendel@us.ibm.com,Resolution,FIXED,---
2005-02-01 15:12:35 EST,walkerp@us.ibm.com,Status,CLOSED,RESOLVED
2011-06-13 11:38:38 EDT,webmaster@eclipse.org,Component,VE,Java Core
2011-06-13 11:38:38 EDT,webmaster@eclipse.org,Version,unspecified,1.1
2011-06-13 11:38:38 EDT,webmaster@eclipse.org,Product,z_Archived,VE
2011-06-13 11:38:38 EDT,webmaster@eclipse.org,Target Milestone,---,1.1M1
