When, Who, What, Added, Removed
2005-01-04 10:47:12 EST,david_williams@us.ibm.com,Assignee,kitlo@us.ibm.com,jst.jsp-inbox@eclipse.org
2005-01-04 10:47:12 EST,david_williams@us.ibm.com,Summary,remove hard coded string for IJavaPartitions.JAVA_PARTITIONING,remove references to Eclipse internal classes in StructuredTextViewerConfigurationJSP
2005-01-04 10:49:53 EST,david_williams@us.ibm.com,Status,ASSIGNED,NEW
2005-01-04 10:49:53 EST,david_williams@us.ibm.com,Target Milestone,1.0 M3,---
2005-03-01 23:41:04 EST,nitind@us.ibm.com,Assignee,nitind@us.ibm.com,kitlo@us.ibm.com
2005-03-01 23:41:04 EST,nitind@us.ibm.com,Status,NEW,ASSIGNED
2005-03-01 23:41:30 EST,nitind@us.ibm.com,Assignee,jst.jsp-inbox@eclipse.org,nitind@us.ibm.com
2005-03-01 23:41:46 EST,nitind@us.ibm.com,Status,RESOLVED,NEW
2005-03-01 23:41:46 EST,nitind@us.ibm.com,Resolution,FIXED,---
2005-06-15 01:33:20 EDT,david_williams@us.ibm.com,Version,0.7,1.0
2005-06-18 21:46:10 EDT,david_williams@us.ibm.com,Status,VERIFIED,RESOLVED
2005-06-18 22:23:07 EDT,david_williams@us.ibm.com,Status,CLOSED,VERIFIED
