When, Who, What, Added, Removed
2005-01-03 16:18:20 EST,nick_edgar@ca.ibm.com,Keywords,api,
2005-01-04 09:47:54 EST,Tod_Creasey@ca.ibm.com,Status,ASSIGNED,NEW
2005-01-04 09:47:54 EST,Tod_Creasey@ca.ibm.com,Priority,P2,P3
2005-02-23 13:32:57 EST,Tod_Creasey@ca.ibm.com,Status,RESOLVED,ASSIGNED
2005-02-23 13:32:57 EST,Tod_Creasey@ca.ibm.com,Resolution,FIXED,---
2005-02-23 13:32:57 EST,Tod_Creasey@ca.ibm.com,Target Milestone,3.1 M6,---
2005-03-30 11:41:40 EST,Tod_Creasey@ca.ibm.com,Status,VERIFIED,RESOLVED
2005-03-30 13:39:40 EST,nick_edgar@ca.ibm.com,Status,REOPENED,VERIFIED
2005-03-30 13:39:40 EST,nick_edgar@ca.ibm.com,Resolution,---,FIXED
2005-03-30 14:01:22 EST,Tod_Creasey@ca.ibm.com,Status,ASSIGNED,REOPENED
2005-03-30 14:01:22 EST,Tod_Creasey@ca.ibm.com,Target Milestone,3.1 M7,3.1 M6
2005-04-04 10:30:03 EDT,Tod_Creasey@ca.ibm.com,Status,RESOLVED,ASSIGNED
2005-04-04 10:30:03 EDT,Tod_Creasey@ca.ibm.com,Resolution,FIXED,---
2005-05-10 13:43:31 EDT,Tod_Creasey@ca.ibm.com,Status,VERIFIED,RESOLVED
