When, Who, What, Added, Removed
2005-01-03 13:56:30 EST,gmendel@us.ibm.com,Blocks,61944,
2005-01-03 13:57:45 EST,gmendel@us.ibm.com,Target Milestone,1.1M1,---
2005-01-20 17:06:48 EST,sgunturi@us.ibm.com,Status,RESOLVED,NEW
2005-01-20 17:06:48 EST,sgunturi@us.ibm.com,Resolution,FIXED,---
2005-02-01 16:01:05 EST,walkerp@us.ibm.com,Status,CLOSED,RESOLVED
2005-02-01 16:17:59 EST,walkerp@us.ibm.com,CC,kehn@us.ibm.com,
2005-02-01 16:48:41 EST,kehn@us.ibm.com,CC,walkerp@us.ibm.com,
2011-06-13 11:36:05 EDT,webmaster@eclipse.org,Component,VE,Java Core
2011-06-13 11:36:05 EDT,webmaster@eclipse.org,Version,unspecified,1.1
2011-06-13 11:36:05 EDT,webmaster@eclipse.org,Product,z_Archived,VE
2011-06-13 11:36:05 EDT,webmaster@eclipse.org,Target Milestone,---,1.1M1
