When, Who, What, Added, Removed
2005-01-04 13:17:51 EST,dirk_baeumer@ch.ibm.com,CC,martin_aeschlimann@ch.ibm.com,
2005-01-04 13:17:51 EST,dirk_baeumer@ch.ibm.com,Assignee,tobias_widmer@ch.ibm.com,jdt-ui-inbox@eclipse.org
2005-01-05 04:25:27 EST,tobias_widmer@ch.ibm.com,CC,dirk_baeumer@ch.ibm.com,
2005-01-20 04:26:05 EST,tobias_widmer@ch.ibm.com,Status,RESOLVED,NEW
2005-01-20 04:26:05 EST,tobias_widmer@ch.ibm.com,Resolution,FIXED,---
2005-01-20 04:26:48 EST,tobias_widmer@ch.ibm.com,Target Milestone,3.1 M5,---
