When, Who, What, Added, Removed
2005-01-03 18:39:46 EST,david_williams@us.ibm.com,Assignee,amywu@us.ibm.com,wst.sse-inbox@eclipse.org
2005-01-04 03:25:52 EST,panagiotis.korros@gmail.com,CC,panagiotis.korros@gmail.com,
2005-01-04 10:35:24 EST,david_williams@us.ibm.com,Keywords,performance,
2005-01-04 10:40:15 EST,david_williams@us.ibm.com,Status,RESOLVED,NEW
2005-01-04 10:40:15 EST,david_williams@us.ibm.com,Resolution,FIXED,---
2005-01-04 10:53:49 EST,david_williams@us.ibm.com,Target Milestone,1.0 M3,---
2005-06-15 23:06:47 EDT,david_williams@us.ibm.com,Status,VERIFIED,RESOLVED
2005-06-15 23:06:47 EDT,david_williams@us.ibm.com,Version,0.7,unspecified
2005-06-15 23:08:27 EDT,david_williams@us.ibm.com,Status,CLOSED,VERIFIED
