When, Who, What, Added, Removed
2005-01-04 11:37:18 EST,john_arthorne@ca.ibm.com,CC,wassimm@ca.ibm.com,
2005-01-04 11:37:18 EST,john_arthorne@ca.ibm.com,Assignee,jdt-ui-inbox@eclipse.org,platform-resources-inbox@eclipse.org
2005-01-04 11:37:18 EST,john_arthorne@ca.ibm.com,Component,UI,Resources
2005-01-04 11:37:18 EST,john_arthorne@ca.ibm.com,Product,JDT,Platform
2005-01-14 05:30:55 EST,dirk_baeumer@ch.ibm.com,Assignee,dirk_baeumer@ch.ibm.com,jdt-ui-inbox@eclipse.org
2005-01-14 05:31:30 EST,dirk_baeumer@ch.ibm.com,Status,RESOLVED,NEW
2005-01-14 05:31:30 EST,dirk_baeumer@ch.ibm.com,Resolution,FIXED,---
2005-01-14 05:31:30 EST,dirk_baeumer@ch.ibm.com,Target Milestone,3.1 M5,---
