When, Who, What, Added, Removed
2005-01-04 09:04:07 EST,john.camelon@gmail.com,CC,cwiebe@qnx.com,
2005-01-05 23:10:36 EST,john.camelon@gmail.com,Target Milestone,Future,---
2005-01-10 13:29:58 EST,john.camelon@gmail.com,Status,RESOLVED,NEW
2005-01-10 13:29:58 EST,john.camelon@gmail.com,Resolution,REMIND,---
2007-06-22 12:56:28 EDT,dschaefer@qnx.com,Status,REOPENED,RESOLVED
2007-06-22 12:56:28 EDT,dschaefer@qnx.com,Resolution,---,REMIND
2007-06-22 12:56:28 EDT,dschaefer@qnx.com,Target Milestone,---,Future
2007-10-18 15:28:07 EDT,dschaefer@qnx.com,CC,dschaefer@qnx.com,
2007-10-18 15:28:07 EDT,dschaefer@qnx.com,Status,RESOLVED,REOPENED
2007-10-18 15:28:07 EDT,dschaefer@qnx.com,Resolution,FIXED,---
