When, Who, What, Added, Removed
2005-01-07 13:10:32 EST,Michael_Valenta@ca.ibm.com,Assignee,Michael_Valenta@ca.ibm.com,platform-cvs-inbox@eclipse.org
2005-01-07 13:10:32 EST,Michael_Valenta@ca.ibm.com,Target Milestone,3.1 M5,---
2005-01-07 13:14:31 EST,Michael_Valenta@ca.ibm.com,CC,nick_edgar@ca.ibm.com,
2005-01-11 14:35:41 EST,Michael_Valenta@ca.ibm.com,Status,RESOLVED,NEW
2005-01-11 14:35:41 EST,Michael_Valenta@ca.ibm.com,Resolution,FIXED,---
2005-01-26 11:38:06 EST,Michael_Valenta@ca.ibm.com,CC,eu@md.pp.ru,
