When, Who, What, Added, Removed
2005-01-03 22:31:10 EST,david_williams@us.ibm.com,Assignee,david_williams@us.ibm.com,wst.sse-inbox@eclipse.org
2005-01-04 03:02:08 EST,david_williams@us.ibm.com,Blocks,81947,
2005-01-04 03:04:09 EST,david_williams@us.ibm.com,Status,RESOLVED,NEW
2005-01-04 03:04:09 EST,david_williams@us.ibm.com,Resolution,FIXED,---
2005-01-04 10:51:50 EST,david_williams@us.ibm.com,Keywords,performance,
2005-01-04 10:51:50 EST,david_williams@us.ibm.com,Summary,partitioners notified twice of "documentChanged" event,[perf] partitioners notified twice of "documentChanged" event
2005-01-04 10:51:50 EST,david_williams@us.ibm.com,Target Milestone,1.0 M3,---
2005-06-15 23:03:09 EDT,david_williams@us.ibm.com,Status,VERIFIED,RESOLVED
2005-06-15 23:03:09 EDT,david_williams@us.ibm.com,Version,0.7,unspecified
2005-06-15 23:04:12 EDT,david_williams@us.ibm.com,Status,CLOSED,VERIFIED
