When, Who, What, Added, Removed
2005-01-04 10:14:56 EST,philippe_mulet@fr.ibm.com,Assignee,Olivier_Thomann@ca.ibm.com,jdt-core-inbox@eclipse.org
2005-01-04 10:30:56 EST,Olivier_Thomann@ca.ibm.com,Status,ASSIGNED,NEW
2005-01-04 16:16:27 EST,Olivier_Thomann@ca.ibm.com,Status,RESOLVED,ASSIGNED
2005-01-04 16:16:27 EST,Olivier_Thomann@ca.ibm.com,Resolution,FIXED,---
2005-01-04 16:16:27 EST,Olivier_Thomann@ca.ibm.com,Target Milestone,3.1 M5,---
2005-02-16 09:34:55 EST,david_audel@fr.ibm.com,Status,VERIFIED,RESOLVED
