When, Who, What, Added, Removed
2005-01-05 05:00:27 EST,jerome_lanneluc@fr.ibm.com,Assignee,david_audel@fr.ibm.com,jdt-core-inbox@eclipse.org
2005-01-05 05:00:27 EST,jerome_lanneluc@fr.ibm.com,Summary,[select] Code resolve doesn't work on static imports [5.0],Code resolve doesn't work on static imports [5.0]
2005-01-07 07:06:15 EST,david_audel@fr.ibm.com,Status,RESOLVED,NEW
2005-01-07 07:06:15 EST,david_audel@fr.ibm.com,Resolution,FIXED,---
2005-01-07 07:06:15 EST,david_audel@fr.ibm.com,Target Milestone,3.1 M5,---
2005-02-14 11:46:47 EST,jerome_lanneluc@fr.ibm.com,Status,VERIFIED,RESOLVED
