When, Who, What, Added, Removed
2005-01-04 09:04:23 EST,john.camelon@gmail.com,Assignee,cdt-core-inbox@eclipse.org,jcamelon@ca.ibm.com
2005-01-04 09:04:23 EST,john.camelon@gmail.com,Component,UI,CDT-parser
2005-02-04 18:43:40 EST,cwiebe@ftml.net,Assignee,cwiebe@qnx.com,cdt-core-inbox@eclipse.org
2005-02-04 18:43:40 EST,cwiebe@ftml.net,Target Milestone,3.0,---
2005-05-24 19:43:19 EDT,cwiebe@ftml.net,Assignee,cdt-core-inbox@eclipse.org,cwiebe@ftml.net
2005-06-06 06:51:05 EDT,dave.daoust@windriver.com,Target Milestone,Future,3.0
2006-01-06 16:46:54 EST,dschaefer@qnx.com,Status,RESOLVED,NEW
2006-01-06 16:46:54 EST,dschaefer@qnx.com,Resolution,FIXED,---
2006-01-06 16:46:54 EST,dschaefer@qnx.com,Target Milestone,3.0,Future
2009-01-09 15:29:06 EST,dschaefer@qnx.com,Component,cdt-core,deprecated7
