When, Who, What, Added, Removed
2005-01-04 11:50:46 EST,daniel_megert@ch.ibm.com,Summary,[5.0][content assist] Content Assist infos don't work for Class#asSubclass(..),[5.0] Content Assist infos don't work for Class#asSubclass(..)
2005-01-04 11:51:02 EST,daniel_megert@ch.ibm.com,Status,ASSIGNED,NEW
2006-04-20 06:08:23 EDT,eclipse@tom.hofmann.name,Status,RESOLVED,ASSIGNED
2006-04-20 06:08:23 EDT,eclipse@tom.hofmann.name,Resolution,WORKSFORME,---
2006-04-20 06:08:23 EDT,eclipse@tom.hofmann.name,Target Milestone,3.2 RC2,---
2006-04-20 09:00:58 EDT,markus_keller@ch.ibm.com,Status,REOPENED,RESOLVED
2006-04-20 09:00:58 EDT,markus_keller@ch.ibm.com,Resolution,---,WORKSFORME
2006-04-20 09:00:58 EDT,markus_keller@ch.ibm.com,Summary,[5.0][content assist] Content Assist infos don't work for Class#getAnnotation(Class<A>),[5.0][content assist] Content Assist infos don't work for Class#asSubclass(..)
2006-04-20 09:00:58 EDT,markus_keller@ch.ibm.com,Target Milestone,---,3.2 RC2
2006-04-20 09:00:58 EDT,markus_keller@ch.ibm.com,Version,3.2,3.1
2006-04-21 03:40:59 EDT,daniel_megert@ch.ibm.com,Assignee,martin_aeschlimann@ch.ibm.com,jdt-text-inbox@eclipse.org
2006-04-21 03:40:59 EDT,daniel_megert@ch.ibm.com,Status,NEW,REOPENED
2006-04-25 11:57:25 EDT,aeschli@gmail.com,Status,RESOLVED,NEW
2006-04-25 11:57:25 EDT,aeschli@gmail.com,Resolution,FIXED,---
2006-04-25 11:57:25 EDT,aeschli@gmail.com,Target Milestone,3.2 RC2,---
2006-05-10 10:21:47 EDT,eclipse@tom.hofmann.name,Status,VERIFIED,RESOLVED
