When, Who, What, Added, Removed
2005-01-04 11:23:49 EST,Olivier_Thomann@ca.ibm.com,Status,ASSIGNED,NEW
2005-01-04 22:54:27 EST,Olivier_Thomann@ca.ibm.com,Status,RESOLVED,ASSIGNED
2005-01-04 22:54:27 EST,Olivier_Thomann@ca.ibm.com,Resolution,FIXED,---
2005-01-04 22:54:27 EST,Olivier_Thomann@ca.ibm.com,Target Milestone,3.1 M5,---
2005-01-04 23:03:57 EST,Olivier_Thomann@ca.ibm.com,CC,frederic_fusier@fr.ibm.com,
2005-01-20 09:05:01 EST,markus_keller@ch.ibm.com,CC,markus_keller@ch.ibm.com,
2005-02-16 11:09:52 EST,david_audel@fr.ibm.com,Status,VERIFIED,RESOLVED
