When, Who, What, Added, Removed
2005-01-04 11:56:32 EST,nick_edgar@ca.ibm.com,Component,Debug,UI
2005-01-04 11:56:32 EST,nick_edgar@ca.ibm.com,Keywords,usability,
2005-01-04 11:56:41 EST,nick_edgar@ca.ibm.com,Assignee,jdt-debug-inbox@eclipse.org,jdt-ui-inbox@eclipse.org
2005-01-05 09:19:12 EST,darin.eclipse@gmail.com,Assignee,krbarnes@ca.ibm.com,jdt-debug-inbox@eclipse.org
2005-01-05 09:19:12 EST,darin.eclipse@gmail.com,Target Milestone,3.1 M5,---
2005-01-05 09:19:28 EST,darin.eclipse@gmail.com,Status,RESOLVED,NEW
2005-01-05 09:19:28 EST,darin.eclipse@gmail.com,Resolution,FIXED,---
2005-01-11 11:32:29 EST,cocoakevin@gmail.com,Status,VERIFIED,RESOLVED
