When, Who, What, Added, Removed
2005-01-05 05:02:39 EST,jerome_lanneluc@fr.ibm.com,Summary,[compiler][1.5] Eclipse vs. javac: Differences when creating generic inner types,[1.5] Eclipse vs. javac: Differences when creating generic inner types
2005-01-06 07:44:03 EST,philippe_mulet@fr.ibm.com,Assignee,philippe_mulet@fr.ibm.com,jdt-core-inbox@eclipse.org
2005-01-07 12:58:50 EST,philippe_mulet@fr.ibm.com,Status,RESOLVED,NEW
2005-01-07 12:58:50 EST,philippe_mulet@fr.ibm.com,Resolution,FIXED,---
2005-01-07 12:58:50 EST,philippe_mulet@fr.ibm.com,Target Milestone,3.1 M5,---
2005-02-15 05:32:49 EST,jerome_lanneluc@fr.ibm.com,Status,VERIFIED,RESOLVED
