When, Who, What, Added, Removed
2005-01-04 12:59:57 EST,paules@ca.ibm.com,CC,who@ca.ibm.com,
2005-01-04 13:18:08 EST,popescu@ca.ibm.com,Target Milestone,3.3,---
2005-01-04 13:18:27 EST,popescu@ca.ibm.com,Status,ASSIGNED,NEW
2005-01-04 21:50:32 EST,popescu@ca.ibm.com,Assignee,tfoun@ca.ibm.com,apnan@ca.ibm.com
2005-01-04 21:50:32 EST,popescu@ca.ibm.com,Status,NEW,ASSIGNED
2005-01-04 21:50:42 EST,popescu@ca.ibm.com,Status,ASSIGNED,NEW
2005-01-05 15:14:14 EST,apnan@ca.ibm.com,Depends on,50681,
2005-01-05 15:55:49 EST,tfoun@ca.ibm.com,Target Milestone,4.0,3.3
2005-01-05 16:02:31 EST,popescu@ca.ibm.com,Severity,enhancement,normal
2005-01-05 16:02:31 EST,popescu@ca.ibm.com,Target Milestone,3.3,4.0
2005-01-05 16:02:47 EST,popescu@ca.ibm.com,Target Milestone,4.0,3.3
2005-01-18 19:58:38 EST,popescu@ca.ibm.com,Component,Platform.UI,UI
2005-01-18 19:58:38 EST,popescu@ca.ibm.com,Product,TPTP,Hyades
2005-01-18 19:58:38 EST,popescu@ca.ibm.com,Version,4.0,3.2
2005-03-09 13:12:12 EST,popescu@ca.ibm.com,Target Milestone,---,4.0
2005-03-09 13:12:12 EST,popescu@ca.ibm.com,Version,4.1,4.0
2005-07-12 11:14:56 EDT,ruthdaly@ca.ibm.com,Version,future,4.1
2005-09-16 18:42:55 EDT,ewchan@ca.ibm.com,Assignee,apnan@ca.ibm.com,tfoun@ca.ibm.com
2005-09-16 18:42:55 EDT,ewchan@ca.ibm.com,Status,NEW,ASSIGNED
2005-10-25 11:29:09 EDT,popescu@ca.ibm.com,Status,RESOLVED,NEW
2005-10-25 11:29:09 EDT,popescu@ca.ibm.com,Resolution,FIXED,---
2005-10-25 11:29:09 EDT,popescu@ca.ibm.com,Target Milestone,4.1i2,---
2005-10-30 21:49:38 EST,paules@ca.ibm.com,Status,CLOSED,RESOLVED
