When, Who, What, Added, Removed
2005-01-05 09:08:22 EST,dirk_baeumer@ch.ibm.com,Assignee,platform-debug-inbox@eclipse.org,jdt-ui-inbox@eclipse.org
2005-01-05 09:08:22 EST,dirk_baeumer@ch.ibm.com,Component,Debug,UI
2005-01-05 09:08:22 EST,dirk_baeumer@ch.ibm.com,Product,Platform,JDT
2005-01-05 09:25:03 EST,darin.eclipse@gmail.com,Status,ASSIGNED,NEW
2005-01-05 09:25:03 EST,darin.eclipse@gmail.com,Priority,P4,P3
2005-01-05 09:25:03 EST,darin.eclipse@gmail.com,Target Milestone,3.1,---
2005-04-04 13:30:34 EDT,cocoakevin@gmail.com,Priority,P2,P4
2005-04-18 14:17:08 EDT,darin.eclipse@gmail.com,Assignee,Darin_Wright@ca.ibm.com,platform-debug-inbox@eclipse.org
2005-04-18 14:17:08 EDT,darin.eclipse@gmail.com,Status,NEW,ASSIGNED
2005-04-18 14:17:18 EDT,darin.eclipse@gmail.com,Status,ASSIGNED,NEW
2005-05-02 16:38:48 EDT,darin.eclipse@gmail.com,CC,fleona@cantv.net,
2005-05-02 16:52:26 EDT,darin.eclipse@gmail.com,Assignee,platform-swt-inbox@eclipse.org,Darin_Wright@ca.ibm.com
2005-05-02 16:52:26 EDT,darin.eclipse@gmail.com,Status,NEW,ASSIGNED
2005-05-02 16:52:26 EDT,darin.eclipse@gmail.com,Component,SWT,Debug
2005-05-02 16:52:26 EDT,darin.eclipse@gmail.com,Target Milestone,---,3.1
2005-05-02 17:48:48 EDT,billy.biggs@eclipse.org,Assignee,bbiggs@ca.ibm.com,platform-swt-inbox@eclipse.org
2005-05-02 19:11:06 EDT,billy.biggs@eclipse.org,CC,Darin_Wright@ca.ibm.com,
2005-05-04 12:10:05 EDT,billy.biggs@eclipse.org,Priority,P3,P2
2005-05-19 15:17:58 EDT,darin.eclipse@gmail.com,CC,akiezun@mit.edu,
2005-05-19 16:30:02 EDT,billy.biggs@eclipse.org,CC,Silenio_Quarti@ca.ibm.com,
2005-05-25 15:12:04 EDT,billy.biggs@eclipse.org,Status,RESOLVED,NEW
2005-05-25 15:12:04 EDT,billy.biggs@eclipse.org,Resolution,FIXED,---
2005-05-25 15:12:04 EDT,billy.biggs@eclipse.org,Target Milestone,3.1 RC1,---
2005-06-09 15:10:46 EDT,darin.eclipse@gmail.com,CC,per.newgro@gmx.ch,
