When, Who, What, Added, Removed
2005-01-05 03:22:22 EST,daniel_megert@ch.ibm.com,Assignee,eclipse@tom.eicher.name,jdt-text-inbox@eclipse.org
2005-01-05 03:22:22 EST,daniel_megert@ch.ibm.com,Summary,[typing] Smart Typing Preferences: Plural of "parenthesis" is "parentheses",Smart Typing Preferences: Plural of "parenthesis" is "parentheses"
2005-01-05 05:13:27 EST,eclipse@tom.hofmann.name,Status,RESOLVED,NEW
2005-01-05 05:13:27 EST,eclipse@tom.hofmann.name,Resolution,FIXED,---
2005-01-05 05:13:27 EST,eclipse@tom.hofmann.name,Target Milestone,3.1 M5,---
