When, Who, What, Added, Removed
2009-10-09 07:52:28 EDT,jamesblackburn+eclipse@gmail.com,Status,RESOLVED,NEW
2009-10-09 07:52:28 EDT,jamesblackburn+eclipse@gmail.com,CC,jamesblackburn+eclipse@gmail.com,
2009-10-09 07:52:28 EDT,jamesblackburn+eclipse@gmail.com,Resolution,FIXED,---
2009-10-09 07:52:28 EDT,jamesblackburn+eclipse@gmail.com,Target Milestone,6.1,---
2010-05-25 12:54:36 EDT,angvoz.dev@gmail.com,Target Milestone,7.0,6.1
2010-05-25 12:55:06 EDT,angvoz.dev@gmail.com,Component,cdt-build,cdt-core
