When, Who, What, Added, Removed
2005-01-04 13:25:06 EST,dirk_baeumer@ch.ibm.com,Target Milestone,3.1 M5,---
2005-02-13 07:46:23 EST,aeschli@gmail.com,Target Milestone,3.1 M6,3.1 M5
2005-02-13 07:46:58 EST,aeschli@gmail.com,Summary,[import rewriter] API to pass types visible in scope,Import Rewriter behaves wrong when importing statics
2005-02-22 06:00:18 EST,markus_keller@ch.ibm.com,CC,markus_keller@ch.ibm.com,
2005-03-29 04:23:22 EST,aeschli@gmail.com,Target Milestone,3.1 M7,3.1 M6
2005-05-03 03:24:34 EDT,aeschli@gmail.com,Target Milestone,---,3.1 M7
2005-05-24 10:01:25 EDT,aeschli@gmail.com,Status,RESOLVED,NEW
2005-05-24 10:01:25 EDT,aeschli@gmail.com,Resolution,LATER,---
2005-05-26 11:23:42 EDT,dirk_baeumer@ch.ibm.com,Blocks,95971,
2005-06-01 09:05:44 EDT,aeschli@gmail.com,Blocks,37474,
2005-06-01 09:06:31 EDT,aeschli@gmail.com,Blocks,72461,
2005-07-26 07:13:59 EDT,aeschli@gmail.com,Status,REOPENED,RESOLVED
2005-07-26 07:13:59 EDT,aeschli@gmail.com,Resolution,---,LATER
2005-07-26 07:15:52 EDT,aeschli@gmail.com,CC,lroser@web.de,
2005-12-06 06:10:53 EST,aeschli@gmail.com,Assignee,benno_baumgartner@ch.ibm.com,martin_aeschlimann@ch.ibm.com
2005-12-06 06:10:53 EST,aeschli@gmail.com,Status,NEW,REOPENED
2005-12-06 06:11:18 EST,aeschli@gmail.com,CC,martin_aeschlimann@ch.ibm.com,
2005-12-08 05:52:32 EST,benno.baumgartner@comerge.net,Status,ASSIGNED,NEW
2005-12-08 11:47:25 EST,benno.baumgartner@comerge.net,Status,RESOLVED,ASSIGNED
2005-12-08 11:47:25 EST,benno.baumgartner@comerge.net,Resolution,FIXED,---
2005-12-08 11:47:25 EST,benno.baumgartner@comerge.net,Target Milestone,3.2 M4,---
2005-12-13 08:42:07 EST,benno.baumgartner@comerge.net,Status,VERIFIED,RESOLVED
2007-04-24 10:45:59 EDT,benno.baumgartner@comerge.net,CC,fraenkel@us.ibm.com,
