When, Who, What, Added, Removed
2005-01-04 14:12:13 EST,Darin_Swanson@us.ibm.com,Status,ASSIGNED,NEW
2005-01-04 14:12:13 EST,Darin_Swanson@us.ibm.com,Target Milestone,3.1 M5,---
2005-01-04 14:30:52 EST,Darin_Swanson@us.ibm.com,Assignee,krbarnes@ca.ibm.com,platform-ant-inbox@eclipse.org
2005-01-04 14:30:52 EST,Darin_Swanson@us.ibm.com,Status,NEW,ASSIGNED
2005-01-04 14:31:04 EST,Darin_Swanson@us.ibm.com,Status,RESOLVED,NEW
2005-01-04 14:31:04 EST,Darin_Swanson@us.ibm.com,Resolution,FIXED,---
2005-01-05 12:09:17 EST,cocoakevin@gmail.com,Status,VERIFIED,RESOLVED
