When, Who, What, Added, Removed
2005-01-05 03:25:31 EST,daniel_megert@ch.ibm.com,Assignee,eclipse@tom.eicher.name,jdt-text-inbox@eclipse.org
2005-01-05 03:25:31 EST,daniel_megert@ch.ibm.com,Summary,[5.0][typing] Angule Bracket auto closing does not work for field type,[5.0] Angular Bracket auto closing does not work for field type
2005-01-05 04:06:58 EST,markus_keller@ch.ibm.com,Summary,[5.0][typing] Angle Bracket auto closing does not work for field type,[5.0][typing] Angule Bracket auto closing does not work for field type
2005-01-06 05:22:07 EST,markus_keller@ch.ibm.com,Summary,[5.0][typing] Angle Bracket<> auto closing should work in more situations,[5.0][typing] Angle Bracket auto closing does not work for field type
2005-01-11 05:33:58 EST,eclipse@tom.hofmann.name,Status,RESOLVED,NEW
2005-01-11 05:33:58 EST,eclipse@tom.hofmann.name,Resolution,FIXED,---
2005-01-11 05:33:58 EST,eclipse@tom.hofmann.name,Target Milestone,3.1 M5,---
