When, Who, What, Added, Removed
2005-01-04 14:15:33 EST,Darin_Swanson@us.ibm.com,Status,ASSIGNED,NEW
2005-01-04 14:15:33 EST,Darin_Swanson@us.ibm.com,Target Milestone,3.1 M5,---
2005-01-04 14:38:57 EST,Darin_Swanson@us.ibm.com,Assignee,jaredburns@acm.org,platform-ant-inbox@eclipse.org
2005-01-04 14:38:57 EST,Darin_Swanson@us.ibm.com,Status,NEW,ASSIGNED
2005-01-04 14:39:16 EST,Darin_Swanson@us.ibm.com,Status,RESOLVED,NEW
2005-01-04 14:39:16 EST,Darin_Swanson@us.ibm.com,Resolution,FIXED,---
2005-01-05 17:18:50 EST,jared_burns@us.ibm.com,Status,VERIFIED,RESOLVED
