When, Who, What, Added, Removed
2005-01-05 05:04:15 EST,jerome_lanneluc@fr.ibm.com,Summary,[compiler] internal compiler reports bound mismatch,internal compiler reports bound mismatch
2005-01-05 10:35:07 EST,ralf.be@gmx.net,CC,psk@informatik.rwth-aachen.de,
2005-01-08 05:56:33 EST,ralf.be@gmx.net,Summary,[compiler] [1.5] internal compiler reports bound mismatch,[compiler] internal compiler reports bound mismatch
2005-01-08 09:37:21 EST,philippe_mulet@fr.ibm.com,Assignee,philippe_mulet@fr.ibm.com,jdt-core-inbox@eclipse.org
2005-01-08 09:37:21 EST,philippe_mulet@fr.ibm.com,Target Milestone,3.1 M5,---
2005-01-08 09:37:39 EST,philippe_mulet@fr.ibm.com,Status,RESOLVED,NEW
2005-01-08 09:37:39 EST,philippe_mulet@fr.ibm.com,Resolution,FIXED,---
2005-02-15 05:33:52 EST,jerome_lanneluc@fr.ibm.com,Status,VERIFIED,RESOLVED
