When, Who, What, Added, Removed
2005-06-16 17:10:23 EDT,ryman@ca.ibm.com,Assignee,jeffliu@ca.ibm.com,webtools.releng-inbox@eclipse.org
2005-06-23 15:39:10 EDT,jeffliu@ca.ibm.com,CC,deboer@ca.ibm.com,
2005-06-25 12:17:45 EDT,naci.dai@eteration.com,Status,ASSIGNED,NEW
2005-07-10 02:06:15 EDT,naci.dai@eteration.com,Status,RESOLVED,ASSIGNED
2005-07-10 02:06:15 EDT,naci.dai@eteration.com,Resolution,FIXED,---
2005-07-18 14:26:59 EDT,david_williams@us.ibm.com,Status,VERIFIED,RESOLVED
2006-06-19 14:21:19 EDT,jeffliu@ca.ibm.com,Status,CLOSED,VERIFIED
