When, Who, What, Added, Removed
2005-01-28 10:27:24 EST,cbrealey@ca.ibm.com,Assignee,cbrealey@ca.ibm.com,jst.ws-inbox@eclipse.org
2005-01-28 10:27:24 EST,cbrealey@ca.ibm.com,Summary,Wizard forgets to start the server if EAR is already on the server,Start the WAS v6 server if EAR already added to the server
2005-01-28 10:27:35 EST,cbrealey@ca.ibm.com,Status,ASSIGNED,NEW
2005-01-28 10:39:08 EST,cbrealey@ca.ibm.com,Status,RESOLVED,ASSIGNED
2005-01-28 10:39:08 EST,cbrealey@ca.ibm.com,Resolution,FIXED,---
2005-04-20 14:14:32 EDT,sengpl@ca.ibm.com,Status,CLOSED,RESOLVED
