When, Who, What, Added, Removed
2005-01-05 07:59:38 EST,darin.eclipse@gmail.com,Status,ASSIGNED,NEW
2005-01-05 07:59:38 EST,darin.eclipse@gmail.com,Target Milestone,3.1 M5,---
2005-01-17 14:35:35 EST,darin.eclipse@gmail.com,Assignee,jaredburns@acm.org,jdt-debug-inbox@eclipse.org
2005-01-17 14:35:35 EST,darin.eclipse@gmail.com,Status,NEW,ASSIGNED
2005-01-17 14:35:43 EST,darin.eclipse@gmail.com,Status,ASSIGNED,NEW
2005-01-24 13:01:44 EST,jared_burns@us.ibm.com,Assignee,Darin_Wright@ca.ibm.com,jaredburns@acm.org
2005-01-24 13:01:44 EST,jared_burns@us.ibm.com,Status,NEW,ASSIGNED
2005-01-24 13:14:41 EST,jared_burns@us.ibm.com,Status,RESOLVED,NEW
2005-01-24 13:14:41 EST,jared_burns@us.ibm.com,Resolution,FIXED,---
2005-01-24 13:47:37 EST,darin.eclipse@gmail.com,Status,VERIFIED,RESOLVED
