When, Who, What, Added, Removed
2005-01-04 16:53:08 EST,jeremy@aperte.org,Priority,P1,P3
2005-01-04 16:53:08 EST,jeremy@aperte.org,Target Milestone,3.0,---
2005-05-13 13:19:08 EDT,dave.daoust@windriver.com,Target Milestone,---,3.0
2005-05-18 17:15:32 EDT,jeremy@aperte.org,Status,RESOLVED,NEW
2005-05-18 17:15:32 EDT,jeremy@aperte.org,Resolution,FIXED,---
2007-05-29 12:51:36 EDT,dschaefer@qnx.com,Component,RPM,CDT-Contrib
2007-05-29 12:51:36 EDT,dschaefer@qnx.com,Product,Linux Distros,CDT
2007-05-29 12:51:36 EDT,dschaefer@qnx.com,Version,unspecified,3.0
2010-08-10 15:40:57 EDT,overholt@gmail.com,Attachment #21390                Flags,iplog+,
2010-08-10 15:47:18 EDT,overholt@gmail.com,Attachment #21390                Flags,,iplog+
2010-08-10 16:23:25 EDT,overholt@gmail.com,Attachment #21390                Flags,iplog+,
2010-08-10 16:23:52 EDT,overholt@gmail.com,Attachment #21391                Flags,iplog+,
2010-08-10 16:23:55 EDT,overholt@gmail.com,Attachment #21392                Flags,iplog+,
2010-08-10 16:23:58 EDT,overholt@gmail.com,Attachment #21393                Flags,iplog+,
2010-08-10 16:25:26 EDT,overholt@gmail.com,CC,overholt@redhat.com,
