When, Who, What, Added, Removed
2005-01-05 07:59:54 EST,darin.eclipse@gmail.com,Status,ASSIGNED,NEW
2005-01-05 07:59:54 EST,darin.eclipse@gmail.com,Target Milestone,3.1 M5,---
2005-01-06 14:19:57 EST,jared_burns@us.ibm.com,Assignee,jaredburns@acm.org,jdt-debug-inbox@eclipse.org
2005-01-06 14:19:57 EST,jared_burns@us.ibm.com,Status,NEW,ASSIGNED
2005-01-06 16:45:44 EST,jared_burns@us.ibm.com,Assignee,Darin_Wright@ca.ibm.com,jaredburns@acm.org
2005-01-06 16:48:31 EST,jared_burns@us.ibm.com,Status,RESOLVED,NEW
2005-01-06 16:48:31 EST,jared_burns@us.ibm.com,Resolution,FIXED,---
2005-01-10 11:36:11 EST,darin.eclipse@gmail.com,Status,VERIFIED,RESOLVED
