When, Who, What, Added, Removed
2005-01-10 18:26:06 EST,smith@ca.ibm.com,Target Milestone,3.3 i3,---
2005-01-25 12:58:19 EST,smith@ca.ibm.com,Summary,(MON) GLA creates Common Base Events with missing required fields,GLA creates Common Base Events with missing required fields
2005-03-15 18:17:18 EST,ruthdaly@ca.ibm.com,Version,3.3,3.2
2005-03-16 01:09:21 EST,smith@ca.ibm.com,Version,3.2,3.3
2005-04-30 02:52:31 EDT,smith@ca.ibm.com,Status,RESOLVED,NEW
2005-04-30 02:52:31 EDT,smith@ca.ibm.com,Resolution,FIXED,---
2009-06-30 09:36:32 EDT,paules@ca.ibm.com,Status,CLOSED,RESOLVED
2009-06-30 09:36:32 EDT,paules@ca.ibm.com,Whiteboard,closed460,
2012-02-15 13:48:32 EST,webmaster@eclipse.org,Component,Hyades,Exec.logging
2012-02-15 13:48:32 EST,webmaster@eclipse.org,Version,unspecified,3.2
2012-02-15 13:48:32 EST,webmaster@eclipse.org,Product,z_Archived,Hyades
2012-02-15 13:48:32 EST,webmaster@eclipse.org,Target Milestone,---,3.3 i3
