When, Who, What, Added, Removed
2005-01-04 16:58:33 EST,jeremy@aperte.org,Target Milestone,3.0,---
2005-05-13 13:19:03 EDT,dave.daoust@windriver.com,Target Milestone,---,3.0
2005-05-19 13:58:32 EDT,jeremy@aperte.org,Status,RESOLVED,NEW
2005-05-19 13:58:32 EDT,jeremy@aperte.org,Resolution,FIXED,---
2007-05-29 12:52:01 EDT,dschaefer@qnx.com,Component,RPM,CDT-Contrib
2007-05-29 12:52:01 EDT,dschaefer@qnx.com,Product,Linux Distros,CDT
2007-05-29 12:52:01 EDT,dschaefer@qnx.com,Version,unspecified,3.0
2010-08-10 16:24:01 EDT,overholt@gmail.com,Attachment #21453                Flags,iplog+,
2010-08-10 16:24:04 EDT,overholt@gmail.com,Attachment #21454                Flags,iplog+,
2010-08-10 16:24:07 EDT,overholt@gmail.com,Attachment #21455                Flags,iplog+,
