When, Who, What, Added, Removed
2005-01-05 03:42:00 EST,daniel_megert@ch.ibm.com,Assignee,daniel_megert@ch.ibm.com,jdt-text-inbox@eclipse.org
2005-01-05 03:42:00 EST,daniel_megert@ch.ibm.com,Target Milestone,3.1 M5,---
2005-01-05 03:42:38 EST,daniel_megert@ch.ibm.com,Summary,[key binding] Shortcut for "Open Declaration" doesn't show in context menu of Java Editor,Shortcut for "Open Declaration" doesn't show in context menu of Java Editor
2005-01-12 18:14:33 EST,jpfennelly@yahoo.com,CC,jpfennelly@yahoo.com,
2005-01-14 05:54:38 EST,daniel_megert@ch.ibm.com,Status,RESOLVED,NEW
2005-01-14 05:54:38 EST,daniel_megert@ch.ibm.com,Resolution,FIXED,---
