When, Who, What, Added, Removed
2005-01-05 05:08:25 EST,jerome_lanneluc@fr.ibm.com,Summary,[search] SearchBasicEngine#searchAllTypeNames doc,SearchBasicEngine#searchAllTypeNames doc
2005-01-10 11:32:17 EST,frederic_fusier@fr.ibm.com,Assignee,frederic_fusier@fr.ibm.com,jdt-core-inbox@eclipse.org
2005-02-17 11:15:36 EST,frederic_fusier@fr.ibm.com,Summary,[search] BasicSearchEngine#searchAllTypeNames doc,[search] SearchBasicEngine#searchAllTypeNames doc
2005-03-14 14:52:24 EST,frederic_fusier@fr.ibm.com,Target Milestone,3.1 M6,---
2005-03-16 12:51:54 EST,frederic_fusier@fr.ibm.com,Target Milestone,3.1 M7,3.1 M6
2005-03-17 05:52:35 EST,frederic_fusier@fr.ibm.com,Depends on,88219,
2005-03-31 04:36:27 EST,frederic_fusier@fr.ibm.com,CC,luc_bourlier@us.ibm.com,
2005-04-26 14:55:36 EDT,frederic_fusier@fr.ibm.com,Status,RESOLVED,NEW
2005-04-26 14:55:36 EDT,frederic_fusier@fr.ibm.com,Resolution,FIXED,---
2005-05-11 08:57:24 EDT,frederic_fusier@fr.ibm.com,Status,VERIFIED,RESOLVED
