When, Who, What, Added, Removed
2005-01-05 09:18:14 EST,billy.biggs@eclipse.org,CC,bbiggs@ca.ibm.com,
2005-01-05 09:27:42 EST,snorthov@ca.ibm.com,CC,christophe_cornu@ca.ibm.com,
2005-01-05 09:27:42 EST,snorthov@ca.ibm.com,Assignee,grant_gayed@ca.ibm.com,platform-swt-inbox@eclipse.org
2005-03-31 05:54:41 EST,bpasero@rssowl.org,CC,bpasero@rssowl.org,
2005-04-05 05:57:53 EDT,eclipse-bugs@ginguppin.de,Blocks,88022,
2005-04-05 08:58:13 EDT,billy.biggs@eclipse.org,CC,arne.anka@gmx.net,
2005-04-05 08:58:25 EDT,billy.biggs@eclipse.org,Blocks,,88022
2005-04-14 07:31:11 EDT,veronika_irvine@yahoo.com,CC,grant_gayed@ca.ibm.com, veronika_irvine@ca.ibm.com,bbiggs@ca.ibm.com
2005-04-14 07:31:11 EDT,veronika_irvine@yahoo.com,Assignee,bbiggs@ca.ibm.com,grant_gayed@ca.ibm.com
2005-04-14 14:11:16 EDT,veronika_irvine@yahoo.com,CC,bbiggs@ca.ibm.com,veronika_irvine@ca.ibm.com
2005-04-14 14:11:16 EDT,veronika_irvine@yahoo.com,Assignee,veronika_irvine@ca.ibm.com,bbiggs@ca.ibm.com
2005-04-26 15:57:08 EDT,veronika_irvine@yahoo.com,CC,Silenio_Quarti@ca.ibm.com, felipe_heidrich@ca.ibm.com, steve_northover@ca.ibm.com,
2007-05-09 05:58:03 EDT,martin.oberhuber@windriver.com,CC,martin.oberhuber@windriver.com,
2007-06-14 13:30:48 EDT,snorthov@ca.ibm.com,Assignee,grant_gayed@ca.ibm.com,veronika_irvine@ca.ibm.com
2007-11-26 16:18:11 EST,grant_gayed@ca.ibm.com,Status,RESOLVED,NEW
2007-11-26 16:18:11 EST,grant_gayed@ca.ibm.com,Resolution,FIXED,---
2007-11-26 16:18:11 EST,grant_gayed@ca.ibm.com,Target Milestone,3.3,---
