When, Who, What, Added, Removed
2005-01-05 09:11:38 EST,Olivier_Thomann@ca.ibm.com,Status,ASSIGNED,NEW
2005-01-05 09:46:54 EST,jim_des_rivieres@ca.ibm.com,Assignee,jim_des_rivieres@ca.ibm.com,Olivier_Thomann@ca.ibm.com
2005-01-05 09:46:54 EST,jim_des_rivieres@ca.ibm.com,Status,NEW,ASSIGNED
2005-01-05 12:30:09 EST,jim_des_rivieres@ca.ibm.com,Assignee,Olivier_Thomann@ca.ibm.com,jim_des_rivieres@ca.ibm.com
2005-01-05 12:30:09 EST,jim_des_rivieres@ca.ibm.com,Target Milestone,3.1 M5,---
2005-01-05 14:16:44 EST,Olivier_Thomann@ca.ibm.com,Status,RESOLVED,NEW
2005-01-05 14:16:44 EST,Olivier_Thomann@ca.ibm.com,Resolution,FIXED,---
2005-02-16 09:53:17 EST,david_audel@fr.ibm.com,Status,VERIFIED,RESOLVED
