When, Who, What, Added, Removed
2005-01-05 05:13:35 EST,jerome_lanneluc@fr.ibm.com,Summary,[compiler][5.0] switch on enum allows non enum constants,[5.0] switch on enum allows non enum constants
2005-01-05 09:01:10 EST,philippe_mulet@fr.ibm.com,Assignee,philippe_mulet@fr.ibm.com,jdt-core-inbox@eclipse.org
2005-01-05 09:01:10 EST,philippe_mulet@fr.ibm.com,Target Milestone,3.1 M5,---
2005-01-06 07:39:40 EST,philippe_mulet@fr.ibm.com,Status,RESOLVED,NEW
2005-01-06 07:39:40 EST,philippe_mulet@fr.ibm.com,Resolution,FIXED,---
2005-02-15 05:27:24 EST,jerome_lanneluc@fr.ibm.com,Status,VERIFIED,RESOLVED
