When, Who, What, Added, Removed
2005-01-05 05:27:50 EST,dirk_baeumer@ch.ibm.com,Assignee,martin_aeschlimann@ch.ibm.com,jdt-ui-inbox@eclipse.org
2005-01-05 05:27:50 EST,dirk_baeumer@ch.ibm.com,Summary,Create variable quick fix doesn't guess type right from method call [quick fix],Create variable quick fix doesn't guess type right from method call
2005-01-10 13:05:44 EST,aeschli@gmail.com,Status,RESOLVED,NEW
2005-01-10 13:05:44 EST,aeschli@gmail.com,Resolution,FIXED,---
2005-01-10 13:05:44 EST,aeschli@gmail.com,Target Milestone,3.1 M5,---
