When, Who, What, Added, Removed
2005-01-25 04:51:12 EST,piyushagarwal@in.ibm.com,Version,future,3.2
2005-01-25 05:05:49 EST,piyushagarwal@in.ibm.com,Target Milestone,3.3 i1,---
2005-01-25 05:05:49 EST,piyushagarwal@in.ibm.com,Version,3.2,future
2005-01-31 23:43:08 EST,piyushagarwal@in.ibm.com,Summary,Trace : Cleanup optHeap handling as some of the generated files are not required any more,Cleanup optHeap handling as some of the generated files are not required any more
2005-01-31 23:47:05 EST,piyushagarwal@in.ibm.com,Priority,P1,P3
2005-02-04 03:43:04 EST,piyushagarwal@in.ibm.com,CC,piyushagarwal@in.ibm.com,
2005-02-04 03:43:04 EST,piyushagarwal@in.ibm.com,Assignee,samwai@ca.ibm.com,piyushagarwal@in.ibm.com
2005-02-04 12:11:19 EST,samwai@ca.ibm.com,Summary,(Plat) Trace : Cleanup optHeap handling as some of the generated files are not required any more,Trace : Cleanup optHeap handling as some of the generated files are not required any more
2005-02-23 12:35:12 EST,suwanda@ca.ibm.com,Target Milestone,3.1 i2,3.3 i1
2005-02-23 13:27:00 EST,samwai@ca.ibm.com,Target Milestone,3.3 i2,3.1 i2
2005-03-15 18:17:04 EST,ruthdaly@ca.ibm.com,Version,3.3,3.2
2005-03-16 10:28:55 EST,samwai@ca.ibm.com,Status,RESOLVED,NEW
2005-03-16 10:28:55 EST,samwai@ca.ibm.com,Resolution,FIXED,---
2005-03-23 13:13:23 EST,suwanda@ca.ibm.com,Status,VERIFIED,RESOLVED
2009-06-30 13:06:34 EDT,paules@ca.ibm.com,Status,CLOSED,VERIFIED
2009-06-30 13:06:34 EDT,paules@ca.ibm.com,Whiteboard,closed460,
2012-02-14 16:40:56 EST,webmaster@eclipse.org,Component,Hyades,DataCollection&Control
2012-02-14 16:40:56 EST,webmaster@eclipse.org,Version,unspecified,3.3
2012-02-14 16:40:56 EST,webmaster@eclipse.org,Product,z_Archived,Hyades
2012-02-14 16:40:56 EST,webmaster@eclipse.org,Target Milestone,---,3.3 i2
