When, Who, What, Added, Removed
2005-01-05 05:33:57 EST,aeschli@gmail.com,Assignee,dirk_baeumer@ch.ibm.com,martin_aeschlimann@ch.ibm.com
2005-01-07 09:21:03 EST,dirk_baeumer@ch.ibm.com,CC,martin_aeschlimann@ch.ibm.com,
2005-01-07 09:23:06 EST,dirk_baeumer@ch.ibm.com,Status,RESOLVED,NEW
2005-01-07 09:23:06 EST,dirk_baeumer@ch.ibm.com,Resolution,FIXED,---
2005-01-07 09:23:06 EST,dirk_baeumer@ch.ibm.com,Target Milestone,3.1 M5,---
2005-02-01 13:03:19 EST,dirk_baeumer@ch.ibm.com,CC,akiezun@mit.edu,
