When, Who, What, Added, Removed
2005-01-05 08:45:20 EST,eclipse@pookzilla.net,Assignee,platform-text-inbox@eclipse.org,Platform-UI-Inbox@eclipse.org
2005-01-05 08:45:20 EST,eclipse@pookzilla.net,Component,Text,UI
2005-01-05 08:56:49 EST,daniel_megert@ch.ibm.com,Severity,minor,normal
2005-01-05 08:56:49 EST,daniel_megert@ch.ibm.com,Status,ASSIGNED,NEW
2005-01-05 08:56:49 EST,daniel_megert@ch.ibm.com,Keywords,nl,
2005-01-05 08:56:49 EST,daniel_megert@ch.ibm.com,Summary,[misc] The short cut string of the Japanese style is not removed,The short cut string of the Japanese style is not removed
2005-01-06 03:39:49 EST,daniel_megert@ch.ibm.com,Assignee,eclipse@tom.eicher.name,platform-text-inbox@eclipse.org
2005-01-06 03:39:49 EST,daniel_megert@ch.ibm.com,Status,NEW,ASSIGNED
2005-01-06 03:39:49 EST,daniel_megert@ch.ibm.com,Target Milestone,3.1,---
2005-01-10 12:51:20 EST,eclipse@tom.hofmann.name,Status,RESOLVED,NEW
2005-01-10 12:51:20 EST,eclipse@tom.hofmann.name,Resolution,FIXED,---
2005-01-10 12:51:20 EST,eclipse@tom.hofmann.name,Target Milestone,3.1 M5,3.1
