When, Who, What, Added, Removed
2005-01-05 08:45:57 EST,eclipse@pookzilla.net,CC,tod_creasey@ca.ibm.com,
2005-01-05 08:45:57 EST,eclipse@pookzilla.net,Assignee,mvm@ca.ibm.com,Platform-UI-Inbox@eclipse.org
2005-01-05 08:45:57 EST,eclipse@pookzilla.net,Summary,[Preferences] Red delete icon (X) on preference page made me think there's a bug,Red delete icon (X) on preference page made me think there's a bug
2005-05-19 17:25:55 EDT,michaelvanmeekeren@yahoo.ca,Status,RESOLVED,NEW
2005-05-19 17:25:55 EDT,michaelvanmeekeren@yahoo.ca,Resolution,FIXED,---
2005-05-19 17:25:55 EDT,michaelvanmeekeren@yahoo.ca,Target Milestone,3.1,---
2005-05-27 12:09:24 EDT,michaelvanmeekeren@yahoo.ca,Status,VERIFIED,RESOLVED
