When, Who, What, Added, Removed
2005-01-05 08:21:40 EST,dirk_baeumer@ch.ibm.com,Assignee,martin_aeschlimann@ch.ibm.com,jdt-ui-inbox@eclipse.org
2005-01-05 08:21:40 EST,dirk_baeumer@ch.ibm.com,Summary,Hard to find type restriction compiler problem preferences [build path],Hard to find some compiler problem preferences
2005-05-21 14:11:57 EDT,aeschli@gmail.com,Status,RESOLVED,NEW
2005-05-21 14:11:57 EDT,aeschli@gmail.com,Resolution,FIXED,---
2005-05-21 14:11:57 EDT,aeschli@gmail.com,Summary,[build path] Hard to find type restriction compiler problem preferences,Hard to find type restriction compiler problem preferences [build path]
2005-05-21 14:11:57 EDT,aeschli@gmail.com,Target Milestone,3.1 RC1,---
2005-05-27 12:08:50 EDT,daniel_megert@ch.ibm.com,Status,VERIFIED,RESOLVED
