When, Who, What, Added, Removed
2005-01-05 13:59:11 EST,cbridgha@us.ibm.com,Assignee,mdelder@us.ibm.com,wtp-dev@eclipse.org
2005-01-05 13:59:11 EST,cbridgha@us.ibm.com,Summary,java.lang.ClassNotFoundException: org.eclipse.jst.common.navigator.internal.plugin.JarFileFilter,java.lang.ClassNotFoundException: org.eclipse.jst.common.navigator.internal.plugin.JarFileFilter
2005-02-22 11:54:08 EST,mdelder@us.ibm.com,Status,RESOLVED,NEW
2005-02-22 11:54:08 EST,mdelder@us.ibm.com,Resolution,FIXED,---
2005-06-15 01:32:24 EDT,david_williams@us.ibm.com,Version,0.7,1.0
2005-12-13 17:04:48 EST,mdelder@us.ibm.com,Status,CLOSED,RESOLVED
2007-01-24 14:41:07 EST,jlanuti@us.ibm.com,Component,jst.j2ee,J2EE Standard Tools
