When, Who, What, Added, Removed
2005-01-06 13:24:39 EST,nelliec@ca.ibm.com,Target Milestone,3.3 i1,---
2005-01-31 13:53:58 EST,nelliec@ca.ibm.com,Status,RESOLVED,NEW
2005-01-31 13:53:58 EST,nelliec@ca.ibm.com,Resolution,FIXED,---
2005-01-31 13:53:58 EST,nelliec@ca.ibm.com,Summary,(Plat) A minor documentation bug,A minor documentation bug
2005-03-17 08:27:47 EST,nelliec@ca.ibm.com,Keywords,Documentation,
2009-06-30 12:37:08 EDT,paules@ca.ibm.com,Status,CLOSED,RESOLVED
2009-06-30 12:37:08 EDT,paules@ca.ibm.com,Whiteboard,closed460,
2012-02-14 16:10:35 EST,webmaster@eclipse.org,Component,Hyades,Hyades
2012-02-14 16:10:35 EST,webmaster@eclipse.org,Version,unspecified,3.2
2012-02-14 16:10:35 EST,webmaster@eclipse.org,Product,z_Archived,Hyades
2012-02-14 16:10:35 EST,webmaster@eclipse.org,Target Milestone,---,3.3 i1
