When, Who, What, Added, Removed
2005-01-05 10:58:33 EST,curtispd@ca.ibm.com,Assignee,mgill@ca.ibm.com,curtispd@ca.ibm.com
2005-01-05 11:49:15 EST,popescu@ca.ibm.com,Assignee,slavescu@ca.ibm.com,mgill@ca.ibm.com
2005-01-05 11:49:15 EST,popescu@ca.ibm.com,Target Milestone,3.3,---
2005-01-05 11:49:24 EST,popescu@ca.ibm.com,Status,ASSIGNED,NEW
2005-01-11 23:13:05 EST,popescu@ca.ibm.com,Component,Models.trace,UI
2005-01-11 23:14:04 EST,popescu@ca.ibm.com,Target Milestone,3.3 i1,3.3
2005-01-31 11:09:00 EST,slavescu@ca.ibm.com,Summary,(Plat) Process name doesn't saved in trace xml file,Process name doesn't saved in trace xml file
2005-02-04 17:35:18 EST,slavescu@ca.ibm.com,Status,RESOLVED,ASSIGNED
2005-02-04 17:35:18 EST,slavescu@ca.ibm.com,Resolution,FIXED,---
2009-06-30 12:38:17 EDT,paules@ca.ibm.com,Status,CLOSED,RESOLVED
2009-06-30 12:38:17 EDT,paules@ca.ibm.com,Whiteboard,closed460,
2012-02-15 13:49:06 EST,webmaster@eclipse.org,Component,Hyades,Models.trace
2012-02-15 13:49:06 EST,webmaster@eclipse.org,Version,unspecified,3.2
2012-02-15 13:49:06 EST,webmaster@eclipse.org,Product,z_Archived,Hyades
2012-02-15 13:49:06 EST,webmaster@eclipse.org,Target Milestone,---,3.3 i1
