When, Who, What, Added, Removed
2005-02-18 15:41:33 EST,wassim.melhem@gmail.com,CC,dj_houghton@ca.ibm.com,
2005-06-13 18:14:01 EDT,wassim.melhem@gmail.com,CC,eddie@grassybrook.com,
2005-06-23 11:45:06 EDT,wassim.melhem@gmail.com,CC,nick_edgar@ca.ibm.com,
2005-06-27 22:54:33 EDT,wassim.melhem@gmail.com,Target Milestone,3.1.1,---
2005-07-17 18:45:08 EDT,wassim.melhem@gmail.com,Target Milestone,---,3.1.1
2005-08-27 23:45:42 EDT,wassim.melhem@gmail.com,Status,RESOLVED,NEW
2005-08-27 23:45:42 EDT,wassim.melhem@gmail.com,Resolution,FIXED,---
2005-08-27 23:45:42 EDT,wassim.melhem@gmail.com,Target Milestone,3.2 M2,---
2005-09-14 09:53:46 EDT,wassim.melhem@gmail.com,CC,axb@dolby.co.uk,
