When, Who, What, Added, Removed
2005-01-05 12:24:58 EST,patmc@us.ibm.com,CC,patmc@us.ibm.com,
2005-01-05 13:52:15 EST,ed.burnette@sas.com,CC,ed.burnette@sas.com,
2005-01-06 11:12:55 EST,Tod_Creasey@ca.ibm.com,Severity,enhancement,normal
2005-01-06 11:12:55 EST,Tod_Creasey@ca.ibm.com,Status,ASSIGNED,NEW
2005-01-06 11:12:55 EST,Tod_Creasey@ca.ibm.com,Priority,P2,P3
2005-01-07 18:43:27 EST,taras.tielkes@gmail.com,CC,taras@xs4all.nl,
2005-01-10 10:56:19 EST,p.kullmann@arenae.ch,CC,p.kullmann@arenae.ch,
2005-01-13 09:28:35 EST,Tod_Creasey@ca.ibm.com,CC,pascal_rapicault@ca.ibm.com,
2005-01-13 14:10:35 EST,mlists@juma.me.uk,CC,mlists@juma.me.uk,
2005-01-14 09:28:46 EST,molk@comosoft.de,CC,molk@comosoft.de,
2005-01-18 11:33:54 EST,Tod_Creasey@ca.ibm.com,Blocks,60117,
2005-01-18 11:33:54 EST,Tod_Creasey@ca.ibm.com,Status,RESOLVED,ASSIGNED
2005-01-18 11:33:54 EST,Tod_Creasey@ca.ibm.com,Resolution,FIXED,---
2005-01-18 11:33:54 EST,Tod_Creasey@ca.ibm.com,Target Milestone,3.1 M5,---
2005-01-19 08:13:56 EST,Tod_Creasey@ca.ibm.com,CC,veronika_irvine@ca.ibm.com,
2005-01-19 08:48:55 EST,yharms@gmx.de,CC,yharms@comosoft.de,
2005-02-16 15:16:33 EST,Tod_Creasey@ca.ibm.com,Status,VERIFIED,RESOLVED
2006-08-29 17:15:42 EDT,msoori@hotmail.com,CC,msoori@hotmail.com,
