When, Who, What, Added, Removed
2005-01-05 10:43:45 EST,paules@ca.ibm.com,Target Milestone,3.3,---
2005-01-06 11:50:06 EST,paules@ca.ibm.com,Status,RESOLVED,NEW
2005-01-06 11:50:06 EST,paules@ca.ibm.com,Resolution,FIXED,---
2005-03-08 12:21:33 EST,paules@ca.ibm.com,Summary,(Plat) getEventFactory method requires a specific class loader when running in Eclipse environment,getEventFactory method requires a specific class loader when running in Eclipse environment
2005-03-16 08:31:19 EST,sluiman@ca.ibm.com,Target Milestone,3.3 i2,3.3
2009-06-30 09:35:26 EDT,paules@ca.ibm.com,Status,CLOSED,RESOLVED
2009-06-30 09:35:26 EDT,paules@ca.ibm.com,Whiteboard,closed460,
2012-02-15 13:47:13 EST,webmaster@eclipse.org,Component,Hyades,Exec.logging
2012-02-15 13:47:13 EST,webmaster@eclipse.org,Version,unspecified,3.2
2012-02-15 13:47:13 EST,webmaster@eclipse.org,Product,z_Archived,Hyades
2012-02-15 13:47:13 EST,webmaster@eclipse.org,Target Milestone,---,3.3 i2
