When, Who, What, Added, Removed
2005-01-06 08:32:15 EST,darin.eclipse@gmail.com,Status,ASSIGNED,NEW
2005-01-06 08:32:15 EST,darin.eclipse@gmail.com,Target Milestone,3.1,---
2005-03-16 13:12:01 EST,chanskw@ca.ibm.com,CC,chanskw@ca.ibm.com,
2005-03-24 15:27:53 EST,darin.eclipse@gmail.com,Assignee,Darin_Wright@ca.ibm.com,platform-debug-inbox@eclipse.org
2005-03-24 15:27:53 EST,darin.eclipse@gmail.com,Status,NEW,ASSIGNED
2005-03-24 15:27:53 EST,darin.eclipse@gmail.com,Target Milestone,3.1 M6,3.1
2005-03-24 15:28:28 EST,darin.eclipse@gmail.com,Status,RESOLVED,NEW
2005-03-24 15:28:28 EST,darin.eclipse@gmail.com,Resolution,FIXED,---
2005-03-31 09:33:12 EST,darin.eclipse@gmail.com,Status,VERIFIED,RESOLVED
2007-07-13 10:12:03 EDT,martin.oberhuber@windriver.com,Blocks,196459,
