When, Who, What, Added, Removed
2005-01-05 11:43:42 EST,eclipse@pookzilla.net,Assignee,Tod_Creasey@ca.ibm.com,Platform-UI-Inbox@eclipse.org
2005-01-05 11:43:42 EST,eclipse@pookzilla.net,Summary,[Encoding] NullPointerException when changing file encoding,NullPointerException when changing file encoding
2005-01-05 12:53:31 EST,Tod_Creasey@ca.ibm.com,Severity,major,normal
2005-01-05 12:53:31 EST,Tod_Creasey@ca.ibm.com,Status,ASSIGNED,NEW
2005-01-05 12:53:31 EST,Tod_Creasey@ca.ibm.com,Priority,P1,P3
2005-01-05 12:54:15 EST,Tod_Creasey@ca.ibm.com,CC,Daniel_Megert@ch.ibm.com,
2005-01-05 12:54:15 EST,Tod_Creasey@ca.ibm.com,Status,RESOLVED,ASSIGNED
2005-01-05 12:54:15 EST,Tod_Creasey@ca.ibm.com,Resolution,FIXED,---
2005-01-05 12:54:15 EST,Tod_Creasey@ca.ibm.com,Target Milestone,3.1 M5,---
2005-02-16 15:17:53 EST,Tod_Creasey@ca.ibm.com,Status,VERIFIED,RESOLVED
2006-11-16 11:18:35 EST,kitlo@us.ibm.com,Status,CLOSED,VERIFIED
