When, Who, What, Added, Removed
2005-01-05 12:01:25 EST,walkerp@us.ibm.com,CC,gmendel@us.ibm.com,
2005-01-05 12:01:25 EST,walkerp@us.ibm.com,Target Milestone,1.1M1,---
2005-01-05 12:01:25 EST,walkerp@us.ibm.com,Version,1.1,1.0.0
2005-01-05 13:55:51 EST,richkulp@us.ibm.com,Blocks,61944,
2005-03-22 09:48:20 EST,richkulp@us.ibm.com,Blocks,88721,
2005-03-22 11:16:46 EST,walkerp@us.ibm.com,Target Milestone,1.1M2,1.1M1
2005-04-19 18:03:55 EDT,gmendel@us.ibm.com,CC,jdstinto@us.ibm.com,
2005-06-02 19:26:58 EDT,richkulp@us.ibm.com,Blocks,98150,
2005-06-06 11:16:40 EDT,gmendel@us.ibm.com,Target Milestone,1.1,1.1M2
2005-06-15 16:58:52 EDT,richkulp@us.ibm.com,Status,RESOLVED,NEW
2005-06-15 16:58:52 EDT,richkulp@us.ibm.com,Resolution,FIXED,---
2005-07-26 12:14:27 EDT,richkulp@us.ibm.com,Status,CLOSED,RESOLVED
