When, Who, What, Added, Removed
2005-01-05 11:33:54 EST,Olivier_Thomann@ca.ibm.com,Assignee,Olivier_Thomann@ca.ibm.com,jdt-core-inbox@eclipse.org
2005-01-05 11:59:34 EST,Olivier_Thomann@ca.ibm.com,Status,ASSIGNED,NEW
2005-01-05 12:03:35 EST,Olivier_Thomann@ca.ibm.com,Status,RESOLVED,ASSIGNED
2005-01-05 12:03:35 EST,Olivier_Thomann@ca.ibm.com,Resolution,FIXED,---
2005-01-05 12:03:35 EST,Olivier_Thomann@ca.ibm.com,Summary,[5.0] Signature#getSimpleName(String) inserts superfluous whitespace characters,[5.0] Signature#getSimpleName(String) inserts superfluos whitespace characters
2005-01-05 12:03:35 EST,Olivier_Thomann@ca.ibm.com,Target Milestone,3.1 M5,---
2005-02-16 09:58:27 EST,david_audel@fr.ibm.com,Status,VERIFIED,RESOLVED
