When, Who, What, Added, Removed
2005-01-05 12:51:45 EST,eclipse@pookzilla.net,Assignee,douglas.pollock@magma.ca,Platform-UI-Inbox@eclipse.org
2005-01-05 12:51:45 EST,eclipse@pookzilla.net,Summary,[Contributions] Need EditorPluginAction and ActionDescriptor.ATT_DEFINITION_ID as API,Need EditorPluginAction and ActionDescriptor.ATT_DEFINITION_ID as API
2005-01-11 07:09:23 EST,douglas.pollock@gmail.com,Status,RESOLVED,NEW
2005-01-11 07:09:23 EST,douglas.pollock@gmail.com,Resolution,WONTFIX,---
2005-04-04 12:51:45 EDT,eclipse@pookzilla.net,CC,kim_horne@ca.ibm.com,
2005-04-04 12:51:45 EDT,eclipse@pookzilla.net,Status,REOPENED,RESOLVED
2005-04-04 12:51:45 EDT,eclipse@pookzilla.net,Component,Text,UI
2005-04-04 12:51:45 EDT,eclipse@pookzilla.net,Resolution,---,WONTFIX
2005-04-04 12:53:19 EDT,eclipse@pookzilla.net,Assignee,platform-text-inbox@eclipse.org,douglas.pollock@magma.ca
2005-04-04 12:53:19 EDT,eclipse@pookzilla.net,Severity,blocker,enhancement
2005-04-04 12:53:19 EDT,eclipse@pookzilla.net,Status,NEW,REOPENED
2005-04-05 04:13:13 EDT,daniel_megert@ch.ibm.com,CC,douglas.pollock@magma.ca,
2005-04-05 04:13:13 EDT,daniel_megert@ch.ibm.com,Assignee,Platform-UI-Inbox@eclipse.org,platform-text-inbox@eclipse.org
2005-04-05 04:13:13 EDT,daniel_megert@ch.ibm.com,Component,UI,Text
2005-04-05 04:13:43 EDT,daniel_megert@ch.ibm.com,Status,RESOLVED,NEW
2005-04-05 04:13:43 EDT,daniel_megert@ch.ibm.com,Resolution,WONTFIX,---
2006-09-13 12:01:27 EDT,daniel_megert@ch.ibm.com,Severity,normal,blocker
2006-09-13 12:01:27 EDT,daniel_megert@ch.ibm.com,Status,REOPENED,RESOLVED
2006-09-13 12:01:27 EDT,daniel_megert@ch.ibm.com,Resolution,---,WONTFIX
2006-09-14 17:05:28 EDT,bokowski@google.com,CC,duongn@ca.ibm.com,
2006-09-14 17:05:28 EDT,bokowski@google.com,Assignee,pwebster@ca.ibm.com,Platform-UI-Inbox@eclipse.org
2006-09-14 17:05:28 EDT,bokowski@google.com,Status,NEW,REOPENED
2006-09-14 17:39:16 EDT,pwebster@ca.ibm.com,Depends on,154130,
2006-09-28 15:14:22 EDT,pwebster@ca.ibm.com,Status,RESOLVED,NEW
2006-09-28 15:14:22 EDT,pwebster@ca.ibm.com,Resolution,REMIND,---
2006-09-29 10:14:58 EDT,pwebster@ca.ibm.com,Status,REOPENED,RESOLVED
2006-09-29 10:14:58 EDT,pwebster@ca.ibm.com,Resolution,---,REMIND
2007-02-06 02:30:28 EST,daniel_megert@ch.ibm.com,Target Milestone,3.3 M6,---
2007-03-15 14:50:18 EDT,pwebster@ca.ibm.com,Attachment #60590                Attachment is obsolete,1,0
2007-03-15 14:54:29 EDT,pwebster@ca.ibm.com,CC,Mike_Wilson@ca.ibm.com,
2007-03-16 07:38:17 EDT,pwebster@ca.ibm.com,Status,ASSIGNED,REOPENED
2007-03-16 07:38:17 EDT,pwebster@ca.ibm.com,Keywords,api,
2007-03-16 12:44:46 EDT,pwebster@ca.ibm.com,Attachment #60997                Attachment is obsolete,1,0
2007-03-17 03:59:10 EDT,daniel_megert@ch.ibm.com,Status,RESOLVED,ASSIGNED
2007-03-17 03:59:10 EDT,daniel_megert@ch.ibm.com,Resolution,FIXED,---
2007-03-20 19:32:57 EDT,pwebster@ca.ibm.com,Status,VERIFIED,RESOLVED
2007-03-21 12:42:56 EDT,pwebster@ca.ibm.com,Depends on,178228,
2007-03-21 13:37:52 EDT,pwebster@ca.ibm.com,Status,REOPENED,VERIFIED
2007-03-21 13:37:52 EDT,pwebster@ca.ibm.com,Resolution,---,FIXED
2007-03-21 13:37:52 EDT,pwebster@ca.ibm.com,Target Milestone,3.3 M7,3.3 M6
2007-03-30 09:54:21 EDT,daniel_megert@ch.ibm.com,Status,RESOLVED,REOPENED
2007-03-30 09:54:21 EDT,daniel_megert@ch.ibm.com,Resolution,FIXED,---
2007-05-01 09:21:54 EDT,pwebster@ca.ibm.com,Status,VERIFIED,RESOLVED
