When, Who, What, Added, Removed
2005-01-23 12:07:14 EST,dirk_baeumer@ch.ibm.com,Assignee,dirk_baeumer@ch.ibm.com,jdt-ui-inbox@eclipse.org
2005-03-21 16:36:11 EST,dirk_baeumer@ch.ibm.com,Summary,[refactoring] Refactoring preview: should be able to see or filter text changes,Refactoring preview: should be able to see or filter text changes
2005-05-11 09:52:12 EDT,markus.schorn@windriver.com,CC,markus.schorn@windriver.com,
2005-05-18 09:33:14 EDT,dirk_baeumer@ch.ibm.com,CC,neale@nealeupstone.com,
2005-10-04 07:30:55 EDT,markus_keller@ch.ibm.com,CC,markus_keller@ch.ibm.com,
2005-10-04 07:30:55 EDT,markus_keller@ch.ibm.com,Target Milestone,3.2 M2,---
2005-10-10 17:10:23 EDT,dirk_baeumer@ch.ibm.com,Status,RESOLVED,NEW
2005-10-10 17:10:23 EDT,dirk_baeumer@ch.ibm.com,Resolution,FIXED,---
2005-11-02 05:00:08 EST,markus_keller@ch.ibm.com,Status,VERIFIED,RESOLVED
