When, Who, What, Added, Removed
2005-01-06 08:49:22 EST,michaelvanmeekeren@yahoo.ca,Summary,NPE in schema wizard,NPE in shema wizard
2005-01-18 01:13:06 EST,wassim.melhem@gmail.com,Assignee,konradk@ca.ibm.com,pde-ui-inbox@eclipse.org
2005-01-18 11:10:29 EST,konradk@ca.ibm.com,CC,birsan@ca.ibm.com,
2005-01-18 11:15:56 EST,konradk@ca.ibm.com,CC,wassimm@ca.ibm.com,
2005-01-18 12:34:36 EST,wassim.melhem@gmail.com,Status,RESOLVED,NEW
2005-01-18 12:34:36 EST,wassim.melhem@gmail.com,Resolution,FIXED,---
2005-01-18 12:34:36 EST,wassim.melhem@gmail.com,Target Milestone,3.1 M5,---
