When, Who, What, Added, Removed
2005-01-05 14:04:03 EST,cbridgha@us.ibm.com,Assignee,blancett@us.ibm.com,wtp-dev@eclipse.org
2005-02-14 14:24:01 EST,mbrito@gmail.com,CC,mbrito@gmail.com,
2005-02-23 16:30:45 EST,cbridgha@us.ibm.com,Target Milestone,1.0 M4,---
2005-03-01 15:13:35 EST,panagiotis.korros@gmail.com,CC,panagiotis.korros@gmail.com,
2005-03-02 11:35:59 EST,blancett@us.ibm.com,CC,cbridgha@us.ibm.com,
2005-03-02 11:36:35 EST,blancett@us.ibm.com,Summary,f: Inlcude standard schemas,Inlcude standard schemas
2005-03-02 11:37:33 EST,blancett@us.ibm.com,Summary,F: Inlcude standard schemas,f: Inlcude standard schemas
2005-03-02 13:18:52 EST,cbridgha@us.ibm.com,Component,wst.xsd,J2EE Standard Tools
2005-03-02 15:06:34 EST,blancett@us.ibm.com,Status,ASSIGNED,NEW
2005-03-18 09:36:42 EST,haralampos.routis@intracom.gr,CC,haralampos.routis@intracom.gr,
2005-04-25 06:18:02 EDT,david_williams@us.ibm.com,CC,david_williams@us.ibm.com,
2005-05-08 19:36:55 EDT,ivphb1x02@sneakemail.com,CC,ldenanot@yahoo.com,
2005-05-08 20:56:41 EDT,david_williams@us.ibm.com,Target Milestone,1.0 M5,1.0 M4
2005-05-08 21:23:20 EDT,david_williams@us.ibm.com,Assignee,david_williams@us.ibm.com,blancett@us.ibm.com
2005-05-08 21:23:20 EDT,david_williams@us.ibm.com,Status,NEW,ASSIGNED
2005-05-08 21:23:20 EDT,david_williams@us.ibm.com,Component,J2EE Standard Tools,wst.xsd
2005-05-09 16:26:10 EDT,cbridgha@us.ibm.com,CC,matt.lin@symbio.com.tw,
2005-06-16 18:16:41 EDT,david_williams@us.ibm.com,Summary,Include standard J2EE schemas and DTDs,F: Inlcude standard schemas
2005-06-16 18:16:41 EDT,david_williams@us.ibm.com,Target Milestone,---,1.0 M5
2005-06-17 18:04:03 EDT,david_williams@us.ibm.com,Version,unspecified,1.0
2005-06-24 11:05:34 EDT,david_williams@us.ibm.com,Component,jst.jsp,J2EE Standard Tools
2005-08-13 15:47:14 EDT,david_williams@us.ibm.com,CC,eclipse.*.dserodio@neverbox.com,
2006-03-06 13:55:54 EST,schrepfler@gmail.com,CC,schrepfler@inwind.it,
2006-03-06 13:57:28 EST,mbrito@gmail.com,CC,,mbrito@gmail.com
2007-09-13 03:19:11 EDT,nitind@us.ibm.com,CC,nitind@us.ibm.com,
2007-09-19 03:11:31 EDT,david_williams@us.ibm.com,Status,RESOLVED,NEW
2007-09-19 03:11:31 EDT,david_williams@us.ibm.com,Resolution,FIXED,---
2007-09-19 03:11:31 EDT,david_williams@us.ibm.com,Target Milestone,2.0,---
