When, Who, What, Added, Removed
2005-01-06 13:11:39 EST,dirk_baeumer@ch.ibm.com,Assignee,erich_gamma@ch.ibm.com,jdt-ui-inbox@eclipse.org
2005-06-02 06:46:00 EDT,david@saff.net,CC,dirk_baeumer@ch.ibm.com,
2005-06-03 04:18:37 EDT,david@saff.net,CC,saff@mit.edu,
2005-06-03 05:44:57 EDT,dirk_baeumer@ch.ibm.com,CC,,saff@mit.edu
2005-06-03 05:44:57 EDT,dirk_baeumer@ch.ibm.com,Assignee,saff@mit.edu,erich_gamma@ch.ibm.com
2005-06-03 05:44:57 EDT,dirk_baeumer@ch.ibm.com,Target Milestone,3.2,---
2005-06-30 12:12:57 EDT,david@saff.net,Assignee,tobias_widmer@ch.ibm.com,saff@mit.edu
2005-07-01 04:47:40 EDT,tobias_widmer@ch.ibm.com,Status,RESOLVED,NEW
2005-07-01 04:47:40 EDT,tobias_widmer@ch.ibm.com,Resolution,FIXED,---
