When, Who, What, Added, Removed
2005-01-05 12:22:05 EST,daniel_megert@ch.ibm.com,Assignee,martin_aeschlimann@ch.ibm.com,jdt-ui-inbox@eclipse.org
2005-01-05 12:22:05 EST,daniel_megert@ch.ibm.com,Target Milestone,3.1,---
2005-02-03 10:44:31 EST,aeschli@gmail.com,Assignee,eclipse@tom.eicher.name,martin_aeschlimann@ch.ibm.com
2005-02-03 11:32:10 EST,eclipse@tom.hofmann.name,Status,ASSIGNED,NEW
2005-02-03 11:32:10 EST,eclipse@tom.hofmann.name,Target Milestone,3.1 M5,3.1
2005-02-07 08:58:25 EST,eclipse@tom.hofmann.name,Status,RESOLVED,ASSIGNED
2005-02-07 08:58:25 EST,eclipse@tom.hofmann.name,Resolution,FIXED,---
