When, Who, What, Added, Removed
2005-01-10 11:27:08 EST,dguilbaud@fr.ibm.com,CC,takepon@jp.ibm.com,
2005-01-10 11:44:03 EST,dguilbaud@fr.ibm.com,CC,mddunn@us.ibm.com,
2005-01-17 13:03:38 EST,dguilbaud@fr.ibm.com,Status,ASSIGNED,NEW
2005-01-17 13:03:38 EST,dguilbaud@fr.ibm.com,Target Milestone,4.0 i3,---
2005-01-17 13:21:38 EST,dguilbaud@fr.ibm.com,Target Milestone,3.3 i2,4.0 i3
2005-01-18 12:38:28 EST,dguilbaud@fr.ibm.com,Status,RESOLVED,ASSIGNED
2005-01-18 12:38:28 EST,dguilbaud@fr.ibm.com,Resolution,FIXED,---
2005-01-19 08:40:01 EST,dguilbaud@fr.ibm.com,Summary,[PII] Enter a filename in the Wizards should disappear,Enter a filename in the Wizards should disappear
2009-06-30 13:06:55 EDT,paules@ca.ibm.com,Status,CLOSED,RESOLVED
2009-06-30 13:06:55 EDT,paules@ca.ibm.com,Whiteboard,closed460,
2012-02-14 16:10:37 EST,webmaster@eclipse.org,Component,Hyades,UI
2012-02-14 16:10:37 EST,webmaster@eclipse.org,Version,unspecified,3.2
2012-02-14 16:10:37 EST,webmaster@eclipse.org,Product,z_Archived,Hyades
2012-02-14 16:10:37 EST,webmaster@eclipse.org,Target Milestone,---,3.3 i2
