When, Who, What, Added, Removed
2005-01-06 08:40:16 EST,darin.eclipse@gmail.com,Status,ASSIGNED,NEW
2005-01-06 08:40:16 EST,darin.eclipse@gmail.com,Target Milestone,3.1 M5,---
2005-01-17 14:36:06 EST,darin.eclipse@gmail.com,Assignee,jaredburns@acm.org,platform-debug-inbox@eclipse.org
2005-01-17 14:36:06 EST,darin.eclipse@gmail.com,Status,NEW,ASSIGNED
2005-01-17 14:36:28 EST,darin.eclipse@gmail.com,Status,ASSIGNED,NEW
2005-01-20 18:25:28 EST,jared_burns@us.ibm.com,Assignee,Darin_Wright@ca.ibm.com,jaredburns@acm.org
2005-01-20 18:25:28 EST,jared_burns@us.ibm.com,Status,NEW,ASSIGNED
2005-01-20 18:25:45 EST,jared_burns@us.ibm.com,Status,RESOLVED,NEW
2005-01-20 18:25:45 EST,jared_burns@us.ibm.com,Resolution,FIXED,---
2005-01-20 18:36:53 EST,jared_burns@us.ibm.com,Status,REOPENED,RESOLVED
2005-01-20 18:36:53 EST,jared_burns@us.ibm.com,Resolution,---,FIXED
2005-01-20 18:38:10 EST,jared_burns@us.ibm.com,Assignee,jaredburns@acm.org,Darin_Wright@ca.ibm.com
2005-01-20 18:38:10 EST,jared_burns@us.ibm.com,Status,NEW,REOPENED
2005-01-21 11:41:42 EST,jared_burns@us.ibm.com,CC,Darin_Wright@ca.ibm.com,
2005-01-21 11:51:06 EST,jared_burns@us.ibm.com,Status,ASSIGNED,NEW
2005-01-21 15:54:18 EST,jared_burns@us.ibm.com,Assignee,Darin_Wright@ca.ibm.com,jaredburns@acm.org
2005-01-21 15:54:18 EST,jared_burns@us.ibm.com,Status,NEW,ASSIGNED
2005-01-21 15:59:33 EST,jared_burns@us.ibm.com,Status,RESOLVED,NEW
2005-01-21 15:59:33 EST,jared_burns@us.ibm.com,Resolution,FIXED,---
2005-01-31 15:21:27 EST,darin.eclipse@gmail.com,Status,REOPENED,RESOLVED
2005-01-31 15:21:27 EST,darin.eclipse@gmail.com,Resolution,---,FIXED
2005-01-31 15:21:37 EST,darin.eclipse@gmail.com,Assignee,jaredburns@acm.org,Darin_Wright@ca.ibm.com
2005-01-31 15:21:37 EST,darin.eclipse@gmail.com,Status,NEW,REOPENED
2005-01-31 15:21:43 EST,darin.eclipse@gmail.com,Status,ASSIGNED,NEW
2005-01-31 15:36:43 EST,jared_burns@us.ibm.com,CC,luc_bourlier@us.ibm.com,
2005-02-07 14:20:29 EST,darin.eclipse@gmail.com,Priority,P2,P3
2005-02-14 21:27:29 EST,jared_burns@us.ibm.com,Assignee,Darin_Wright@ca.ibm.com,jaredburns@acm.org
2005-02-14 21:27:29 EST,jared_burns@us.ibm.com,Status,NEW,ASSIGNED
2005-02-14 21:38:24 EST,jared_burns@us.ibm.com,Status,RESOLVED,NEW
2005-02-14 21:38:24 EST,jared_burns@us.ibm.com,Resolution,FIXED,---
2005-02-25 14:04:46 EST,darin.eclipse@gmail.com,Status,REOPENED,RESOLVED
2005-02-25 14:04:46 EST,darin.eclipse@gmail.com,Resolution,---,FIXED
2005-02-25 14:05:04 EST,darin.eclipse@gmail.com,Assignee,jaredburns@acm.org,Darin_Wright@ca.ibm.com
2005-02-25 14:05:04 EST,darin.eclipse@gmail.com,Status,NEW,REOPENED
2005-02-25 14:05:23 EST,darin.eclipse@gmail.com,Status,ASSIGNED,NEW
2005-02-28 13:49:35 EST,jared_burns@us.ibm.com,Status,RESOLVED,ASSIGNED
2005-02-28 13:49:35 EST,jared_burns@us.ibm.com,Resolution,FIXED,---
2005-03-04 14:23:30 EST,jared_burns@us.ibm.com,Status,VERIFIED,RESOLVED
