When, Who, What, Added, Removed
2005-01-05 13:43:41 EST,darin.eclipse@gmail.com,Assignee,luc_bourlier@us.ibm.com,jdt-debug-inbox@eclipse.org
2005-01-05 13:43:41 EST,darin.eclipse@gmail.com,Summary,compilation error breakpoint does not suspend,compilation error breakpoint does not suspend
2005-01-05 13:43:41 EST,darin.eclipse@gmail.com,Target Milestone,3.1 M5,---
2005-01-05 13:43:53 EST,darin.eclipse@gmail.com,Status,RESOLVED,NEW
2005-01-05 13:43:53 EST,darin.eclipse@gmail.com,Resolution,FIXED,---
2005-01-05 15:45:48 EST,eclipse@skyluc.org,Status,VERIFIED,RESOLVED
