When, Who, What, Added, Removed
2005-01-05 14:38:23 EST,gounis@clubmobil.com,OS,Windows XP,Linux
2005-01-06 11:59:17 EST,snorthov@ca.ibm.com,Assignee,christophe_cornu@ca.ibm.com,platform-swt-inbox@eclipse.org
2005-04-12 00:07:42 EDT,snorthov@ca.ibm.com,Assignee,steve_northover@ca.ibm.com,christophe_cornu@ca.ibm.com
2005-04-12 00:07:42 EDT,snorthov@ca.ibm.com,Summary,[XP theme] coolbars gradient background,coolbars gradient background
2005-07-25 17:47:52 EDT,eclipse.felipe@gmail.com,CC,felipe_heidrich@ca.ibm.com,
2005-11-17 17:59:40 EST,snorthov@ca.ibm.com,Status,RESOLVED,NEW
2005-11-17 17:59:40 EST,snorthov@ca.ibm.com,Resolution,FIXED,---
