When, Who, What, Added, Removed
2005-01-06 08:41:02 EST,darin.eclipse@gmail.com,Severity,enhancement,normal
2005-01-06 08:41:02 EST,darin.eclipse@gmail.com,Status,ASSIGNED,NEW
2005-01-06 08:41:02 EST,darin.eclipse@gmail.com,Target Milestone,3.1,---
2005-01-10 15:09:06 EST,darin.eclipse@gmail.com,Assignee,jaredburns@acm.org,jdt-debug-inbox@eclipse.org
2005-01-10 15:09:06 EST,darin.eclipse@gmail.com,Status,NEW,ASSIGNED
2005-01-10 15:09:06 EST,darin.eclipse@gmail.com,Target Milestone,3.1 M5,3.1
2005-01-10 15:09:13 EST,darin.eclipse@gmail.com,Status,ASSIGNED,NEW
2005-01-11 14:40:30 EST,jared_burns@us.ibm.com,Assignee,Darin_Wright@ca.ibm.com,jaredburns@acm.org
2005-01-11 14:40:30 EST,jared_burns@us.ibm.com,Status,NEW,ASSIGNED
2005-01-11 14:41:59 EST,jared_burns@us.ibm.com,Status,RESOLVED,NEW
2005-01-11 14:41:59 EST,jared_burns@us.ibm.com,Resolution,FIXED,---
2005-01-17 09:49:56 EST,darin.eclipse@gmail.com,Status,VERIFIED,RESOLVED
2005-02-15 11:31:27 EST,darin.eclipse@gmail.com,Status,REOPENED,VERIFIED
2005-02-15 11:31:27 EST,darin.eclipse@gmail.com,Resolution,---,FIXED
2005-02-15 11:31:37 EST,darin.eclipse@gmail.com,Assignee,jaredburns@acm.org,Darin_Wright@ca.ibm.com
2005-02-15 11:31:37 EST,darin.eclipse@gmail.com,Status,NEW,REOPENED
2005-02-15 11:31:49 EST,darin.eclipse@gmail.com,Status,ASSIGNED,NEW
2005-02-15 11:31:49 EST,darin.eclipse@gmail.com,Priority,P2,P3
2005-02-15 11:32:15 EST,darin.eclipse@gmail.com,CC,eharris@ca.ibm.com,
2005-02-15 11:49:28 EST,jared_burns@us.ibm.com,Assignee,Darin_Wright@ca.ibm.com,jaredburns@acm.org
2005-02-15 11:49:28 EST,jared_burns@us.ibm.com,Status,NEW,ASSIGNED
2005-02-15 11:50:37 EST,jared_burns@us.ibm.com,Status,RESOLVED,NEW
2005-02-15 11:50:37 EST,jared_burns@us.ibm.com,Resolution,FIXED,---
2005-02-15 11:50:46 EST,jared_burns@us.ibm.com,Status,VERIFIED,RESOLVED
