When, Who, What, Added, Removed
2005-01-05 14:02:28 EST,ed.burnette@sas.com,CC,ed.burnette@sas.com,
2005-01-05 14:32:07 EST,rich.main@sas.com,CC,rich.main@sas.com,
2005-01-05 16:13:51 EST,jeffmcaffer@gmail.com,CC,jeff_mcaffer@ca.ibm.com,
2005-01-06 08:51:56 EST,pascal@rapicorp.com,CC,pascal_rapicault@ca.ibm.com,
2005-01-06 08:51:56 EST,pascal@rapicorp.com,Status,ASSIGNED,NEW
2005-01-06 16:22:33 EST,jeffmcaffer@gmail.com,CC,birsan@ca.ibm.com,
2005-01-18 09:59:19 EST,Jim.Adams@sas.com,Status,RESOLVED,ASSIGNED
2005-01-18 09:59:19 EST,Jim.Adams@sas.com,Resolution,FIXED,---
