When, Who, What, Added, Removed
2005-01-05 16:52:08 EST,nick_edgar@ca.ibm.com,Summary,[RCP] [Workbench] [JFace] RCP tests failing due to attempt to use disposed image,RCP tests failing due to attempt to use disposed image
2005-01-05 17:17:28 EST,nick_edgar@ca.ibm.com,Status,RESOLVED,NEW
2005-01-05 17:17:28 EST,nick_edgar@ca.ibm.com,Resolution,FIXED,---
2005-01-05 17:17:28 EST,nick_edgar@ca.ibm.com,Target Milestone,3.1 M5,---
2005-01-06 16:26:24 EST,Tod_Creasey@ca.ibm.com,CC,jeff_mcaffer@ca.ibm.com,
2005-02-16 16:20:31 EST,nick_edgar@ca.ibm.com,Status,VERIFIED,RESOLVED
