When, Who, What, Added, Removed
2005-01-05 16:49:57 EST,nevicosi@us.ibm.com,Target Milestone,4.0,---
2005-01-05 16:49:57 EST,nevicosi@us.ibm.com,Version,3.2,3.0.1
2005-01-13 16:13:32 EST,nevicosi@us.ibm.com,Status,RESOLVED,NEW
2005-01-13 16:13:32 EST,nevicosi@us.ibm.com,Resolution,FIXED,---
2005-01-13 16:13:41 EST,nevicosi@us.ibm.com,Status,VERIFIED,RESOLVED
2005-01-13 16:18:26 EST,nevicosi@us.ibm.com,Target Milestone,3.3,4.0
2005-03-16 08:30:38 EST,sluiman@ca.ibm.com,Target Milestone,3.3 i1,3.3
2009-06-30 13:06:32 EDT,paules@ca.ibm.com,Status,CLOSED,VERIFIED
2009-06-30 13:06:32 EDT,paules@ca.ibm.com,Whiteboard,closed460,
2012-02-14 16:40:01 EST,webmaster@eclipse.org,Component,Hyades,Test.http
2012-02-14 16:40:01 EST,webmaster@eclipse.org,Version,unspecified,3.2
2012-02-14 16:40:01 EST,webmaster@eclipse.org,Product,z_Archived,Hyades
2012-02-14 16:40:01 EST,webmaster@eclipse.org,Target Milestone,---,3.3 i1
