When, Who, What, Added, Removed
2005-01-05 15:40:50 EST,darin.eclipse@gmail.com,Assignee,jaredburns@acm.org,jdt-debug-inbox@eclipse.org
2005-01-05 15:40:50 EST,darin.eclipse@gmail.com,Target Milestone,3.1 M5,---
2005-01-05 15:41:01 EST,darin.eclipse@gmail.com,Status,ASSIGNED,NEW
2005-01-05 16:51:20 EST,jared_burns@us.ibm.com,Assignee,Darin_Wright@ca.ibm.com,jaredburns@acm.org
2005-01-05 16:51:20 EST,jared_burns@us.ibm.com,Status,NEW,ASSIGNED
2005-01-05 16:51:49 EST,jared_burns@us.ibm.com,Status,RESOLVED,NEW
2005-01-05 16:51:49 EST,jared_burns@us.ibm.com,Resolution,FIXED,---
2005-01-06 08:49:02 EST,darin.eclipse@gmail.com,Status,VERIFIED,RESOLVED
