When, Who, What, Added, Removed
2005-01-05 16:21:56 EST,darin.eclipse@gmail.com,Status,ASSIGNED,NEW
2005-01-05 16:21:56 EST,darin.eclipse@gmail.com,Target Milestone,3.1,---
2005-01-05 16:40:51 EST,Darin_Swanson@us.ibm.com,CC,Darin_Swanson@us.ibm.com,
2005-01-05 16:40:51 EST,Darin_Swanson@us.ibm.com,Assignee,Darin_Wright@ca.ibm.com,jdt-debug-inbox@eclipse.org
2005-01-05 16:40:51 EST,Darin_Swanson@us.ibm.com,Status,NEW,ASSIGNED
2005-01-05 16:40:51 EST,Darin_Swanson@us.ibm.com,Target Milestone,3.1 M5,3.1
2005-01-05 16:41:04 EST,Darin_Swanson@us.ibm.com,Status,RESOLVED,NEW
2005-01-05 16:41:04 EST,Darin_Swanson@us.ibm.com,Resolution,FIXED,---
2005-01-05 17:15:31 EST,darin.eclipse@gmail.com,Status,REOPENED,RESOLVED
2005-01-05 17:15:31 EST,darin.eclipse@gmail.com,Resolution,---,FIXED
2005-01-05 17:16:05 EST,darin.eclipse@gmail.com,Assignee,Darin_Swanson@us.ibm.com,Darin_Wright@ca.ibm.com
2005-01-05 17:16:05 EST,darin.eclipse@gmail.com,Status,NEW,REOPENED
2005-01-05 17:33:23 EST,darin.eclipse@gmail.com,Status,RESOLVED,NEW
2005-01-05 17:33:23 EST,darin.eclipse@gmail.com,Resolution,FIXED,---
2005-01-05 23:26:47 EST,Darin_Swanson@us.ibm.com,Status,VERIFIED,RESOLVED
