When, Who, What, Added, Removed
2005-01-06 05:31:51 EST,bpasero@rssowl.org,CC,bpasero@rssowl.org,
2005-01-06 11:56:08 EST,snorthov@ca.ibm.com,Assignee,christophe_cornu@ca.ibm.com,platform-swt-inbox@eclipse.org
2005-02-03 17:01:46 EST,capelli@us.ibm.com,CC,capelli@us.ibm.com,
2005-03-25 06:13:58 EST,oleg.krasilnikov@intel.com,CC,oleg.krasilnikov@intel.com,
2005-04-11 18:15:57 EDT,christophe.cornu+eclipse@gmail.com,Assignee,grant_gayed@ca.ibm.com,christophe_cornu@ca.ibm.com
2005-05-05 10:36:57 EDT,oleg.krasilnikov@intel.com,CC,Mikhail.Voronin@intel.com,
2005-05-05 10:38:46 EDT,oleg.krasilnikov@intel.com,CC,artyom.kuanbekov@intel.com,
2005-06-02 08:04:25 EDT,oleg.krasilnikov@intel.com,Attachment #20456                Attachment is obsolete,1,0
2005-06-02 08:04:25 EDT,oleg.krasilnikov@intel.com,Attachment #20457                Attachment is obsolete,1,0
2005-11-14 15:06:47 EST,carolynmacleod4@gmail.com,CC,Carolyn_MacLeod@ca.ibm.com,
2006-02-02 15:39:45 EST,st.eclipsebugs3@christophermerrill.net,CC,st.eclipsebugs@christophermerrill.net,
2006-03-24 09:37:37 EST,ashishkumarmathur@gmail.com,CC,akmathur@us.ibm.com,
2006-07-06 12:07:14 EDT,mcallote@us.ibm.com,CC,mcallote@us.ibm.com,
2006-07-21 11:15:41 EDT,grant_gayed@ca.ibm.com,CC,roger.ye@gmail.com,
2007-08-17 13:06:03 EDT,pedemont@us.ibm.com,CC,pedemont@us.ibm.com,
2007-08-17 13:11:58 EDT,gamerson@gmail.com,CC,gamerson@gmail.com,
2007-08-24 08:20:03 EDT,xmv746@motorola.com,CC,xmv746@motorola.com,
2007-10-30 11:25:45 EDT,manuel.selva@st.com,CC,manuel.selva@st.com,
2007-11-15 13:40:40 EST,grant_gayed@ca.ibm.com,Status,RESOLVED,NEW
2007-11-15 13:40:40 EST,grant_gayed@ca.ibm.com,Resolution,FIXED,---
2007-11-15 13:40:40 EST,grant_gayed@ca.ibm.com,Target Milestone,3.4 M4,---
2008-01-14 22:29:22 EST,danielkauf@gmail.com,CC,danielkauf@gmail.com,
