When, Who, What, Added, Removed
2005-01-06 13:24:52 EST,nelliec@ca.ibm.com,Target Milestone,3.3 i1,---
2005-01-31 14:13:19 EST,nelliec@ca.ibm.com,Status,RESOLVED,NEW
2005-01-31 14:13:19 EST,nelliec@ca.ibm.com,Resolution,FIXED,---
2005-01-31 14:13:19 EST,nelliec@ca.ibm.com,Summary,(Plat) Documentation fix for document "An introduction to profiling Java applications",Documentation fix for document "An introduction to profiling Java applications"
2005-03-17 08:28:07 EST,nelliec@ca.ibm.com,Keywords,Documentation,
2009-06-30 09:34:35 EDT,paules@ca.ibm.com,Status,CLOSED,RESOLVED
2009-06-30 09:34:35 EDT,paules@ca.ibm.com,Whiteboard,closed460,
2012-02-14 16:10:09 EST,webmaster@eclipse.org,Component,Hyades,Hyades
2012-02-14 16:10:09 EST,webmaster@eclipse.org,Version,unspecified,3.2
2012-02-14 16:10:09 EST,webmaster@eclipse.org,Product,z_Archived,Hyades
2012-02-14 16:10:09 EST,webmaster@eclipse.org,Target Milestone,---,3.3 i1
