When, Who, What, Added, Removed
2005-01-06 03:12:35 EST,daniel_megert@ch.ibm.com,Status,ASSIGNED,NEW
2005-01-06 03:12:35 EST,daniel_megert@ch.ibm.com,Summary,[typing][preferences] Move "tabs to spaces" function from JavaEditor to TextEditor,Move "tabs to spaces" function from JavaEditor to TextEditor
2005-01-06 08:36:03 EST,kitlo@us.ibm.com,CC,kitlo@us.ibm.com,
2005-01-12 07:55:53 EST,sylvain.chabert@laposte.net,CC,chabert@fimasys.fr,
2005-01-12 08:09:39 EST,david_williams@us.ibm.com,CC,david_williams@us.ibm.com,
2005-01-19 11:33:07 EST,Darin_Swanson@us.ibm.com,CC,Darin_Swanson@us.ibm.com,
2005-02-18 15:38:46 EST,for.work.things@gmail.com,CC,amywu@us.ibm.com,
2005-02-18 15:42:05 EST,nitind@us.ibm.com,CC,nitind@us.ibm.com,
2005-02-18 16:09:47 EST,daniel_megert@ch.ibm.com,Target Milestone,3.1,---
2005-03-07 13:12:28 EST,zaphod@byzantine.no,CC,zaphod@byzantine.no,
2005-03-24 12:43:06 EST,gunnar@wagenknecht.org,CC,gunnar@wagenknecht.org,
2005-04-26 22:43:33 EDT,cnelson@slac.com,CC,cnelson@slac.com,
2005-05-03 13:49:37 EDT,axel@pike.org,CC,axel@pike.org,
2005-05-10 17:28:14 EDT,daniel_megert@ch.ibm.com,Target Milestone,3.2,3.1
2005-05-25 02:15:26 EDT,schmitt.christian@gmx.de,CC,christian.schmitt@dresdner-bank.com,
2005-06-02 18:22:02 EDT,for.work.things@gmail.com,Blocks,71271,
2005-06-17 10:30:54 EDT,mlists@juma.me.uk,CC,mlists@juma.me.uk,
2005-07-14 06:15:38 EDT,nikolaymetchev@gmail.com,CC,N.Metchev@teamphone.com,
2005-07-14 06:33:20 EDT,d.burke@teamphone.com,CC,d.burke@teamphone.com,
2005-10-05 14:31:19 EDT,mark.melvin@onsemi.com,CC,mark_melvin@amis.com,
2005-10-11 08:56:14 EDT,daniel_megert@ch.ibm.com,CC,glongman@gmail.com,
2006-03-21 10:24:59 EST,daniel_megert@ch.ibm.com,Target Milestone,3.3,3.2
2006-08-29 07:10:20 EDT,daniel_megert@ch.ibm.com,CC,dsmall@orbeon.com,
2006-09-07 10:54:00 EDT,daniel_megert@ch.ibm.com,Blocks,54940,
2007-01-06 18:59:13 EST,benjamin.muskalla@tasktop.com,CC,b.muskalla@gmx.net,
2007-01-08 10:47:33 EST,anton.leherbauer@windriver.com,CC,anton.leherbauer@windriver.com,
2007-03-18 11:37:52 EDT,daniel_megert@ch.ibm.com,Target Milestone,3.3 M6,3.3
2007-03-19 06:56:50 EDT,daniel_megert@ch.ibm.com,Status,RESOLVED,ASSIGNED
2007-03-19 06:56:50 EDT,daniel_megert@ch.ibm.com,Resolution,FIXED,---
