When, Who, What, Added, Removed
2005-01-07 07:45:35 EST,eclipse@pookzilla.net,Assignee,jdt-ui-inbox@eclipse.org,Platform-UI-Inbox@eclipse.org
2005-01-07 07:45:35 EST,eclipse@pookzilla.net,Product,JDT,Platform
2005-01-07 08:33:20 EST,dirk_baeumer@ch.ibm.com,CC,martin_aeschlimann@ch.ibm.com,
2005-01-07 08:33:20 EST,dirk_baeumer@ch.ibm.com,Component,Text,UI
2005-01-07 09:07:39 EST,dirk_baeumer@ch.ibm.com,Assignee,jdt-text-inbox@eclipse.org,jdt-ui-inbox@eclipse.org
2005-01-07 10:31:56 EST,daniel_megert@ch.ibm.com,Assignee,Platform-UI-Inbox@eclipse.org,jdt-text-inbox@eclipse.org
2005-01-07 10:31:56 EST,daniel_megert@ch.ibm.com,Severity,critical,major
2005-01-07 10:31:56 EST,daniel_megert@ch.ibm.com,Component,UI,Text
2005-01-07 10:31:56 EST,daniel_megert@ch.ibm.com,Product,Platform,JDT
2005-01-07 10:32:13 EST,daniel_megert@ch.ibm.com,CC,daniel_megert@ch.ibm.com,
2005-01-07 14:17:42 EST,eclipse@pookzilla.net,CC,nick_edgar@ca.ibm.com, sxenos@ca.ibm.com,
2005-01-07 14:17:42 EST,eclipse@pookzilla.net,Summary,[JFace] Possible resource leak: No more handles,Possible resource leak: No more handles
2005-01-10 10:02:40 EST,eclipse@pookzilla.net,CC,tod_creasey@ca.ibm.com, mvm@ca.ibm.com,
2005-01-10 10:04:26 EST,eclipse@pookzilla.net,Assignee,nick_edgar@ca.ibm.com,Platform-UI-Inbox@eclipse.org
2005-01-10 10:04:43 EST,eclipse@pookzilla.net,Status,RESOLVED,NEW
2005-01-10 10:04:43 EST,eclipse@pookzilla.net,Resolution,FIXED,---
2005-02-15 18:51:35 EST,douglas.pollock@gmail.com,Target Milestone,3.1 M5,---
2005-02-16 04:32:44 EST,daniel_megert@ch.ibm.com,Status,VERIFIED,RESOLVED
