When, Who, What, Added, Removed
2005-01-06 07:32:42 EST,eclipse@pookzilla.net,Assignee,nick_edgar@ca.ibm.com,Platform-UI-Inbox@eclipse.org
2005-01-06 07:32:42 EST,eclipse@pookzilla.net,Summary,[RCP] documentation error,documentation error
2005-01-06 09:51:41 EST,nick_edgar@ca.ibm.com,Status,RESOLVED,NEW
2005-01-06 09:51:41 EST,nick_edgar@ca.ibm.com,Resolution,FIXED,---
2005-01-06 09:51:41 EST,nick_edgar@ca.ibm.com,Summary,[RCP] [Javadoc] documentation error,[RCP] documentation error
2005-01-06 09:51:41 EST,nick_edgar@ca.ibm.com,Target Milestone,3.1 M5,---
2005-02-16 16:21:53 EST,nick_edgar@ca.ibm.com,Status,VERIFIED,RESOLVED
