When, Who, What, Added, Removed
2005-01-07 10:45:49 EST,pascal@rapicorp.com,Status,RESOLVED,NEW
2005-01-07 10:45:49 EST,pascal@rapicorp.com,Resolution,WORKSFORME,---
2005-01-07 11:07:04 EST,jljlmatu@jp.ibm.com,Status,REOPENED,RESOLVED
2005-01-07 11:07:04 EST,jljlmatu@jp.ibm.com,Resolution,---,WORKSFORME
2005-01-07 11:36:18 EST,pascal@rapicorp.com,Status,RESOLVED,REOPENED
2005-01-07 11:36:18 EST,pascal@rapicorp.com,Resolution,WORKSFORME,---
2005-01-07 12:24:59 EST,jljlmatu@jp.ibm.com,Status,REOPENED,RESOLVED
2005-01-07 12:24:59 EST,jljlmatu@jp.ibm.com,Resolution,---,WORKSFORME
2005-02-01 12:17:02 EST,pascal@rapicorp.com,Status,RESOLVED,REOPENED
2005-02-01 12:17:02 EST,pascal@rapicorp.com,Resolution,WORKSFORME,---
2005-02-01 20:18:57 EST,jljlmatu@jp.ibm.com,Status,REOPENED,RESOLVED
2005-02-01 20:18:57 EST,jljlmatu@jp.ibm.com,Resolution,---,WORKSFORME
2005-03-14 13:44:19 EST,pascal@rapicorp.com,Status,RESOLVED,REOPENED
2005-03-14 13:44:19 EST,pascal@rapicorp.com,Resolution,INVALID,---
2005-03-14 20:12:44 EST,jljlmatu@jp.ibm.com,Status,REOPENED,RESOLVED
2005-03-14 20:12:44 EST,jljlmatu@jp.ibm.com,Resolution,---,INVALID
2005-03-14 20:32:36 EST,pascal@rapicorp.com,Priority,P5,P3
2005-06-22 09:19:46 EDT,jeffmcaffer@gmail.com,Severity,normal,critical
2005-06-22 09:19:46 EDT,jeffmcaffer@gmail.com,Priority,P3,P5
2005-08-11 12:13:11 EDT,ian.graham@markit.com,CC,ian@kelman.com,
2005-08-16 13:09:41 EDT,pombredanne@nexb.com,CC,pombredanne@nexb.com,
2006-05-05 01:37:11 EDT,ryanlowe@gmail.com,CC,ryanlowe@gmail.com,
2007-03-28 16:30:32 EDT,aniefer@ca.ibm.com,Assignee,pde-ui-inbox@eclipse.org,pde-build-inbox@eclipse.org
2007-03-28 16:30:32 EDT,aniefer@ca.ibm.com,Status,NEW,REOPENED
2007-03-28 16:30:32 EDT,aniefer@ca.ibm.com,Component,UI,Build
2007-03-28 16:30:32 EDT,aniefer@ca.ibm.com,Summary,Export > Deployable plug-ins .. deletes build.xml without prompt,Export > Deployable plug-ins .. deletes build.xml
2007-03-29 17:38:38 EDT,wassim.melhem@gmail.com,Status,RESOLVED,NEW
2007-03-29 17:38:38 EDT,wassim.melhem@gmail.com,Resolution,WORKSFORME,---
2007-03-29 20:59:21 EDT,jljlmatu@jp.ibm.com,Status,REOPENED,RESOLVED
2007-03-29 20:59:21 EDT,jljlmatu@jp.ibm.com,Resolution,---,WORKSFORME
2007-03-29 21:05:12 EDT,wassim.melhem@gmail.com,Assignee,pde-build-inbox@eclipse.org,pde-ui-inbox@eclipse.org
2007-03-29 21:05:12 EDT,wassim.melhem@gmail.com,Status,NEW,REOPENED
2007-03-29 21:05:12 EDT,wassim.melhem@gmail.com,Component,Build,UI
2007-03-30 21:44:38 EDT,pascal@rapicorp.com,Assignee,pde-ui-inbox@eclipse.org,pde-build-inbox@eclipse.org
2007-03-30 21:44:38 EDT,pascal@rapicorp.com,Component,UI,Build
2007-03-30 22:03:10 EDT,wassim.melhem@gmail.com,Assignee,pde-build-inbox@eclipse.org,pde-ui-inbox@eclipse.org
2007-03-30 22:03:10 EDT,wassim.melhem@gmail.com,Component,Build,UI
2007-05-21 05:57:55 EDT,olivier.gattaz@sage.com,CC,olivier.gattaz@sage.com,
2007-10-09 12:31:18 EDT,mschrag@pobox.com,CC,mschrag@pobox.com,
2007-10-15 11:00:43 EDT,apa3a@yahoo.com,CC,apa3a@yahoo.com,
2007-10-15 11:47:49 EDT,aniefer@ca.ibm.com,CC,aniefer@ca.ibm.com,
2007-10-15 11:47:49 EDT,aniefer@ca.ibm.com,Assignee,pde-ui-inbox@eclipse.org,pde-build-inbox@eclipse.org
2007-10-15 11:47:49 EDT,aniefer@ca.ibm.com,Component,UI,Build
2008-02-22 19:37:33 EST,ryanlowe@gmail.com,CC,,ryanlowe@gmail.com
2008-06-03 20:47:06 EDT,johnjbarton@johnjbarton.com,CC,johnjbarton@johnjbarton.com,
2008-06-04 12:08:36 EDT,cwindatt@ca.ibm.com,CC,cwindatt@ca.ibm.com,
2008-06-04 12:08:36 EDT,cwindatt@ca.ibm.com,Target Milestone,3.5,---
2008-06-27 16:21:01 EDT,cwindatt@ca.ibm.com,Assignee,cwindatt@ca.ibm.com,pde-ui-inbox@eclipse.org
2008-07-09 10:39:35 EDT,cwindatt@ca.ibm.com,Status,RESOLVED,NEW
2008-07-09 10:39:35 EDT,cwindatt@ca.ibm.com,Resolution,FIXED,---
2008-07-09 10:39:35 EDT,cwindatt@ca.ibm.com,Target Milestone,3.5 M1,3.5
2008-07-15 16:59:25 EDT,hallorant@acm.org,CC,hallorant@acm.org,
