When, Who, What, Added, Removed
2005-01-06 11:01:55 EST,eclipse@pookzilla.net,Assignee,mvm@ca.ibm.com,Platform-UI-Inbox@eclipse.org
2005-01-06 11:01:55 EST,eclipse@pookzilla.net,Severity,enhancement,normal
2005-01-06 11:01:55 EST,eclipse@pookzilla.net,Summary,[Workbench] Feature request: test for Workbench closing,Feature request: test for Workbench closing
2005-01-12 10:00:36 EST,nick_edgar@ca.ibm.com,CC,mvm@ca.ibm.com,
2005-01-12 10:00:36 EST,nick_edgar@ca.ibm.com,Status,ASSIGNED,NEW
2005-01-12 10:00:36 EST,nick_edgar@ca.ibm.com,Keywords,api,
2005-01-12 10:00:36 EST,nick_edgar@ca.ibm.com,Target Milestone,3.1 M5,---
2005-01-12 10:41:21 EST,nick_edgar@ca.ibm.com,Status,RESOLVED,ASSIGNED
2005-01-12 10:41:21 EST,nick_edgar@ca.ibm.com,Resolution,FIXED,---
2005-02-17 14:22:46 EST,douglas.pollock@gmail.com,Status,VERIFIED,RESOLVED
