When, Who, What, Added, Removed
2005-01-26 12:28:22 EST,qiyanli@ca.ibm.com,Assignee,paules@ca.ibm.com,qiyanli@ca.ibm.com
2005-01-26 12:29:14 EST,paules@ca.ibm.com,Summary,(Plat) plugin.xml in org.apache.jakarta_log4j_logging_1.2.8 has BOM,plugin.xml in org.apache.jakarta_log4j_logging_1.2.8 has BOM
2005-01-26 12:29:14 EST,paules@ca.ibm.com,Target Milestone,3.3 i1,---
2005-01-28 13:35:57 EST,paules@ca.ibm.com,Status,RESOLVED,NEW
2005-01-28 13:35:57 EST,paules@ca.ibm.com,Resolution,WONTFIX,---
2005-01-31 13:50:03 EST,paules@ca.ibm.com,CC,merlin_vincent@hotmail.com,
2005-02-02 09:19:54 EST,paules@ca.ibm.com,Status,REOPENED,RESOLVED
2005-02-02 09:19:54 EST,paules@ca.ibm.com,Resolution,---,WONTFIX
2005-02-02 09:32:03 EST,paules@ca.ibm.com,Status,RESOLVED,REOPENED
2005-02-02 09:32:03 EST,paules@ca.ibm.com,Resolution,FIXED,---
2009-06-30 12:37:05 EDT,paules@ca.ibm.com,Status,CLOSED,RESOLVED
2009-06-30 12:37:05 EDT,paules@ca.ibm.com,Whiteboard,closed460,
2012-02-15 13:43:48 EST,webmaster@eclipse.org,Component,Hyades,Hyades
2012-02-15 13:43:48 EST,webmaster@eclipse.org,Version,unspecified,3.2
2012-02-15 13:43:48 EST,webmaster@eclipse.org,Product,z_Archived,Hyades
2012-02-15 13:43:48 EST,webmaster@eclipse.org,Target Milestone,---,3.3 i1
