When, Who, What, Added, Removed
2005-01-06 08:57:12 EST,darin.eclipse@gmail.com,Status,ASSIGNED,NEW
2005-01-06 08:57:12 EST,darin.eclipse@gmail.com,Target Milestone,3.1,---
2005-01-21 12:20:41 EST,darin.eclipse@gmail.com,Assignee,krbarnes@ca.ibm.com,platform-debug-inbox@eclipse.org
2005-01-21 12:20:41 EST,darin.eclipse@gmail.com,Status,NEW,ASSIGNED
2005-01-21 12:20:41 EST,darin.eclipse@gmail.com,Target Milestone,3.1 M5,3.1
2005-01-21 12:20:49 EST,darin.eclipse@gmail.com,Status,ASSIGNED,NEW
2005-02-03 17:51:09 EST,cocoakevin@gmail.com,CC,krbarnes@ca.ibm.com,
2005-02-03 17:51:09 EST,cocoakevin@gmail.com,Assignee,Darin_Wright@ca.ibm.com,krbarnes@ca.ibm.com
2005-02-03 17:51:09 EST,cocoakevin@gmail.com,Status,NEW,ASSIGNED
2005-02-03 17:51:33 EST,cocoakevin@gmail.com,Status,RESOLVED,NEW
2005-02-03 17:51:33 EST,cocoakevin@gmail.com,Resolution,FIXED,---
2005-02-10 10:20:19 EST,darin.eclipse@gmail.com,Status,VERIFIED,RESOLVED
