When, Who, What, Added, Removed
2005-01-06 08:57:34 EST,pascal@rapicorp.com,Assignee,platform-update-inbox@eclipse.org,pde-build-inbox@eclipse.org
2005-01-06 08:57:34 EST,pascal@rapicorp.com,Component,Update,Build
2005-01-06 08:57:34 EST,pascal@rapicorp.com,Product,Platform,PDE
2005-01-06 09:42:18 EST,birsan@ca.ibm.com,Status,RESOLVED,NEW
2005-01-06 09:42:18 EST,birsan@ca.ibm.com,Resolution,FIXED,---
2005-01-06 09:42:18 EST,birsan@ca.ibm.com,Target Milestone,3.1,---
2005-06-22 10:48:07 EDT,birsan@ca.ibm.com,CC,georg.lenz@sap.com,
2005-09-28 00:49:05 EDT,jljlmatu@jp.ibm.com,Status,CLOSED,RESOLVED
