When, Who, What, Added, Removed
2005-01-06 07:15:33 EST,daniel_megert@ch.ibm.com,Status,ASSIGNED,NEW
2005-01-06 07:15:33 EST,daniel_megert@ch.ibm.com,Target Milestone,3.1 M5,---
2005-01-07 05:03:44 EST,daniel_megert@ch.ibm.com,Summary,[nls tooling] Link to properties file does not work if file is open(ed) in text editor,Link to properties file does not work if file is open(ed) in text editor
2005-01-07 05:42:38 EST,daniel_megert@ch.ibm.com,Status,RESOLVED,ASSIGNED
2005-01-07 05:42:38 EST,daniel_megert@ch.ibm.com,Resolution,FIXED,---
