When, Who, What, Added, Removed
2005-01-06 06:29:34 EST,daniel_megert@ch.ibm.com,Assignee,martin_aeschlimann@ch.ibm.com,jdt-text-inbox@eclipse.org
2005-01-06 06:29:34 EST,daniel_megert@ch.ibm.com,Summary,[correction] Add '@throws' tag does not insert the exception type name,Add '@throws' tag does not insert the exception type name
2005-01-06 07:18:17 EST,aeschli@gmail.com,Status,RESOLVED,NEW
2005-01-06 07:18:17 EST,aeschli@gmail.com,Resolution,FIXED,---
2005-01-06 07:18:17 EST,aeschli@gmail.com,Target Milestone,3.1 M5,---
