When, Who, What, Added, Removed
2005-01-06 06:09:01 EST,dirk_baeumer@ch.ibm.com,Assignee,jdt-text-inbox@eclipse.org,jdt-doc-inbox@eclipse.org
2005-01-06 06:09:01 EST,dirk_baeumer@ch.ibm.com,Component,Text,Doc
2005-01-06 06:17:20 EST,daniel_megert@ch.ibm.com,Severity,normal,major
2005-01-06 06:17:20 EST,daniel_megert@ch.ibm.com,Status,ASSIGNED,NEW
2005-01-06 06:17:20 EST,daniel_megert@ch.ibm.com,Keywords,nl,
2005-01-06 06:17:20 EST,daniel_megert@ch.ibm.com,Summary,[misc] BIDI:Java doc view is LTR aligned,BIDI:Java doc view is LTR aligned
2005-01-13 14:11:57 EST,daniel_megert@ch.ibm.com,Status,RESOLVED,ASSIGNED
2005-01-13 14:11:57 EST,daniel_megert@ch.ibm.com,Resolution,FIXED,---
2005-01-13 14:11:57 EST,daniel_megert@ch.ibm.com,Target Milestone,3.1 M5,---
2005-01-17 07:48:50 EST,agouz@eg.ibm.com,Status,VERIFIED,RESOLVED
2005-02-09 03:22:09 EST,agouz@eg.ibm.com,Status,CLOSED,VERIFIED
