When, Who, What, Added, Removed
2005-01-07 15:44:35 EST,alain@qnx.com,Assignee,alain@qnx.com,cdt-core-inbox@eclipse.org
2005-01-07 15:44:35 EST,alain@qnx.com,Target Milestone,3.0,---
2005-01-07 15:44:51 EST,alain@qnx.com,Status,RESOLVED,NEW
2005-01-07 15:44:51 EST,alain@qnx.com,Resolution,FIXED,---
2005-01-07 18:17:25 EST,achapiro@qnx.com,Status,VERIFIED,RESOLVED
2005-01-18 11:33:42 EST,alain@qnx.com,Status,REOPENED,VERIFIED
2005-01-18 11:33:42 EST,alain@qnx.com,Resolution,---,FIXED
2005-01-18 11:33:42 EST,alain@qnx.com,Target Milestone,2.1.1,3.0
2005-01-20 12:32:37 EST,alain@qnx.com,Status,RESOLVED,REOPENED
2005-01-20 12:32:37 EST,alain@qnx.com,Resolution,FIXED,---
2009-01-09 14:58:25 EST,dschaefer@qnx.com,Component,cdt-core,deprecated7
