When, Who, What, Added, Removed
2005-01-06 11:09:10 EST,pascal@rapicorp.com,Status,ASSIGNED,NEW
2005-01-06 11:09:10 EST,pascal@rapicorp.com,Target Milestone,3.1 M5,---
2005-02-18 10:09:10 EST,john_arthorne@ca.ibm.com,Target Milestone,3.1 M6,3.1 M5
2005-03-15 18:56:09 EST,pascal@rapicorp.com,CC,konradk@ca.ibm.com, dj_houghton@ca.ibm.com,
2005-03-31 10:13:05 EST,john_arthorne@ca.ibm.com,Target Milestone,3.1 M7,3.1 M6
2005-03-31 18:18:49 EST,jeffmcaffer@gmail.com,CC,jeff_mcaffer@ca.ibm.com,
2005-03-31 18:18:49 EST,jeffmcaffer@gmail.com,Component,UI,Runtime
2005-03-31 18:18:49 EST,jeffmcaffer@gmail.com,Product,PDE,Platform
2005-03-31 18:18:49 EST,jeffmcaffer@gmail.com,Target Milestone,---,3.1 M7
2005-03-31 18:18:49 EST,jeffmcaffer@gmail.com,Version,3.1,3.0
2005-04-29 19:32:14 EDT,konradk@ca.ibm.com,Status,RESOLVED,ASSIGNED
2005-04-29 19:32:14 EDT,konradk@ca.ibm.com,Resolution,FIXED,---
2005-04-29 19:32:14 EDT,konradk@ca.ibm.com,Target Milestone,3.1 M7,---
