When, Who, What, Added, Removed
2005-01-06 10:52:49 EST,eclipse@pookzilla.net,Assignee,Tod_Creasey@ca.ibm.com,Platform-UI-Inbox@eclipse.org
2005-01-06 10:52:49 EST,eclipse@pookzilla.net,Summary,[Dialogs] ClassCastException creating folder,ClassCastException creating folder
2005-01-06 11:01:31 EST,Tod_Creasey@ca.ibm.com,Status,ASSIGNED,NEW
2005-01-06 11:15:14 EST,john_arthorne@ca.ibm.com,Status,RESOLVED,ASSIGNED
2005-01-06 11:15:14 EST,john_arthorne@ca.ibm.com,Resolution,FIXED,---
2005-01-06 11:15:14 EST,john_arthorne@ca.ibm.com,Target Milestone,3.1 M5,---
2005-02-16 14:39:45 EST,Tod_Creasey@ca.ibm.com,Status,CLOSED,RESOLVED
