When, Who, What, Added, Removed
2005-01-06 11:17:48 EST,pascal@rapicorp.com,CC,tjwatson@us.ibm.com,
2005-01-06 11:17:48 EST,pascal@rapicorp.com,Status,ASSIGNED,NEW
2005-01-06 11:17:48 EST,pascal@rapicorp.com,Target Milestone,3.1,---
2005-02-02 17:39:41 EST,tjwatson@us.ibm.com,Assignee,tjwatson@us.ibm.com,platform-runtime-inbox@eclipse.org
2005-02-02 17:39:41 EST,tjwatson@us.ibm.com,Status,NEW,ASSIGNED
2005-02-03 15:45:18 EST,tjwatson@us.ibm.com,CC,jeff_mcaffer@ca.ibm.com,
2005-02-04 18:06:59 EST,pascal@rapicorp.com,Status,ASSIGNED,NEW
2005-02-07 12:49:07 EST,tjwatson@us.ibm.com,Status,RESOLVED,ASSIGNED
2005-02-07 12:49:07 EST,tjwatson@us.ibm.com,Resolution,FIXED,---
2005-02-08 00:01:40 EST,jeffmcaffer@gmail.com,Status,REOPENED,RESOLVED
2005-02-08 00:01:40 EST,jeffmcaffer@gmail.com,Resolution,---,FIXED
2005-02-09 16:40:26 EST,tjwatson@us.ibm.com,Status,RESOLVED,REOPENED
2005-02-09 16:40:26 EST,tjwatson@us.ibm.com,Resolution,FIXED,---
2005-02-09 16:40:26 EST,tjwatson@us.ibm.com,Target Milestone,3.1 M5,3.1
2005-02-16 15:24:30 EST,eclipse@abstratt.com,CC,Rafael_Chaves@ca.ibm.com,
