When, Who, What, Added, Removed
2005-01-06 11:39:57 EST,nitind@us.ibm.com,Priority,P2,P3
2005-01-07 02:10:35 EST,gunnar@wagenknecht.org,CC,g.wagenknecht@planet-wagenknecht.de,
2005-01-19 15:48:34 EST,nitind@us.ibm.com,Status,ASSIGNED,NEW
2005-01-19 15:51:01 EST,nitind@us.ibm.com,Status,RESOLVED,ASSIGNED
2005-01-19 15:51:01 EST,nitind@us.ibm.com,Resolution,FIXED,---
2005-01-19 15:51:01 EST,nitind@us.ibm.com,Target Milestone,1.0 M3,---
2005-02-04 13:28:32 EST,nitind@us.ibm.com,CC,thogau@thogau.net,
2005-06-15 01:32:55 EDT,david_williams@us.ibm.com,Version,0.7,1.0
2005-07-27 02:59:21 EDT,nitind@us.ibm.com,Status,REOPENED,RESOLVED
2005-07-27 02:59:21 EDT,nitind@us.ibm.com,Resolution,---,FIXED
2005-07-27 12:16:27 EDT,loskutov@gmx.de,CC,andy_the_great@gmx.de,
2005-07-27 13:11:27 EDT,nitind@us.ibm.com,CC,jochen.riedlinger@l-bank.de,
2005-07-27 16:16:06 EDT,david_williams@us.ibm.com,CC,david_williams@us.ibm.com,
2005-07-27 18:09:23 EDT,nitind@us.ibm.com,Target Milestone,1.0 M8,1.0 M3
2005-07-27 18:09:23 EDT,nitind@us.ibm.com,Version,1.0,0.7
2005-08-02 16:25:34 EDT,nitind@us.ibm.com,Status,RESOLVED,REOPENED
2005-08-02 16:25:34 EDT,nitind@us.ibm.com,Resolution,FIXED,---
2005-08-05 04:05:13 EDT,nitind@us.ibm.com,CC,jeff@duska.com,
2005-09-06 06:35:45 EDT,nitind@us.ibm.com,Version,0.7.1,1.0
2005-09-20 15:27:16 EDT,david_williams@us.ibm.com,Target Milestone,1.0 M7.1,1.0 M8
2006-06-21 17:37:19 EDT,nitind@us.ibm.com,Status,VERIFIED,RESOLVED
2006-06-29 14:27:30 EDT,nitind@us.ibm.com,Status,CLOSED,VERIFIED
