When,Who,What,Added,Removed
2010-11-16 13:29:44 PST,rimas,Last Resolved,2010-11-16 13:29:44,
2010-11-16 13:29:44 PST,rimas,Status,RESOLVED,NEW
2010-11-16 13:29:44 PST,rimas,Resolution,FIXED,---
2010-11-16 13:29:44 PST,rimas,Assignee,rq,nobody
2010-11-16 13:29:44 PST,rimas,CC,rq,
2012-04-23 08:15:30 PDT,nobody,Product,Websites,Websites
2012-04-23 08:15:30 PDT,nobody,Component,www.mozilla.org,www.mozilla.org/firefox
2012-08-23 00:16:07 PDT,nobody,Product,www.mozilla.org,Websites
2012-08-23 00:16:07 PDT,nobody,Component,General,www.mozilla.org
