When,Who,What,Added,Removed
2010-11-12 15:05:50 PST,mail,Status,RESOLVED,NEW
2010-11-12 15:05:50 PST,mail,Resolution,FIXED,---
2010-11-12 15:05:50 PST,mail,CC,havard.mork,
2010-11-12 15:05:50 PST,mail,Last Resolved,2010-11-12 15:05:50,
2012-04-23 08:15:30 PDT,nobody,Product,Websites,Websites
2012-04-23 08:15:30 PDT,nobody,Component,www.mozilla.org,www.mozilla.org/firefox
2012-08-23 00:16:07 PDT,nobody,Product,www.mozilla.org,Websites
2012-08-23 00:16:07 PDT,nobody,Component,General,www.mozilla.org
