When,Who,What,Added,Removed
2010-11-28 12:11:09 PST,marcoos+bmo,CC,marcoos+bmo,
2010-11-29 03:35:23 PST,pascalc,Status,RESOLVED,NEW
2010-11-29 03:35:23 PST,pascalc,Resolution,FIXED,---
2010-11-29 03:35:23 PST,pascalc,Last Resolved,2010-11-29 03:35:23,
2012-04-23 08:15:30 PDT,nobody,Product,Websites,Websites
2012-04-23 08:15:30 PDT,nobody,Component,www.mozilla.org,www.mozilla.org/firefox
2012-08-23 00:16:07 PDT,nobody,Product,www.mozilla.org,Websites
2012-08-23 00:16:07 PDT,nobody,Component,General,www.mozilla.org
