When,Who,What,Added,Removed
2010-11-10 02:59:36 PST,petercpg,CC,petercpg,
2010-11-10 03:02:01 PST,pascalc,Status,RESOLVED,NEW
2010-11-10 03:02:01 PST,pascalc,Resolution,FIXED,---
2010-11-10 03:02:01 PST,pascalc,Last Resolved,2010-11-10 03:02:01,
2010-11-10 20:55:34 PST,themilossh,Status,VERIFIED,RESOLVED
2010-11-10 20:55:34 PST,themilossh,CC,bmo,
2012-04-23 08:15:30 PDT,nobody,Product,Websites,Websites
2012-04-23 08:15:30 PDT,nobody,Component,www.mozilla.org,www.mozilla.org/firefox
2012-08-23 00:16:07 PDT,nobody,Component,General,www.mozilla.org
2012-08-23 00:16:07 PDT,nobody,Product,www.mozilla.org,Websites
