When,Who,What,Added,Removed
2010-11-13 08:35:43 PST,wladow,Status,RESOLVED,NEW
2010-11-13 08:35:43 PST,wladow,Resolution,FIXED,---
2010-11-13 08:35:43 PST,wladow,Assignee,wladow,nobody
2010-11-13 08:35:43 PST,wladow,Last Resolved,2010-11-13 08:35:43,
2012-04-23 08:15:30 PDT,nobody,Product,Websites,Websites
2012-04-23 08:15:30 PDT,nobody,Component,www.mozilla.org,www.mozilla.org/firefox
2012-08-23 00:16:07 PDT,nobody,Product,www.mozilla.org,Websites
2012-08-23 00:16:07 PDT,nobody,Component,General,www.mozilla.org
