When,Who,What,Added,Removed
2010-11-11 18:44:35 PST,amanpreet.alam,Status,ASSIGNED,NEW
2010-11-11 18:44:35 PST,amanpreet.alam,CC,amanpreet.alam,
2010-11-12 01:05:29 PST,themilossh,Last Resolved,2010-11-12 01:05:29,
2010-11-12 01:05:29 PST,themilossh,Status,RESOLVED,ASSIGNED
2010-11-12 01:05:29 PST,themilossh,Resolution,FIXED,---
2010-11-12 01:05:29 PST,themilossh,CC,bmo,
2010-11-12 01:09:38 PST,themilossh,Status,VERIFIED,RESOLVED
2012-04-23 08:15:30 PDT,nobody,Product,Websites,Websites
2012-04-23 08:15:30 PDT,nobody,Component,www.mozilla.org,www.mozilla.org/firefox
2012-08-23 00:16:07 PDT,nobody,Product,www.mozilla.org,Websites
2012-08-23 00:16:07 PDT,nobody,Component,General,www.mozilla.org
