When,Who,What,Added,Removed
2010-11-11 13:07:54 PST,hasse,Attachment #489866                Attachment is obsolete,1,0
2010-11-12 01:04:21 PST,themilossh,Status,RESOLVED,NEW
2010-11-12 01:04:21 PST,themilossh,Resolution,FIXED,---
2010-11-12 01:04:21 PST,themilossh,CC,bmo,
2010-11-12 01:04:21 PST,themilossh,Last Resolved,2010-11-12 01:04:21,
2010-11-12 01:08:30 PST,themilossh,Status,VERIFIED,RESOLVED
2012-04-23 08:15:30 PDT,nobody,Product,Websites,Websites
2012-04-23 08:15:30 PDT,nobody,Component,www.mozilla.org,www.mozilla.org/firefox
2012-08-23 00:16:07 PDT,nobody,Product,www.mozilla.org,Websites
2012-08-23 00:16:07 PDT,nobody,Component,General,www.mozilla.org
