When,Who,What,Added,Removed
2010-11-10 03:15:39 PST,sergiy.bogdancev,CC,sergiy.bogdancev,
2010-11-10 03:17:09 PST,themilossh,CC,bmo,
2010-11-10 03:18:35 PST,pascalc,Status,RESOLVED,NEW
2010-11-10 03:18:35 PST,pascalc,Resolution,FIXED,---
2010-11-10 03:18:35 PST,pascalc,Last Resolved,2010-11-10 03:18:35,
2010-11-10 20:59:19 PST,themilossh,Status,VERIFIED,RESOLVED
2012-04-23 08:15:30 PDT,nobody,Product,Websites,Websites
2012-04-23 08:15:30 PDT,nobody,Component,www.mozilla.org,www.mozilla.org/firefox
2012-08-23 00:16:07 PDT,nobody,Product,www.mozilla.org,Websites
2012-08-23 00:16:07 PDT,nobody,Component,General,www.mozilla.org
