When,Who,What,Added,Removed
2010-11-22 13:32:09 PST,raul.malea,Attachment #492425                Flags,review?(alexxed),
2010-11-23 22:53:23 PST,alex,Status,RESOLVED,NEW
2010-11-23 22:53:23 PST,alex,Resolution,FIXED,---
2010-11-23 22:53:23 PST,alex,CC,alexxed,
2010-11-23 22:53:23 PST,alex,Last Resolved,2010-11-23 22:53:23,
2010-11-23 22:54:03 PST,alex,Attachment #492425                Flags,review-,review?(alexxed)
2012-04-23 08:15:30 PDT,nobody,Product,Websites,Websites
2012-04-23 08:15:30 PDT,nobody,Component,www.mozilla.org,www.mozilla.org/firefox
2012-08-23 00:16:07 PDT,nobody,Product,www.mozilla.org,Websites
2012-08-23 00:16:07 PDT,nobody,Component,General,www.mozilla.org
