When,Who,What,Added,Removed
2010-11-10 09:45:10 PST,unghost,Resolution,FIXED,---
2010-11-10 09:45:10 PST,unghost,CC,unghost,
2010-11-10 09:45:10 PST,unghost,Last Resolved,2010-11-10 09:45:10,
2010-11-10 09:45:10 PST,unghost,Status,RESOLVED,NEW
2010-11-10 09:55:10 PST,themilossh,Status,VERIFIED,RESOLVED
2010-11-10 09:55:10 PST,themilossh,CC,bmo,
2012-04-23 08:15:30 PDT,nobody,Product,Websites,Websites
2012-04-23 08:15:30 PDT,nobody,Component,www.mozilla.org,www.mozilla.org/firefox
2012-08-23 00:16:07 PDT,nobody,Product,www.mozilla.org,Websites
2012-08-23 00:16:07 PDT,nobody,Component,General,www.mozilla.org
