When,Who,What,Added,Removed
2010-11-10 00:06:47 PST,pascalc,CC,dutch.nl,
2010-11-10 21:30:32 PST,themilossh,Status,RESOLVED,NEW
2010-11-10 21:30:32 PST,themilossh,Resolution,FIXED,---
2010-11-10 21:30:32 PST,themilossh,CC,bmo,
2010-11-10 21:30:32 PST,themilossh,Last Resolved,2010-11-10 21:30:32,
2010-11-10 21:32:43 PST,themilossh,Status,VERIFIED,RESOLVED
2012-04-23 08:15:30 PDT,nobody,Product,Websites,Websites
2012-04-23 08:15:30 PDT,nobody,Component,www.mozilla.org,www.mozilla.org/firefox
2012-08-23 00:16:07 PDT,nobody,Component,General,www.mozilla.org
2012-08-23 00:16:07 PDT,nobody,Product,www.mozilla.org,Websites
