When,Who,What,Added,Removed
2010-11-10 07:27:05 PST,bear,CC,bear,
2010-11-10 08:43:25 PST,jhford,CC,jhford,
2010-11-11 11:00:32 PST,philringnalda,Whiteboard,,[orange]
2010-11-11 11:00:32 PST,philringnalda,Summary,Talos tpan on Tegra 250s has never worked,Intermittent "FAIL: unrecognized output format" running talos on Tegra 250s
2010-11-11 11:00:32 PST,philringnalda,Blocks,,438871
2010-11-11 13:11:48 PST,anodelman,CC,jmaher,
2010-11-11 14:00:15 PST,bear,Assignee,bear,nobody
2010-11-11 14:00:46 PST,bear,Whiteboard,[android][talos],
2011-01-08 18:29:19 PST,philringnalda,Status,RESOLVED,NEW
2011-01-08 18:29:19 PST,philringnalda,Resolution,WORKSFORME,---
2011-01-08 18:29:19 PST,philringnalda,Last Resolved,2011-01-08 18:29:19,
2011-03-31 06:45:12 PDT,philringnalda,Resolution,---,WORKSFORME
2011-03-31 06:45:12 PDT,philringnalda,Summary,Very frequent "Unrecognized output format" running Talos tpan on Tegra 250s,Talos tpan on Tegra 250s has never worked
2011-03-31 06:45:12 PDT,philringnalda,Status,REOPENED,RESOLVED
2011-04-04 07:43:12 PDT,escapewindow+mozbugs,CC,aki,
2011-04-14 07:15:38 PDT,bear,Depends on,649215,
2011-05-07 13:05:21 PDT,mark.finkle,Whiteboard,[android][talos][orange],[android][talos]
2011-05-07 13:05:21 PDT,mark.finkle,CC,mark.finkle,
2011-05-10 12:46:31 PDT,ehsan,CC,ehsan,
2011-05-10 12:46:31 PDT,ehsan,Blocks,438871,
2011-05-13 07:34:37 PDT,bear,Status,RESOLVED,REOPENED
2011-05-13 07:34:37 PDT,bear,Resolution,FIXED,---
2011-05-13 07:34:37 PDT,bear,Last Resolved,2011-05-13 07:34:37,2011-01-08 18:29:19
2011-05-13 07:45:15 PDT,philringnalda,Status,REOPENED,RESOLVED
2011-05-13 07:45:15 PDT,philringnalda,Resolution,---,FIXED
2011-05-13 08:03:29 PDT,bear,Product,Testing,mozilla.org
2011-05-13 08:03:29 PDT,bear,Version,unspecified,other
2011-05-13 08:03:29 PDT,bear,Component,New Frameworks,Release Engineering
2011-05-13 08:03:29 PDT,bear,Assignee,nobody,bear
2011-05-13 08:03:29 PDT,bear,QA Contact,new-frameworks,release
2011-05-26 07:28:27 PDT,coop,CC,coop,
2011-05-26 07:28:27 PDT,coop,Depends on,,649215
2011-05-26 07:29:12 PDT,coop,Depends on,649215,
2011-06-03 11:36:43 PDT,escapewindow+mozbugs,Blocks,661896,
2011-06-06 20:25:55 PDT,gavin.sharp,CC,gavin.sharp,
2011-06-07 00:02:30 PDT,gavin.sharp,CC,,gavin.sharp
2011-06-08 14:46:25 PDT,jmaher,Depends on,662936,
2011-06-09 15:20:08 PDT,jhford,CC,,jhford
2011-06-12 20:56:10 PDT,philringnalda,Summary,Very frequent "Unrecognized output format" running Talos tpan tsvg tzoom tp4m or twinopen on Android Tegra 250s,Very frequent "Unrecognized output format" running Talos tpan on Tegra 250s
2011-06-12 20:56:35 PDT,dbaron,Summary,Very frequent "unrecognized output format" running Talos tpan tsvg tzoom tp4m or twinopen on Android Tegra 250s,Very frequent "Unrecognized output format" running Talos tpan tsvg tzoom tp4m or twinopen on Android Tegra 250s
2011-06-12 20:59:24 PDT,philringnalda,Status,NEW,REOPENED
2011-06-12 20:59:24 PDT,philringnalda,Component,Talos,New Frameworks
2011-06-12 20:59:24 PDT,philringnalda,QA Contact,talos,new-frameworks
2011-06-15 22:37:06 PDT,mwu,CC,mwu,
2011-06-15 22:47:48 PDT,mwu,CC,,mwu
2011-06-18 05:18:54 PDT,mak77,CC,mak77,
2011-06-21 06:49:23 PDT,john+bugzilla,CC,joduinn,
2011-07-10 14:42:30 PDT,gavin.sharp,CC,gavin.sharp,
2011-07-11 23:05:26 PDT,blassey.bugs,CC,blassey.bugs,
2011-07-13 15:10:31 PDT,felipc,CC,felipc,
2011-08-01 14:46:03 PDT,mbrubeck,Depends on,675750,
2011-08-05 09:42:48 PDT,john+bugzilla,Whiteboard,[android][talos][orange][android_tier_1],[android][talos][orange]
2011-08-11 16:21:31 PDT,dholbert,Version,Trunk,unspecified
2011-08-17 10:03:41 PDT,blassey.bugs,Assignee,jmaher,nobody
2011-09-09 12:25:42 PDT,philringnalda,Status,RESOLVED,NEW
2011-09-09 12:25:42 PDT,philringnalda,Resolution,FIXED,---
2011-09-09 12:25:42 PDT,philringnalda,Last Resolved,2011-09-09 12:25:42,2011-05-13 07:34:37
2012-11-19 14:40:48 PST,nobody,Keywords,intermittent-failure,
2012-11-25 19:31:15 PST,nobody,Whiteboard,[android][talos][android_tier_1],[android][talos][orange][android_tier_1]
