When,Who,What,Added,Removed
2010-11-10 08:04:48 PST,mozilla,Assignee,jorge,nobody
2010-11-10 08:04:48 PST,mozilla,CC,fligtar, jbalogh,
2010-11-10 08:04:48 PST,mozilla,Ever confirmed,1,0
2010-11-10 08:04:48 PST,mozilla,Status,NEW,UNCONFIRMED
2010-11-10 08:40:23 PST,reed,CC,reed,
2010-11-10 11:00:40 PST,jorge,Status,RESOLVED,NEW
2010-11-10 11:00:40 PST,jorge,Resolution,FIXED,---
2010-11-10 11:00:40 PST,jorge,Priority,P3,--
2010-11-10 11:00:40 PST,jorge,Target Milestone,5.12.3,---
2010-11-10 11:00:40 PST,jorge,Last Resolved,2010-11-10 11:00:40,
