When,Who,What,Added,Removed
2010-11-10 06:44:20 PST,alice0775,OS,All,Windows XP
2010-11-10 06:44:20 PST,alice0775,Status,NEW,UNCONFIRMED
2010-11-10 06:44:20 PST,alice0775,CC,alice0775,
2010-11-10 06:44:20 PST,alice0775,Blocks,574688,
2010-11-10 06:44:20 PST,alice0775,Ever confirmed,1,0
2010-11-10 06:44:20 PST,alice0775,Version,Trunk,unspecified
2010-11-10 08:21:16 PST,grenavitar,CC,grenavitar,
2010-11-10 09:42:10 PST,pwd.mozilla,CC,sabret00the,
2010-11-10 13:08:59 PST,xtc4uall,CC,xtc4uall,
2010-11-11 03:52:01 PST,divjot94,CC,bogas04,
2010-11-16 02:50:22 PST,dietrich,Whiteboard,[addon bar],
2010-11-16 02:50:22 PST,dietrich,CC,dietrich,
2010-12-02 07:49:34 PST,highmind63,CC,highmind63,
2010-12-10 08:32:42 PST,Event.H04iz0n,Status,RESOLVED,NEW
2010-12-10 08:32:42 PST,Event.H04iz0n,Resolution,FIXED,---
2010-12-10 08:32:42 PST,Event.H04iz0n,Last Resolved,2010-12-10 08:32:42,
