When,Who,What,Added,Removed
2010-11-15 11:19:05 PST,ehsan,CC,ehsan,
2010-11-15 18:46:20 PST,dewmigg,CC,dewmigg,
2010-12-08 21:48:10 PST,margaret.leibovic,CC,margaret.leibovic,
2010-12-09 10:41:10 PST,margaret.leibovic,Status,ASSIGNED,NEW
2010-12-09 10:41:10 PST,margaret.leibovic,Assignee,margaret.leibovic,nobody
2010-12-09 10:41:10 PST,margaret.leibovic,Attachment #496532                Flags,review?(dao),
2010-12-09 10:52:26 PST,dao,CC,dao,
2010-12-09 10:52:55 PST,dao,Product,Firefox,Mozilla Services
2010-12-09 10:52:55 PST,dao,Component,Menus,Firefox Sync: UI
2010-12-09 10:52:55 PST,dao,QA Contact,menus,sync-ui
2010-12-09 10:52:55 PST,dao,Blocks,556174,
2010-12-09 13:57:06 PST,mozillamarcia.knous,CC,marcia,
2010-12-09 13:57:06 PST,mozillamarcia.knous,Flags,in-litmus?,
2010-12-09 16:12:18 PST,margaret.leibovic,Attachment #496532                Attachment is obsolete,1,0
2010-12-09 16:12:18 PST,margaret.leibovic,Attachment #496666                Flags,review?(dao),
2010-12-09 16:12:18 PST,margaret.leibovic,Attachment #496532                Flags,,review?(dao)
2010-12-09 22:42:48 PST,fullmetaljacket.xp+bugmail,CC,fullmetaljacket.xp+bugmail,
2010-12-11 14:09:20 PST,antoine.mozilla,CC,geekshadow,
2010-12-13 11:50:51 PST,limi,CC,limi,
2010-12-13 11:50:51 PST,limi,Whiteboard,[target-betaN],
2010-12-13 11:50:51 PST,limi,Summary,Move "Sync Now" to the left side of the Firefox menu,Move "Sync Now" to the left side of the FIrefox menu
2010-12-21 08:05:20 PST,tymerkaev,CC,tymerkaev,
2010-12-27 07:46:38 PST,dao,Attachment #496666                Flags,,review?(dao)
2011-01-13 09:17:30 PST,margaret.leibovic,Attachment #503517                Flags,review?(dao),
2011-01-13 09:17:30 PST,margaret.leibovic,Attachment #496666                Attachment is obsolete,1,0
2011-01-13 10:58:28 PST,dao,Attachment #503517                Flags,review+,review?(dao)
2011-01-13 11:26:20 PST,dtownsend,Attachment #503517                Flags,approval2.0+,
2011-01-13 18:15:30 PST,margaret.leibovic,Status,RESOLVED,ASSIGNED
2011-01-13 18:15:30 PST,margaret.leibovic,Resolution,FIXED,---
2011-01-13 18:15:30 PST,margaret.leibovic,Last Resolved,2011-01-13 18:15:30,
2011-02-05 05:27:07 PST,mcdavis941.bugs,CC,mcdavis941.bugs,
