When,Who,What,Added,Removed
2010-11-10 15:06:50 PST,margaret.leibovic,Attachment #489644                Flags,review?(dao),
2010-11-10 15:06:50 PST,margaret.leibovic,Assignee,margaret.leibovic,nobody
2010-11-15 11:20:25 PST,ehsan,CC,ehsan,
2010-11-15 18:45:41 PST,dewmigg,CC,dewmigg,
2010-12-13 11:51:12 PST,limi,Whiteboard,[target-betaN],
2010-12-13 11:51:12 PST,limi,CC,limi,
2011-03-18 15:25:08 PDT,antoine.mozilla,CC,geekshadow,
2011-04-22 10:28:46 PDT,xtc4uall,Version,Trunk,unspecified
2011-04-22 10:28:46 PDT,xtc4uall,CC,xtc4uall,
2011-04-23 04:01:57 PDT,kliu,CC,kliu,
2011-11-04 01:35:56 PDT,jaws,CC,jwein,
2011-11-04 14:35:27 PDT,jaws,Attachment #572079                Flags,review?(gavin.sharp),
2011-11-04 14:35:27 PDT,jaws,Attachment #489644                Flags,,review?(dao)
2011-11-04 14:35:27 PDT,jaws,Status,ASSIGNED,NEW
2011-11-04 14:35:27 PDT,jaws,Assignee,jwein,margaret.leibovic
2011-11-04 14:35:27 PDT,jaws,Attachment #489644                Attachment is obsolete,1,0
2011-11-04 14:36:55 PDT,jaws,Attachment #572079                Flags,feedback?(margaret.leibovic),
2011-11-04 14:44:00 PDT,dao,Attachment #572079                Flags,review-,review?(gavin.sharp)
2011-11-04 23:20:12 PDT,jaws,Attachment #572079                Attachment is obsolete,1,0
2011-11-04 23:20:12 PDT,jaws,Attachment #572178                Flags,review?(dao), feedback?(margaret.leibovic),
2011-11-04 23:20:12 PDT,jaws,Attachment #572079                Flags,,feedback?(margaret.leibovic)
2011-11-26 04:53:31 PST,dao,Attachment #572178                Flags,review-,review?(dao)
2011-11-28 13:21:05 PST,jaws,Attachment #572178                Attachment is obsolete,1,0
2011-11-28 13:21:05 PST,jaws,Attachment #577347                Flags,review?(dao),
2011-11-28 13:21:05 PST,jaws,Attachment #572178                Flags,,feedback?(margaret.leibovic)
2011-11-28 15:08:39 PST,dao,Attachment #577347                Flags,review-,review?(dao)
2011-11-28 21:15:42 PST,jaws,OS,Windows Vista,Windows 7
2011-11-28 21:15:42 PST,jaws,Whiteboard,,[target-betaN]
2011-11-28 21:15:42 PST,jaws,Hardware,All,x86
2011-11-28 21:21:29 PST,jaws,Attachment #577347                Attachment is obsolete,1,0
2011-11-28 21:21:29 PST,jaws,Attachment #577482                Flags,review?(dao),
2011-11-29 00:40:41 PST,dao,Attachment #577482                Flags,review+,review?(dao)
2011-11-29 07:13:51 PST,jaws,Attachment #577482                Attachment is obsolete,1,0
2011-11-29 07:13:51 PST,jaws,Attachment #577603                Flags,review+,
2011-11-29 07:17:21 PST,jaws,Attachment #577603                Attachment is obsolete,1,0
2011-11-29 07:17:21 PST,jaws,Attachment #577604                Flags,review+,
2011-11-29 07:20:09 PST,jaws,Whiteboard,[fixed-in-fx-team],
2011-11-29 22:04:01 PST,ttaubert,Whiteboard,,[fixed-in-fx-team]
2011-11-29 22:04:01 PST,ttaubert,Status,RESOLVED,ASSIGNED
2011-11-29 22:04:01 PST,ttaubert,Resolution,FIXED,---
2011-11-29 22:04:01 PST,ttaubert,Target Milestone,Firefox 11,---
2011-11-29 22:04:01 PST,ttaubert,Last Resolved,2011-11-29 22:04:01,
2012-02-06 00:51:12 PST,dao,Component,Theme,Menus
2012-02-06 00:51:12 PST,dao,QA Contact,theme,menus
2012-02-06 00:51:12 PST,dao,Depends on,724457,
2013-11-13 03:07:18 PST,fryn,CC,,fryn
