When,Who,What,Added,Removed
2010-11-10 00:39:04 PST,tnikkel,CC,tnikkel,
2010-11-10 02:19:10 PST,dholbert,Blocks,587336,
2010-11-10 02:55:49 PST,dholbert,Attachment #489459                Flags,review?(roc),
2010-11-10 02:56:06 PST,dholbert,Hardware,All,x86
2010-11-10 02:56:06 PST,dholbert,OS,All,Mac OS X
2010-11-10 02:56:06 PST,dholbert,Assignee,dholbert,nobody
2010-11-10 02:56:14 PST,dholbert,Keywords,regression,
2010-11-10 07:37:55 PST,alexander.miller,CC,alexander.miller,
2010-11-10 07:57:50 PST,longsonr,Attachment #489459                Flags,review+,review?(roc)
2010-11-10 08:33:38 PST,dholbert,Attachment #489459                Flags,approval2.0?,
2010-11-10 12:11:05 PST,benjamin,Attachment #489459                Flags,approval2.0+,approval2.0?
2010-11-10 13:21:45 PST,dholbert,Status,RESOLVED,NEW
2010-11-10 13:21:45 PST,dholbert,Resolution,FIXED,---
2010-11-10 13:21:45 PST,dholbert,Target Milestone,mozilla2.0b8,---
2010-11-10 13:21:45 PST,dholbert,Flags,in-testsuite+,
2010-11-10 13:21:45 PST,dholbert,Last Resolved,2010-11-10 13:21:45,
