When,Who,What,Added,Removed
2010-11-10 04:12:27 PST,ted,CC,ted.mielczarek,
2010-11-10 11:03:45 PST,bugzillamozillaorg_serge_20140323,Status,ASSIGNED,UNCONFIRMED
2010-11-10 11:03:45 PST,bugzillamozillaorg_serge_20140323,Assignee,sgautherie.bz,nobody
2010-11-10 11:03:45 PST,bugzillamozillaorg_serge_20140323,Ever confirmed,1,0
2010-11-10 11:03:45 PST,bugzillamozillaorg_serge_20140323,Attachment #489552                Flags,review?(ted.mielczarek),
2010-11-15 09:09:28 PST,ted,Attachment #489552                Flags,review+,review?(ted.mielczarek)
2010-11-15 09:59:08 PST,bugzillamozillaorg_serge_20140323,Attachment #489552                Flags,approval2.0?,
2010-11-23 07:47:12 PST,benjamin,Attachment #489552                Flags,approval2.0+,approval2.0?
2010-11-23 15:03:58 PST,bugzillamozillaorg_serge_20140323,Attachment #489552                Attachment description,(Av1-MC) Obsolete VC7.1 and VC8 without its SP1[Checked in: Comment 4],(Av1-MC) Obsolete VC7.1 and VC8 without its SP1.
2010-11-25 01:20:06 PST,bugzillamozillaorg_serge_20140323,Attachment #493205                Flags,review?(ted.mielczarek), approval2.0?,
2010-11-25 01:48:48 PST,bugzillamozillaorg_serge_20140323,Attachment #493210                Flags,review?(bugspam.Callek),
2010-11-25 01:53:05 PST,bugzillamozillaorg_serge_20140323,Blocks,614769,
2010-11-25 08:43:44 PST,bugspam.Callek,Attachment #493210                Flags,review+,review?(bugspam.Callek)
2010-11-25 12:08:15 PST,bugzillamozillaorg_serge_20140323,Attachment #493210                Attachment description,(Cv1-CC) Obsolete VC7.1 and VC8 without its SP1[Checked in: Comment 8],(Cv1-CC) Obsolete VC7.1 and VC8 without its SP1
2010-11-30 06:41:00 PST,ted,Attachment #493205                Flags,review+,review?(ted.mielczarek)
2011-01-04 08:32:34 PST,benjamin,Attachment #493205                Flags,approval2.0+,approval2.0?
2011-01-04 08:48:59 PST,bugzillamozillaorg_serge_20140323,Attachment #493205                Attachment description,(Bv1-JS) Obsolete VC7.1 and VC8 without its SP1[Checked in: Comment 9],(Bv1-JS) Obsolete VC7.1 and VC8 without its SP1
2011-01-04 08:51:20 PST,bugzillamozillaorg_serge_20140323,Status,RESOLVED,ASSIGNED
2011-01-04 08:51:20 PST,bugzillamozillaorg_serge_20140323,Resolution,FIXED,---
2011-01-04 08:51:20 PST,bugzillamozillaorg_serge_20140323,Target Milestone,mozilla2.0b9,---
2011-01-04 08:51:20 PST,bugzillamozillaorg_serge_20140323,Flags,in-testsuite-,
2011-01-04 08:51:20 PST,bugzillamozillaorg_serge_20140323,Last Resolved,2011-01-04 08:51:20,
2011-01-04 09:41:27 PST,bugzillamozillaorg_serge_20140323,Attachment #501042                Flags,review?(ted.mielczarek),
2011-01-04 09:46:45 PST,ted,Attachment #501042                Flags,review-,review?(ted.mielczarek)
2011-01-04 09:57:43 PST,bugzillamozillaorg_serge_20140323,Blocks,622868,
2011-01-04 10:59:59 PST,bugzillamozillaorg_serge_20140323,status1.9.1,wontfix,---
2011-01-04 10:59:59 PST,bugzillamozillaorg_serge_20140323,status1.9.2,wontfix,---
2011-01-04 13:26:12 PST,bugzillamozillaorg_serge_20140323,Blocks,602920,
2011-01-04 14:09:18 PST,standard8,Blocks,,602920
2011-01-18 11:20:37 PST,neil,Blocks,626716,
2012-01-15 13:02:44 PST,bugzillamozillaorg_serge_20140323,Attachment #501042                Attachment is obsolete,1,0
2012-02-24 01:55:52 PST,bugzillamozillaorg_serge_20140323,Blocks,523268,
2015-01-17 05:55:34 PST,bugzillamozillaorg_serge_20140323,Blocks,510493,
