When,Who,What,Added,Removed
2010-11-10 06:21:23 PST,lhansen,Attachment #489474                Flags,review?(treilly),
2010-11-10 08:20:51 PST,treilly,Attachment #489474                Flags,review+,review?(treilly)
2010-11-10 10:16:01 PST,stejohns,CC,stejohns,
2010-11-11 04:15:49 PST,lhansen,Status,RESOLVED,ASSIGNED
2010-11-11 04:15:49 PST,lhansen,Resolution,FIXED,---
2010-11-11 04:15:49 PST,lhansen,Last Resolved,2010-11-11 04:15:49,
2011-02-09 07:45:56 PST,trbaker,CC,trbaker,
2011-02-09 07:45:56 PST,trbaker,Flags,flashplayer-bug-,
