When,Who,What,Added,Removed
2010-11-10 07:05:19 PST,mark.finkle,Attachment #489480                Flags,review?(blassey.bugs),
2010-11-11 23:01:04 PST,blassey.bugs,Attachment #489480                Flags,review+,review?(blassey.bugs)
2010-11-12 10:43:04 PST,mark.finkle,Status,RESOLVED,NEW
2010-11-12 10:43:04 PST,mark.finkle,Resolution,FIXED,---
2010-11-12 10:43:04 PST,mark.finkle,Last Resolved,2010-11-12 10:43:04,
2010-11-12 18:49:01 PST,mark.finkle,Status,REOPENED,RESOLVED
2010-11-12 18:49:01 PST,mark.finkle,Resolution,---,FIXED
2010-11-12 18:50:52 PST,mark.finkle,Summary,Talos depends on cruft in package,Remove more cruft from packaging
2010-11-12 18:50:52 PST,mark.finkle,CC,ted.mielczarek,
2010-11-13 07:58:15 PST,ted,CC,anodelman, jmaher,
2010-11-13 10:52:03 PST,jmaher,CC,aki, jhford,
2010-11-13 10:53:46 PST,mwu,CC,mwu,
2010-11-15 13:57:04 PST,blassey.bugs,CC,blassey.bugs,
2010-11-15 13:57:04 PST,blassey.bugs,Blocks,575751,
2010-11-15 13:57:04 PST,blassey.bugs,tracking-fennec,2.0b3+,---
2010-11-15 16:23:06 PST,jmaher,Assignee,jmaher,nobody
2010-11-15 16:23:06 PST,jmaher,Attachment #489480                Attachment is obsolete,1,0
2010-11-15 16:23:06 PST,jmaher,Attachment #490744                Flags,review?(mark.finkle),
2010-11-15 19:52:20 PST,mark.finkle,Attachment #490744                Flags,review+,review?(mark.finkle)
2010-11-15 20:46:25 PST,jmaher,Attachment #490744                Attachment is obsolete,1,0
2010-11-15 20:46:25 PST,jmaher,Attachment #490798                Flags,review+,
2010-11-15 20:51:00 PST,mark.finkle,Status,RESOLVED,REOPENED
2010-11-15 20:51:00 PST,mark.finkle,Resolution,FIXED,---
2010-11-15 20:51:00 PST,mark.finkle,Last Resolved,2010-11-15 20:51:00,2010-11-12 10:43:04
2010-11-16 06:25:50 PST,mark.finkle,Status,REOPENED,RESOLVED
2010-11-16 06:25:50 PST,mark.finkle,Resolution,---,FIXED
2010-11-16 06:58:20 PST,jmaher,Depends on,612579,
2010-11-16 07:02:51 PST,jmaher,Depends on,612582,
2010-11-16 08:17:10 PST,jmaher,Attachment #490798                Attachment is obsolete,1,0
2010-11-16 08:17:10 PST,jmaher,Attachment #490886                Flags,review?(mark.finkle),
2010-11-16 14:12:20 PST,mark.finkle,Attachment #490886                Flags,review+,review?(mark.finkle)
2010-11-16 14:15:35 PST,mark.finkle,Status,RESOLVED,REOPENED
2010-11-16 14:15:35 PST,mark.finkle,Resolution,FIXED,---
2010-11-16 14:15:35 PST,mark.finkle,Last Resolved,2010-11-16 14:15:35,2010-11-15 20:51:00
2011-06-03 05:35:35 PDT,anamaria.moldovan,CC,anamaria.moldovan,
