When,Who,What,Added,Removed
2010-11-09 22:58:52 PST,smani,Last Resolved,2010-11-09 22:58:52,
2010-11-09 22:58:52 PST,smani,Status,RESOLVED,NEW
2010-11-09 22:58:52 PST,smani,Resolution,FIXED,---
2010-11-09 22:58:52 PST,smani,Assignee,shyam,server-ops
2010-11-09 22:58:52 PST,smani,CC,shyam,
2010-11-09 23:04:54 PST,mrbkap,Status,VERIFIED,RESOLVED
2011-02-08 08:00:33 PST,mrbkap,Blocks,632400,
2011-08-08 11:20:30 PDT,mrbkap,Blocks,677313,
2015-03-12 08:17:16 PDT,nobody,Product,mozilla.org Graveyard,mozilla.org
