When,Who,What,Added,Removed
2010-11-09 21:57:55 PST,yousheng.li,CC,htang, jmi, yli,
2010-11-10 07:52:42 PST,polidobj,QA Contact,layout.tables,general
2010-11-10 07:52:42 PST,polidobj,CC,polidobj,
2010-11-10 07:52:42 PST,polidobj,Product,Core,Firefox
2010-11-10 07:52:42 PST,polidobj,Component,Layout: Tables,General
2010-11-10 08:05:24 PST,bzbarsky,Component,DOM,Layout: Tables
2010-11-10 08:05:24 PST,bzbarsky,QA Contact,general,layout.tables
2010-11-10 08:05:24 PST,bzbarsky,CC,bzbarsky, jonas,
2010-11-10 08:23:34 PST,bzbarsky,CC,Olli.Pettay,
2010-11-10 09:53:47 PST,bzbarsky,CC,Ms2ger,
2010-11-10 11:04:43 PST,Ms2ger,Assignee,Ms2ger,nobody
2010-11-10 11:04:43 PST,Ms2ger,Status,ASSIGNED,NEW
2010-11-10 13:12:42 PST,Ms2ger,Attachment #489601                Flags,review?(bzbarsky),
2010-11-10 14:20:37 PST,jonas,Attachment #489601                Flags,review+,review?(bzbarsky)
2010-11-10 14:20:52 PST,jonas,Attachment #489601                Flags,approval2.0+,
2010-11-11 02:20:41 PST,Ms2ger,Keywords,checkin-needed,
2010-11-11 02:20:41 PST,Ms2ger,Version,Trunk,unspecified
2010-11-11 02:20:41 PST,Ms2ger,Hardware,All,x86
2010-11-11 02:20:41 PST,Ms2ger,OS,All,Windows 7
2010-11-11 02:23:19 PST,Ms2ger,Attachment #489601                Attachment is obsolete,1,0
2010-11-12 00:49:35 PST,dao,Keywords,,checkin-needed
2010-11-12 00:49:35 PST,dao,Status,RESOLVED,ASSIGNED
2010-11-12 00:49:35 PST,dao,Resolution,FIXED,---
2010-11-12 00:49:35 PST,dao,Target Milestone,mozilla2.0b8,---
2010-11-12 00:49:35 PST,dao,Flags,in-testsuite+,
2010-11-12 00:49:35 PST,dao,Last Resolved,2010-11-12 00:49:35,
2010-11-12 00:49:50 PST,dao,CC,dao,
2010-11-14 20:33:49 PST,mcdavis941.bugs,CC,mcdavis941.bugs,
