When,Who,What,Added,Removed
2010-11-10 05:01:04 PST,ted,tracking-fennec,?,---
2010-11-10 05:07:48 PST,ted,Attachment #489465                Flags,review?(mwu),
2010-11-10 08:07:05 PST,blassey.bugs,CC,blassey.bugs,
2010-11-10 08:07:05 PST,blassey.bugs,tracking-fennec,2.0b3+,?
2010-11-10 13:52:39 PST,mwu,Attachment #489465                Flags,review+,review?(mwu)
2010-11-10 23:45:05 PST,mwu,Status,RESOLVED,NEW
2010-11-10 23:45:05 PST,mwu,Resolution,FIXED,---
2010-11-10 23:45:05 PST,mwu,Last Resolved,2010-11-10 23:45:05,
2010-11-11 17:12:20 PST,mwu,Status,REOPENED,RESOLVED
2010-11-11 17:12:20 PST,mwu,Resolution,---,FIXED
2010-11-11 17:12:56 PST,mwu,Attachment #489995                Flags,review?(ted.mielczarek),
2010-11-11 17:15:40 PST,ted,Attachment #489995                Flags,review+,review?(ted.mielczarek)
2010-11-12 08:25:31 PST,ted,Status,RESOLVED,REOPENED
2010-11-12 08:25:31 PST,ted,Resolution,FIXED,---
2010-11-12 08:25:31 PST,ted,Last Resolved,2010-11-12 08:25:31,2010-11-10 23:45:05
