When,Who,What,Added,Removed
2010-11-09 20:45:55 PST,philipp,Assignee,philipp,nobody
2010-11-09 20:45:55 PST,philipp,Attachment #489408                Flags,review?(mconnor),
2010-11-10 07:49:58 PST,mconnor,Attachment #489408                Flags,review-,review?(mconnor)
2010-11-10 20:03:54 PST,philipp,Attachment #489408                Attachment is obsolete,1,0
2010-11-10 20:03:54 PST,philipp,Attachment #489739                Flags,review?(mconnor),
2010-11-11 10:57:46 PST,mconnor,Attachment #489739                Flags,review+,review?(mconnor)
2010-11-11 11:01:36 PST,philipp,Status,RESOLVED,NEW
2010-11-11 11:01:36 PST,philipp,Resolution,FIXED,---
2010-11-11 11:01:36 PST,philipp,Last Resolved,2010-11-11 11:01:36,
2010-11-11 12:04:59 PST,twalker,Whiteboard,[qa-],
2010-11-11 12:04:59 PST,twalker,CC,twalker,
2010-11-15 13:17:13 PST,philipp,Blocks,612381,
