When,Who,What,Added,Removed
2010-11-10 05:57:36 PST,kairo,CC,jh, kairo, opitz.michael,
2010-11-16 10:53:43 PST,opitz.michael,Attachment #490822                Attachment is obsolete,1,0
2010-11-16 10:54:52 PST,opitz.michael,Attachment #490821                Attachment is obsolete,1,0
2010-11-17 12:15:50 PST,kairo,Last Resolved,2010-11-17 12:15:50,
2010-11-17 12:15:50 PST,kairo,Status,RESOLVED,NEW
2010-11-17 12:15:50 PST,kairo,Resolution,FIXED,---
2010-11-17 12:15:50 PST,kairo,Assignee,opitz.michael,nobody
