When,Who,What,Added,Removed
2010-11-09 19:41:35 PST,bzbarsky,CC,bzbarsky, hsivonen,
2010-11-09 20:41:24 PST,alice0775,CC,alice0775,
2010-11-09 22:08:05 PST,bzbarsky,Keywords,,regressionwindow-wanted
2010-11-09 22:08:05 PST,bzbarsky,Depends on,609236,
2010-11-10 00:53:12 PST,hsivonen,Product,Tech Evangelism,Core
2010-11-10 00:53:12 PST,hsivonen,Version,unspecified,Trunk
2010-11-10 00:53:12 PST,hsivonen,Component,English US,General
2010-11-10 00:53:12 PST,hsivonen,Assignee,english-us,nobody
2010-11-10 00:53:12 PST,hsivonen,QA Contact,english-us,general
2010-11-10 00:53:12 PST,hsivonen,CC,raul,
2010-11-10 00:53:12 PST,hsivonen,Depends on,602838,
2010-11-11 00:07:19 PST,hsivonen,Status,ASSIGNED,NEW
2010-11-11 00:07:19 PST,hsivonen,Assignee,hsivonen,english-us
2010-11-12 01:20:55 PST,hsivonen,Depends on,609236, 602838,
2010-11-12 01:22:33 PST,hsivonen,Depends on,,609236, 602838
2010-11-21 08:20:29 PST,cwb,CC,christo27,
2010-11-23 08:42:41 PST,enndeakin,Blocks,559610,
2010-11-23 09:00:03 PST,dietrich,CC,dietrich,
2011-01-26 19:12:01 PST,alice0775,CC,justinf.utest,
2011-02-03 01:41:23 PST,hsivonen,Status,RESOLVED,ASSIGNED
2011-02-03 01:41:23 PST,hsivonen,Resolution,FIXED,---
2011-02-03 01:41:23 PST,hsivonen,Last Resolved,2011-02-03 01:41:23,
2015-04-19 23:39:42 PDT,nobody,Product,Tech Evangelism Graveyard,Tech Evangelism
