When,Who,What,Added,Removed
2010-11-09 23:15:05 PST,cam,Status,ASSIGNED,NEW
2010-11-09 23:15:05 PST,cam,Assignee,cam,nobody
2010-11-09 23:27:42 PST,dholbert,Version,Trunk,unspecified
2010-11-09 23:27:42 PST,dholbert,CC,dholbert,
2010-11-15 09:41:41 PST,ted,CC,ted.mielczarek,
2010-11-15 15:07:17 PST,cam,Attachment #490718                Flags,review?(roc),
2010-11-15 15:20:11 PST,cam,Attachment #490718                Attachment is obsolete,1,0
2010-11-15 15:20:11 PST,cam,Attachment #490720                Flags,review?(roc),
2010-11-15 15:20:11 PST,cam,Attachment #490718                Flags,,review?(roc)
2010-11-15 15:21:11 PST,roc,Attachment #490720                Flags,review+,review?(roc)
2010-11-15 15:40:07 PST,cam,Keywords,checkin-needed,
2010-11-16 10:37:46 PST,dholbert,Status,RESOLVED,ASSIGNED
2010-11-16 10:37:46 PST,dholbert,Resolution,FIXED,---
2010-11-16 10:37:46 PST,dholbert,Target Milestone,mozilla2.0b8,---
2010-11-16 10:37:46 PST,dholbert,Last Resolved,2010-11-16 10:37:46,
2010-11-16 10:37:46 PST,dholbert,Keywords,,checkin-needed
