When,Who,What,Added,Removed
2010-11-09 19:28:58 PST,philipp,CC,philipp,
2010-11-09 21:44:06 PST,rnewman,Summary,Pervasive crypto efficiency improvements in Sync backend,Pervasive efficiency improvements in Sync backend
2010-11-09 21:44:06 PST,rnewman,Component,Firefox Sync: Crypto,Firefox Sync: Backend
2010-11-09 21:44:06 PST,rnewman,QA Contact,sync-crypto,sync-backend
2010-12-04 22:06:26 PST,rnewman,Status,ASSIGNED,NEW
2010-12-04 22:06:26 PST,rnewman,Assignee,rnewman,nobody
2010-12-04 22:06:26 PST,rnewman,Attachment #495325                Flags,review?(mconnor),
2010-12-05 15:50:40 PST,rnewman,Attachment #495325                Attachment is obsolete,1,0
2010-12-05 15:50:40 PST,rnewman,Attachment #495415                Flags,review?(mconnor),
2010-12-05 15:50:40 PST,rnewman,Attachment #495325                Flags,,review?(mconnor)
2010-12-06 11:43:12 PST,mconnor,Attachment #495415                Flags,review+,review?(mconnor)
2010-12-06 12:19:41 PST,rnewman,Status,RESOLVED,ASSIGNED
2010-12-06 12:19:41 PST,rnewman,Resolution,FIXED,---
2010-12-06 12:19:41 PST,rnewman,Last Resolved,2010-12-06 12:19:41,
2010-12-06 15:53:44 PST,philipp,Blocks,617173,
2010-12-09 21:39:08 PST,mconnor,blocking2.0,beta8+,---
2010-12-09 21:39:08 PST,mconnor,CC,mconnor,
2010-12-10 16:19:40 PST,philipp,Status,REOPENED,RESOLVED
2010-12-10 16:19:40 PST,philipp,Resolution,---,FIXED
2010-12-10 16:45:53 PST,dsicore,CC,dsicore,
2010-12-10 16:49:42 PST,ragavan.bugs,CC,ragavan.bugs,
2010-12-10 16:52:53 PST,rnewman,Last Resolved,2010-12-10 16:52:53,2010-12-06 12:19:41
2010-12-10 16:52:53 PST,rnewman,Status,RESOLVED,REOPENED
2010-12-10 16:52:53 PST,rnewman,Resolution,FIXED,---
