When,Who,What,Added,Removed
2010-11-09 20:28:46 PST,faaborg,Summary,"Options..." and "Show All Bookmarks..." should not end with an ellipsis,"Options" and "Show All Bookmarks" should end with an ellipsis
2010-11-09 20:50:28 PST,fryn,Version,Trunk,unspecified
2010-11-09 20:50:28 PST,fryn,Hardware,All,x86
2010-11-09 20:50:28 PST,fryn,OS,All,Windows 7
2010-11-09 20:50:28 PST,fryn,Status,ASSIGNED,NEW
2010-11-09 20:50:28 PST,fryn,Assignee,fryn,nobody
2010-11-09 20:51:38 PST,fryn,Attachment #489410                Flags,review?(dolske),
2010-11-10 01:22:54 PST,xtc4uall,CC,xtc4uall,
2010-11-10 01:46:09 PST,l10n,Keywords,,late-l10n
2010-11-10 01:46:09 PST,l10n,Whiteboard,[strings],
2010-11-10 17:17:19 PST,dolske,Attachment #489410                Flags,review-,review?(dolske)
2010-11-10 17:18:15 PST,dolske,CC,dolske,
2010-11-15 11:19:15 PST,ehsan,CC,ehsan,
2010-11-15 14:04:12 PST,fryn,Attachment #489410                Attachment is obsolete,1,0
2010-11-15 14:04:12 PST,fryn,Attachment #490696                Flags,review?(dolske),
2010-11-15 18:46:14 PST,dewmigg,CC,dewmigg,
2010-11-30 19:45:54 PST,dolske,Attachment #490696                Flags,review+, approval2.0+,review?(dolske)
2010-12-01 00:13:43 PST,fryn,Last Resolved,2010-12-01 00:13:43,
2010-12-01 00:13:43 PST,fryn,Status,RESOLVED,ASSIGNED
2010-12-01 00:13:43 PST,fryn,Resolution,FIXED,---
2010-12-01 02:55:38 PST,hskupin,CC,hskupin,
2010-12-01 13:23:22 PST,fryn,Target Milestone,Firefox 4.0b8,---
2010-12-02 07:56:08 PST,mak77,Depends on,616129,
2010-12-02 08:45:52 PST,dao,CC,quidam,
2010-12-02 08:46:01 PST,dao,Blocks,255051,
2010-12-02 08:59:05 PST,hskupin,Status,VERIFIED,RESOLVED
2010-12-02 08:59:05 PST,hskupin,Flags,in-litmus+,
2013-11-11 23:50:48 PST,fryn,CC,,fryn
