When,Who,What,Added,Removed
2010-11-10 06:55:21 PST,dholbert,Keywords,regression,
2010-11-10 08:00:16 PST,dholbert,Attachment #489492                Attachment description,visual testcase (should show two lines),visual testcase
2010-11-10 08:02:39 PST,dholbert,blocking2.0,?,---
2010-11-10 15:09:05 PST,jwatt,Status,ASSIGNED,NEW
2010-11-10 15:09:05 PST,jwatt,Assignee,jwatt,nobody
2010-11-11 10:19:16 PST,jwatt,CC,roc,
2010-11-11 19:51:03 PST,roc,blocking2.0,final+,?
2011-01-06 14:26:37 PST,dbaron,Whiteboard,[softblocker],
2011-01-11 05:06:28 PST,jwatt,CC,bzbarsky, jonas,
2011-01-11 05:08:17 PST,jwatt,Attachment #502774                Flags,review?(jonas),
2011-01-11 05:08:34 PST,jwatt,Attachment #502774                Flags,review?(roc),
2011-01-11 08:19:03 PST,jwatt,Blocks,609527,
2011-01-11 08:59:35 PST,jwatt,Attachment #502774                Attachment is obsolete,1,0
2011-01-11 08:59:35 PST,jwatt,Attachment #502812                Flags,review?(jonas),
2011-01-11 08:59:35 PST,jwatt,Attachment #502774                Flags,,review?(jonas), review?(roc)
2011-01-11 08:59:50 PST,jwatt,Attachment #502812                Flags,review?(roc),
2011-01-17 15:34:39 PST,jwatt,Attachment #502812                Attachment is obsolete,1,0
2011-01-17 15:34:39 PST,jwatt,Attachment #504570                Flags,review?(jonas),
2011-01-17 15:34:39 PST,jwatt,Attachment #502812                Flags,,review?(jonas), review?(roc)
2011-01-17 15:35:02 PST,jwatt,Attachment #504570                Flags,review?(roc),
2011-01-18 03:22:29 PST,roc,Attachment #504570                Flags,review+,review?(roc)
2011-01-20 19:58:05 PST,jonas,Attachment #504570                Flags,review-,review?(jonas)
2011-01-23 20:14:05 PST,jwatt,Attachment #504570                Attachment is obsolete,1,0
2011-01-23 20:14:05 PST,jwatt,Attachment #506297                Flags,review?(jonas),
2011-01-23 20:14:45 PST,jwatt,Attachment #506297                Flags,review?(roc),
2011-01-23 20:21:24 PST,roc,Attachment #506297                Flags,review+,review?(roc)
2011-01-24 19:24:54 PST,jwatt,Attachment #506297                Attachment is obsolete,1,0
2011-01-24 19:24:54 PST,jwatt,Attachment #506629                Flags,review?(jonas),
2011-01-24 19:24:54 PST,jwatt,Attachment #506297                Flags,,review?(jonas)
2011-01-24 19:26:43 PST,jwatt,Summary,Regression: SVGPathSegList should allow manipulation of invalid paths,Regression in SVG Torture Tests - "SVGPathSegList module: Supports insertItemBefore()", "SVGPathSegList module: Supports initialize()"
2011-01-30 05:19:26 PST,jwatt,Attachment #508225                Flags,review?(jonas),
2011-01-30 16:03:10 PST,jwatt,Blocks,630083,
2011-01-31 18:12:11 PST,jonas,Attachment #508225                Flags,review+,review?(jonas)
2011-01-31 22:24:11 PST,jwatt,Attachment #508680                Flags,review?(jonas),
2011-01-31 22:24:11 PST,jwatt,Attachment #506629                Flags,,review?(jonas)
2011-01-31 22:24:11 PST,jwatt,Attachment #506629                Attachment is obsolete,1,0
2011-01-31 22:24:11 PST,jwatt,Attachment #508225                Attachment is obsolete,1,0
2011-01-31 22:24:33 PST,jwatt,Attachment #508680                Attachment mime type,text/plain,application/octet-stream
2011-01-31 22:24:33 PST,jwatt,Attachment #508680                Attachment is patch,1,0
2011-02-01 01:17:22 PST,jonas,Attachment #508680                Flags,review+,review?(jonas)
2011-02-01 12:36:50 PST,jwatt,Status,RESOLVED,ASSIGNED
2011-02-01 12:36:50 PST,jwatt,Resolution,FIXED,---
2011-02-01 12:36:50 PST,jwatt,Target Milestone,mozilla2.0b11,---
2011-02-01 12:36:50 PST,jwatt,Last Resolved,2011-02-01 12:36:50,
2011-02-04 11:43:23 PST,pxbugz,CC,pxbugz,
2011-02-04 11:50:20 PST,anthony.s.hughes,Whiteboard,[softblocker][fx4-fixed-bugday],[softblocker]
2011-02-04 11:50:20 PST,anthony.s.hughes,Status,VERIFIED,RESOLVED
2011-02-04 11:50:20 PST,anthony.s.hughes,CC,anthony.s.hughes,
