When,Who,What,Added,Removed
2010-11-10 19:25:45 PST,themilossh,Component,Server Operations,Server Operations: Projects
2010-11-10 19:25:45 PST,themilossh,Assignee,server-ops,nobody
2010-11-12 10:01:14 PST,phong,Assignee,jeremy.orem+bugs,server-ops
2010-11-12 10:01:14 PST,phong,CC,phong,
2010-11-12 17:16:48 PST,oremj,Assignee,shyam,jeremy.orem+bugs
2010-11-15 08:03:35 PST,themilossh,Severity,major,normal
2010-11-18 03:40:21 PST,smani,Status,RESOLVED,NEW
2010-11-18 03:40:21 PST,smani,Resolution,FIXED,---
2010-11-18 03:40:21 PST,smani,Last Resolved,2010-11-18 03:40:21,
2010-11-23 00:36:00 PST,themilossh,Resolution,---,FIXED
2010-11-23 00:36:00 PST,themilossh,Status,REOPENED,RESOLVED
2010-11-23 05:31:56 PST,smani,Status,RESOLVED,REOPENED
2010-11-23 05:31:56 PST,smani,Resolution,FIXED,---
2010-11-23 05:31:56 PST,smani,Last Resolved,2010-11-23 05:31:56,2010-11-18 03:40:21
2010-11-23 07:41:22 PST,themilossh,Status,VERIFIED,RESOLVED
2015-03-12 08:17:16 PDT,nobody,Product,mozilla.org Graveyard,mozilla.org
