When,Who,What,Added,Removed
2010-11-10 01:05:15 PST,jruderman,blocking2.0,?,---
2010-11-10 01:07:14 PST,jruderman,CC,bzbarsky, chris.double, chris, dbaron, peterv,
2010-11-10 17:28:45 PST,ryanvm,CC,ryanvm,
2010-11-10 21:47:13 PST,bzbarsky,Attachment #489753                Flags,review?(roc), approval2.0?,
2010-11-10 21:47:13 PST,bzbarsky,Status,ASSIGNED,NEW
2010-11-10 21:47:13 PST,bzbarsky,Assignee,bzbarsky,nobody
2010-11-10 21:47:50 PST,bzbarsky,Whiteboard,[need review],
2010-11-10 21:47:50 PST,bzbarsky,Priority,P1,--
2010-11-11 00:47:08 PST,roc,Attachment #489753                Flags,review+, approval2.0+,review?(roc), approval2.0?
2010-11-11 00:47:36 PST,roc,Whiteboard,,[need review]
2010-11-11 00:47:36 PST,roc,CC,roc,
2010-11-11 00:47:36 PST,roc,blocking2.0,final+,?
2010-11-11 08:02:14 PST,highmind63,CC,highmind63,
2010-11-11 14:23:57 PST,bzbarsky,Whiteboard,[need landing],
2010-11-13 23:52:40 PST,jwalden+bmo,CC,jwalden+bmo,
2010-11-14 00:10:53 PST,gavin.sharp,CC,gavin.sharp,
2010-11-14 09:02:40 PST,john,CC,john,
2010-11-14 15:30:43 PST,kinetik,Whiteboard,,[need landing]
2010-11-14 15:30:43 PST,kinetik,Status,RESOLVED,ASSIGNED
2010-11-14 15:30:43 PST,kinetik,Resolution,FIXED,---
2010-11-14 15:30:43 PST,kinetik,CC,kinetik,
2010-11-14 15:30:43 PST,kinetik,Last Resolved,2010-11-14 15:30:43,
2010-11-14 17:08:44 PST,kinetik,Status,REOPENED,RESOLVED
2010-11-14 17:08:44 PST,kinetik,Resolution,---,FIXED
2010-11-14 17:35:34 PST,bzbarsky,Whiteboard,[need landing],
2010-11-14 22:07:50 PST,bzbarsky,Attachment #490515                Flags,review?(roc),
2010-11-14 22:08:03 PST,bzbarsky,Whiteboard,[need review],[need landing]
2010-11-15 00:00:43 PST,bzbarsky,Attachment #489753                Attachment is obsolete,1,0
2010-11-15 00:00:43 PST,bzbarsky,Attachment #490515                Attachment is obsolete,1,0
2010-11-15 00:00:43 PST,bzbarsky,Attachment #490528                Flags,review?(roc),
2010-11-15 00:00:43 PST,bzbarsky,Attachment #490515                Flags,,review?(roc)
2010-11-15 00:02:13 PST,roc,Attachment #490528                Flags,review+,review?(roc)
2010-11-15 00:12:33 PST,bzbarsky,Whiteboard,[need landing],[need review]
2010-11-16 05:28:48 PST,bzbarsky,Whiteboard,,[need landing]
2010-11-16 05:28:48 PST,bzbarsky,Status,RESOLVED,REOPENED
2010-11-16 05:28:48 PST,bzbarsky,Resolution,FIXED,---
2010-11-16 05:28:48 PST,bzbarsky,Target Milestone,mozilla2.0b8,---
2010-11-16 05:28:48 PST,bzbarsky,Flags,in-testsuite?,
2010-11-16 05:28:48 PST,bzbarsky,Last Resolved,2010-11-16 05:28:48,2010-11-14 15:30:43
2011-07-18 16:17:19 PDT,martijn.martijn,CC,martijn.martijn,
