When,Who,What,Added,Removed
2010-11-10 01:29:03 PST,magicdice,CC,magicdice,
2011-01-04 15:44:54 PST,christian,Blocks,,609063
2011-01-04 19:58:24 PST,christian,Blocks,609063,
2011-01-21 14:06:45 PST,chofmann,CC,chofmann,
2011-07-25 10:10:58 PDT,wmccloskey,CC,josh,
2011-12-28 10:40:11 PST,nobody,Product,Socorro,Webtools
2011-12-28 10:40:11 PST,nobody,Component,General,Socorro
2012-02-27 11:57:30 PST,laura,Whiteboard,[search],
2012-02-27 12:03:38 PST,laura,Depends on,656297,
2013-07-02 06:45:19 PDT,adrian,CC,adrian,
2013-07-02 06:45:19 PDT,adrian,Hardware,All,x86
2013-07-02 06:45:19 PDT,adrian,Depends on,678101,
2013-07-02 06:45:19 PDT,adrian,OS,All,Windows 7
2013-10-10 06:37:15 PDT,adrian,Resolution,FIXED,---
2013-10-10 06:37:15 PDT,adrian,Last Resolved,2013-10-10 06:37:15,
2013-10-10 06:37:15 PDT,adrian,Status,RESOLVED,NEW
