When,Who,What,Added,Removed
2010-11-09 18:22:49 PST,dmandelin,CC,dmandelin,
2010-11-09 18:22:49 PST,dmandelin,blocking2.0,betaN+,---
2010-11-09 18:55:49 PST,matjk7,CC,matjk7,
2010-11-10 01:04:40 PST,dvander,Blocks,594247,
2010-11-10 01:38:38 PST,magicdice,CC,magicdice,
2010-11-10 09:28:50 PST,luke,Attachment #489525                Flags,review?(dvander),
2010-11-10 10:23:14 PST,dvander,Attachment #489525                Flags,review+,review?(dvander)
2010-11-10 11:00:59 PST,highmind63,CC,highmind63,
2010-11-10 16:26:41 PST,luke,Whiteboard,fixed-in-tracemonkey,
2010-11-22 09:13:34 PST,sayrer,Status,RESOLVED,ASSIGNED
2010-11-22 09:13:34 PST,sayrer,Resolution,FIXED,---
2010-11-22 09:13:34 PST,sayrer,Last Resolved,2010-11-22 09:13:34,
