When,Who,What,Added,Removed
2010-12-05 13:34:24 PST,cpearce,Status,RESOLVED,NEW
2010-12-05 13:34:24 PST,cpearce,Resolution,FIXED,---
2010-12-05 13:34:24 PST,cpearce,CC,chris,
2010-12-05 13:34:24 PST,cpearce,Last Resolved,2010-12-05 13:34:24,
2010-12-08 17:17:32 PST,philringnalda,Status,REOPENED,RESOLVED
2010-12-08 17:17:32 PST,philringnalda,Resolution,---,FIXED
2011-06-06 19:59:26 PDT,kinetik,CC,kinetik,
2011-06-06 19:59:26 PDT,kinetik,Depends on,623444,
2011-08-07 16:33:59 PDT,cpearce,Target Milestone,mozilla8,---
2011-08-07 16:33:59 PDT,cpearce,Last Resolved,2011-08-07 16:33:59,2010-12-05 13:34:24
2011-08-07 16:33:59 PDT,cpearce,Status,RESOLVED,REOPENED
2011-08-07 16:33:59 PDT,cpearce,Resolution,FIXED,---
2011-08-07 16:33:59 PDT,cpearce,Depends on,675839,
2011-12-01 17:02:06 PST,kinetik,Depends on,,623444
2012-11-19 14:40:48 PST,nobody,Keywords,intermittent-failure,
2012-11-25 19:31:15 PST,nobody,Whiteboard,,[orange]
