When,Who,What,Added,Removed
2010-11-09 22:15:19 PST,blassey.bugs,Attachment #489417                Flags,review?(khuey),
2010-11-10 16:10:04 PST,khuey,Attachment #489417                Flags,review+,review?(khuey)
2010-11-11 10:24:15 PST,blassey.bugs,Attachment #489417                Flags,approval2.0?,
2010-11-11 10:27:39 PST,gavin.sharp,Attachment #489417                Flags,approval2.0+,approval2.0?
2010-11-11 14:33:26 PST,blassey.bugs,Status,RESOLVED,NEW
2010-11-11 14:33:26 PST,blassey.bugs,Resolution,FIXED,---
2010-11-11 14:33:26 PST,blassey.bugs,Last Resolved,2010-11-11 14:33:26,
2011-06-11 04:34:54 PDT,dao,Assignee,blassey.bugs,nobody
