When,Who,What,Added,Removed
2010-11-10 11:41:19 PST,bugzilla,Product,Mozilla Localizations,Firefox
2010-11-10 11:41:19 PST,bugzilla,Component,hu / Hungarian,Toolbars
2010-11-10 11:41:19 PST,bugzilla,Assignee,timar74,nobody
2010-11-10 11:41:19 PST,bugzilla,QA Contact,timar74,toolbars
2010-11-10 11:41:19 PST,bugzilla,CC,matti,
2010-11-10 12:08:26 PST,timar74,Status,RESOLVED,UNCONFIRMED
2010-11-10 12:08:26 PST,timar74,Resolution,FIXED,---
2010-11-10 12:08:26 PST,timar74,Last Resolved,2010-11-10 12:08:26,
