When,Who,What,Added,Removed
2010-11-10 05:10:13 PST,odvarko,Whiteboard,[firebug-p1],
2010-11-10 05:10:13 PST,odvarko,CC,dmandelin, johnjbarton, sayrer,
2010-11-10 05:10:13 PST,odvarko,blocking2.0,?,---
2010-11-10 05:20:58 PST,sylvain.pasche,CC,sylvain.pasche,
2010-11-10 07:06:30 PST,bzbarsky,CC,bzbarsky,
2010-11-10 13:53:48 PST,jorendorff,CC,jorendorff,
2010-11-11 00:51:34 PST,fabian.jakobs,CC,fabian.jakobs,
2010-11-12 00:16:57 PST,odvarko,Attachment #489466                Attachment is obsolete,1,0
2010-11-13 14:31:42 PST,brendan,Hardware,All,x86
2010-11-13 14:31:42 PST,brendan,OS,All,Windows Vista
2010-11-13 14:31:42 PST,brendan,CC,brendan,
2010-11-16 18:11:08 PST,jorendorff,Assignee,jorendorff,general
2010-11-30 18:24:25 PST,dvander,CC,dvander,
2010-12-08 08:38:30 PST,dangoor,CC,kdangoor,
2010-12-09 12:19:13 PST,sayrer,blocking2.0,final+,?
2010-12-10 09:45:19 PST,highmind63,CC,highmind63,
2010-12-13 15:08:10 PST,sayrer,Keywords,regression,
2010-12-24 08:18:37 PST,urkle,CC,urkle,
2010-12-30 18:16:01 PST,jwalden+bmo,CC,erikvvold,
2011-01-03 18:20:47 PST,dmandelin,Whiteboard,[firebug-p1][hardblocker],[firebug-p1]
2011-01-04 11:58:41 PST,yehudab,CC,yehudab,
2011-01-04 12:01:16 PST,bzbarsky,Blocks,622708,
2011-01-06 17:08:04 PST,dmandelin,Assignee,dmandelin,jorendorff
2011-01-06 18:14:56 PST,dmandelin,Attachment #501892                Flags,review?(gal),
2011-01-06 18:15:12 PST,dmandelin,Attachment #501892                Flags,review?(dvander),
2011-01-06 18:26:48 PST,dvander,Attachment #501892                Flags,review+,review?(dvander)
2011-01-06 18:38:24 PST,dmandelin,Attachment #501892                Attachment is obsolete,1,0
2011-01-06 18:38:24 PST,dmandelin,Attachment #501892                Flags,,review?(gal)
2011-01-06 18:39:46 PST,dmandelin,Attachment #501897                Flags,review?(gal),
2011-01-06 18:52:57 PST,gal,Attachment #501897                Flags,review+,review?(gal)
2011-01-06 18:53:56 PST,gal,CC,gal,
2011-01-07 11:33:07 PST,dmandelin,Whiteboard,[firebug-p1][hardblocker][fixed-in-tracemonkey],[firebug-p1][hardblocker]
2011-01-07 11:33:07 PST,dmandelin,Status,ASSIGNED,NEW
2011-01-08 01:09:24 PST,cdleary,Resolution,FIXED,---
2011-01-08 01:09:24 PST,cdleary,CC,cdleary,
2011-01-08 01:09:24 PST,cdleary,Last Resolved,2011-01-08 01:09:24,
2011-01-08 01:09:24 PST,cdleary,Status,RESOLVED,ASSIGNED
2011-01-10 15:00:13 PST,dmandelin,CC,josh,
2011-01-10 15:00:13 PST,dmandelin,Blocks,,622708
