When,Who,What,Added,Removed
2010-11-10 13:29:40 PST,fwenzel,Depends on,611109,
2010-11-10 13:29:40 PST,fwenzel,Target Milestone,2.1,2.0
2010-11-10 13:29:40 PST,fwenzel,Assignee,fwenzel,nobody
2010-11-10 13:29:40 PST,fwenzel,CC,fwenzel,
2010-11-23 09:30:34 PST,fwenzel,Priority,P2,--
2010-11-23 16:25:35 PST,fwenzel,Status,RESOLVED,NEW
2010-11-23 16:25:35 PST,fwenzel,Resolution,FIXED,---
2010-11-23 16:25:35 PST,fwenzel,Last Resolved,2010-11-23 16:25:35,
2010-11-23 17:05:34 PST,stephen.donner,Status,VERIFIED,RESOLVED
2011-06-23 09:29:15 PDT,nobody,Product,Input,Webtools
2011-06-23 09:29:15 PDT,nobody,Component,General,Input
