When,Who,What,Added,Removed
2010-11-10 07:50:50 PST,laura,CC,lars, laura,
2010-11-10 07:50:50 PST,laura,Target Milestone,1.7.7,---
2010-11-10 09:17:53 PST,chofmann,CC,bclary,
2010-11-10 11:12:06 PST,alqahira,Summary,"Versions" column in topcrashers CSV doesn't differentiate between products, has version number collisions,"Versions" column in CSV doesn't differentiate between products, has version number collisions
2010-11-10 11:29:34 PST,ryansnyder.me+bugs,Status,ASSIGNED,NEW
2010-11-10 11:29:34 PST,ryansnyder.me+bugs,Assignee,ryan,nobody
2010-11-10 11:29:34 PST,ryansnyder.me+bugs,CC,ryan,
2010-11-17 14:26:41 PST,vseerror,CC,vseerror,
2010-11-17 16:09:12 PST,vseerror,CC,ludovic, rsx11m.pub,
2010-12-15 12:00:09 PST,ryansnyder.me+bugs,Status,RESOLVED,ASSIGNED
2010-12-15 12:00:09 PST,ryansnyder.me+bugs,Resolution,FIXED,---
2010-12-15 12:00:09 PST,ryansnyder.me+bugs,Last Resolved,2010-12-15 12:00:09,
2011-12-28 10:40:11 PST,nobody,Product,Socorro,Webtools
2011-12-28 10:40:11 PST,nobody,Component,General,Socorro
