When,Who,What,Added,Removed
2010-11-10 00:11:19 PST,mh+mozilla,Attachment #489435                Flags,review?(jst),
2010-11-10 13:36:05 PST,jst,Attachment #489435                Flags,review+, approval2.0+,review?(jst)
2010-11-11 00:02:22 PST,mh+mozilla,Assignee,mh+mozilla,nobody
2010-11-11 00:29:02 PST,mh+mozilla,Status,RESOLVED,NEW
2010-11-11 00:29:02 PST,mh+mozilla,Resolution,FIXED,---
2010-11-11 00:29:02 PST,mh+mozilla,Target Milestone,mozilla2.0b8,---
2010-11-11 00:29:02 PST,mh+mozilla,Last Resolved,2010-11-11 00:29:02,
