When,Who,What,Added,Removed
2010-11-10 07:02:30 PST,starkov.egor,Attachment #489479                Flags,review?,
2010-11-10 07:04:58 PST,starkov.egor,Attachment #489479                Flags,review?(mark.finkle),review?
2010-11-10 07:06:27 PST,mark.finkle,Attachment #489479                Flags,review+,review?(mark.finkle)
2010-11-10 07:16:40 PST,romaxa,Status,ASSIGNED,UNCONFIRMED
2010-11-10 07:16:40 PST,romaxa,Assignee,starkov.egor,nobody
2010-11-10 07:16:40 PST,romaxa,CC,romaxa,
2010-11-10 07:16:40 PST,romaxa,Ever confirmed,1,0
2010-11-10 07:16:40 PST,romaxa,tracking-fennec,?,---
2010-11-10 07:35:54 PST,madhava,CC,madhava,
2010-11-10 07:39:31 PST,mark.finkle,Resolution,FIXED,---
2010-11-10 07:39:31 PST,mark.finkle,CC,mark.finkle,
2010-11-10 07:39:31 PST,mark.finkle,Last Resolved,2010-11-10 07:39:31,
2010-11-10 07:39:31 PST,mark.finkle,Status,RESOLVED,ASSIGNED
2010-11-11 16:41:54 PST,nhirata.bugzilla,Status,VERIFIED,RESOLVED
2010-11-11 16:41:54 PST,nhirata.bugzilla,CC,nhirata.bugzilla,
2013-12-10 10:00:17 PST,nobody,tracking-fennec,---,?
