When,Who,What,Added,Removed
2010-11-10 08:18:13 PST,raymond,CC,raymond,
2010-11-10 08:18:13 PST,raymond,Target Milestone,Future,---
2010-11-10 09:43:39 PST,khanes,Priority,P3,--
2010-11-10 09:43:39 PST,khanes,CC,khanes,
2010-11-10 09:43:39 PST,khanes,OS,Windows CE,Linux
2010-11-11 20:08:48 PST,raymond,Attachment #490021                Flags,feedback?(ian),
2010-11-12 11:29:03 PST,ian,Attachment #490021                Flags,feedback-,feedback?(ian)
2011-04-11 00:52:57 PDT,raymond,Summary,TabView should set its visibility with tab-view-deck.selectedPanel rather than selectedIndex,TabView should set its visibility with tab-view-deck.selectedItem rather than selectedIndex
2011-04-11 00:52:57 PDT,raymond,Status,NEW,UNCONFIRMED
2011-04-11 00:52:57 PDT,raymond,Ever confirmed,1,0
2011-04-11 17:32:30 PDT,raymond,Assignee,raymond,nobody
2011-04-11 17:32:30 PDT,raymond,Attachment #490021                Attachment is obsolete,1,0
2011-04-11 17:32:30 PDT,raymond,Attachment #525236                Flags,feedback?(tim.taubert),
2011-04-11 17:32:50 PDT,raymond,Hardware,All,x86_64
2011-04-11 17:32:50 PDT,raymond,OS,All,Windows CE
2011-04-11 17:33:00 PDT,raymond,Version,4.0 Branch,unspecified
2011-04-12 05:26:49 PDT,ttaubert,Attachment #525236                Flags,feedback+,feedback?(tim.taubert)
2011-04-12 08:41:54 PDT,raymond,Attachment #525236                Attachment is obsolete,1,0
2011-04-12 08:41:54 PDT,raymond,Attachment #525395                Flags,review?(ian),
2011-04-12 11:29:21 PDT,raymond,Status,ASSIGNED,NEW
2011-04-13 18:05:27 PDT,ian,Attachment #525395                Flags,review+,review?(ian)
2011-04-13 20:31:02 PDT,raymond,Attachment #525395                Attachment is obsolete,1,0
2011-04-13 21:07:42 PDT,raymond,Keywords,checkin-needed,
2011-04-14 12:59:44 PDT,ehsan,Keywords,,checkin-needed
2011-04-14 12:59:44 PDT,ehsan,Whiteboard,fixed-in-cedar,
2011-04-14 12:59:44 PDT,ehsan,CC,ehsan,
2011-04-14 12:59:44 PDT,ehsan,Target Milestone,Firefox 6,Future
2011-04-15 07:01:20 PDT,ehsan,Resolution,FIXED,---
2011-04-15 07:01:20 PDT,ehsan,Last Resolved,2011-04-15 07:01:20,
2011-04-15 07:01:20 PDT,ehsan,Whiteboard,,fixed-in-cedar
2011-04-15 07:01:20 PDT,ehsan,Status,RESOLVED,ASSIGNED
