When,Who,What,Added,Removed
2010-11-15 15:39:22 PST,jhford,CC,jhford,
2010-11-16 04:58:44 PST,hskupin,CC,hskupin,
2010-11-16 06:00:30 PST,bhearsum,CC,bhearsum,
2010-11-18 13:21:55 PST,coop,Whiteboard,[automation][mozmill][updates],
2010-11-18 13:21:55 PST,coop,Priority,P3,--
2010-11-18 13:21:55 PST,coop,CC,coop,
2010-12-07 11:24:58 PST,bhearsum,Depends on,614576,
2010-12-08 17:16:45 PST,gmealer,Blocks,617816,
2011-11-11 23:31:22 PST,escapewindow+mozbugs,CC,aki,
2011-12-09 06:36:36 PST,hskupin,Blocks,709052,617816
2011-12-12 11:21:15 PST,hskupin,Status,RESOLVED,NEW
2011-12-12 11:21:15 PST,hskupin,Resolution,FIXED,---
2011-12-12 11:21:15 PST,hskupin,Last Resolved,2011-12-12 11:21:15,
2011-12-12 16:15:38 PST,hskupin,Status,REOPENED,RESOLVED
2011-12-12 16:15:38 PST,hskupin,Resolution,---,FIXED
2011-12-22 08:39:10 PST,catlee,Status,RESOLVED,REOPENED
2011-12-22 08:39:10 PST,catlee,Resolution,FIXED,---
2011-12-22 08:39:10 PST,catlee,CC,catlee,
2011-12-22 08:39:10 PST,catlee,Last Resolved,2011-12-22 08:39:10,2011-12-12 11:21:15
2011-12-22 09:17:04 PST,hskupin,Status,VERIFIED,RESOLVED
2013-08-12 21:54:08 PDT,nobody,Product,Release Engineering,mozilla.org
