When,Who,What,Added,Removed
2010-11-10 00:28:50 PST,dao,Component,Theme,General
2010-11-10 00:28:50 PST,dao,QA Contact,theme,general
2010-11-10 07:23:08 PST,jmathies,blocking2.0,?,---
2010-11-10 07:23:08 PST,jmathies,CC,jmathies,
2010-11-15 11:18:55 PST,ehsan,CC,ehsan,
2010-11-15 18:45:11 PST,dewmigg,CC,dewmigg,
2010-12-03 06:56:18 PST,dao,Status,ASSIGNED,NEW
2010-12-03 06:56:18 PST,dao,Assignee,dao,nobody
2010-12-03 06:56:18 PST,dao,Attachment #494992                Flags,approval2.0?,
2010-12-03 06:56:50 PST,dao,Severity,trivial,normal
2010-12-03 06:56:50 PST,dao,Keywords,polish,
2010-12-06 07:57:34 PST,gavin.sharp,Attachment #494992                Flags,approval2.0+,approval2.0?
2010-12-07 00:48:48 PST,dao,Keywords,checkin-needed,
2010-12-07 05:35:18 PST,dao,Keywords,,checkin-needed
2010-12-07 05:35:18 PST,dao,Status,RESOLVED,ASSIGNED
2010-12-07 05:35:18 PST,dao,Resolution,FIXED,---
2010-12-07 05:35:18 PST,dao,Target Milestone,Firefox 4.0b8,---
2010-12-07 05:35:18 PST,dao,Last Resolved,2010-12-07 05:35:18,
2010-12-07 05:35:48 PST,dao,blocking2.0,---,?
2010-12-16 16:14:01 PST,mcdavis941.bugs,CC,mcdavis941.bugs,
2013-11-11 23:50:32 PST,fryn,CC,,fryn
