When,Who,What,Added,Removed
2010-11-09 22:24:56 PST,hskupin,CC,gmealer, hskupin, mrbkap,
2010-11-10 06:29:20 PST,bzbarsky,CC,bzbarsky,
2010-11-10 06:29:20 PST,bzbarsky,blocking2.0,?,---
2010-11-10 08:14:17 PST,bzbarsky,CC,dvander, jorendorff,
2010-11-10 09:14:56 PST,hskupin,CC,ctalbert,
2010-11-12 11:15:16 PST,dmandelin,Blocks,611432,
2010-11-17 17:04:46 PST,mrbkap,Attachment #491389                Flags,review?(peterv),
2010-11-17 17:04:46 PST,mrbkap,Status,ASSIGNED,NEW
2010-11-17 17:04:46 PST,mrbkap,Assignee,mrbkap,general
2010-11-17 21:21:17 PST,jruderman,Blocks,603524,
2010-11-22 17:23:11 PST,bzbarsky,Blocks,614131,
2010-11-23 07:56:15 PST,sayrer,CC,sayrer,
2010-11-23 07:56:15 PST,sayrer,blocking2.0,beta8+,?
2010-11-23 17:47:17 PST,jst,Attachment #491389                Flags,review+,review?(peterv)
2010-11-26 10:30:59 PST,highmind63,CC,highmind63,
2010-11-29 12:18:17 PST,bzbarsky,Blocks,615260,
2010-12-02 14:45:32 PST,mrbkap,Whiteboard,[compartments][mozmill] fixed-in-tracemonkey,[compartments][mozmill]
2010-12-06 17:30:58 PST,sayrer,Status,RESOLVED,ASSIGNED
2010-12-06 17:30:58 PST,sayrer,Resolution,FIXED,---
2010-12-06 17:30:58 PST,sayrer,Last Resolved,2010-12-06 17:30:58,
2010-12-06 17:32:07 PST,mrbkap,Status,REOPENED,RESOLVED
2010-12-06 17:32:07 PST,mrbkap,Resolution,---,FIXED
2010-12-08 15:41:48 PST,sayrer,Status,RESOLVED,REOPENED
2010-12-08 15:41:48 PST,sayrer,Resolution,FIXED,---
2010-12-08 15:41:48 PST,sayrer,Last Resolved,2010-12-08 15:41:48,2010-12-06 17:30:58
2010-12-12 21:19:31 PST,hskupin,Status,REOPENED,RESOLVED
2010-12-12 21:19:31 PST,hskupin,Resolution,---,FIXED
2010-12-13 00:59:40 PST,pike,CC,pike,
2010-12-13 12:16:55 PST,gal,CC,gal,
2010-12-13 12:34:33 PST,gal,Blocks,618871,
2010-12-13 12:35:58 PST,gal,Status,RESOLVED,REOPENED
2010-12-13 12:35:58 PST,gal,Resolution,FIXED,---
2010-12-13 12:35:58 PST,gal,Last Resolved,2010-12-13 12:35:58,2010-12-08 15:41:48
2011-01-07 18:27:34 PST,hskupin,Whiteboard,[compartments][mozmill][fixed-in-tracemonkey],[compartments][mozmill] fixed-in-tracemonkey
2011-01-07 18:27:34 PST,hskupin,Status,VERIFIED,RESOLVED
2011-01-07 18:27:34 PST,hskupin,Target Milestone,mozilla2.0b9,---
2011-06-13 10:01:51 PDT,nobody,Crash Signature,[@ jscntxtinlines.h:541],
