When,Who,What,Added,Removed
2010-11-10 05:14:29 PST,standard8,Attachment #489470                Flags,review?,
2010-11-10 05:14:48 PST,standard8,Attachment #489470                Flags,review?(sdwilsh),review?
2010-11-18 11:29:48 PST,sdwilsh,Attachment #489470                Flags,review+,review?(sdwilsh)
2010-11-19 08:03:52 PST,standard8,Status,RESOLVED,NEW
2010-11-19 08:03:52 PST,standard8,Resolution,FIXED,---
2010-11-19 08:03:52 PST,standard8,Target Milestone,mozilla2.0b8,---
2010-11-19 08:03:52 PST,standard8,Last Resolved,2010-11-19 08:03:52,
