When,Who,What,Added,Removed
2010-11-09 21:55:06 PST,srinivas,CC,jbecerra, srinivas,
2010-11-09 22:34:48 PST,alice0775,CC,alice0775,
2010-11-09 22:44:44 PST,alice0775,blocking2.0,?,---
2010-11-09 22:44:44 PST,alice0775,OS,All,Windows 7
2010-11-09 22:44:44 PST,alice0775,Status,NEW,UNCONFIRMED
2010-11-09 22:44:44 PST,alice0775,Target Milestone,Firefox 4.0,---
2010-11-09 22:44:44 PST,alice0775,Ever confirmed,1,0
2010-11-09 23:00:42 PST,alice0775,Keywords,dataloss,
2010-11-09 23:26:59 PST,srinivas,CC,aravind,
2010-11-10 01:16:46 PST,raymond,Assignee,raymond,nobody
2010-11-10 01:16:46 PST,raymond,CC,raymond,
2010-11-10 01:38:27 PST,raymond,Depends on,599626,
2010-11-15 11:12:57 PST,dietrich,CC,dietrich,
2010-11-15 11:12:57 PST,dietrich,blocking2.0,final+,?
2010-11-19 09:28:33 PST,ian,Status,RESOLVED,NEW
2010-11-19 09:28:33 PST,ian,Resolution,FIXED,---
2010-11-19 09:28:33 PST,ian,CC,ian,
2010-11-19 09:28:33 PST,ian,Last Resolved,2010-11-19 09:28:33,
