When,Who,What,Added,Removed
2010-11-10 16:48:48 PST,phong,Assignee,jeremy.orem+bugs,server-ops
2010-11-10 16:48:48 PST,phong,CC,phong,
2010-11-10 16:48:48 PST,phong,Flags,needs-downtime+,
2010-11-10 16:52:26 PST,oremj,Status,RESOLVED,NEW
2010-11-10 16:52:26 PST,oremj,Resolution,FIXED,---
2010-11-10 16:52:26 PST,oremj,Last Resolved,2010-11-10 16:52:26,
2010-11-10 17:23:21 PST,krupa.mozbugs,Status,VERIFIED,RESOLVED
2013-10-09 10:29:28 PDT,nobody,Product,Infrastructure & Operations,mozilla.org
2013-10-09 10:29:28 PDT,nobody,Component,WebOps: Other,Server Operations: Web Operations
