When,Who,What,Added,Removed
2010-11-10 10:47:44 PST,aaron.train,CC,aaron.train,
2010-11-10 10:47:54 PST,aaron.train,CC,anthony.s.hughes,
2010-11-10 10:48:03 PST,aaron.train,Summary,Security Warning modal dialog visible and not handled in testSecurity tests,Security Warning modal dialog not visible and not handled in testSecurity tests
2010-11-10 13:49:32 PST,aaron.train,URL,http://mozmill-release.brasstacks.mozilla.com/#/general/report/4738be70d0c612b1ccba71cb05161730,
2010-11-11 11:02:15 PST,anthony.s.hughes,Depends on,611386,
2010-11-11 18:13:25 PST,aaron.train,Status,RESOLVED,NEW
2010-11-11 18:13:25 PST,aaron.train,Resolution,FIXED,---
2010-11-11 18:13:25 PST,aaron.train,Last Resolved,2010-11-11 18:13:25,
2010-11-19 12:36:38 PST,hskupin,Product,Mozilla QA,Testing
2010-11-19 12:36:38 PST,hskupin,Version,unspecified,Trunk
2010-11-19 12:36:38 PST,hskupin,Component,Mozmill Tests,Mozmill Tests
