When,Who,What,Added,Removed
2010-11-10 09:02:06 PST,joe,Attachment #489515                Flags,review?(jmuizelaar),
2010-11-10 09:02:32 PST,jmuizelaar,Attachment #489515                Flags,review+,review?(jmuizelaar)
2010-11-10 10:56:05 PST,joe,blocking2.0,betaN+,---
2010-11-10 11:01:33 PST,highmind63,CC,highmind63,
2010-11-10 11:01:43 PST,highmind63,Flags,in-testsuite?,
2010-11-10 22:06:04 PST,gavin.sharp,Attachment #489515                Flags,approval2.0+,
2010-11-11 10:51:19 PST,gavin.sharp,Attachment #489515                Flags,,approval2.0+
2010-11-11 12:38:01 PST,joe,Status,RESOLVED,NEW
2010-11-11 12:38:01 PST,joe,Resolution,FIXED,---
2010-11-11 12:38:01 PST,joe,Last Resolved,2010-11-11 12:38:01,
