When,Who,What,Added,Removed
2010-11-10 09:37:22 PST,ryansnyder.me+bugs,Target Milestone,1.7.6,---
2010-11-10 09:37:22 PST,ryansnyder.me+bugs,Last Resolved,2010-11-10 09:37:22,
2010-11-10 09:37:22 PST,ryansnyder.me+bugs,Status,RESOLVED,ASSIGNED
2010-11-10 09:37:22 PST,ryansnyder.me+bugs,Resolution,FIXED,---
2010-11-10 11:54:57 PST,vish.mozilla,Status,VERIFIED,RESOLVED
2010-11-10 11:54:57 PST,vish.mozilla,CC,vish.mozilla,
2011-12-28 10:40:11 PST,nobody,Product,Socorro,Webtools
2011-12-28 10:40:11 PST,nobody,Component,General,Socorro
