When,Who,What,Added,Removed
2010-11-10 11:48:20 PST,jaas,CC,joshmoz, mstange, smichaud,
2010-11-10 12:14:35 PST,crowderbt,CC,crowderbt,
2010-11-10 12:27:00 PST,dolske,CC,dolske,
2010-11-10 12:38:52 PST,kinetik,CC,kinetik,
2010-11-10 12:47:34 PST,bent.mozilla,CC,bent.mozilla,
2010-11-10 12:55:00 PST,jseward,CC,jseward,
2010-11-10 14:47:14 PST,sdwilsh,CC,sdwilsh,
2010-11-10 20:07:37 PST,alqahira,CC,jruderman,
2010-11-10 22:01:41 PST,bzbarsky,CC,bzbarsky,
2010-11-12 07:12:13 PST,peterv,CC,peterv,
2010-11-22 02:06:34 PST,jwatt,CC,jwatt,
2011-07-29 07:50:50 PDT,mstange,Depends on,675208,
2011-08-10 03:59:06 PDT,mstange,Status,RESOLVED,NEW
2011-08-10 03:59:06 PDT,mstange,Resolution,FIXED,---
2011-08-10 03:59:06 PDT,mstange,Target Milestone,mozilla8,---
2011-08-10 03:59:06 PDT,mstange,Last Resolved,2011-08-10 03:59:06,
2011-08-10 03:59:06 PDT,mstange,Version,Trunk,unspecified
2011-11-03 13:07:35 PDT,bgirard,Depends on,699538,
