When,Who,What,Added,Removed
2010-11-10 10:47:51 PST,paul+moz,Summary,{note} and {warning} styling,{note} styling
2010-11-10 22:45:16 PST,scoobidiver,CC,scoobidiver,
2010-11-11 15:15:36 PST,me+bugzilla,CC,cwwmozilla, djst, james,
2010-11-11 16:00:46 PST,paul+moz,CC,mverdi,
2010-11-12 16:25:39 PST,me+bugzilla,Assignee,nobody,chowse
2010-11-15 07:40:30 PST,rrosario,CC,rrosario,
2010-11-15 07:40:30 PST,rrosario,Assignee,rrosario,nobody
2010-11-15 16:08:20 PST,rrosario,Status,RESOLVED,NEW
2010-11-15 16:08:20 PST,rrosario,Resolution,FIXED,---
2010-11-15 16:08:20 PST,rrosario,Last Resolved,2010-11-15 16:08:20,
2010-11-17 13:28:58 PST,chris,CC,chowse,
2010-11-18 16:22:51 PST,rbillings,Status,VERIFIED,RESOLVED
2010-11-18 16:22:51 PST,rbillings,CC,rbillings,
