When,Who,What,Added,Removed
2010-11-10 08:35:33 PST,ryansnyder.me+bugs,CC,lars, laura, robert,
2010-11-10 11:03:56 PST,rhelmer,Status,ASSIGNED,NEW
2010-11-10 11:03:56 PST,rhelmer,Assignee,robert,nobody
2010-11-10 12:12:53 PST,rhelmer,Attachment #489575                Flags,review?(lars),
2010-11-10 12:44:59 PST,lars,Attachment #489575                Flags,review+,review?(lars)
2010-11-10 12:54:50 PST,stephen.donner,CC,stephen.donner,
2010-11-10 12:54:50 PST,stephen.donner,Flags,in-testsuite?,
2010-11-10 12:57:43 PST,rhelmer,Status,RESOLVED,ASSIGNED
2010-11-10 12:57:43 PST,rhelmer,Resolution,FIXED,---
2010-11-10 12:57:43 PST,rhelmer,Last Resolved,2010-11-10 12:57:43,
2010-11-10 13:11:43 PST,dburns,CC,dburns,
2010-11-10 13:59:05 PST,stephen.donner,CC,david.burns,
2010-11-10 14:20:52 PST,dburns,CC,,david.burns
2010-11-10 15:57:51 PST,rhelmer,Attachment #489667                Flags,review?(lars),
2010-11-10 15:58:01 PST,rhelmer,Status,REOPENED,RESOLVED
2010-11-10 15:58:01 PST,rhelmer,Resolution,---,FIXED
2010-11-10 16:11:50 PST,lars,Attachment #489667                Flags,review+,review?(lars)
2010-11-10 17:55:54 PST,rhelmer,Status,RESOLVED,REOPENED
2010-11-10 17:55:54 PST,rhelmer,Resolution,FIXED,---
2010-11-10 17:55:54 PST,rhelmer,Last Resolved,2010-11-10 17:55:54,2010-11-10 12:57:43
2010-11-10 18:06:05 PST,stephen.donner,Status,VERIFIED,RESOLVED
2010-11-11 01:46:19 PST,stephen.donner,CC,cbook,
2010-11-11 08:29:24 PST,rhelmer,Attachment #489667                Attachment is obsolete,1,0
2010-11-11 08:29:24 PST,rhelmer,Attachment #489710                Attachment is obsolete,1,0
2010-11-11 08:29:24 PST,rhelmer,Attachment #489723                Attachment is obsolete,1,0
2010-11-11 08:29:24 PST,rhelmer,Attachment #489575                Attachment is obsolete,1,0
2010-11-11 13:01:48 PST,laura,Target Milestone,1.7.5,---
2011-12-28 10:40:11 PST,nobody,Product,Socorro,Webtools
2011-12-28 10:40:11 PST,nobody,Component,General,Socorro
2012-01-17 13:33:36 PST,dkl,Flags,in-testsuite?,
