When,Who,What,Added,Removed
2011-03-15 11:46:37 PDT,mbrubeck,CC,mbrubeck,
2011-03-15 11:47:30 PDT,mark.finkle,tracking-fennec,2.0next+,---
2011-04-21 10:17:45 PDT,jhford,Attachment #489583                Attachment is obsolete,1,0
2011-04-21 10:17:45 PDT,jhford,Attachment #489584                Attachment is obsolete,1,0
2011-04-21 10:17:45 PDT,jhford,Attachment #527570                Flags,review?(aki),
2011-04-21 10:18:06 PDT,jhford,Attachment #527571                Flags,review?(aki),
2011-04-21 10:18:39 PDT,jhford,Attachment #527573                Flags,feedback?(aki),
2011-04-21 10:49:34 PDT,escapewindow+mozbugs,Attachment #527570                Flags,review+,review?(aki)
2011-04-21 10:56:27 PDT,escapewindow+mozbugs,Attachment #527571                Flags,review+,review?(aki)
2011-04-22 11:03:57 PDT,escapewindow+mozbugs,Attachment #527573                Flags,feedback+,feedback?(aki)
2011-04-25 12:49:43 PDT,jhford,Resolution,FIXED,---
2011-04-25 12:49:43 PDT,jhford,Last Resolved,2011-04-25 12:49:43,
2011-04-25 12:49:43 PDT,jhford,Status,RESOLVED,NEW
2013-08-12 21:54:08 PDT,nobody,Product,Release Engineering,mozilla.org
