When,Who,What,Added,Removed
2010-11-15 08:31:18 PST,me+bugzilla,Priority,P2,--
2010-11-15 08:31:18 PST,me+bugzilla,Assignee,james,nobody
2010-11-15 08:31:18 PST,me+bugzilla,CC,james,
2010-11-17 07:08:09 PST,me+bugzilla,CC,erik,
2010-11-17 07:15:31 PST,me+bugzilla,CC,scoobidiver,
2010-11-17 14:45:33 PST,me+bugzilla,Status,RESOLVED,NEW
2010-11-17 14:45:33 PST,me+bugzilla,Resolution,FIXED,---
2010-11-17 14:45:33 PST,me+bugzilla,Last Resolved,2010-11-17 14:45:33,
2010-11-18 15:26:12 PST,rbillings,Status,VERIFIED,RESOLVED
2010-11-18 15:26:12 PST,rbillings,CC,rbillings,
