When,Who,What,Added,Removed
2010-11-10 08:37:53 PST,me+bugzilla,Priority,P1,--
2010-11-10 08:37:53 PST,me+bugzilla,Assignee,james,nobody
2010-11-10 08:37:53 PST,me+bugzilla,CC,james,
2010-11-11 08:01:32 PST,djst,Depends on,611326,
2010-11-11 10:07:09 PST,me+bugzilla,CC,rbillings,
2010-11-11 10:58:30 PST,mverdi,CC,mverdi,
2010-11-11 13:21:13 PST,me+bugzilla,Status,RESOLVED,NEW
2010-11-11 13:21:13 PST,me+bugzilla,Resolution,FIXED,---
2010-11-11 13:21:13 PST,me+bugzilla,Last Resolved,2010-11-11 13:21:13,
2010-11-11 17:22:41 PST,rbillings,Status,VERIFIED,RESOLVED
2010-11-12 07:14:56 PST,mverdi,Status,REOPENED,VERIFIED
2010-11-12 07:14:56 PST,mverdi,Resolution,---,FIXED
2010-11-12 13:12:06 PST,me+bugzilla,Status,RESOLVED,REOPENED
2010-11-12 13:12:06 PST,me+bugzilla,Resolution,FIXED,---
2010-11-12 13:12:06 PST,me+bugzilla,Last Resolved,2010-11-12 13:12:06,2010-11-11 13:21:13
2010-11-18 07:16:50 PST,me+bugzilla,Status,REOPENED,RESOLVED
2010-11-18 07:16:50 PST,me+bugzilla,Resolution,---,FIXED
2010-11-18 07:40:36 PST,me+bugzilla,Status,RESOLVED,REOPENED
2010-11-18 07:40:36 PST,me+bugzilla,Resolution,FIXED,---
2010-11-18 07:40:36 PST,me+bugzilla,Last Resolved,2010-11-18 07:40:36,2010-11-12 13:12:06
2010-11-18 14:36:31 PST,rbillings,Status,VERIFIED,RESOLVED
