When,Who,What,Added,Removed
2010-11-10 09:13:14 PST,bugzilla,Assignee,ddahl,nobody
2010-11-10 09:13:25 PST,bugzilla,blocking2.0,?,---
2010-11-10 10:58:07 PST,highmind63,CC,highmind63,
2010-11-10 11:44:27 PST,kairo,CC,kairo,
2010-11-10 12:22:57 PST,dangoor,Blocks,593956,
2010-11-10 12:22:57 PST,dangoor,CC,kdangoor,
2010-11-10 22:05:43 PST,gavin.sharp,CC,gavin.sharp,
2010-11-10 22:05:43 PST,gavin.sharp,blocking2.0,betaN+,?
2010-11-11 07:31:03 PST,dangoor,Blocks,601260,
2010-11-18 07:30:30 PST,rcampbell,CC,rcampbell,
2010-11-22 11:32:00 PST,dangoor,Priority,P1,--
2010-11-23 11:23:17 PST,eshepherd,Keywords,dev-doc-needed,
2010-11-23 11:23:17 PST,eshepherd,CC,eshepherd,
2010-11-24 09:22:53 PST,dietrich,Whiteboard,[has wip patch],
2010-11-24 09:22:53 PST,dietrich,CC,dietrich,
2010-11-24 10:53:10 PST,bugzilla,Attachment #491628                Attachment is obsolete,1,0
2010-11-24 10:53:10 PST,bugzilla,Attachment #491694                Attachment is obsolete,1,0
2010-11-24 10:53:10 PST,bugzilla,Attachment #491695                Attachment is obsolete,1,0
2010-11-24 10:57:25 PST,bugzilla,Attachment #493041                Attachment is obsolete,1,0
2010-11-24 10:57:25 PST,bugzilla,Attachment #493042                Flags,feedback?,
2010-12-01 15:29:17 PST,bugzilla,Attachment #493042                Flags,feedback?(rcampbell),feedback?
2010-12-02 03:01:56 PST,hidenosuke,CC,hidenosuke,
2010-12-02 09:33:15 PST,rcampbell,Attachment #493042                Flags,feedback+,feedback?(rcampbell)
2010-12-02 15:49:46 PST,bugzilla,Attachment #493042                Attachment is obsolete,1,0
2010-12-02 15:49:46 PST,bugzilla,Attachment #494860                Flags,review?(gavin.sharp),
2010-12-02 15:53:37 PST,bugzilla,Whiteboard,[has patch],[has wip patch]
2010-12-21 14:23:10 PST,bugzilla,Attachment #494860                Attachment is obsolete,1,0
2010-12-21 14:23:10 PST,bugzilla,Attachment #499154                Flags,review?(gavin.sharp),
2010-12-21 14:23:10 PST,bugzilla,Attachment #494860                Flags,,review?(gavin.sharp)
2010-12-24 11:11:00 PST,gavin.sharp,Attachment #499154                Flags,review-,review?(gavin.sharp)
2011-01-03 08:06:06 PST,dietrich,Whiteboard,[has patch][needs new patch],[has patch]
2011-01-03 20:47:05 PST,bugzilla,Attachment #500967                Flags,feedback?(gavin.sharp),
2011-01-04 16:47:43 PST,bugzilla,Attachment #501210                Flags,feedback?(gavin.sharp),
2011-01-04 16:49:24 PST,bugzilla,Attachment #500967                Attachment is obsolete,1,0
2011-01-04 16:49:24 PST,bugzilla,Attachment #500967                Flags,,feedback?(gavin.sharp)
2011-01-04 16:50:06 PST,bugzilla,Whiteboard,[has patch][has new patch][new direction?],[has patch][needs new patch]
2011-01-04 17:05:56 PST,bugzilla,Attachment #501210                Attachment is obsolete,1,0
2011-01-04 17:05:56 PST,bugzilla,Attachment #501217                Flags,feedback?(gavin.sharp),
2011-01-04 17:05:56 PST,bugzilla,Attachment #501210                Flags,,feedback?(gavin.sharp)
2011-01-05 15:42:18 PST,bugzilla,Attachment #501217                Attachment is obsolete,1,0
2011-01-05 15:42:18 PST,bugzilla,Attachment #501496                Flags,feedback?(gavin.sharp),
2011-01-05 15:42:18 PST,bugzilla,Attachment #501217                Flags,,feedback?(gavin.sharp)
2011-01-06 17:29:24 PST,bugzilla,Attachment #501881                Flags,review?(gavin.sharp),
2011-01-06 17:29:32 PST,bugzilla,Whiteboard,[has patch][has new patch],[has patch][has new patch][new direction?]
2011-01-06 17:29:51 PST,bugzilla,Attachment #499154                Attachment is obsolete,1,0
2011-01-06 17:30:17 PST,bugzilla,Attachment #501881                Attachment description,0.4.2 comments addressed - original patch updated,0.4.1 comments addressed - original patch updated
2011-01-07 11:55:22 PST,mihai.sucan,CC,mihai.sucan,
2011-01-07 12:35:07 PST,bugzilla,Attachment #501496                Attachment is obsolete,1,0
2011-01-07 12:35:07 PST,bugzilla,Attachment #501881                Attachment is obsolete,1,0
2011-01-07 12:35:07 PST,bugzilla,Attachment #502071                Flags,review?(gavin.sharp),
2011-01-07 12:35:07 PST,bugzilla,Attachment #501496                Flags,,feedback?(gavin.sharp)
2011-01-07 12:35:07 PST,bugzilla,Attachment #501881                Flags,,review?(gavin.sharp)
2011-01-11 21:06:17 PST,mbeltzner,Whiteboard,[has patch][has new patch][softblocker],[has patch][has new patch]
2011-01-11 21:06:17 PST,mbeltzner,CC,beltzner,
2011-02-05 07:03:49 PST,rcampbell,Blocks,609890,
2011-02-09 21:53:09 PST,ehsan,Whiteboard,[has patch][has new patch][softblocker][final?],[has patch][has new patch][softblocker]
2011-02-09 21:53:09 PST,ehsan,CC,ehsan,
2011-02-11 12:09:35 PST,bugzilla,Attachment #502071                Attachment is obsolete,1,0
2011-02-11 12:09:35 PST,bugzilla,Attachment #511800                Flags,review?(gavin.sharp),
2011-02-11 12:09:35 PST,bugzilla,Attachment #502071                Flags,,review?(gavin.sharp)
2011-02-11 12:12:15 PST,bugzilla,Whiteboard,[has patch][has new patch][final?],[has patch][has new patch][softblocker][final?]
2011-02-11 12:12:15 PST,bugzilla,Blocks,612658,
2011-02-11 12:12:15 PST,bugzilla,blocking2.0,?,betaN+
2011-02-11 12:12:38 PST,bugzilla,Depends on,612658, 609890,
2011-02-11 12:12:38 PST,bugzilla,Blocks,,609890, 612658
2011-02-14 02:10:59 PST,dietrich,blocking2.0,final+,?
2011-02-15 11:52:14 PST,bugzilla,Whiteboard,[has patch][has new patch][final?][softblocker],[has patch][has new patch][final?]
2011-02-15 11:52:14 PST,bugzilla,CC,johnath,
2011-03-03 07:21:29 PST,mbeltzner,blocking2.0,.x+,final+
2011-03-15 11:04:38 PDT,bugzilla,Whiteboard,[has patch][has new patch][final?][softblocker][console-1],[has patch][has new patch][final?][softblocker]
2011-03-28 16:08:10 PDT,bugzilla,Attachment #511800                Attachment is obsolete,1,0
2011-03-28 16:08:10 PDT,bugzilla,Attachment #522513                Flags,review?,
2011-03-28 16:08:10 PDT,bugzilla,Attachment #511800                Flags,,review?(gavin.sharp)
2011-03-28 16:08:37 PDT,bugzilla,Attachment #522513                Flags,review?(gavin.sharp),review?
2011-04-07 13:12:29 PDT,mbeltzner,CC,,beltzner
2011-04-11 12:58:53 PDT,rcampbell,Attachment #522513                Flags,review+,
2011-05-10 20:54:49 PDT,bugzilla,Attachment #522513                Attachment is obsolete,1,0
2011-05-10 20:54:49 PDT,bugzilla,Attachment #531533                Flags,review?(gavin.sharp),
2011-05-10 20:54:49 PDT,bugzilla,Attachment #522513                Flags,,review?(gavin.sharp)
2011-07-06 12:46:21 PDT,mihai.sucan,Summary,Errors from before the Web Console is opened do not show,Break out HUDConsoleObserver from HUDService
2011-07-06 13:16:47 PDT,mihai.sucan,Assignee,mihai.sucan,ddahl
2011-07-06 13:16:47 PDT,mihai.sucan,Attachment #531533                Attachment is obsolete,1,0
2011-07-06 13:16:47 PDT,mihai.sucan,Attachment #544327                Flags,review?(gavin.sharp),
2011-07-06 13:16:47 PDT,mihai.sucan,Attachment #531533                Flags,,review?(gavin.sharp)
2011-07-06 13:16:47 PDT,mihai.sucan,Status,ASSIGNED,NEW
2011-07-07 05:46:33 PDT,mihai.sucan,Attachment #544327                Attachment is obsolete,1,0
2011-07-07 05:46:33 PDT,mihai.sucan,Attachment #544447                Flags,review?(gavin.sharp),
2011-07-07 05:46:33 PDT,mihai.sucan,Attachment #544327                Flags,,review?(gavin.sharp)
2011-07-08 03:53:29 PDT,mihai.sucan,Attachment #544447                Attachment is obsolete,1,0
2011-07-08 03:53:29 PDT,mihai.sucan,Attachment #544770                Flags,review?(gavin.sharp),
2011-07-08 03:53:29 PDT,mihai.sucan,Attachment #544447                Flags,,review?(gavin.sharp)
2011-07-08 06:34:12 PDT,rcampbell,Whiteboard,[has patch][has new patch][final?][console-1],[has patch][has new patch][final?][softblocker][console-1]
2011-07-08 10:36:01 PDT,mihai.sucan,Attachment #544770                Attachment is obsolete,1,0
2011-07-08 10:36:01 PDT,mihai.sucan,Attachment #544852                Flags,review?(gavin.sharp),
2011-07-08 10:36:01 PDT,mihai.sucan,Attachment #544770                Flags,,review?(gavin.sharp)
2011-07-08 11:41:57 PDT,gavin.sharp,Attachment #544852                Flags,review-,review?(gavin.sharp)
2011-07-12 04:08:22 PDT,mihai.sucan,Depends on,670896,
2011-07-12 12:24:49 PDT,mihai.sucan,Attachment #544852                Attachment is obsolete,1,0
2011-07-12 12:24:49 PDT,mihai.sucan,Attachment #545445                Flags,review?(gavin.sharp),
2011-08-02 11:38:48 PDT,mihai.sucan,Attachment #545445                Attachment is obsolete,1,0
2011-08-02 11:38:48 PDT,mihai.sucan,Attachment #550140                Flags,review?(gavin.sharp),
2011-08-02 11:38:48 PDT,mihai.sucan,Attachment #545445                Flags,,review?(gavin.sharp)
2011-08-02 12:23:42 PDT,dangoor,CC,,kdangoor
2011-08-04 05:58:22 PDT,mihai.sucan,Attachment #550140                Flags,,review?(gavin.sharp)
2011-08-04 05:58:22 PDT,mihai.sucan,Attachment #550140                Attachment is obsolete,1,0
2011-08-04 05:58:22 PDT,mihai.sucan,Attachment #550664                Flags,review?(gavin.sharp),
2011-09-01 19:48:51 PDT,gavin.sharp,Attachment #550664                Flags,review-,review?(gavin.sharp)
2011-09-07 02:55:03 PDT,past,CC,past,
2011-09-09 15:18:38 PDT,gavin.sharp,CC,bzbarsky,
2011-09-13 13:48:47 PDT,josh,CC,josh,
2011-10-05 14:52:54 PDT,rcampbell,Version,9 Branch,Trunk
2011-10-05 14:52:54 PDT,rcampbell,Target Milestone,Firefox 8,---
2011-10-06 09:23:17 PDT,dangoor,Version,Trunk,9 Branch
2011-10-06 09:23:17 PDT,dangoor,Target Milestone,---,Firefox 8
2011-10-07 10:22:56 PDT,mihai.sucan,Attachment #550664                Attachment is obsolete,1,0
2011-10-07 10:22:56 PDT,mihai.sucan,Attachment #565573                Flags,review?(gavin.sharp),
2011-10-15 02:34:56 PDT,VYV03354,CC,VYV03354,
2011-11-21 09:56:14 PST,sonny.piers,CC,sonny.piers,
2011-11-21 10:45:19 PST,fayearthur,CC,fayearthur,
2011-12-17 07:32:59 PST,acelists,Depends on,711721,
2011-12-17 07:41:29 PST,acelists,CC,acelists,
2011-12-17 07:41:29 PST,acelists,Depends on,122213,
2012-01-06 13:09:28 PST,mihai.sucan,Attachment #565573                Attachment is obsolete,1,0
2012-01-06 13:09:28 PST,mihai.sucan,Attachment #586542                Flags,review?(gavin.sharp),
2012-01-06 13:09:28 PST,mihai.sucan,Attachment #565573                Flags,,review?(gavin.sharp)
2012-01-06 14:50:04 PST,gavin.sharp,Attachment #586542                Flags,review+,review?(gavin.sharp)
2012-01-11 03:15:11 PST,mihai.sucan,Attachment #586542                Attachment is obsolete,1,0
2012-01-11 07:53:08 PST,mihai.sucan,Attachment #587643                Attachment description,[in-fx-team] v 0.15 address review comments,v 0.15 address review comments
2012-01-11 07:54:22 PST,mihai.sucan,Whiteboard,[console-1][fixed-in-fx-team],[has patch][has new patch][final?][console-1]
2012-01-13 02:56:24 PST,ttaubert,Whiteboard,[console-1],[console-1][fixed-in-fx-team]
2012-01-13 02:56:24 PST,ttaubert,Status,RESOLVED,ASSIGNED
2012-01-13 02:56:24 PST,ttaubert,Resolution,FIXED,---
2012-01-13 02:56:24 PST,ttaubert,Target Milestone,Firefox 12,---
2012-01-13 02:56:24 PST,ttaubert,Last Resolved,2012-01-13 02:56:24,
2012-04-23 10:04:25 PDT,eshepherd,Keywords,dev-doc-complete,dev-doc-needed
