When,Who,What,Added,Removed
2010-11-10 12:54:03 PST,dbaron,CC,dbaron,
2010-11-10 12:56:05 PST,dbaron,Summary,remove handling of percentages as intrinsic widths/heights (SVG height="100%" width="100%" defaults),removing handling of percentages as intrinsic widths/heights
2010-11-10 13:07:03 PST,xtc4uall,CC,xtc4uall,
2010-11-10 13:18:40 PST,bzbarsky,CC,bzbarsky,
2010-11-10 14:09:17 PST,longsonr,CC,longsonr,
2010-11-10 15:13:40 PST,phiw2,CC,phiw,
2011-05-25 12:14:43 PDT,dbaron,Status,ASSIGNED,NEW
2011-05-25 12:14:43 PDT,dbaron,Assignee,dbaron,nobody
2011-05-25 12:14:43 PDT,dbaron,Attachment #535142                Flags,review?(dholbert),
2011-05-25 12:17:13 PDT,dbaron,Attachment #535144                Flags,review?(dholbert),
2011-05-25 12:17:34 PDT,dbaron,Attachment #535144                Flags,review?(jwatt),
2011-05-25 12:18:14 PDT,dbaron,Attachment #535145                Flags,review?(dholbert),
2011-05-25 12:20:12 PDT,dbaron,CC,dholbert,
2011-05-25 15:17:30 PDT,dholbert,Attachment #535142                Flags,review+,review?(dholbert)
2011-05-25 15:22:57 PDT,dholbert,Attachment #535145                Flags,review+,review?(dholbert)
2011-05-25 15:26:32 PDT,jwalden+bmo,CC,jwalden+bmo,
2011-05-27 11:44:58 PDT,dholbert,Attachment #535144                Flags,review+,review?(dholbert)
2011-06-12 20:19:33 PDT,dbaron,Status,RESOLVED,ASSIGNED
2011-06-12 20:19:33 PDT,dbaron,Resolution,FIXED,---
2011-06-12 20:19:33 PDT,dbaron,Priority,P3,--
2011-06-12 20:19:33 PDT,dbaron,Target Milestone,mozilla7,---
2011-06-12 20:19:33 PDT,dbaron,Last Resolved,2011-06-12 20:19:33,
2011-06-13 15:58:31 PDT,dbaron,Keywords,dev-doc-needed,
2011-06-29 06:10:27 PDT,hskupin,Depends on,668163,
2011-08-17 07:31:12 PDT,eshepherd,CC,eshepherd,
2011-08-24 14:37:27 PDT,martijn.martijn,CC,martijn.martijn,
2011-09-07 09:24:19 PDT,dbaron,status-firefox7,wontfix,---
2011-09-07 09:24:19 PDT,dbaron,Target Milestone,mozilla8,mozilla7
2011-09-27 10:03:23 PDT,christian,CC,clegnitto,
2011-09-27 10:03:23 PDT,christian,status-firefox8,wontfix,---
2011-09-27 11:28:57 PDT,dbaron,Target Milestone,mozilla10,mozilla8
2011-09-27 16:20:12 PDT,dbaron,status-firefox9,wontfix,---
2011-10-16 11:46:31 PDT,alice0775,Depends on,694863,
2011-10-20 09:08:11 PDT,cam,CC,cam,
2011-11-14 15:59:56 PST,velcrospud,CC,velcrospud,
2011-12-02 14:35:06 PST,dbaron,Target Milestone,mozilla11,mozilla10
2011-12-02 14:35:06 PST,dbaron,status-firefox10,wontfix,---
2012-02-15 07:22:56 PST,jwatt,Attachment #535144                Flags,,review?(jwatt)
2012-02-15 13:04:11 PST,eshepherd,Keywords,,dev-doc-needed
2012-02-16 08:54:53 PST,eshepherd,Keywords,dev-doc-needed,
2012-03-16 04:53:51 PDT,alice0775,Depends on,736431,
2012-03-23 17:52:47 PDT,alice0775,Depends on,738862,
2012-07-12 03:54:08 PDT,emorley,Depends on,773215,
2014-01-19 15:21:54 PST,alice0775,Depends on,961537,
2014-01-20 02:17:58 PST,longsonr,CC,videoclocknet,
2014-01-24 18:54:43 PST,jypenator,CC,jypenator,
2014-01-24 18:54:43 PST,jypenator,Whiteboard,[DocArea=SVG],
