When,Who,What,Added,Removed
2010-11-10 12:39:12 PST,jsudduth,Status,ASSIGNED,NEW
2010-11-10 12:39:12 PST,jsudduth,Priority,P1,--
2010-11-10 12:39:12 PST,jsudduth,Assignee,jsudduth,nobody
2010-11-10 12:39:12 PST,jsudduth,Target Milestone,flash10.x - Serrano,---
2010-11-10 15:14:44 PST,jsudduth,Depends on,544540,
2010-11-10 15:30:13 PST,jsudduth,Summary,Android cross-compile build must use the public NDK,Android cross-compie build must use the public NDK
2010-12-14 13:31:04 PST,trbaker,CC,fklockii, trbaker,
2011-02-09 08:59:05 PST,jsudduth,Status,RESOLVED,ASSIGNED
2011-02-09 08:59:05 PST,jsudduth,Resolution,FIXED,---
2011-02-09 08:59:05 PST,jsudduth,Last Resolved,2011-02-09 08:59:05,
