When,Who,What,Added,Removed
2010-11-10 12:15:19 PST,jaymoz,CC,jay,
2010-11-12 09:55:57 PST,mozbugs.retornam,CC,mozbugs.retornam,
2010-11-16 08:57:27 PST,ozten.bugs,Status,RESOLVED,NEW
2010-11-16 08:57:27 PST,ozten.bugs,Resolution,FIXED,---
2010-11-16 08:57:27 PST,ozten.bugs,CC,ozten.bugs,
2010-11-16 08:57:27 PST,ozten.bugs,Last Resolved,2010-11-16 08:57:27,
2010-11-17 16:15:43 PST,mozbugs.retornam,Status,VERIFIED,RESOLVED
2012-09-18 23:12:14 PDT,nobody,Version,unspecified,Deki
2012-09-18 23:13:49 PDT,nobody,Product,Mozilla Developer Network,Mozilla Developer Network
2012-09-18 23:13:49 PDT,nobody,Component,Landing pages,Website
