When,Who,What,Added,Removed
2010-11-10 11:15:29 PST,krupa.mozbugs,CC,clouserw, fligtar,
2010-11-10 11:16:36 PST,krupa.mozbugs,CC,thepotch,
2010-11-10 11:17:28 PST,mozilla,Summary,Stats on AMO homepage for "add-ons in use" shows 0,Stats on AMO homepage for-'add-ons in use' shows 0
2010-11-10 11:17:28 PST,mozilla,CC,jbalogh,
2010-11-13 23:09:23 PST,wclouser,Assignee,clouserw,nobody
2010-11-13 23:09:23 PST,wclouser,Target Milestone,5.12.4,---
2010-11-15 13:59:55 PST,stephen.donner,CC,stephen.donner,
2010-11-19 10:23:13 PST,wclouser,Last Resolved,2010-11-19 10:23:13,
2010-11-19 10:23:13 PST,wclouser,Status,RESOLVED,NEW
2010-11-19 10:23:13 PST,wclouser,Resolution,FIXED,---
2010-11-22 16:50:41 PST,krupa.mozbugs,Status,VERIFIED,RESOLVED
