When,Who,What,Added,Removed
2010-11-10 08:30:27 PST,steveivy,OS,All,Mac OS X
2010-11-10 08:30:48 PST,steveivy,Summary,Add rss feed discovery link to "Web" section on MDN site,Add rss feed discovery link
2010-11-10 08:45:50 PST,ozten.bugs,CC,ozten.bugs,
2010-11-10 08:54:14 PST,ozten.bugs,CC,jay,
2010-11-10 08:54:14 PST,ozten.bugs,Ever confirmed,1,0
2010-11-10 08:54:14 PST,ozten.bugs,Status,NEW,UNCONFIRMED
2010-11-15 14:15:05 PST,jaymoz,Target Milestone,0.9.3,---
2011-01-13 14:55:30 PST,lcrouch,Whiteboard,0.9.2.2,
2011-01-13 14:55:30 PST,lcrouch,CC,lcrouch,
2011-01-18 13:01:37 PST,lcrouch,Assignee,lcrouch,nobody
2011-01-19 08:12:13 PST,lcrouch,Target Milestone,0.9.2,0.9.3
2011-01-19 12:15:02 PST,lcrouch,Status,RESOLVED,NEW
2011-01-19 12:15:02 PST,lcrouch,Resolution,FIXED,---
2011-01-19 12:15:02 PST,lcrouch,Assignee,mozbugs.retornam,lcrouch
2011-01-19 12:15:02 PST,lcrouch,Last Resolved,2011-01-19 12:15:02,
2011-01-19 12:23:28 PST,lcrouch,Keywords,qawanted,
2011-01-19 12:31:02 PST,mozbugs.retornam,Keywords,,qawanted
2011-01-19 12:31:02 PST,mozbugs.retornam,Assignee,lcrouch,mozbugs.retornam
2011-01-19 14:46:41 PST,mozbugs.retornam,Depends on,627157,
2011-01-20 15:55:05 PST,mozbugs.retornam,Status,VERIFIED,RESOLVED
2011-01-20 15:55:05 PST,mozbugs.retornam,CC,mozbugs.retornam,
2012-09-18 23:13:49 PDT,nobody,Product,Mozilla Developer Network,Mozilla Developer Network
2012-09-18 23:13:49 PDT,nobody,Component,Landing pages,Website
