When,Who,What,Added,Removed
2010-11-10 09:31:30 PST,cjones.bugs,Blocks,556487,598862
2010-11-10 10:13:31 PST,dbaron,Summary,ABORT: RenderComposite: RenderBadPicture in pluginproblemui-direction-2.html or pluginproblemui-direction-2-ref.html,r TEST-UNEXPECTED-FAIL | file:///home/cltbld/talos-slave/mozilla-central_fedora-debug_test-reftest/build/reftest/tests/modules/plugin/test/reftest/pluginproblemui-direction-2-ref.html | Exited with code 1 during test run INFO | automation.py | Application
2010-11-10 10:14:22 PST,dbaron,Summary,ABORT: RenderComposite: RenderBadPicture in pluginproblemui-direction-2.html or pluginproblemui-direction-2-ref.html (Exited with code 1 during test run),ABORT: RenderComposite: RenderBadPicture in pluginproblemui-direction-2.html or pluginproblemui-direction-2-ref.html
2010-11-10 12:07:09 PST,benjamin,Attachment #489574                Flags,review?(jones.chris.g),
2010-11-10 12:25:04 PST,karlt,Attachment #489574                Flags,review+,review?(jones.chris.g)
2010-11-10 12:27:45 PST,karlt,OS,Linux,Windows 7
2010-11-10 12:27:45 PST,karlt,CC,karlt,
2010-11-10 12:47:04 PST,benjamin,Attachment #489574                Attachment is obsolete,1,0
2010-11-10 12:47:04 PST,benjamin,Attachment #489592                Flags,review?(karlt),
2010-11-10 12:57:12 PST,karlt,Attachment #489592                Flags,review+,review?(karlt)
2010-11-12 10:27:56 PST,philringnalda,CC,philringnalda,
2010-11-15 08:43:21 PST,benjamin,Status,RESOLVED,NEW
2010-11-15 08:43:21 PST,benjamin,Resolution,FIXED,---
2010-11-15 08:43:21 PST,benjamin,Last Resolved,2010-11-15 08:43:21,
2011-01-30 19:18:30 PST,jdaggett,Depends on,630098,
2012-11-19 14:40:48 PST,nobody,Keywords,intermittent-failure,
2012-11-25 19:31:15 PST,nobody,Whiteboard,,[orange]
