When,Who,What,Added,Removed
2010-11-10 10:05:20 PST,aaron.train,CC,aaron.train,
2010-11-11 11:29:11 PST,aaron.train,Depends on,611386,
2010-11-11 17:49:46 PST,hskupin,CC,hskupin,
2010-11-11 17:56:35 PST,aaron.train,Status,RESOLVED,NEW
2010-11-11 17:56:35 PST,aaron.train,Resolution,FIXED,---
2010-11-11 17:56:35 PST,aaron.train,Last Resolved,2010-11-11 17:56:35,
2010-11-19 12:36:31 PST,hskupin,Product,Mozilla QA,Testing
2010-11-19 12:36:31 PST,hskupin,Version,unspecified,Trunk
2010-11-19 12:36:31 PST,hskupin,Component,Mozmill Tests,Mozmill Tests
