When,Who,What,Added,Removed
2010-11-10 12:23:02 PST,ehsan,CC,ehsan,
2010-11-10 12:23:02 PST,ehsan,blocking2.0,?,---
2010-11-10 12:23:55 PST,ehsan,Attachment #489577                Flags,review?(gavin.sharp), approval2.0?,
2010-11-10 12:25:13 PST,gavin.sharp,Attachment #489577                Flags,review+,review?(gavin.sharp), approval2.0?
2010-11-10 12:25:23 PST,gavin.sharp,CC,gavin.sharp,
2010-11-10 12:25:23 PST,gavin.sharp,blocking2.0,betaN+,?
2010-11-10 12:25:31 PST,gavin.sharp,OS,All,Mac OS X
2010-11-10 12:25:31 PST,gavin.sharp,Hardware,All,x86
2010-11-10 12:26:41 PST,ehsan,Blocks,587248,
2010-11-10 12:28:38 PST,ehsan,Whiteboard,[needs landing],
2010-11-10 12:30:47 PST,tymerkaev,CC,tymerkaev,
2010-11-10 12:56:20 PST,highmind63,CC,highmind63,
2010-11-10 13:07:12 PST,xtc4uall,CC,xtc4uall,
2010-11-10 13:08:56 PST,ehsan,Last Resolved,2010-11-10 13:08:56,
2010-11-10 13:08:56 PST,ehsan,Whiteboard,,[needs landing]
2010-11-10 13:08:56 PST,ehsan,Status,RESOLVED,ASSIGNED
2010-11-10 13:08:56 PST,ehsan,Resolution,FIXED,---
2010-11-10 13:08:56 PST,ehsan,Target Milestone,Firefox 4.0b8,---
2010-11-10 14:42:14 PST,ehsan,CC,clegnitto,
2010-11-10 14:42:14 PST,ehsan,blocking1.9.1,?,---
2010-11-10 14:42:14 PST,ehsan,blocking1.9.2,?,---
2010-11-10 14:55:51 PST,ehsan,Attachment #489577                Flags,approval1.9.2.13?, approval1.9.1.16?,
2010-11-12 10:18:33 PST,dveditz,blocking1.9.1,-,?
2010-11-12 10:18:33 PST,dveditz,status1.9.1,wanted,---
2010-11-12 10:18:33 PST,dveditz,status1.9.2,wanted,---
2010-11-12 10:18:33 PST,dveditz,blocking1.9.2,-,?
2010-11-12 10:20:02 PST,dveditz,Attachment #489577                Flags,approval1.9.2.13+, approval1.9.1.16+,approval1.9.2.13?, approval1.9.1.16?
2010-11-12 13:08:10 PST,ehsan,status1.9.1,.16-fixed,wanted
2010-11-12 13:08:10 PST,ehsan,status1.9.2,.13-fixed,wanted
