When,Who,What,Added,Removed
2010-11-18 08:14:49 PST,mark.finkle,CC,mark.finkle,
2010-11-18 08:28:44 PST,21,CC,21,
2010-11-18 10:38:24 PST,madhava,CC,madhava,
2010-11-22 09:28:59 PST,chung808,tracking-fennec,?,---
2010-11-23 13:32:57 PST,mark.finkle,Assignee,mbrubeck,nobody
2010-11-23 13:32:57 PST,mark.finkle,tracking-fennec,2.0+,?
2010-12-01 14:54:57 PST,mbrubeck,Attachment #494520                Flags,review?(mark.finkle),
2010-12-01 14:55:11 PST,mbrubeck,Keywords,polish,
2010-12-01 17:45:31 PST,mark.finkle,Attachment #494520                Flags,review+,review?(mark.finkle)
2010-12-01 17:45:46 PST,mark.finkle,Whiteboard,[fennec-checkin-postb3],
2010-12-09 11:58:18 PST,mark.finkle,Whiteboard,,[fennec-checkin-postb3]
2010-12-09 11:58:26 PST,mark.finkle,Status,RESOLVED,NEW
2010-12-09 11:58:26 PST,mark.finkle,Resolution,FIXED,---
2010-12-09 11:58:26 PST,mark.finkle,Last Resolved,2010-12-09 11:58:26,
2011-06-03 02:48:24 PDT,anamaria.moldovan,Status,VERIFIED,RESOLVED
2011-06-03 02:48:24 PDT,anamaria.moldovan,CC,anamaria.moldovan,
