When,Who,What,Added,Removed
2010-11-15 14:13:56 PST,jaymoz,CC,jay,
2010-11-15 14:13:56 PST,jaymoz,Target Milestone,0.9.3,---
2011-01-13 14:55:43 PST,lcrouch,CC,lcrouch,
2011-01-13 14:55:43 PST,lcrouch,Whiteboard,0.9.2.2,
2011-01-18 13:01:17 PST,lcrouch,Assignee,lcrouch,nobody
2011-01-19 08:12:00 PST,lcrouch,Target Milestone,0.9.2,0.9.3
2011-01-19 12:15:04 PST,lcrouch,Status,RESOLVED,UNCONFIRMED
2011-01-19 12:15:04 PST,lcrouch,Resolution,FIXED,---
2011-01-19 12:15:04 PST,lcrouch,Assignee,mozbugs.retornam,lcrouch
2011-01-19 12:15:04 PST,lcrouch,Last Resolved,2011-01-19 12:15:04,
2011-01-19 12:23:29 PST,lcrouch,Keywords,qawanted,
2011-01-19 12:49:27 PST,mozbugs.retornam,Assignee,lcrouch,mozbugs.retornam
2011-01-19 14:46:41 PST,mozbugs.retornam,Depends on,627157,
2011-01-20 16:02:58 PST,mozbugs.retornam,Keywords,,qawanted
2011-01-20 16:02:58 PST,mozbugs.retornam,Status,VERIFIED,RESOLVED
2011-01-20 16:02:58 PST,mozbugs.retornam,CC,mozbugs.retornam,
2012-09-18 23:13:49 PDT,nobody,Product,Mozilla Developer Network,Mozilla Developer Network
2012-09-18 23:13:49 PDT,nobody,Component,Landing pages,Website
