When,Who,What,Added,Removed
2010-12-28 17:28:13 PST,paul+moz,Assignee,paulc,nobody
2010-12-28 17:28:13 PST,paul+moz,CC,paulc,
2010-12-28 17:28:13 PST,paul+moz,Target Milestone,2.4.1,Future
2011-01-04 17:20:04 PST,paul+moz,Resolution,FIXED,---
2011-01-04 17:20:04 PST,paul+moz,Last Resolved,2011-01-04 17:20:04,
2011-01-04 17:20:04 PST,paul+moz,Status,RESOLVED,NEW
2011-01-05 14:54:39 PST,paul+moz,Whiteboard,[qa-],
2011-01-05 14:55:39 PST,rbillings,Status,VERIFIED,RESOLVED
2011-01-05 14:55:39 PST,rbillings,CC,rbillings,
