When,Who,What,Added,Removed
2010-11-10 11:35:35 PST,dtownsend,blocking2.0,betaN+,---
2010-11-11 10:29:41 PST,dtownsend,Attachment #489845                Flags,review?(robert.bugzilla),
2010-11-11 10:30:03 PST,dtownsend,Whiteboard,[has patch][needs review rs],
2010-11-11 10:30:03 PST,dtownsend,Status,ASSIGNED,NEW
2010-11-11 10:53:26 PST,robert.strong.bugs,Attachment #489845                Flags,review+,review?(robert.bugzilla)
2010-11-11 10:54:33 PST,robert.strong.bugs,Whiteboard,[has patch],[has patch][needs review rs]
2010-11-11 13:52:08 PST,dtownsend,Resolution,FIXED,---
2010-11-11 13:52:08 PST,dtownsend,Target Milestone,mozilla2.0b8,---
2010-11-11 13:52:08 PST,dtownsend,Flags,in-testsuite+, in-litmus-,
2010-11-11 13:52:08 PST,dtownsend,Last Resolved,2010-11-11 13:52:08,
2010-11-11 13:52:08 PST,dtownsend,Whiteboard,,[has patch]
2010-11-11 13:52:08 PST,dtownsend,Status,RESOLVED,ASSIGNED
2010-11-11 16:12:16 PST,dtownsend,Status,REOPENED,RESOLVED
2010-11-11 16:12:16 PST,dtownsend,Resolution,---,FIXED
2010-11-11 17:27:26 PST,dtownsend,Attachment #489998                Flags,review?(robert.bugzilla),
2010-11-12 09:11:58 PST,highmind63,CC,highmind63,
2010-11-12 10:51:40 PST,dtownsend,Attachment #489998                Attachment is obsolete,1,0
2010-11-12 10:51:40 PST,dtownsend,Attachment #489998                Flags,,review?(robert.bugzilla)
2010-11-12 11:01:46 PST,dtownsend,Attachment #489998                Flags,review?(robert.bugzilla),
2010-11-12 11:01:46 PST,dtownsend,Attachment #489998                Attachment is obsolete,0,1
2010-11-12 11:18:05 PST,dtownsend,Blocks,570012,
2010-11-12 13:01:20 PST,robert.strong.bugs,Attachment #489998                Flags,review+,review?(robert.bugzilla)
2010-11-12 17:20:02 PST,dtownsend,Status,RESOLVED,REOPENED
2010-11-12 17:20:02 PST,dtownsend,Resolution,FIXED,---
2010-11-12 17:20:02 PST,dtownsend,Last Resolved,2010-11-12 17:20:02,2010-11-11 13:52:08
2011-01-20 06:59:09 PST,hskupin,CC,hskupin,
2011-01-20 10:17:31 PST,hskupin,Status,VERIFIED,RESOLVED
