When,Who,What,Added,Removed
2010-11-10 16:15:26 PST,phong,Whiteboard,11/16,
2010-11-10 16:15:26 PST,phong,CC,phong,
2010-11-15 12:36:00 PST,jdow,Assignee,jeremy.orem+bugs,server-ops
2010-11-15 12:36:00 PST,jdow,CC,jdow,
2010-11-16 12:11:00 PST,craigcook.bugz,CC,craigcook.bugz,
2010-11-16 16:17:44 PST,oremj,Last Resolved,2010-11-16 16:17:44,
2010-11-16 16:17:44 PST,oremj,Status,RESOLVED,NEW
2010-11-16 16:17:44 PST,oremj,Resolution,FIXED,---
2010-11-17 08:15:13 PST,mozbugs.retornam,Status,VERIFIED,RESOLVED
2010-11-17 08:15:13 PST,mozbugs.retornam,CC,mozbugs.retornam,
2013-10-09 10:29:28 PDT,nobody,Product,Infrastructure & Operations,mozilla.org
2013-10-09 10:29:28 PDT,nobody,Component,WebOps: Other,Server Operations: Web Operations
