When,Who,What,Added,Removed
2010-11-10 10:25:55 PST,prasad,CC,aravind, jbecerra, prasad, srinivas,
2010-11-10 22:25:41 PST,jbecerra,Keywords,rtl,
2010-11-10 22:25:41 PST,jbecerra,Status,NEW,UNCONFIRMED
2010-11-10 22:25:41 PST,jbecerra,CC,ehsan,
2010-11-10 22:25:41 PST,jbecerra,Ever confirmed,1,0
2010-11-10 22:25:41 PST,jbecerra,blocking2.0,?,---
2010-11-10 22:44:46 PST,raymond,CC,raymond,
2010-11-11 15:31:18 PST,khanes,Priority,P3,--
2010-11-11 15:31:18 PST,khanes,Assignee,aza,nobody
2010-11-11 15:31:18 PST,khanes,CC,khanes,
2010-11-11 15:31:18 PST,khanes,Blocks,608028,
2010-11-15 11:14:36 PST,dietrich,CC,dietrich, l10n,
2010-11-15 11:14:36 PST,dietrich,blocking2.0,---,?
2010-11-15 14:03:08 PST,ehsan,CC,tomer,
2010-11-16 10:07:17 PST,l10n,Status,RESOLVED,NEW
2010-11-16 10:07:17 PST,l10n,Resolution,FIXED,---
2010-11-16 10:07:17 PST,l10n,Last Resolved,2010-11-16 10:07:17,
