When,Who,What,Added,Removed
2010-11-10 10:48:54 PST,fwenzel,Status,RESOLVED,NEW
2010-11-10 10:48:54 PST,fwenzel,Resolution,FIXED,---
2010-11-10 10:48:54 PST,fwenzel,Assignee,fwenzel,nobody
2010-11-10 10:48:54 PST,fwenzel,CC,fwenzel,
2010-11-10 10:48:54 PST,fwenzel,Last Resolved,2010-11-10 10:48:54,
2010-11-10 11:39:39 PST,stephen.donner,URL,http://input.stage.mozilla.com/en-US/opinion/637602,
2010-11-10 11:39:39 PST,stephen.donner,Status,VERIFIED,RESOLVED
2010-11-10 11:39:39 PST,stephen.donner,CC,stephen.donner,
2011-06-23 09:29:15 PDT,nobody,Product,Input,Webtools
2011-06-23 09:29:15 PDT,nobody,Component,General,Input
