When,Who,What,Added,Removed
2010-11-10 10:38:31 PST,rail,Attachment #489544                Flags,review?(catlee),
2010-11-10 10:45:05 PST,rail,Assignee,rail,nobody
2010-11-10 11:07:35 PST,armenzg,CC,armenzg,
2010-11-10 13:35:27 PST,rail,Attachment #489544                Attachment is obsolete,1,0
2010-11-10 13:35:27 PST,rail,Attachment #489610                Flags,review?(catlee),
2010-11-10 13:35:27 PST,rail,Attachment #489544                Flags,,review?(catlee)
2010-11-10 13:48:26 PST,rail,Attachment #489610                Flags,review+, checked-in+,review?(catlee)
2010-11-11 06:32:27 PST,rail,Status,RESOLVED,NEW
2010-11-11 06:32:27 PST,rail,Resolution,FIXED,---
2010-11-11 06:32:27 PST,rail,Last Resolved,2010-11-11 06:32:27,
2013-08-12 21:54:08 PDT,nobody,Product,Release Engineering,mozilla.org
