When,Who,What,Added,Removed
2010-11-10 10:47:33 PST,paul.biggar,Attachment #489547                Attachment mime type,text/plain,application/octet-stream
2010-11-10 10:47:33 PST,paul.biggar,Attachment #489547                Attachment is patch,1,0
2010-11-10 10:47:33 PST,paul.biggar,Attachment #489547                Flags,review?(igor),
2010-11-12 15:44:02 PST,igor,Attachment #489547                Flags,review+,review?(igor)
2010-11-13 14:26:57 PST,brendan,CC,brendan,
2010-11-23 07:44:09 PST,sayrer,Status,RESOLVED,NEW
2010-11-23 07:44:09 PST,sayrer,Resolution,FIXED,---
2010-11-23 07:44:09 PST,sayrer,CC,sayrer,
2010-11-23 07:44:09 PST,sayrer,Last Resolved,2010-11-23 07:44:09,
