When,Who,What,Added,Removed
2010-11-13 01:24:08 PST,dominique,CC,dominique,
2010-11-16 07:21:35 PST,ewong,CC,ewong,
2010-11-18 16:49:55 PST,bugzillamozillaorg_serge_20140323,Whiteboard,[good first bug],
2010-11-18 16:49:55 PST,bugzillamozillaorg_serge_20140323,CC,sgautherie.bz,
2010-11-18 16:49:55 PST,bugzillamozillaorg_serge_20140323,Flags,in-testsuite-,
2010-11-21 18:13:22 PST,ewong,Status,ASSIGNED,NEW
2010-11-21 18:13:22 PST,ewong,Assignee,ewong,nobody
2010-11-24 07:20:06 PST,ewong,Attachment #492995                Flags,review?,
2010-11-24 07:24:13 PST,ewong,Attachment #492995                Flags,review?(mnyromyr),review?
2010-11-24 11:46:58 PST,mnyromyr,Attachment #492995                Flags,review-,review?(mnyromyr)
2010-11-25 07:44:29 PST,ewong,Attachment #492995                Attachment is obsolete,1,0
2010-11-25 07:44:29 PST,ewong,Attachment #493263                Flags,review?(mnyromyr),
2010-11-25 15:17:59 PST,mnyromyr,Attachment #493263                Flags,review+, superreview?(bugzilla),review?(mnyromyr)
2010-11-30 12:15:20 PST,standard8,Attachment #493263                Flags,superreview+,superreview?(bugzilla)
2010-12-13 13:42:00 PST,mnyromyr,Status,RESOLVED,ASSIGNED
2010-12-13 13:42:00 PST,mnyromyr,Resolution,FIXED,---
2010-12-13 13:42:00 PST,mnyromyr,Last Resolved,2010-12-13 13:42:00,
2010-12-13 13:43:31 PST,jh,Target Milestone,seamonkey2.1b2,---
2010-12-14 16:49:23 PST,bugzillamozillaorg_serge_20140323,CC,,sgautherie.bz
