When,Who,What,Added,Removed
2010-11-10 10:57:42 PST,me+bugzilla,Target Milestone,1.5.7,2.3
2010-11-10 10:57:42 PST,me+bugzilla,Hardware,All,x86
2010-11-10 10:57:42 PST,me+bugzilla,OS,All,Mac OS X
2010-11-10 10:57:42 PST,me+bugzilla,Assignee,james,nobody
2010-11-10 10:57:42 PST,me+bugzilla,CC,james,
2010-11-10 12:01:57 PST,me+bugzilla,Attachment #489571                Flags,feedback?(paulc),
2010-11-10 12:19:20 PST,paul+moz,Attachment #489571                Flags,feedback+,feedback?(paulc)
2010-11-10 12:53:46 PST,me+bugzilla,Product,mozilla.org,support.mozilla.com
2010-11-10 12:53:46 PST,me+bugzilla,Version,other,unspecified
2010-11-10 12:53:46 PST,me+bugzilla,Component,Server Operations,General
2010-11-10 12:53:46 PST,me+bugzilla,Assignee,server-ops,james
2010-11-10 12:53:46 PST,me+bugzilla,QA Contact,mrz,general
2010-11-10 12:53:46 PST,me+bugzilla,CC,general, jeremy.orem+bugs,
2010-11-10 12:53:46 PST,me+bugzilla,Target Milestone,---,1.5.7
2010-11-10 14:03:30 PST,oremj,Assignee,jeremy.orem+bugs,server-ops
2010-11-10 14:03:54 PST,oremj,Status,RESOLVED,NEW
2010-11-10 14:03:54 PST,oremj,Resolution,FIXED,---
2010-11-10 14:03:54 PST,oremj,Last Resolved,2010-11-10 14:03:54,
2010-11-11 13:26:06 PST,me+bugzilla,Attachment #489911                Flags,review?(paulc),
2010-11-11 14:34:24 PST,paul+moz,Attachment #489911                Flags,review+,review?(paulc)
2015-03-12 08:17:16 PDT,nobody,Product,mozilla.org Graveyard,mozilla.org
