When,Who,What,Added,Removed
2010-11-10 11:42:09 PST,maierman,Assignee,MaierMan,nobody
2010-11-10 11:42:09 PST,maierman,Attachment #489565                Flags,review?,
2010-11-10 11:42:09 PST,maierman,Status,ASSIGNED,NEW
2010-11-10 11:43:40 PST,maierman,Attachment #489565                Flags,review?(dao),review?
2010-11-10 11:44:48 PST,maierman,CC,dao,
2010-11-10 11:45:28 PST,maierman,CC,bas.schouten,
2010-11-10 13:07:36 PST,xtc4uall,CC,xtc4uall,
2010-11-10 14:01:21 PST,dao,Attachment #489565                Flags,review+,review?(dao)
2010-11-10 15:33:17 PST,maierman,Attachment #489565                Flags,approval2.0?,
2010-11-23 07:26:03 PST,benjamin,Attachment #489565                Flags,approval2.0+,approval2.0?
2010-11-24 09:30:04 PST,maierman,Keywords,checkin-needed,
2010-11-25 01:16:05 PST,dao,Product,Toolkit,Core
2010-11-25 01:16:05 PST,dao,Status,RESOLVED,ASSIGNED
2010-11-25 01:16:05 PST,dao,Resolution,FIXED,---
2010-11-25 01:16:05 PST,dao,Component,Themes,XP Toolkit/Widgets: XUL
2010-11-25 01:16:05 PST,dao,QA Contact,themes,xptoolkit.xul
2010-11-25 01:16:05 PST,dao,Target Milestone,mozilla2.0b8,---
2010-11-25 01:16:05 PST,dao,Last Resolved,2010-11-25 01:16:05,
2010-11-25 01:16:05 PST,dao,Keywords,,checkin-needed
2010-12-17 07:53:52 PST,mcdavis941.bugs,CC,mcdavis941.bugs,
