When,Who,What,Added,Removed
2010-11-10 09:35:15 PST,aaron.train,Version,unspecified,Trunk
2010-11-10 09:35:15 PST,aaron.train,Hardware,All,x86
2010-11-10 09:35:15 PST,aaron.train,OS,All,Mac OS X
2010-11-10 10:34:07 PST,aaron.train,CC,jhammel,
2010-11-10 11:11:27 PST,hskupin,Keywords,regression,
2010-11-10 11:11:27 PST,hskupin,Summary,Internal server error when trying to load test results on brasstacks,Mozmill Results Dashboard on brasstacks is failing to load
2010-11-10 11:11:27 PST,hskupin,Severity,critical,normal
2010-11-10 11:11:27 PST,hskupin,Assignee,ctalbert,nobody
2010-11-10 11:11:27 PST,hskupin,CC,mevans4900,
2010-11-10 11:40:32 PST,cmtalbert,CC,jmaher,
2010-11-10 20:28:51 PST,hskupin,Status,RESOLVED,NEW
2010-11-10 20:28:51 PST,hskupin,Resolution,FIXED,---
2010-11-10 20:28:51 PST,hskupin,Last Resolved,2010-11-10 20:28:51,
2010-11-19 04:39:27 PST,hskupin,Whiteboard,,[mozmill-dashboard]
2010-11-19 04:39:27 PST,hskupin,Product,Mozilla QA,Testing
2010-11-19 04:39:27 PST,hskupin,Component,Mozmill Result Dashboard,Mozmill Tests
2010-11-19 04:58:08 PST,hskupin,QA Contact,mozmill-result-dashboard,mozmill-tests
2012-04-30 03:50:39 PDT,nobody,Product,Mozilla QA Graveyard,Mozilla QA
