When,Who,What,Added,Removed
2010-11-10 08:36:24 PST,reed,Product,mozilla.org,Websites
2010-11-10 08:36:24 PST,reed,Version,other,unspecified
2010-11-10 08:36:24 PST,reed,Component,Server Operations,Other
2010-11-10 08:36:24 PST,reed,Assignee,server-ops,nobody
2010-11-10 08:36:24 PST,reed,QA Contact,mrz,other
2010-11-10 08:54:11 PST,smani,CC,shyam,
2010-11-10 09:31:03 PST,smani,Assignee,aravind,server-ops
2010-11-10 10:41:48 PST,aravind,Status,RESOLVED,NEW
2010-11-10 10:41:48 PST,aravind,Resolution,FIXED,---
2010-11-10 10:41:48 PST,aravind,Last Resolved,2010-11-10 10:41:48,
2015-03-12 08:17:16 PDT,nobody,Product,mozilla.org Graveyard,mozilla.org
