When,Who,What,Added,Removed
2010-11-10 12:15:19 PST,zandr,CC,zandr,
2010-11-11 00:44:15 PST,timeless,Whiteboard,NEED:Description,
2010-11-12 11:42:21 PST,mozillamarcia.knous,Last Resolved,2010-11-12 11:42:21,
2010-11-12 11:42:21 PST,mozillamarcia.knous,Whiteboard,,NEED:Description
2010-11-12 11:42:21 PST,mozillamarcia.knous,Status,RESOLVED,NEW
2010-11-12 11:42:21 PST,mozillamarcia.knous,Resolution,FIXED,---
2010-12-21 05:24:39 PST,timeless,OS,Windows 7,Mac OS X
2010-12-21 16:00:45 PST,timeless,Summary,add component for F1 under labs,add component for f1 under labs
2010-12-21 16:00:45 PST,timeless,OS,Windows XP,Windows 7
2010-12-21 16:00:45 PST,timeless,Status,VERIFIED,RESOLVED
2011-06-26 22:54:48 PDT,nobody,Product,bugzilla.mozilla.org,mozilla.org
2011-06-26 22:54:48 PDT,nobody,Component,Administration,Bugzilla: Keywords & Components
