When,Who,What,Added,Removed
2010-11-10 13:16:40 PST,myk,CC,myk,
2010-11-11 01:33:39 PST,myk,Product,Add-on SDK,Mozilla Labs
2010-11-11 01:33:39 PST,myk,Component,General,Jetpack SDK
2010-11-11 01:33:39 PST,myk,QA Contact,general,jetpack-sdk
2010-11-11 15:38:13 PST,avarma,Status,ASSIGNED,NEW
2010-11-11 15:38:13 PST,avarma,Assignee,avarma,nobody
2010-11-11 16:59:29 PST,myk,Status,RESOLVED,ASSIGNED
2010-11-11 16:59:29 PST,myk,Resolution,FIXED,---
2010-11-11 16:59:29 PST,myk,Last Resolved,2010-11-11 16:59:29,
2011-10-02 17:57:55 PDT,nagle,CC,nagle,
2011-10-03 09:38:37 PDT,avarma,Assignee,nobody,avarma
2012-08-17 01:16:48 PDT,clarkbw,CC,clarkbw,
2012-08-17 01:30:34 PDT,wkocher,CC,kwierso,
2012-08-17 10:28:15 PDT,jgriffiths,CC,jgriffiths,
