When,Who,What,Added,Removed
2010-11-10 09:34:24 PST,krupa.mozbugs,CC,krupa.mozbugs,
2010-11-10 19:41:01 PST,wclouser,Target Milestone,5.12.4,5.12.3
2010-11-12 16:35:53 PST,wclouser,CC,clouserw,
2010-11-12 16:35:53 PST,wclouser,Target Milestone,5.12.7,5.12.4
2010-11-12 16:35:53 PST,wclouser,Severity,trivial,normal
2010-11-12 16:35:53 PST,wclouser,Priority,P5,--
2010-12-29 16:13:55 PST,wclouser,Target Milestone,Q1 2011,5.12.7
2011-02-04 15:00:26 PST,wclouser,Assignee,jbalogh,nobody
2011-02-04 15:00:26 PST,wclouser,CC,deinspanjer,
2011-02-04 15:00:26 PST,wclouser,Target Milestone,5.12.10,Q1 2011
2011-02-11 14:42:57 PST,mozilla,Status,RESOLVED,NEW
2011-02-11 14:42:57 PST,mozilla,Resolution,FIXED,---
2011-02-11 14:42:57 PST,mozilla,Last Resolved,2011-02-11 14:42:57,
2011-02-14 14:15:59 PST,stephen.donner,Status,VERIFIED,RESOLVED
2011-02-14 14:15:59 PST,stephen.donner,CC,stephen.donner,
2011-02-17 16:52:27 PST,krupa.mozbugs,Target Milestone,5.12.11,5.12.10
