When,Who,What,Added,Removed
2010-11-10 10:16:11 PST,dtownsend,Status,ASSIGNED,NEW
2010-11-10 10:16:11 PST,dtownsend,Assignee,dtownsend,nobody
2010-11-10 10:16:11 PST,dtownsend,Attachment #489540                Flags,review?(gavin.sharp),
2010-11-10 10:16:21 PST,dtownsend,Whiteboard,[has patch][needs review gavin],
2011-05-05 15:37:01 PDT,gavin.sharp,Attachment #489540                Attachment is obsolete,1,0
2011-05-05 15:37:01 PDT,gavin.sharp,Attachment #530447                Flags,review+,
2011-05-05 15:37:01 PDT,gavin.sharp,Attachment #489540                Flags,,review?(gavin.sharp)
2011-05-05 15:37:19 PDT,gavin.sharp,Whiteboard,[has patch],[has patch][needs review gavin]
2011-05-05 15:37:19 PDT,gavin.sharp,CC,gavin.sharp,
2011-05-10 10:28:52 PDT,dtownsend,Whiteboard,,[has patch]
2011-05-10 10:28:52 PDT,dtownsend,Status,RESOLVED,ASSIGNED
2011-05-10 10:28:52 PDT,dtownsend,Resolution,FIXED,---
2011-05-10 10:28:52 PDT,dtownsend,Target Milestone,mozilla6,---
2011-05-10 10:28:52 PDT,dtownsend,Flags,in-testsuite-,
2011-05-10 10:28:52 PDT,dtownsend,Last Resolved,2011-05-10 10:28:52,
