When,Who,What,Added,Removed
2010-11-10 11:39:09 PST,stephen.donner,Summary,Expose submitted chrome:// and about: URLs in opinions?,Expose submitted URLs in opinions?
2010-11-10 11:41:08 PST,fwenzel,CC,fwenzel, mozaakash,
2010-11-12 10:24:29 PST,fwenzel,Assignee,fwenzel,nobody
2010-11-12 10:24:29 PST,fwenzel,Target Milestone,2.0,---
2010-11-12 10:24:29 PST,fwenzel,Priority,P2,--
2010-11-12 10:33:04 PST,fwenzel,Status,RESOLVED,NEW
2010-11-12 10:33:04 PST,fwenzel,Resolution,FIXED,---
2010-11-12 10:33:04 PST,fwenzel,Last Resolved,2010-11-12 10:33:04,
2010-11-12 13:04:30 PST,stephen.donner,Status,VERIFIED,RESOLVED
2011-06-23 09:29:15 PDT,nobody,Product,Input,Webtools
2011-06-23 09:29:15 PDT,nobody,Component,General,Input
