When,Who,What,Added,Removed
2010-11-10 11:55:50 PST,jdow,Assignee,jdow,server-ops
2010-11-10 11:58:41 PST,jdow,Status,RESOLVED,NEW
2010-11-10 11:58:41 PST,jdow,Resolution,FIXED,---
2010-11-10 11:58:41 PST,jdow,Last Resolved,2010-11-10 11:58:41,
2010-11-10 12:09:02 PST,vish.mozilla,Status,VERIFIED,RESOLVED
2010-11-10 12:09:02 PST,vish.mozilla,CC,vish.mozilla,
2013-10-09 10:29:28 PDT,nobody,Product,Infrastructure & Operations,mozilla.org
2013-10-09 10:29:28 PDT,nobody,Component,WebOps: Other,Server Operations: Web Operations
