When,Who,What,Added,Removed
2010-11-10 09:11:24 PST,khuey,CC,khuey,
2010-11-10 09:14:21 PST,wkocher,CC,kwierso,
2010-11-10 09:47:10 PST,armenzg,CC,armenzg,
2010-11-11 05:21:25 PST,bhearsum,CC,bhearsum,
2010-11-11 14:05:50 PST,coop,Whiteboard,[automation],
2010-11-11 14:05:50 PST,coop,Priority,P3,--
2010-11-11 14:05:50 PST,coop,Assignee,sdwilsh,nobody
2010-11-11 14:05:50 PST,coop,CC,coop,
2011-01-31 18:08:02 PST,john+bugzilla,OS,All,Windows 7
2011-01-31 18:08:02 PST,john+bugzilla,CC,joduinn,
2011-02-03 14:35:41 PST,sdwilsh,Status,RESOLVED,NEW
2011-02-03 14:35:41 PST,sdwilsh,Resolution,FIXED,---
2011-02-03 14:35:41 PST,sdwilsh,Last Resolved,2011-02-03 14:35:41,
2011-02-06 07:18:29 PST,bugzillamozillaorg_serge_20140323,Blocks,631902,
2011-02-10 04:56:57 PST,bugzillamozillaorg_serge_20140323,Blocks,633161,
2011-03-10 02:40:33 PST,bugzillamozillaorg_serge_20140323,Blocks,640510,
2013-08-12 21:54:08 PDT,nobody,Product,Release Engineering,mozilla.org
2013-10-15 17:40:01 PDT,gps,Blocks,927219,
