When,Who,What,Added,Removed
2010-11-10 16:05:43 PST,dolske,Attachment #489673                Flags,review?(mrbkap),
2010-11-10 16:06:56 PST,mrbkap,Attachment #489673                Flags,review+,review?(mrbkap)
2010-11-10 16:07:46 PST,gavin.sharp,CC,gavin.sharp,
2010-11-10 18:07:13 PST,dewmigg,CC,dewmigg,
2010-11-11 20:49:08 PST,dolske,Attachment #489673                Flags,approval2.0+,
2010-11-11 20:53:10 PST,dolske,Status,RESOLVED,NEW
2010-11-11 20:53:10 PST,dolske,Resolution,FIXED,---
2010-11-11 20:53:10 PST,dolske,Target Milestone,mozilla2.0b8,---
2010-11-11 20:53:10 PST,dolske,Last Resolved,2010-11-11 20:53:10,
2010-11-12 07:03:08 PST,highmind63,CC,highmind63,
