When,Who,What,Added,Removed
2010-11-10 17:03:05 PST,fwenzel,CC,ryan,
2010-11-10 17:22:13 PST,phong,Whiteboard,11/16,
2010-11-10 17:22:13 PST,phong,CC,phong,
2010-11-10 19:26:33 PST,smani,Severity,normal,major
2010-11-10 20:56:09 PST,mzeier,Whiteboard,11/16/2010 @ 4pm,11/16
2010-11-10 20:56:09 PST,mzeier,Flags,needs-downtime+,
2010-11-12 15:32:24 PST,fwenzel,Blocks,582866,
2010-11-15 11:23:39 PST,jdow,Assignee,jdow,server-ops
2010-11-15 11:23:39 PST,jdow,CC,jdow,
2010-11-15 15:50:50 PST,jdow,Assignee,server-ops,jdow
2010-11-16 12:23:49 PST,mozaakash,Severity,blocker,normal
2010-11-16 12:38:26 PST,jlaz,Assignee,jlazaro,server-ops
2010-11-16 12:38:26 PST,jlaz,CC,jlazaro,
2010-11-16 16:48:20 PST,mozaakash,Whiteboard,11/17/2010 @ 4pm,11/16/2010 @ 4pm
2010-11-16 16:48:20 PST,mozaakash,Summary,Push Firefox Input 2.0 to production on 11/17,Push Firefox Input 2.0 to production on 11/16
2010-11-16 16:48:20 PST,mozaakash,Severity,normal,blocker
2010-11-16 16:49:12 PST,phong,Assignee,server-ops,jlazaro
2010-11-17 13:20:01 PST,fwenzel,Whiteboard,11/18/2010 @ 4pm,11/17/2010 @ 4pm
2010-11-17 13:20:01 PST,fwenzel,Summary,Push Firefox Input 2.0 to production on 11/18,Push Firefox Input 2.0 to production on 11/17
2010-11-18 14:56:58 PST,jlaz,Assignee,jlazaro,server-ops
2010-11-18 17:29:12 PST,jlaz,Last Resolved,2010-11-18 17:29:12,
2010-11-18 17:29:12 PST,jlaz,Status,RESOLVED,NEW
2010-11-18 17:29:12 PST,jlaz,Resolution,FIXED,---
2010-11-18 17:40:02 PST,stephen.donner,Status,VERIFIED,RESOLVED
2013-10-09 10:29:28 PDT,nobody,Product,Infrastructure & Operations,mozilla.org
2013-10-09 10:29:28 PDT,nobody,Component,WebOps: Other,Server Operations: Web Operations
