When,Who,What,Added,Removed
2010-11-10 17:47:58 PST,philringnalda,CC,benjamin, philringnalda, roc,
2010-11-10 18:02:02 PST,mats,CC,matspal,
2010-11-10 23:33:19 PST,philringnalda,Blocks,438871,
2010-11-10 23:33:19 PST,philringnalda,Whiteboard,[orange],
2010-11-17 21:54:35 PST,dholbert,Blocks,580160,
2010-11-18 12:57:41 PST,roc,Assignee,roc,nobody
2010-11-18 12:57:41 PST,roc,Attachment #491634                Flags,review?,
2010-11-18 12:58:02 PST,roc,Attachment #491634                Flags,review?(romaxa),review?
2010-11-18 21:10:01 PST,romaxa,Attachment #491634                Flags,review+,review?(romaxa)
2010-11-19 00:09:21 PST,roc,Whiteboard,[orange][needs landing],[orange]
2010-11-29 01:26:49 PST,Ms2ger,Summary,Intermittent failure in 580160-1.html | reftest unexpected-fail | image comparison (==),Intermittent failure in 580160-1.html | reftest unexpected-fail
2010-11-29 09:14:10 PST,romaxa,Blocks,615235,
2010-12-02 18:25:44 PST,roc,Depends on,615417,
2010-12-05 08:03:39 PST,jwatt,Whiteboard,[orange],[orange][needs landing]
2010-12-05 08:03:39 PST,jwatt,CC,jwatt,
2010-12-05 15:13:49 PST,roc,Status,RESOLVED,NEW
2010-12-05 15:13:49 PST,roc,Resolution,FIXED,---
2010-12-05 15:13:49 PST,roc,Last Resolved,2010-12-05 15:13:49,
2012-10-19 01:36:20 PDT,emorley,Blocks,803473,
2012-11-19 14:40:48 PST,nobody,Keywords,intermittent-failure,
2012-11-25 19:31:15 PST,nobody,Whiteboard,,[orange]
