When,Who,What,Added,Removed
2010-11-12 06:13:55 PST,djst,Target Milestone,2.3,---
2010-11-12 06:13:55 PST,djst,Priority,P3,--
2010-11-15 13:55:54 PST,rrosario,Assignee,rrosario,nobody
2010-11-15 13:55:54 PST,rrosario,CC,rrosario,
2010-11-16 18:25:08 PST,rrosario,Status,RESOLVED,NEW
2010-11-16 18:25:08 PST,rrosario,Resolution,FIXED,---
2010-11-16 18:25:08 PST,rrosario,Last Resolved,2010-11-16 18:25:08,
2010-11-22 11:51:42 PST,rbillings,Status,VERIFIED,RESOLVED
2010-11-22 11:51:42 PST,rbillings,CC,rbillings,
