When,Who,What,Added,Removed
2010-11-15 14:25:24 PST,ehsan,CC,ehsan,
2010-11-15 14:28:26 PST,roc,CC,beltzner,
2011-01-27 12:36:03 PST,reed,Hardware,All,x86
2011-01-27 12:36:03 PST,reed,OS,All,Mac OS X
2011-01-27 12:36:03 PST,reed,Status,RESOLVED,NEW
2011-01-27 12:36:03 PST,reed,Resolution,FIXED,---
2011-01-27 12:36:03 PST,reed,Assignee,reed,nobody
2011-01-27 12:36:03 PST,reed,Last Resolved,2011-01-27 12:36:03,
2011-06-26 22:59:39 PDT,nobody,Product,bugzilla.mozilla.org,mozilla.org
2011-06-26 22:59:39 PDT,nobody,Component,General,Bugzilla: Other b.m.o Issues
