When,Who,What,Added,Removed
2010-11-10 18:02:17 PST,mozilla,Whiteboard,[formsets],formsets
2010-11-10 18:02:17 PST,mozilla,CC,jbalogh,
2011-01-13 16:43:37 PST,amckay,Blocks,625603,
2011-01-14 09:23:57 PST,amckay,Blocks,614108,
2011-04-01 09:14:34 PDT,amckay,Assignee,amckay,nobody
2011-04-01 09:14:34 PDT,amckay,Target Milestone,6.0.5,---
2011-04-08 12:25:53 PDT,amckay,Status,RESOLVED,NEW
2011-04-08 12:25:53 PDT,amckay,Resolution,FIXED,---
2011-04-08 12:25:53 PDT,amckay,Last Resolved,2011-04-08 12:25:53,
2011-04-13 23:04:18 PDT,krupa.mozbugs,Status,VERIFIED,RESOLVED
2011-04-13 23:04:18 PDT,krupa.mozbugs,CC,krupa.mozbugs,
