When,Who,What,Added,Removed
2010-11-10 15:05:05 PST,cpeyer,Flags,flashplayer-qrb?, flashplayer-triage+,
2010-11-10 15:27:01 PST,cpeyer,Attachment #489654                Flags,review?(jsudduth),
2010-11-10 15:50:31 PST,jsudduth,Attachment #489654                Flags,review+,review?(jsudduth)
2010-11-10 16:00:07 PST,cpeyer,Status,RESOLVED,ASSIGNED
2010-11-10 16:00:07 PST,cpeyer,Resolution,FIXED,---
2010-11-10 16:00:07 PST,cpeyer,Last Resolved,2010-11-10 16:00:07,
2010-11-10 17:27:37 PST,cpeyer,Status,REOPENED,RESOLVED
2010-11-10 17:27:37 PST,cpeyer,Resolution,---,FIXED
2010-11-11 11:43:30 PST,cpeyer,CC,lhansen,
2010-11-11 16:40:42 PST,cpeyer,Attachment #489654                Attachment is obsolete,1,0
2010-11-11 16:40:42 PST,cpeyer,Attachment #489982                Flags,review?(jsudduth),
2010-11-12 14:18:10 PST,cpeyer,Attachment #489982                Attachment is obsolete,1,0
2010-11-12 14:18:10 PST,cpeyer,Attachment #490238                Flags,review?(jsudduth),
2010-11-12 14:18:10 PST,cpeyer,Attachment #489982                Flags,,review?(jsudduth)
2010-11-12 14:43:24 PST,cpeyer,Attachment #490238                Attachment is obsolete,1,0
2010-11-12 14:43:24 PST,cpeyer,Attachment #490246                Flags,review?(jsudduth),
2010-11-12 14:43:24 PST,cpeyer,Attachment #490238                Flags,,review?(jsudduth)
2010-11-12 15:07:41 PST,jsudduth,Attachment #490246                Flags,review+,review?(jsudduth)
2010-11-12 16:27:58 PST,cpeyer,Last Resolved,2010-11-12 16:27:58,2010-11-10 16:00:07
2010-11-12 16:27:58 PST,cpeyer,Status,RESOLVED,REOPENED
2010-11-12 16:27:58 PST,cpeyer,Resolution,FIXED,---
2010-11-12 16:32:23 PST,cpeyer,Status,VERIFIED,RESOLVED
2011-03-11 08:13:21 PST,trbaker,CC,trbaker,
2011-03-11 08:13:21 PST,trbaker,Flags,flashplayer-qrb+,flashplayer-qrb?
