When,Who,What,Added,Removed
2010-11-10 17:06:05 PST,ehsan,CC,ehsan,
2010-11-10 17:06:05 PST,ehsan,blocking2.0,?,---
2010-11-10 17:07:32 PST,roc,blocking2.0,beta8+,?
2010-11-10 17:07:52 PST,gavin.sharp,CC,gavin.sharp,
2010-11-10 17:08:26 PST,ehsan,Status,ASSIGNED,NEW
2010-11-10 17:08:26 PST,ehsan,Assignee,ehsan,nobody
2010-11-10 20:24:59 PST,ehsan,Attachment #489743                Flags,feedback?(bzbarsky),
2010-11-10 20:29:51 PST,bzbarsky,Attachment #489743                Flags,feedback-,feedback?(bzbarsky)
2010-11-11 08:05:42 PST,highmind63,CC,highmind63,
2010-11-11 14:09:41 PST,ehsan,Attachment #489743                Attachment is obsolete,1,0
2010-11-11 14:09:41 PST,ehsan,Attachment #489929                Flags,review?(bzbarsky),
2010-11-11 14:10:25 PST,ehsan,Attachment #489930                Flags,review?(bzbarsky),
2010-11-11 14:10:49 PST,ehsan,Attachment #489931                Flags,review?(bzbarsky),
2010-11-11 14:11:17 PST,ehsan,Attachment #489933                Flags,review?(bzbarsky),
2010-11-11 14:12:01 PST,ehsan,Whiteboard,[has patch][needs review bz],
2010-11-11 16:13:24 PST,ehsan,Attachment #489970                Flags,review?(bzbarsky),
2010-11-11 18:39:44 PST,matjk7,CC,matjk7,
2010-11-12 07:40:42 PST,ehsan,Attachment #490096                Flags,review?(bzbarsky),
2010-11-12 11:48:26 PST,bzbarsky,CC,bzbarsky,
2010-11-12 12:03:46 PST,bzbarsky,Attachment #489929                Flags,review+,review?(bzbarsky)
2010-11-12 12:07:10 PST,ehsan,Attachment #490096                Flags,,review?(bzbarsky)
2010-11-12 12:07:10 PST,ehsan,Attachment #490096                Attachment is obsolete,1,0
2010-11-12 12:07:10 PST,ehsan,Attachment #490190                Flags,review?(bzbarsky),
2010-11-12 12:18:55 PST,bzbarsky,Attachment #489931                Flags,review+,review?(bzbarsky)
2010-11-12 12:20:23 PST,bzbarsky,Attachment #489933                Flags,review+,review?(bzbarsky)
2010-11-12 12:20:47 PST,bzbarsky,Attachment #489970                Flags,review+,review?(bzbarsky)
2010-11-12 12:23:19 PST,bzbarsky,Attachment #489931                Flags,review-,review+
2010-11-12 12:25:00 PST,bzbarsky,Attachment #490190                Flags,review+,review?(bzbarsky)
2010-11-12 12:43:05 PST,ehsan,Attachment #489929                Attachment is obsolete,1,0
2010-11-13 11:48:53 PST,ehsan,Attachment #490417                Flags,review?(bzbarsky),
2010-11-13 12:11:05 PST,ehsan,Attachment #489930                Attachment is obsolete,1,0
2010-11-13 12:11:05 PST,ehsan,Attachment #490427                Flags,review?(bzbarsky),
2010-11-13 12:11:05 PST,ehsan,Attachment #489930                Flags,,review?(bzbarsky)
2010-11-14 08:50:09 PST,bzbarsky,Attachment #490427                Flags,review+,review?(bzbarsky)
2010-11-14 08:53:00 PST,bzbarsky,Attachment #490417                Flags,review+,review?(bzbarsky)
2010-11-14 12:19:19 PST,ehsan,Whiteboard,[needs landing],[has patch][needs review bz]
2010-11-14 13:29:08 PST,ehsan,Flags,in-testsuite+,
2010-11-14 13:29:08 PST,ehsan,Last Resolved,2010-11-14 13:29:08,
2010-11-14 13:29:08 PST,ehsan,Whiteboard,,[needs landing]
2010-11-14 13:29:08 PST,ehsan,Status,RESOLVED,ASSIGNED
2010-11-14 13:29:08 PST,ehsan,Resolution,FIXED,---
2010-11-14 13:29:08 PST,ehsan,Target Milestone,mozilla2.0b8,---
2010-11-16 10:27:41 PST,hskupin,Depends on,612565,
2010-11-16 10:29:03 PST,blog,CC,blog,
2010-11-16 10:30:22 PST,hskupin,CC,hskupin,
2010-11-16 12:58:57 PST,tnikkel,CC,tnikkel,
2010-11-16 14:21:55 PST,bugs,Depends on,612447,
2010-11-30 12:55:31 PST,rsx11m.pub,Depends on,614919,
2011-03-23 12:56:30 PDT,ehsan,Depends on,643786,
2011-06-28 19:19:56 PDT,sspitzer,CC,seth,
2011-07-23 13:00:29 PDT,mozilla,Depends on,667512,
2011-07-23 13:01:22 PDT,mozilla,CC,bugcuddler,
2011-07-25 16:06:10 PDT,ehsan,Depends on,,667512
2012-12-01 07:07:07 PST,brunoaiss,CC,brunoaiss,
