When,Who,What,Added,Removed
2010-11-10 19:00:00 PST,wclouser,Blocks,611224,
2010-11-12 13:52:10 PST,wclouser,Severity,enhancement,normal
2010-11-12 13:52:10 PST,wclouser,Priority,P5,--
2010-11-12 13:52:10 PST,wclouser,CC,clouserw,
2010-11-12 14:04:09 PST,wclouser,Target Milestone,5.12.4,5.12.3
2010-11-15 14:31:37 PST,gkoberger,Status,RESOLVED,NEW
2010-11-15 14:31:37 PST,gkoberger,Resolution,FIXED,---
2010-11-15 14:31:37 PST,gkoberger,Last Resolved,2010-11-15 14:31:37,
2010-11-16 14:26:22 PST,krupa.mozbugs,Status,VERIFIED,RESOLVED
2010-11-16 14:26:22 PST,krupa.mozbugs,Target Milestone,5.12.3,5.12.4
