When,Who,What,Added,Removed
2010-11-10 16:13:16 PST,phong,CC,phong,
2010-11-10 16:13:55 PST,phong,Flags,colo-trip+,
2010-11-10 16:13:55 PST,phong,Assignee,phong,server-ops
2010-11-10 17:32:22 PST,phong,CC,release,
2010-11-19 04:09:45 PST,kairo,Blocks,558168,
2010-11-22 23:19:28 PST,phong,Status,RESOLVED,NEW
2010-11-22 23:19:28 PST,phong,Resolution,FIXED,---
2010-11-22 23:19:28 PST,phong,Last Resolved,2010-11-22 23:19:28,
2010-12-12 05:20:37 PST,kairo,Status,VERIFIED,RESOLVED
2015-03-12 08:17:16 PDT,nobody,Product,mozilla.org Graveyard,mozilla.org
