When,Who,What,Added,Removed
2010-11-10 19:00:00 PST,wclouser,Blocks,611224,
2010-11-12 13:55:28 PST,wclouser,CC,clouserw,
2010-11-12 13:55:28 PST,wclouser,Target Milestone,5.12.4,5.12.3
2010-11-12 13:55:28 PST,wclouser,Priority,P1,--
2010-11-12 14:08:23 PST,krupa.mozbugs,Summary,[Versions page]: status column has dummy data,[Versions]: status column has dummy data
2010-11-16 11:20:26 PST,krupa.mozbugs,Summary,[Versions page] status column has dummy data,[Versions page]: status column has dummy data
2010-11-17 11:56:28 PST,gkoberger,Status,RESOLVED,NEW
2010-11-17 11:56:28 PST,gkoberger,Resolution,FIXED,---
2010-11-17 11:56:28 PST,gkoberger,Last Resolved,2010-11-17 11:56:28,
2010-12-22 14:46:36 PST,krupa.mozbugs,Status,VERIFIED,RESOLVED
