When,Who,What,Added,Removed
2010-11-10 14:37:19 PST,LpSolit,Flags,blocking3.6.4+,
2010-11-10 15:08:29 PST,LpSolit,Status,ASSIGNED,NEW
2010-11-10 15:08:29 PST,LpSolit,Assignee,LpSolit,query-and-buglist
2010-11-10 15:08:29 PST,LpSolit,Attachment #489646                Flags,review?(mkanat),
2010-11-10 15:11:30 PST,mkanat,Attachment #489646                Flags,review+,review?(mkanat)
2010-11-10 15:11:41 PST,mkanat,Flags,approval3.6+,
2010-11-10 15:45:06 PST,LpSolit,Status,RESOLVED,ASSIGNED
2010-11-10 15:45:06 PST,LpSolit,Resolution,FIXED,---
2010-11-10 15:45:06 PST,LpSolit,Last Resolved,2010-11-10 15:45:06,
2011-01-12 04:41:43 PST,LpSolit,CC,guzman,
