When,Who,What,Added,Removed
2010-11-10 14:05:05 PST,alqahira,Flags,camino2.0.6?,
2010-11-10 19:29:30 PST,phiw2,Status,ASSIGNED,NEW
2010-11-10 19:29:30 PST,phiw2,Assignee,phiw,samuel.sidler
2010-11-10 19:29:30 PST,phiw2,Attachment #489695                Attachment is obsolete,1,0
2010-11-10 19:29:30 PST,phiw2,Attachment #489729                Flags,review?(alqahira), feedback?(samuel.sidler),
2010-11-10 19:31:33 PST,phiw2,Attachment #489730                Flags,review?(alqahira),
2010-11-10 19:36:46 PST,alqahira,Attachment #489730                Flags,review+,review?(alqahira)
2010-11-10 19:37:50 PST,alqahira,Attachment #489729                Flags,review+,review?(alqahira)
2010-11-14 07:59:16 PST,krmathis,CC,krmathis,
2010-11-14 16:05:21 PST,alqahira,Blocks,612185,
2010-11-14 16:07:07 PST,alqahira,Status,RESOLVED,ASSIGNED
2010-11-14 16:07:07 PST,alqahira,Resolution,FIXED,---
2010-11-14 16:07:07 PST,alqahira,Last Resolved,2010-11-14 16:07:07,
2010-11-14 17:07:54 PST,samuel.sidler,Attachment #489729                Flags,feedback+,feedback?(samuel.sidler)
2010-11-16 11:58:33 PST,alqahira,Flags,camino2.0.6+,camino2.0.6?
