When,Who,What,Added,Removed
2010-11-10 17:16:52 PST,stephen.donner,Target Milestone,2.0,---
2010-11-10 17:22:18 PST,michael,CC,michael,
2010-11-11 15:13:49 PST,stephen.donner,CC,chowse,
2010-11-12 15:31:50 PST,fwenzel,Severity,minor,normal
2010-11-12 15:31:50 PST,fwenzel,Priority,P3,--
2010-11-12 15:31:50 PST,fwenzel,Assignee,michael,nobody
2010-11-12 15:31:50 PST,fwenzel,CC,fwenzel,
2010-11-12 15:31:50 PST,fwenzel,Target Milestone,2.1,2.0
2010-12-06 10:03:50 PST,michael,Status,RESOLVED,NEW
2010-12-06 10:03:50 PST,michael,Resolution,FIXED,---
2010-12-06 10:03:50 PST,michael,Last Resolved,2010-12-06 10:03:50,
2010-12-06 10:57:21 PST,stephen.donner,Status,VERIFIED,RESOLVED
2011-06-23 09:29:15 PDT,nobody,Product,Input,Webtools
2011-06-23 09:29:15 PDT,nobody,Component,General,Input
