When,Who,What,Added,Removed
2010-11-10 17:04:30 PST,leeoniya,CC,leeoniya,
2010-11-10 17:35:36 PST,ryanvm,CC,ryanvm,
2010-11-10 19:35:09 PST,bzbarsky,Status,NEW,UNCONFIRMED
2010-11-10 19:35:09 PST,bzbarsky,CC,jwalden+bmo,
2010-11-10 19:35:09 PST,bzbarsky,Ever confirmed,1,0
2010-11-10 23:14:05 PST,mathias,CC,mathias,
2011-03-05 05:27:14 PST,jdemooij,Depends on,614608,
2011-03-10 16:12:17 PST,steves_list,CC,steves_list,
2011-03-10 19:42:46 PST,jwalden+bmo,Status,RESOLVED,NEW
2011-03-10 19:42:46 PST,jwalden+bmo,Resolution,FIXED,---
2011-03-10 19:42:46 PST,jwalden+bmo,Last Resolved,2011-03-10 19:42:46,
