When,Who,What,Added,Removed
2010-11-10 17:35:26 PST,ryanvm,CC,ryanvm,
2010-11-21 20:15:53 PST,jruderman,CC,mrbkap, peterv,
2010-11-21 20:15:53 PST,jruderman,blocking2.0,?,---
2010-11-22 14:14:40 PST,jst,Assignee,peterv,nobody
2010-11-22 14:14:40 PST,jst,CC,jst,
2010-11-22 14:14:40 PST,jst,blocking2.0,final+,?
2011-01-04 18:42:56 PST,jst,Whiteboard,hardblocker,
2011-01-06 18:19:31 PST,jst,Whiteboard,[hardblocker],hardblocker
2011-01-13 12:52:16 PST,mounir,CC,mounir.lamouri,
2011-01-13 12:52:16 PST,mounir,Assignee,mounir.lamouri,peterv
2011-01-13 16:04:17 PST,mounir,Status,ASSIGNED,NEW
2011-01-13 16:04:29 PST,mounir,Hardware,All,x86
2011-01-13 16:04:29 PST,mounir,OS,All,Mac OS X
2011-01-14 08:36:29 PST,mounir,Whiteboard,[hardblocker][fixed by bug 601803],[hardblocker]
2011-01-14 08:36:29 PST,mounir,Status,RESOLVED,ASSIGNED
2011-01-14 08:36:29 PST,mounir,Resolution,FIXED,---
2011-01-14 08:36:29 PST,mounir,CC,gal,
2011-01-14 08:36:29 PST,mounir,Last Resolved,2011-01-14 08:36:29,
2011-01-14 11:26:13 PST,jruderman,Depends on,601803,
