When,Who,What,Added,Removed
2010-11-10 14:30:37 PST,nthomas,Whiteboard,[buildslaves][buildduty],
2010-11-10 16:41:48 PST,nthomas,Priority,P2,P3
2010-11-10 16:41:48 PST,nthomas,Assignee,nrthomas,nobody
2010-11-10 16:45:37 PST,nthomas,Attachment #489689                Flags,review?(bhearsum),
2010-11-11 07:32:51 PST,bhearsum,Attachment #489689                Flags,review+,review?(bhearsum)
2010-11-14 17:09:33 PST,nthomas,Attachment #489689                Flags,checked-in+,
2010-12-14 17:14:07 PST,nthomas,Priority,--,P2
2010-12-14 17:14:07 PST,nthomas,Assignee,nobody,nrthomas
2010-12-17 19:33:44 PST,bear,Whiteboard,[buildslaves][buildduty][hardware],[buildslaves][buildduty]
2010-12-17 19:33:44 PST,bear,Priority,P3,--
2010-12-17 19:33:44 PST,bear,CC,bear,
2011-02-22 07:21:00 PST,armenzg,Whiteboard,[buildslaves][hardware][slaveduty],[buildslaves][buildduty][hardware]
2011-02-22 07:21:00 PST,armenzg,CC,armenzg,
2011-03-01 14:54:32 PST,john+bugzilla,CC,joduinn,
2011-03-01 14:55:18 PST,john+bugzilla,Depends on,636827,
2011-03-07 11:52:54 PST,dustin,Status,RESOLVED,NEW
2011-03-07 11:52:54 PST,dustin,Resolution,FIXED,---
2011-03-07 11:52:54 PST,dustin,CC,dustin,
2011-03-07 11:52:54 PST,dustin,Last Resolved,2011-03-07 11:52:54,
2013-08-12 21:54:08 PDT,nobody,Product,Release Engineering,mozilla.org
