When,Who,What,Added,Removed
2010-11-10 15:57:04 PST,mwu,Assignee,mwu,nobody
2010-11-10 15:57:04 PST,mwu,CC,mwu,
2010-11-10 15:57:04 PST,mwu,tracking-fennec,?,---
2010-11-12 12:24:44 PST,blassey.bugs,CC,blassey.bugs,
2010-11-12 12:24:44 PST,blassey.bugs,tracking-fennec,2.0+,?
2010-11-12 14:48:14 PST,marcoos+bmo,CC,marcoos+bmo,
2010-11-12 14:56:30 PST,mwu,Ever confirmed,1,0
2010-11-12 14:56:30 PST,mwu,Status,NEW,UNCONFIRMED
2011-01-26 13:47:49 PST,mwu,Hardware,All,Other
2011-01-26 13:47:49 PST,mwu,OS,Android,Other
2011-02-01 11:52:36 PST,mwu,Assignee,nobody,mwu
2011-02-05 13:15:04 PST,arendsf,Severity,blocker,normal
2011-02-05 13:15:04 PST,arendsf,Priority,P4,--
2011-02-05 13:15:04 PST,arendsf,CC,tarend,
2011-02-07 12:25:17 PST,blassey.bugs,Assignee,blassey.bugs,nobody
2011-02-07 14:12:58 PST,mwu,CC,,mwu
2011-02-07 16:34:11 PST,blassey.bugs,Attachment #510450                Flags,review?(tglek),
2011-02-07 16:37:19 PST,taras.mozilla,Attachment #510450                Flags,review-,review?(tglek)
2011-02-07 16:53:45 PST,blassey.bugs,Attachment #510457                Flags,review?(tglek),
2011-02-07 16:53:45 PST,blassey.bugs,Attachment #510450                Attachment is obsolete,1,0
2011-02-07 16:55:22 PST,taras.mozilla,Attachment #510457                Flags,review+,review?(tglek)
2011-02-09 10:56:13 PST,pavlov,Whiteboard,FIXED?,
2011-02-18 06:08:24 PST,mark.finkle,CC,mark.finkle,
2011-02-18 08:06:36 PST,blassey.bugs,Attachment #510450                Attachment is obsolete,0,1
2011-02-18 08:07:00 PST,blassey.bugs,Attachment #510457                Attachment description,logging patch for more info,patch
2011-02-18 13:17:16 PST,blassey.bugs,tracking-fennec,2.0-,2.0+
2011-03-03 09:36:56 PST,blassey.bugs,CC,jwwatki,
2011-03-03 09:41:00 PST,mbrubeck,Keywords,crash, mobile,
2011-03-03 09:41:00 PST,mbrubeck,CC,mbrubeck,
2011-03-03 09:48:12 PST,blassey.bugs,Keywords,,crash, mobile
2011-03-03 09:48:33 PST,blassey.bugs,Whiteboard,crash, mobile,FIXED?
2011-03-03 16:36:02 PST,azakai,CC,azakai,
2011-03-03 16:39:32 PST,blassey.bugs,Attachment #510450                Flags,review?(tglek),review-
2011-03-03 17:02:20 PST,mbrubeck,Whiteboard,[has patch][needs review],crash, mobile
2011-03-03 17:02:20 PST,mbrubeck,tracking-fennec,?,2.0-
2011-03-03 17:02:20 PST,mbrubeck,Keywords,crash, mobile,
2011-03-04 13:53:26 PST,taras.mozilla,Attachment #510450                Flags,review-,review?(tglek)
2011-03-04 14:17:17 PST,kbrosnan,CC,kbrosnan,
2011-03-04 14:42:57 PST,blassey.bugs,Attachment #510450                Attachment is obsolete,1,0
2011-03-04 14:42:57 PST,blassey.bugs,Attachment #517012                Flags,review?(tglek),
2011-03-04 14:47:02 PST,blassey.bugs,Attachment #517016                Flags,review?(tglek),
2011-03-04 14:47:02 PST,blassey.bugs,Attachment #517012                Flags,,review?(tglek)
2011-03-04 14:47:02 PST,blassey.bugs,Attachment #517012                Attachment is obsolete,1,0
2011-03-04 14:51:06 PST,taras.mozilla,Attachment #517016                Flags,review+,review?(tglek)
2011-03-04 14:52:39 PST,mbrubeck,Whiteboard,[has patch][has review][needs approval],[has patch][needs review]
2011-03-04 15:14:54 PST,dougt,Attachment #510457                Flags,approval2.0+,
2011-03-04 15:15:09 PST,dougt,Attachment #517016                Flags,approval2.0+,
2011-03-04 15:18:38 PST,blassey.bugs,tracking-fennec,2.0+,?
2011-03-04 15:18:50 PST,blassey.bugs,Status,RESOLVED,NEW
2011-03-04 15:18:50 PST,blassey.bugs,Resolution,FIXED,---
2011-03-04 15:18:50 PST,blassey.bugs,Last Resolved,2011-03-04 15:18:50,
2011-03-15 04:42:13 PDT,martijn.martijn,CC,martijn.martijn,
2011-03-16 09:34:58 PDT,martijn.martijn,Status,VERIFIED,RESOLVED
2011-06-02 08:43:47 PDT,kbrosnan,Target Milestone,Firefox 4.0,---
