When,Who,What,Added,Removed
2011-09-01 07:34:49 PDT,rrosario,Assignee,rrosario,nobody
2011-09-01 07:34:49 PDT,rrosario,CC,rrosario,
2011-09-01 09:45:26 PDT,rrosario,Resolution,FIXED,---
2011-09-01 09:45:26 PDT,rrosario,Target Milestone,2011-09-13,---
2011-09-01 09:45:26 PDT,rrosario,Last Resolved,2011-09-01 09:45:26,
2011-09-01 09:45:26 PDT,rrosario,Status,RESOLVED,NEW
2011-09-12 16:57:46 PDT,rbillings,Status,VERIFIED,RESOLVED
2011-09-12 16:57:46 PDT,rbillings,CC,rbillings,
2011-09-15 08:45:30 PDT,me+bugzilla,CC,james,
2011-09-27 05:38:42 PDT,scoobidiver,Depends on,689170,
