When,Who,What,Added,Removed
2010-11-10 17:18:34 PST,dtownsend,CC,dtownsend,
2010-11-10 17:18:34 PST,dtownsend,Depends on,611177,
2010-11-10 17:27:24 PST,dtownsend,Depends on,,611177
2011-03-03 11:14:05 PST,dtownsend,Attachment #516651                Flags,review?(robert.bugzilla),
2011-03-03 11:14:05 PST,dtownsend,Status,ASSIGNED,NEW
2011-03-03 11:14:05 PST,dtownsend,Assignee,dtownsend,nobody
2011-03-03 11:23:07 PST,robert.strong.bugs,Attachment #516651                Flags,review+,review?(robert.bugzilla)
2011-03-08 10:00:31 PST,dtownsend,Status,RESOLVED,ASSIGNED
2011-03-08 10:00:31 PST,dtownsend,Resolution,FIXED,---
2011-03-08 10:00:31 PST,dtownsend,Last Resolved,2011-03-08 10:00:31,
2011-03-22 06:12:59 PDT,hskupin,Status,VERIFIED,RESOLVED
2011-03-22 06:12:59 PDT,hskupin,CC,hskupin,
2011-03-22 06:12:59 PDT,hskupin,Target Milestone,mozilla2.0,---
2011-03-22 06:12:59 PDT,hskupin,Flags,in-testsuite+, in-litmus-,
2012-11-19 14:40:48 PST,nobody,Keywords,intermittent-failure,
2012-11-25 19:31:15 PST,nobody,Whiteboard,,[orange]
