When,Who,What,Added,Removed
2010-11-10 13:53:15 PST,jorge,Target Milestone,5.12.3,---
2010-11-10 13:53:15 PST,jorge,Keywords,regression,
2010-11-10 13:53:15 PST,jorge,Whiteboard,[required amo-editors],
2010-11-10 13:53:15 PST,jorge,Hardware,All,x86
2010-11-10 13:53:15 PST,jorge,OS,All,Windows 7
2010-11-10 13:53:15 PST,jorge,Priority,P3,--
2010-11-10 13:53:15 PST,jorge,Component,Admin/Editor Tools,Developer Pages
2010-11-10 13:53:15 PST,jorge,QA Contact,admin-tools,developers
2010-11-10 13:53:15 PST,jorge,CC,jorge,
2010-11-10 13:53:32 PST,jorge,Status,NEW,UNCONFIRMED
2010-11-10 13:53:32 PST,jorge,Ever confirmed,1,0
2010-11-10 14:06:50 PST,mozilla,CC,jbalogh,
2010-11-10 14:29:23 PST,fwenzel,CC,fwenzel,
2010-11-10 14:55:53 PST,krupa.mozbugs,CC,krupa.mozbugs,
2010-11-11 09:35:17 PST,mozilla,Depends on,611349,
2010-11-12 16:11:40 PST,wclouser,Resolution,FIXED,---
2010-11-12 16:11:40 PST,wclouser,CC,clouserw,
2010-11-12 16:11:40 PST,wclouser,Last Resolved,2010-11-12 16:11:40,
2010-11-12 16:11:40 PST,wclouser,Status,RESOLVED,NEW
2012-02-10 10:28:53 PST,jorge,Whiteboard,[ReviewTeam],[required amo-editors]
