When,Who,What,Added,Removed
2010-11-16 12:47:52 PST,stephen.bannasch,Version,Trunk,unspecified
2011-01-12 02:10:59 PST,egarcia,CC,egarcia,
2011-01-12 09:52:46 PST,smichaud,Product,Core,Firefox
2011-01-12 09:52:46 PST,smichaud,Component,Plug-ins,General
2011-01-12 09:52:46 PST,smichaud,QA Contact,plugins,general
2011-01-12 09:52:46 PST,smichaud,CC,smichaud,
2011-01-14 22:11:58 PST,stephen.bannasch,Resolution,FIXED,---
2011-01-14 22:11:58 PST,stephen.bannasch,Last Resolved,2011-01-14 22:11:58,
2011-01-14 22:11:58 PST,stephen.bannasch,Status,RESOLVED,UNCONFIRMED
