When,Who,What,Added,Removed
2010-11-10 17:35:58 PST,ryanvm,CC,ryanvm,
2010-11-10 17:50:49 PST,dmandelin,CC,dmandelin,
2010-11-10 17:51:43 PST,dmandelin,blocking2.0,final+,---
2010-11-10 19:35:50 PST,bzbarsky,CC,bzbarsky,
2010-11-10 19:36:03 PST,bzbarsky,Keywords,regression, regressionwindow-wanted,
2010-11-11 10:34:36 PST,eriknospam,CC,eriknospam,
2010-11-11 22:49:12 PST,bzbarsky,Keywords,,regressionwindow-wanted
2010-11-11 22:49:12 PST,bzbarsky,Component,Editor,JavaScript Engine
2010-11-11 22:49:12 PST,bzbarsky,Assignee,nobody,general
2010-11-11 22:49:12 PST,bzbarsky,QA Contact,editor,general
2010-11-11 22:49:12 PST,bzbarsky,CC,ehsan,
2010-11-12 12:38:45 PST,ehsan,Keywords,testcase-wanted,
2010-11-12 12:38:52 PST,ehsan,Assignee,ehsan,nobody
2010-11-14 12:03:03 PST,ehsan,Attachment #490368                Attachment is obsolete,1,0
2010-11-14 12:03:14 PST,ehsan,Keywords,testcase,testcase-wanted
2010-11-14 17:16:35 PST,ehsan,Attachment #490498                Flags,review?(bzbarsky),
2010-11-14 17:16:55 PST,ehsan,Whiteboard,[has patch][needs review bz],
2010-11-14 18:13:56 PST,bzbarsky,Attachment #490498                Flags,review+,review?(bzbarsky)
2010-11-14 22:07:32 PST,ehsan,Whiteboard,[needs help],[has patch][needs review bz]
2010-11-14 22:07:32 PST,ehsan,Status,ASSIGNED,NEW
2010-11-14 22:07:32 PST,ehsan,CC,bolterbugz, surkov.alexander,
2010-11-14 22:09:25 PST,ehsan,Version,Trunk,unspecified
2010-11-14 22:09:25 PST,ehsan,Hardware,All,x86_64
2010-11-14 22:09:25 PST,ehsan,OS,All,Linux
2010-11-19 13:37:37 PST,ehsan,Attachment #491928                Flags,review?(bolterbugz),
2010-11-19 13:37:53 PST,ehsan,Whiteboard,[needs review davidb],[needs help]
2010-11-19 13:44:18 PST,dbolter,Attachment #491928                Flags,review+,review?(bolterbugz)
2010-11-19 16:43:23 PST,ehsan,Attachment #491928                Attachment is obsolete,1,0
2010-11-19 16:43:32 PST,ehsan,Whiteboard,[needs landing],[needs review davidb]
2010-11-19 19:04:08 PST,surkov.alexander,Attachment #491928                Flags,review-,
2010-11-19 19:25:59 PST,surkov.alexander,Whiteboard,,[needs landing]
2010-11-20 06:39:42 PST,ehsan,Attachment #491999                Attachment is obsolete,1,0
2010-11-20 13:46:16 PST,ehsan,Attachment #492091                Flags,review?,
2010-11-20 13:46:31 PST,ehsan,Attachment #492091                Flags,review?(Olli.Pettay),review?
2010-11-22 16:39:35 PST,ehsan,Attachment #490498                Attachment is obsolete,1,0
2010-11-22 16:39:35 PST,ehsan,Attachment #492091                Attachment is obsolete,1,0
2010-11-22 16:39:35 PST,ehsan,Attachment #492504                Flags,review?(bzbarsky),
2010-11-22 16:39:35 PST,ehsan,Attachment #492091                Flags,,review?(Olli.Pettay)
2010-11-22 16:40:34 PST,ehsan,Attachment #492505                Flags,review?(bolterbugz),
2010-11-22 19:35:37 PST,surkov.alexander,Attachment #492505                Flags,review+,
2010-11-22 21:08:52 PST,ehsan,Attachment #492505                Attachment is obsolete,1,0
2010-11-22 21:08:52 PST,ehsan,Attachment #492505                Flags,,review?(bolterbugz), review+
2010-11-23 14:00:42 PST,bzbarsky,Attachment #492504                Flags,review+,review?(bzbarsky)
2010-11-24 10:32:12 PST,ehsan,Whiteboard,[needs landing],
2010-11-24 10:45:54 PST,ehsan,Whiteboard,,[needs landing]
2010-11-24 10:45:54 PST,ehsan,Status,RESOLVED,ASSIGNED
2010-11-24 10:45:54 PST,ehsan,Resolution,FIXED,---
2010-11-24 10:45:54 PST,ehsan,Target Milestone,mozilla2.0b8,---
2010-11-24 10:45:54 PST,ehsan,Flags,in-testsuite+,
2010-11-24 10:45:54 PST,ehsan,Last Resolved,2010-11-24 10:45:54,
2010-11-26 11:25:12 PST,jruderman,Depends on,614988,
