When,Who,What,Added,Removed
2010-11-10 16:55:41 PST,mozilla,CC,jbalogh,
2010-11-10 19:00:00 PST,wclouser,Blocks,611224,
2010-11-12 13:53:27 PST,wclouser,Priority,P1,--
2010-11-12 13:53:27 PST,wclouser,CC,clouserw,
2010-11-12 13:53:27 PST,wclouser,Target Milestone,5.12.4,5.12.3
2010-11-17 11:57:05 PST,gkoberger,Last Resolved,2010-11-17 11:57:05,
2010-11-17 11:57:05 PST,gkoberger,Status,RESOLVED,NEW
2010-11-17 11:57:05 PST,gkoberger,Resolution,FIXED,---
2010-11-23 14:46:12 PST,krupa.mozbugs,Status,VERIFIED,RESOLVED
