When,Who,What,Added,Removed
2010-11-10 13:35:16 PST,fabrice,Assignee,fabrice,nobody
2010-11-10 13:35:16 PST,fabrice,Attachment #489609                Flags,review?(mwu),
2010-11-15 18:24:46 PST,mwu,Attachment #489609                Flags,review+,review?(mwu)
2010-11-15 18:25:05 PST,mwu,CC,mwu,
2010-11-15 18:25:05 PST,mwu,tracking-fennec,?,---
2010-11-16 13:02:19 PST,blassey.bugs,CC,blassey.bugs,
2010-11-16 13:02:19 PST,blassey.bugs,tracking-fennec,2.0b3+,?
2010-11-16 13:02:31 PST,blassey.bugs,Keywords,checkin-needed,
2010-11-16 14:37:00 PST,mwu,Last Resolved,2010-11-16 14:37:00,
2010-11-16 14:37:00 PST,mwu,Keywords,,checkin-needed
2010-11-16 14:37:00 PST,mwu,Status,RESOLVED,NEW
2010-11-16 14:37:00 PST,mwu,Resolution,FIXED,---
2011-06-03 01:49:47 PDT,anamaria.moldovan,CC,anamaria.moldovan,
