When,Who,What,Added,Removed
2010-11-12 06:12:01 PST,djst,Priority,P4,--
2010-11-12 06:12:01 PST,djst,Target Milestone,2.3,---
2010-11-16 13:23:43 PST,rrosario,Assignee,rrosario,nobody
2010-11-16 13:23:43 PST,rrosario,CC,rrosario,
2010-11-16 18:25:21 PST,rrosario,Status,RESOLVED,NEW
2010-11-16 18:25:21 PST,rrosario,Resolution,FIXED,---
2010-11-16 18:25:21 PST,rrosario,Last Resolved,2010-11-16 18:25:21,
2010-11-22 11:02:15 PST,rbillings,Status,VERIFIED,RESOLVED
2010-11-22 11:02:15 PST,rbillings,CC,rbillings,
