When,Who,What,Added,Removed
2010-11-10 15:01:21 PST,dholbert,CC,dholbert, jwatt,
2010-11-10 15:01:21 PST,dholbert,Blocks,522306,
2010-11-10 15:06:23 PST,jwatt,Status,ASSIGNED,NEW
2010-11-10 15:06:23 PST,jwatt,Assignee,jwatt,nobody
2010-11-10 15:06:23 PST,jwatt,blocking2.0,final+,---
2010-11-10 17:17:38 PST,jwatt,Attachment #489698                Flags,review?(dholbert),
2010-11-10 17:45:35 PST,dholbert,Attachment #489698                Flags,review+,review?(dholbert)
2010-11-10 17:51:43 PST,reed,CC,reed,
2010-11-11 12:49:30 PST,jwatt,Status,RESOLVED,ASSIGNED
2010-11-11 12:49:30 PST,jwatt,Resolution,FIXED,---
2010-11-11 12:49:30 PST,jwatt,Last Resolved,2010-11-11 12:49:30,
2014-12-08 21:53:10 PST,dveditz,Group,,core-security
