When,Who,What,Added,Removed
2010-11-10 15:14:08 PST,mbrubeck,Attachment #489647                Flags,review?(mark.finkle),
2010-11-10 16:18:12 PST,mark.finkle,Attachment #489647                Flags,review+,review?(mark.finkle)
2010-11-10 16:52:57 PST,mbrubeck,Status,RESOLVED,ASSIGNED
2010-11-10 16:52:57 PST,mbrubeck,Resolution,FIXED,---
2010-11-10 16:52:57 PST,mbrubeck,Last Resolved,2010-11-10 16:52:57,
2011-06-03 01:47:30 PDT,anamaria.moldovan,Status,VERIFIED,RESOLVED
2011-06-03 01:47:30 PDT,anamaria.moldovan,CC,anamaria.moldovan,
