When,Who,What,Added,Removed
2010-11-10 16:20:58 PST,myk,Attachment #489680                Flags,review?(zaloon),
2010-11-10 18:33:09 PST,wbamberg,Attachment #489680                Flags,,review?(zaloon)
2010-11-10 18:37:45 PST,wbamberg,Attachment #489680                Attachment is obsolete,1,0
2010-11-10 18:37:45 PST,wbamberg,Attachment #489722                Flags,review?(zaloon),
2010-11-12 13:41:37 PST,wbamberg,Blocks,605629,
2010-11-12 15:24:21 PST,wbamberg,Attachment #489722                Attachment is obsolete,1,0
2010-11-12 15:24:21 PST,wbamberg,Attachment #490262                Flags,review?(zaloon),
2010-11-12 15:24:21 PST,wbamberg,Attachment #489722                Flags,,review?(zaloon)
2010-11-16 09:43:26 PST,wbamberg,Status,RESOLVED,ASSIGNED
2010-11-16 09:43:26 PST,wbamberg,Resolution,FIXED,---
2010-11-16 09:43:26 PST,wbamberg,Last Resolved,2010-11-16 09:43:26,
2011-01-11 13:04:39 PST,timeless,Product,Mozilla Labs Graveyard,Mozilla Labs
2011-01-11 13:04:39 PST,timeless,Component,FlightDeck,FlightDeck
