When,Who,What,Added,Removed
2015-01-21 07:30:51 PST,ehsan,See Also,https://bugzilla.mozilla.org/show_bug.cgi?id=1119503,
2015-01-22 06:54:58 PST,ehsan,Blocks,1119503,
2015-01-22 07:01:29 PST,ehsan,CC,ehsan,
2015-01-22 07:01:29 PST,ehsan,Summary,Don't depend on the editor in nsDocumentEncoder,Move nsIHTMLEditor::IsVisBreak to nsContentUtils
2015-01-22 07:01:34 PST,ehsan,Assignee,ehsan,nobody
2015-01-22 07:01:38 PST,ehsan,Whiteboard,,[post-2.0]
2015-01-22 10:46:26 PST,ehsan,CC,bzbarsky,
2015-01-22 10:46:26 PST,ehsan,Attachment #8553251                Flags,review?(bzbarsky),
2015-01-22 11:57:28 PST,bzbarsky,Attachment #8553251                Flags,review+,review?(bzbarsky)
2015-01-22 19:21:42 PST,ehsan,Keywords,leave-open,
2015-01-22 19:25:02 PST,ehsan,Attachment #8553480                Flags,review?(bzbarsky),
2015-01-22 19:31:20 PST,bzbarsky,Attachment #8553480                Flags,review+,review?(bzbarsky)
2015-01-22 20:20:42 PST,ehsan,Attachment #8553480                Flags,checkin+,
2015-01-22 20:20:49 PST,ehsan,Keywords,,leave-open
2015-01-23 08:22:42 PST,ehsan,Keywords,leave-open,
2015-01-23 08:23:42 PST,ehsan,Attachment #8553770                Flags,review?(bzbarsky),
2015-01-23 21:27:12 PST,bzbarsky,Attachment #8553770                Flags,review+,review?(bzbarsky)
2015-01-24 12:04:30 PST,ehsan,Keywords,,leave-open
2015-01-24 16:28:44 PST,ryanvm,Last Resolved,2015-01-24 16:28:44,
2015-01-24 16:28:44 PST,ryanvm,Status,RESOLVED,NEW
2015-01-24 16:28:44 PST,ryanvm,Resolution,FIXED,---
2015-01-24 16:28:44 PST,ryanvm,Target Milestone,mozilla38,---
2015-02-04 12:18:49 PST,overholt,Attachment #8553251                Flags,approval-mozilla-aurora?,
2015-02-04 12:21:07 PST,overholt,Attachment #8553480                Flags,approval-mozilla-aurora?,
2015-02-04 12:22:38 PST,overholt,Attachment #8553770                Flags,approval-mozilla-aurora?,
2015-02-05 08:24:01 PST,lmandel,status-firefox35,unaffected,---
2015-02-05 08:24:01 PST,lmandel,status-firefox36,unaffected,---
2015-02-05 08:24:01 PST,lmandel,tracking-firefox37,+,---
2015-02-05 08:24:01 PST,lmandel,status-firefox37,affected,---
2015-02-05 08:24:01 PST,lmandel,tracking-firefox38,+,---
2015-02-05 08:24:01 PST,lmandel,status-firefox38,fixed,---
2015-02-05 08:24:53 PST,lmandel,Attachment #8553251                Flags,approval-mozilla-aurora+,approval-mozilla-aurora?
2015-02-05 08:25:17 PST,lmandel,Attachment #8553480                Flags,approval-mozilla-aurora+,approval-mozilla-aurora?
2015-02-05 08:25:42 PST,lmandel,Attachment #8553770                Flags,approval-mozilla-aurora+,approval-mozilla-aurora?
2015-02-06 11:24:46 PST,ryanvm,Flags,in-testsuite+,
2015-02-06 11:24:46 PST,ryanvm,status-firefox37,fixed,affected
2015-05-04 20:08:08 PDT,alice0775,Depends on,1143570,
2015-06-09 23:59:45 PDT,mozilla,Depends on,1173261,
2015-07-27 07:19:01 PDT,neil,Depends on,1187916,
