When,Who,What,Added,Removed
2010-11-10 15:15:58 PST,jhford,Attachment #489649                Flags,review?,
2010-11-10 15:16:18 PST,jhford,Attachment #489649                Flags,review?(aki),review?
2010-11-10 15:17:47 PST,escapewindow+mozbugs,Attachment #489649                Flags,review+,review?(aki)
2010-11-10 15:34:34 PST,jhford,Attachment #489649                Flags,checked-in?,
2010-11-10 15:34:41 PST,jhford,Resolution,FIXED,---
2010-11-10 15:34:41 PST,jhford,Last Resolved,2010-11-10 15:34:41,
2010-11-10 15:34:41 PST,jhford,Status,RESOLVED,NEW
2011-04-20 09:30:26 PDT,jhford,Attachment #489649                Flags,checked-in+,checked-in?
2013-08-12 21:54:08 PDT,nobody,Product,Release Engineering,mozilla.org
