When,Who,What,Added,Removed
2010-11-10 14:49:35 PST,scott,Assignee,sgreenlay,nobody
2010-11-10 14:51:57 PST,scott,Attachment #489634                Flags,review?(joshmoz),
2010-11-10 15:04:18 PST,scott,Status,ASSIGNED,NEW
2010-11-10 15:51:53 PST,jst,CC,jst,
2010-11-12 10:45:22 PST,scott,Attachment #489634                Attachment is obsolete,1,0
2010-11-12 10:45:22 PST,scott,Attachment #490152                Flags,review?(joshmoz),
2010-11-12 10:45:22 PST,scott,Attachment #489634                Flags,,review?(joshmoz)
2010-11-12 11:13:13 PST,scott,Attachment #490152                Attachment is obsolete,1,0
2010-11-12 11:13:13 PST,scott,Attachment #490166                Flags,review?(joshmoz),
2010-11-12 11:13:13 PST,scott,Attachment #490152                Flags,,review?(joshmoz)
2010-11-12 11:33:14 PST,jaas,Attachment #490166                Flags,review-,review?(joshmoz)
2010-11-12 11:33:39 PST,scott,Attachment #490166                Attachment is obsolete,1,0
2010-11-12 11:33:39 PST,scott,Attachment #490178                Flags,review?(joshmoz),
2010-11-12 11:37:10 PST,scott,Attachment #490178                Attachment is obsolete,1,0
2010-11-12 11:37:10 PST,scott,Attachment #490178                Flags,,review?(joshmoz)
2010-11-12 15:12:47 PST,scott,Attachment #490256                Flags,review?(joshmoz),
2010-11-12 15:49:56 PST,scott,Attachment #490256                Attachment is obsolete,1,0
2010-11-12 15:49:56 PST,scott,Attachment #490256                Flags,,review?(joshmoz)
2010-11-12 16:39:57 PST,scott,Attachment #490288                Flags,review?(joshmoz),
2010-11-12 16:59:14 PST,scott,Attachment #490288                Attachment is obsolete,1,0
2010-11-12 16:59:14 PST,scott,Attachment #490291                Flags,review?(joshmoz),
2010-11-12 16:59:14 PST,scott,Attachment #490288                Flags,,review?(joshmoz)
2010-11-14 22:22:58 PST,scott,Attachment #490519                Flags,review?(joshmoz),
2010-11-14 22:22:58 PST,scott,Attachment #490291                Flags,,review?(joshmoz)
2010-11-14 22:22:58 PST,scott,Attachment #490291                Attachment is obsolete,1,0
2010-11-15 04:53:25 PST,jaas,CC,joshmoz,
2010-11-15 04:53:25 PST,jaas,blocking2.0,betaN+,---
2010-11-15 10:27:05 PST,scott,Attachment #490519                Attachment is obsolete,1,0
2010-11-15 10:27:05 PST,scott,Attachment #490603                Flags,review?(joshmoz),
2010-11-15 10:27:05 PST,scott,Attachment #490519                Flags,,review?(joshmoz)
2010-11-15 11:21:16 PST,jaas,Attachment #490603                Flags,review+,review?(joshmoz)
2010-11-15 11:22:12 PST,scott,Keywords,checkin-needed,
2010-11-15 15:27:04 PST,stephen.donner,CC,stephen.donner,
2010-11-15 15:43:55 PST,scott,Keywords,,checkin-needed
2010-11-15 15:43:55 PST,scott,Status,RESOLVED,ASSIGNED
2010-11-15 15:43:55 PST,scott,Resolution,FIXED,---
2010-11-15 15:43:55 PST,scott,Last Resolved,2010-11-15 15:43:55,
2010-11-22 06:28:41 PST,scoobidiver,Blocks,610715,
