When,Who,What,Added,Removed
2010-11-10 17:35:32 PST,robert.strong.bugs,Status,ASSIGNED,NEW
2010-11-10 17:35:32 PST,robert.strong.bugs,Assignee,robert.bugzilla,nobody
2010-11-10 17:35:32 PST,robert.strong.bugs,Attachment #489703                Flags,review?(dolske),
2010-11-10 17:51:30 PST,kbrosnan,CC,kbrosnan,
2010-11-10 19:48:24 PST,dolske,Attachment #489703                Flags,review+, approval2.0+,review?(dolske)
2010-11-10 20:27:51 PST,robert.strong.bugs,Attachment #489703                Attachment is obsolete,1,0
2010-11-10 20:27:51 PST,robert.strong.bugs,Attachment #489744                Flags,review+,
2010-11-10 20:32:57 PST,robert.strong.bugs,Attachment #489744                Flags,approval2.0?,
2010-11-12 16:52:20 PST,dtownsend,Attachment #489744                Flags,approval2.0+,approval2.0?
2010-11-18 17:45:54 PST,robert.strong.bugs,Target Milestone,mozilla2.0b8,---
2010-11-18 17:45:54 PST,robert.strong.bugs,Flags,in-testsuite+, in-litmus-,
2010-11-18 17:45:54 PST,robert.strong.bugs,Last Resolved,2010-11-18 17:45:54,
2010-11-18 17:45:54 PST,robert.strong.bugs,Status,RESOLVED,ASSIGNED
2010-11-18 17:45:54 PST,robert.strong.bugs,Resolution,FIXED,---
2010-11-19 07:58:55 PST,highmind63,CC,highmind63,
2010-11-19 16:28:20 PST,bzcc,CC,bzcc,
2011-03-08 16:18:23 PST,robert.strong.bugs,Attachment #517687                Flags,review+, approval1.9.2.16?,
2011-03-14 10:33:42 PDT,dveditz,Attachment #517687                Flags,approval1.9.2.16+,approval1.9.2.16?
2011-03-15 01:37:58 PDT,robert.strong.bugs,status1.9.2,.16-fixed,---
