When,Who,What,Added,Removed
2010-11-17 12:38:38 PST,buchanae+bugs,Whiteboard,[mobile],[mobile][ms-11/18]
2010-12-02 11:18:20 PST,buchanae+bugs,Keywords,qawanted,
2010-12-02 11:18:20 PST,buchanae+bugs,URL,http://www-trunk.stage.mozilla.com/m/,
2010-12-07 14:10:33 PST,buchanae+bugs,Keywords,,qawanted
2010-12-07 14:10:33 PST,buchanae+bugs,Whiteboard,[mobile][ms-fir],[mobile]
2010-12-07 14:18:18 PST,buchanae+bugs,Status,RESOLVED,NEW
2010-12-07 14:18:18 PST,buchanae+bugs,Resolution,FIXED,---
2010-12-07 14:18:18 PST,buchanae+bugs,Last Resolved,2010-12-07 14:18:18,
2012-04-23 08:15:30 PDT,nobody,Product,Websites,Websites
2012-04-23 08:15:30 PDT,nobody,Component,www.mozilla.org,www.mozilla.org/firefox
2012-08-23 00:16:07 PDT,nobody,Product,www.mozilla.org,Websites
2012-08-23 00:16:07 PDT,nobody,Component,General,www.mozilla.org
