When,Who,What,Added,Removed
2010-11-10 17:44:20 PST,christian,CC,dsicore,
2010-11-11 00:39:53 PST,timeless,Component,Bugzilla: Other b.m.o Issues,Bugzilla: Keywords & Components
2010-11-11 00:39:53 PST,timeless,Assignee,nobody,marcia
2010-11-11 00:39:53 PST,timeless,QA Contact,other-bmo-issues,timeless
2010-11-11 00:39:53 PST,timeless,CC,justdave,
2010-11-12 01:33:03 PST,reed,Assignee,reed,nobody
2010-11-12 01:33:03 PST,reed,Last Resolved,2010-11-12 01:33:03,
2010-11-12 01:33:03 PST,reed,Status,RESOLVED,NEW
2010-11-12 01:33:03 PST,reed,Resolution,FIXED,---
2011-06-26 22:59:39 PDT,nobody,Product,bugzilla.mozilla.org,mozilla.org
2011-06-26 22:59:39 PDT,nobody,Component,General,Bugzilla: Other b.m.o Issues
