When,Who,What,Added,Removed
2010-11-10 17:33:29 PST,buchanae+bugs,Whiteboard,[mobile][ms-11/18],[mobile]
2010-11-17 12:38:33 PST,buchanae+bugs,Whiteboard,[mobile],[mobile][ms-11/18]
2010-11-24 13:44:58 PST,buchanae+bugs,Assignee,jgrlicky,nobody
2010-12-02 11:16:55 PST,buchanae+bugs,Keywords,qawanted,
2010-12-06 16:18:46 PST,mozbugs.retornam,Keywords,,qawanted
2010-12-06 16:18:46 PST,mozbugs.retornam,CC,mozbugs.retornam,
2010-12-07 14:10:22 PST,buchanae+bugs,Whiteboard,[mobile][ms-fir],[mobile]
2010-12-07 14:18:03 PST,buchanae+bugs,Last Resolved,2010-12-07 14:18:03,
2010-12-07 14:18:03 PST,buchanae+bugs,Status,RESOLVED,NEW
2010-12-07 14:18:03 PST,buchanae+bugs,Resolution,FIXED,---
2012-04-23 08:15:30 PDT,nobody,Product,Websites,Websites
2012-04-23 08:15:30 PDT,nobody,Component,www.mozilla.org,www.mozilla.org/firefox
2012-08-23 00:16:07 PDT,nobody,Product,www.mozilla.org,Websites
2012-08-23 00:16:07 PDT,nobody,Component,General,www.mozilla.org
