When,Who,What,Added,Removed
2010-11-11 00:37:31 PST,timeless,Whiteboard,NEED:Description,
2010-11-11 14:29:49 PST,gavin.sharp,Assignee,gavin.sharp,marcia
2010-11-11 14:29:49 PST,gavin.sharp,CC,gavin.sharp,
2010-11-11 14:29:49 PST,gavin.sharp,Last Resolved,2010-11-11 14:29:49,
2010-11-11 14:29:49 PST,gavin.sharp,Whiteboard,,NEED:Description
2010-11-11 14:29:49 PST,gavin.sharp,Status,RESOLVED,NEW
2010-11-11 14:29:49 PST,gavin.sharp,Resolution,FIXED,---
2010-12-21 05:26:16 PST,timeless,OS,Windows CE,Linux
2010-12-21 05:26:16 PST,timeless,Status,VERIFIED,RESOLVED
2010-12-21 15:50:06 PST,timeless,OS,Linux,Windows CE
2011-06-26 22:54:48 PDT,nobody,Product,bugzilla.mozilla.org,mozilla.org
2011-06-26 22:54:48 PDT,nobody,Component,Administration,Bugzilla: Keywords & Components
