When,Who,What,Added,Removed
2010-11-10 17:18:34 PST,dtownsend,Blocks,611178,
2010-11-10 17:27:24 PST,dtownsend,CC,dtownsend,
2010-11-10 17:27:24 PST,dtownsend,Blocks,594058,611178
2011-03-03 15:28:18 PST,dtownsend,Assignee,dtownsend,nobody
2011-03-03 15:28:18 PST,dtownsend,Attachment #516720                Flags,review?(robert.bugzilla),
2011-03-03 15:28:18 PST,dtownsend,Status,ASSIGNED,NEW
2011-03-03 15:30:36 PST,robert.strong.bugs,Attachment #516720                Flags,review+,review?(robert.bugzilla)
2011-03-08 10:01:28 PST,dtownsend,Status,RESOLVED,ASSIGNED
2011-03-08 10:01:28 PST,dtownsend,Resolution,FIXED,---
2011-03-08 10:01:28 PST,dtownsend,Last Resolved,2011-03-08 10:01:28,
2012-11-19 14:40:48 PST,nobody,Keywords,intermittent-failure,
2012-11-25 19:31:15 PST,nobody,Whiteboard,,[orange]
