When,Who,What,Added,Removed
2010-11-10 13:29:40 PST,fwenzel,Blocks,610900,
2010-11-10 16:14:23 PST,phong,Assignee,justdave,server-ops
2010-11-10 16:14:23 PST,phong,CC,phong,
2010-11-10 19:17:44 PST,smani,Assignee,shyam,justdave
2010-11-10 19:17:44 PST,smani,CC,shyam,
2010-11-10 19:42:30 PST,smani,Resolution,FIXED,---
2010-11-10 19:42:30 PST,smani,Last Resolved,2010-11-10 19:42:30,
2010-11-10 19:42:30 PST,smani,Status,RESOLVED,NEW
2010-11-23 09:29:48 PST,fwenzel,Status,REOPENED,RESOLVED
2010-11-23 09:29:48 PST,fwenzel,Resolution,---,FIXED
2010-11-23 16:24:51 PST,smani,Status,RESOLVED,REOPENED
2010-11-23 16:24:51 PST,smani,Resolution,FIXED,---
2010-11-23 16:24:51 PST,smani,Last Resolved,2010-11-23 16:24:51,2010-11-10 19:42:30
2015-03-12 08:17:16 PDT,nobody,Product,mozilla.org Graveyard,mozilla.org
