When,Who,What,Added,Removed
2010-11-10 17:44:16 PST,scott,CC,joshmoz, jst,
2010-11-10 17:46:57 PST,scott,Attachment #489705                Flags,review?(joshmoz),
2010-11-10 17:48:59 PST,scott,Status,ASSIGNED,NEW
2010-11-11 01:37:03 PST,xtc4uall,CC,xtc4uall,
2010-11-12 13:38:32 PST,scott,Assignee,sgreenlay,nobody
2010-11-12 13:50:56 PST,scott,Blocks,611634, 611296,
2010-11-12 13:52:03 PST,scott,Blocks,,611296, 611634
2010-11-12 13:58:29 PST,jbecerra,CC,jbecerra,
2010-11-12 13:58:29 PST,jbecerra,blocking2.0,?,---
2010-11-12 14:24:59 PST,jbecerra,Blocks,611296,
2010-11-12 14:27:25 PST,jst,blocking2.0,beta8+,?
2010-11-12 15:00:14 PST,scott,Blocks,,611296
2010-11-15 04:58:14 PST,jaas,Attachment #489705                Flags,review+,review?(joshmoz)
2010-11-15 11:22:02 PST,scott,Keywords,checkin-needed,
2010-11-15 15:43:48 PST,scott,Keywords,,checkin-needed
2010-11-15 15:43:48 PST,scott,Status,RESOLVED,ASSIGNED
2010-11-15 15:43:48 PST,scott,Resolution,FIXED,---
2010-11-15 15:43:48 PST,scott,Last Resolved,2010-11-15 15:43:48,
