When,Who,What,Added,Removed
2010-11-10 14:46:42 PST,ehsan,CC,ehsan,
2010-11-10 14:49:35 PST,phong,Assignee,justdave,server-ops
2010-11-10 14:49:35 PST,phong,CC,phong,
2010-11-10 14:49:50 PST,karlt,CC,karlt,
2010-11-10 17:52:03 PST,reed,CC,reed,
2010-11-11 05:38:51 PST,l10n,CC,l10n,
2010-11-11 18:35:18 PST,ehsan,CC,gerv,
2010-11-12 00:39:55 PST,gerv,Status,RESOLVED,NEW
2010-11-12 00:39:55 PST,gerv,Resolution,FIXED,---
2010-11-12 00:39:55 PST,gerv,Last Resolved,2010-11-12 00:39:55,
2015-03-12 08:17:16 PDT,nobody,Product,mozilla.org Graveyard,mozilla.org
