When,Who,What,Added,Removed
2010-11-10 19:37:03 PST,jmaher,Attachment #489734                Flags,review?(ctalbert),
2010-11-11 14:22:28 PST,jmaher,CC,martijn.martijn,
2010-11-16 17:30:31 PST,cmtalbert,Attachment #489734                Flags,review-,review?(ctalbert)
2010-11-18 07:13:38 PST,jmaher,Status,ASSIGNED,NEW
2010-11-18 07:13:38 PST,jmaher,Assignee,jmaher,nobody
2010-11-18 07:13:38 PST,jmaher,Attachment #489734                Attachment is obsolete,1,0
2010-11-18 07:13:38 PST,jmaher,Attachment #491520                Flags,review?(ctalbert),
2010-11-30 16:51:37 PST,cmtalbert,Attachment #491520                Flags,review+,review?(ctalbert)
2010-12-09 14:50:51 PST,cmtalbert,Status,RESOLVED,ASSIGNED
2010-12-09 14:50:51 PST,cmtalbert,Resolution,FIXED,---
2010-12-09 14:50:51 PST,cmtalbert,CC,ctalbert,
2010-12-09 14:50:51 PST,cmtalbert,Last Resolved,2010-12-09 14:50:51,
