When,Who,What,Added,Removed
2010-11-10 19:40:54 PST,wclouser,Target Milestone,5.12.4,5.12.3
2010-11-12 16:46:14 PST,wclouser,Assignee,thepotch,nobody
2010-11-12 16:46:14 PST,wclouser,CC,clouserw,
2010-11-12 16:46:14 PST,wclouser,Blocks,611224,
2010-11-15 12:54:20 PST,wclouser,Priority,P2,--
2010-11-27 16:48:44 PST,thepotch,Status,RESOLVED,NEW
2010-11-27 16:48:44 PST,thepotch,Resolution,FIXED,---
2010-11-27 16:48:44 PST,thepotch,Last Resolved,2010-11-27 16:48:44,
2010-11-29 12:35:31 PST,krupa.mozbugs,Status,VERIFIED,RESOLVED
