When,Who,What,Added,Removed
2010-11-11 03:56:38 PST,standard8,CC,bugzilla, clarkbw,
2010-11-11 06:21:19 PST,ludovic,Product,Mozilla Localizations,Thunderbird
2010-11-11 06:21:19 PST,ludovic,Component,de / German,Preferences
2010-11-11 06:21:19 PST,ludovic,QA Contact,german.de,preferences
2010-11-11 06:21:19 PST,ludovic,CC,ludovic,
2010-11-11 11:32:12 PST,AlexIhrig,Status,ASSIGNED,UNCONFIRMED
2010-11-11 11:32:12 PST,AlexIhrig,CC,AlexIhrig,
2010-11-11 11:32:12 PST,AlexIhrig,Ever confirmed,1,0
2010-11-11 11:32:37 PST,AlexIhrig,Assignee,AlexIhrig,nobody
2010-11-12 00:49:24 PST,AlexIhrig,Status,RESOLVED,ASSIGNED
2010-11-12 00:49:24 PST,AlexIhrig,Resolution,FIXED,---
2010-11-12 00:49:24 PST,AlexIhrig,Last Resolved,2010-11-12 00:49:24,
