When,Who,What,Added,Removed
2010-11-11 03:13:13 PST,themilossh,Summary,Create a  mailing-list for Bulgarian community,Create a  mailing
2010-11-11 03:14:53 PST,themilossh,CC,bogomil,
2010-11-11 03:20:51 PST,themilossh,CC,pascalc,
2010-11-11 08:10:18 PST,reed,Component,Discussion Forums,Server Operations
2010-11-11 08:10:18 PST,reed,Assignee,gerv,server-ops
2010-11-11 08:10:18 PST,reed,QA Contact,justdave,mrz
2010-11-11 08:10:18 PST,reed,CC,reed,
2010-11-12 00:01:51 PST,gerv,Component,Server Operations,Discussion Forums
2010-11-12 00:01:51 PST,gerv,Assignee,server-ops,gerv
2010-11-12 00:01:51 PST,gerv,QA Contact,mrz,justdave
2010-11-12 00:01:51 PST,gerv,CC,gerv,
2010-11-12 00:10:38 PST,reed,Component,Discussion Forums,Server Operations
2010-11-12 00:10:38 PST,reed,QA Contact,justdave,mrz
2010-11-12 00:11:04 PST,smani,Severity,normal,major
2010-11-12 00:11:04 PST,smani,CC,shyam,
2010-11-12 09:51:19 PST,jlaz,CC,jlazaro,
2010-11-12 09:51:19 PST,jlaz,Assignee,jlazaro,server-ops
2010-11-16 15:13:10 PST,jlaz,Whiteboard,[list created, emailed giganews for newsgroup creation],
2010-11-16 15:13:10 PST,jlaz,Status,ASSIGNED,NEW
2010-12-03 14:17:00 PST,jlaz,Whiteboard,[list and newsgroup created, escalating to google for groups creation],[list created, emailed giganews for newsgroup creation]
2010-12-08 11:17:46 PST,jlaz,Assignee,justdave,jlazaro
2011-03-10 00:58:28 PST,justdave,Whiteboard,,[list and newsgroup created, escalating to google for groups creation]
2011-03-10 00:58:28 PST,justdave,Status,RESOLVED,ASSIGNED
2011-03-10 00:58:28 PST,justdave,Resolution,FIXED,---
2011-03-10 00:58:28 PST,justdave,Last Resolved,2011-03-10 00:58:28,
