When,Who,What,Added,Removed
2010-11-10 18:09:16 PST,mozilla,CC,jbalogh,
2010-11-10 19:00:00 PST,wclouser,Blocks,611224,
2010-11-10 19:41:01 PST,wclouser,Target Milestone,5.12.4,5.12.3
2010-11-12 09:33:15 PST,amckay,Assignee,amckay,nobody
2010-11-12 09:33:15 PST,amckay,CC,amckay,
2010-11-15 10:07:06 PST,amckay,Priority,P1,--
2010-11-17 14:22:09 PST,amckay,Status,RESOLVED,NEW
2010-11-17 14:22:09 PST,amckay,Resolution,FIXED,---
2010-11-17 14:22:09 PST,amckay,Last Resolved,2010-11-17 14:22:09,
2010-11-26 19:11:40 PST,krupa.mozbugs,Status,VERIFIED,RESOLVED
