When,Who,What,Added,Removed
2010-11-12 00:14:18 PST,reed,CC,reed,
2011-07-12 03:53:43 PDT,gerv,Status,RESOLVED,NEW
2011-07-12 03:53:43 PDT,gerv,Resolution,INCOMPLETE,---
2011-07-12 03:53:43 PDT,gerv,Last Resolved,2011-07-12 03:53:43,
2011-12-30 12:34:09 PST,reed,CC,justdave,
2011-12-30 12:35:13 PST,reed,Status,REOPENED,RESOLVED
2011-12-30 12:35:13 PST,reed,Resolution,---,INCOMPLETE
2011-12-30 12:35:13 PST,reed,Priority,P1,--
2011-12-30 12:36:42 PST,reed,Status,NEW,REOPENED
2012-02-10 09:46:03 PST,gerv,CC,dkl, glob,
2012-02-12 20:47:50 PST,glob,CC,ashish,
2012-02-21 05:56:48 PST,gerv,Status,RESOLVED,NEW
2012-02-21 05:56:48 PST,gerv,Resolution,FIXED,---
2012-02-21 05:56:48 PST,gerv,Last Resolved,2012-02-21 05:56:48,2011-07-12 03:53:43
