When,Who,What,Added,Removed
2010-11-11 07:04:28 PST,bugzillamozillaorg_serge_20140323,Keywords,,regressionwindow-wanted
2010-11-11 11:07:35 PST,bugzillamozillaorg_serge_20140323,Status,ASSIGNED,NEW
2010-11-11 11:07:35 PST,bugzillamozillaorg_serge_20140323,Assignee,sgautherie.bz,nobody
2010-11-11 11:07:35 PST,bugzillamozillaorg_serge_20140323,Attachment #489855                Flags,review?(enndeakin),
2010-11-11 11:41:14 PST,enndeakin,Attachment #489855                Flags,review+,review?(enndeakin)
2010-11-11 11:53:57 PST,bugzillamozillaorg_serge_20140323,Attachment #489855                Attachment description,(Av1) Set 'middle' label at a more centered position[Checked in: Comment 5],(Av1) Set 'middle' label at a more centered position
2010-11-11 11:56:26 PST,bugzillamozillaorg_serge_20140323,Status,RESOLVED,ASSIGNED
2010-11-11 11:56:26 PST,bugzillamozillaorg_serge_20140323,Resolution,FIXED,---
2010-11-11 11:56:26 PST,bugzillamozillaorg_serge_20140323,Target Milestone,mozilla2.0b8,---
2010-11-11 11:56:26 PST,bugzillamozillaorg_serge_20140323,Flags,in-testsuite+,
2010-11-11 11:56:26 PST,bugzillamozillaorg_serge_20140323,Last Resolved,2010-11-11 11:56:26,
2010-11-11 17:52:43 PST,bugzillamozillaorg_serge_20140323,Status,VERIFIED,RESOLVED
2011-01-17 19:43:22 PST,bugzillamozillaorg_serge_20140323,Component,XUL Widgets,XP Toolkit/Widgets: XUL
2011-01-17 19:43:22 PST,bugzillamozillaorg_serge_20140323,QA Contact,xul.widgets,xptoolkit.xul
2011-01-17 19:43:22 PST,bugzillamozillaorg_serge_20140323,Product,Toolkit,Core
