When,Who,What,Added,Removed
2010-11-13 01:24:16 PST,dominique,CC,dominique,
2011-02-26 04:19:36 PST,jh,Hardware,All,x86
2011-02-26 04:19:36 PST,jh,CC,jh,
2011-02-26 04:28:09 PST,jh,Blocks,636993,
2011-02-26 04:55:37 PST,jh,Status,ASSIGNED,NEW
2011-02-26 04:55:37 PST,jh,Assignee,jh,nobody
2011-02-26 04:55:37 PST,jh,Attachment #515331                Flags,review?(iann_bugzilla),
2011-02-28 13:05:33 PST,iann_bugzilla,Attachment #515331                Flags,review+,review?(iann_bugzilla)
2011-02-28 15:07:59 PST,jh,Attachment #515331                Attachment description,patch [Checkin: comment 4],patch
2011-02-28 15:08:12 PST,jh,Status,RESOLVED,ASSIGNED
2011-02-28 15:08:12 PST,jh,Resolution,FIXED,---
2011-02-28 15:08:12 PST,jh,Target Milestone,seamonkey2.1b3,---
2011-02-28 15:08:12 PST,jh,Last Resolved,2011-02-28 15:08:12,
