When,Who,What,Added,Removed
2010-11-11 08:27:48 PST,wclouser,Severity,critical,normal
2010-11-11 08:27:48 PST,wclouser,CC,mozwebqa,
2010-11-11 08:32:22 PST,oremj,Assignee,jeremy.orem+bugs,server-ops
2010-11-11 08:33:51 PST,oremj,Status,RESOLVED,NEW
2010-11-11 08:33:51 PST,oremj,Resolution,FIXED,---
2010-11-11 08:33:51 PST,oremj,Last Resolved,2010-11-11 08:33:51,
2013-10-09 10:29:28 PDT,nobody,Product,Infrastructure & Operations,mozilla.org
2013-10-09 10:29:28 PDT,nobody,Component,WebOps: Other,Server Operations: Web Operations
