When,Who,What,Added,Removed
2010-11-12 16:46:14 PST,wclouser,Depends on,611210,
2010-11-15 12:58:18 PST,krupa.mozbugs,Depends on,612371,
2010-11-15 13:26:52 PST,krupa.mozbugs,Depends on,612384,
2010-11-23 15:59:32 PST,stephen.donner,Depends on,614413,
2010-11-26 21:37:34 PST,krupa.mozbugs,CC,krupa.mozbugs,
2010-11-26 21:37:34 PST,krupa.mozbugs,Target Milestone,5.12.5,5.12.4
2011-01-14 00:26:47 PST,mozilla,Status,RESOLVED,NEW
2011-01-14 00:26:47 PST,mozilla,Resolution,FIXED,---
2011-01-14 00:26:47 PST,mozilla,Last Resolved,2011-01-14 00:26:47,
