When,Who,What,Added,Removed
2010-11-10 22:06:05 PST,mark.finkle,Attachment #489758                Flags,review?(21),
2010-11-10 22:06:23 PST,mark.finkle,Attachment #489758                Flags,review?(wjohnston),
2010-11-11 04:51:28 PST,21,Attachment #489758                Flags,review+,review?(21)
2010-11-11 07:23:40 PST,wjohnston2000,Attachment #489758                Flags,review+,review?(wjohnston)
2010-11-11 12:32:54 PST,mark.finkle,Status,RESOLVED,NEW
2010-11-11 12:32:54 PST,mark.finkle,Resolution,FIXED,---
2010-11-11 12:32:54 PST,mark.finkle,Last Resolved,2010-11-11 12:32:54,
2011-06-02 06:44:48 PDT,anamaria.moldovan,CC,anamaria.moldovan,
2011-06-02 06:44:48 PDT,anamaria.moldovan,Status,VERIFIED,RESOLVED
2011-06-12 02:07:01 PDT,dao,Assignee,mark.finkle,nobody
