When,Who,What,Added,Removed
2010-11-11 17:21:36 PST,ryanvm,CC,ryanvm,
2010-11-14 00:10:59 PST,gavin.sharp,CC,gavin.sharp,
2010-11-14 16:14:49 PST,azakai,CC,azakai,
2010-11-15 10:35:41 PST,azakai,Component,Add-ons Manager,DOM
2010-11-15 10:35:41 PST,azakai,QA Contact,add-ons.manager,general
2010-11-15 10:35:41 PST,azakai,CC,dtownsend,
2010-11-15 10:35:41 PST,azakai,Product,Toolkit,Core
2010-11-15 17:42:11 PST,jruderman,CC,gal,
2010-11-15 18:22:22 PST,bzbarsky,blocking2.0,?,---
2010-11-16 10:14:19 PST,dtownsend,blocking2.0,betaN+,?
2010-11-17 14:55:51 PST,dtownsend,Summary,Webpages can modify the console and InstallTrigger prototypes allowing all open webpages to share data and leaks until shutdown,Leak-until-shutdown with InstallTrigger
2010-11-30 10:28:48 PST,bugzilla,CC,ddahl, kdangoor, rcampbell,
2010-12-05 05:29:32 PST,khuey,CC,khuey,
2010-12-05 07:20:37 PST,gavin.sharp,Summary,Webpages can modify the InstallTrigger prototype allowing all open webpages to share data and leaks until shutdown,Webpages can modify the console and InstallTrigger prototypes allowing all open webpages to share data and leaks until shutdown
2010-12-06 09:10:57 PST,dangoor,CC,,kdangoor
2010-12-15 11:58:20 PST,dtownsend,Assignee,dtownsend,nobody
2011-01-07 13:23:37 PST,dtownsend,Attachment #498247                Attachment is obsolete,1,0
2011-01-07 13:23:46 PST,dtownsend,Whiteboard,[waiting on try],
2011-01-10 10:01:11 PST,dtownsend,Attachment #502530                Flags,review?(robert.bugzilla),
2011-01-10 10:01:24 PST,dtownsend,Whiteboard,[has patch][needs review rs],[waiting on try]
2011-01-10 12:32:21 PST,robert.strong.bugs,Attachment #502530                Flags,review+,review?(robert.bugzilla)
2011-01-10 12:32:36 PST,robert.strong.bugs,Whiteboard,[has patch],[has patch][needs review rs]
2011-01-11 09:59:12 PST,dtownsend,Flags,in-testsuite+, in-litmus-,
2011-01-11 09:59:12 PST,dtownsend,Last Resolved,2011-01-11 09:59:12,
2011-01-11 09:59:12 PST,dtownsend,Whiteboard,,[has patch]
2011-01-11 09:59:12 PST,dtownsend,Status,RESOLVED,NEW
2011-01-11 09:59:12 PST,dtownsend,Resolution,FIXED,---
2011-01-11 09:59:12 PST,dtownsend,Target Milestone,mozilla2.0b10,---
2011-02-11 04:34:16 PST,hskupin,Status,VERIFIED,RESOLVED
2011-02-11 04:34:16 PST,hskupin,CC,hskupin,
