When,Who,What,Added,Removed
2010-11-10 21:53:17 PST,stephen.donner,CC,stephen.donner,
2010-11-11 07:46:07 PST,mozilla,CC,jbalogh,
2010-11-11 08:36:35 PST,wclouser,OS,Windows CE,Linux
2010-11-11 08:36:35 PST,wclouser,CC,clouserw,
2011-04-07 23:20:11 PDT,wclouser,Whiteboard,[good first bug][see comment 5],
2011-04-19 04:17:16 PDT,emorley,OS,Linux,Windows CE
2011-04-19 04:17:16 PDT,emorley,CC,bmo,
2011-05-16 15:04:28 PDT,wclouser,Assignee,bsavage,nobody
2011-08-04 16:31:52 PDT,davidson.mj,CC,davidson.mj,
2011-08-04 16:56:02 PDT,emorley,Status,ASSIGNED,UNCONFIRMED
2011-08-04 16:56:02 PDT,emorley,Assignee,davidson.mj,bsavage
2011-08-04 16:56:02 PDT,emorley,Ever confirmed,1,0
2011-08-04 16:58:25 PDT,josh,CC,josh,
2011-08-04 17:05:24 PDT,emorley,Hardware,All,x86
2011-08-04 17:05:24 PDT,emorley,OS,All,Linux
2011-08-04 17:05:24 PDT,emorley,Summary,Extension titles display incorrectly when an add-on's icon is missing/fails to download, since overlapped by alt text,Extension Titles Display Incorrectly
2011-08-04 17:46:51 PDT,wclouser,Resolution,FIXED,---
2011-08-04 17:46:51 PDT,wclouser,Last Resolved,2011-08-04 17:46:51,
2011-08-04 17:46:51 PDT,wclouser,Status,RESOLVED,ASSIGNED
