When,Who,What,Added,Removed
2010-11-24 21:37:51 PST,vseerror,Keywords,perf,
2010-11-24 21:37:51 PST,vseerror,CC,francis.uy, vseerror,
2010-11-25 07:24:41 PST,chousuke,Whiteboard,lllllllllllllllllllllllllllllllllllll,
2010-11-25 08:32:52 PST,vseerror,OS,Windows 7,Mac OS X
2010-11-25 08:32:52 PST,vseerror,Component,JavaScript Engine,General
2010-11-25 08:32:52 PST,vseerror,Assignee,general,nobody
2010-11-25 08:32:52 PST,vseerror,QA Contact,general,general
2010-11-25 08:32:52 PST,vseerror,Keywords,regression,
2010-11-25 08:32:52 PST,vseerror,Whiteboard,,lllllllllllllllllllllllllllllllllllll
2010-11-25 08:32:52 PST,vseerror,Product,Core,Firefox
2010-11-25 08:32:52 PST,vseerror,Version,Trunk,unspecified
2010-11-27 21:41:11 PST,bzbarsky,Assignee,nobody,general
2010-11-27 21:41:11 PST,bzbarsky,QA Contact,thebes,general
2010-11-27 21:41:11 PST,bzbarsky,CC,bjacob, bzbarsky,
2010-11-27 21:41:11 PST,bzbarsky,blocking2.0,?,---
2010-11-27 21:41:11 PST,bzbarsky,Summary,Running in 32-bit mode on Mac OS 10.6 makes Firefox extremely slow with OpenGL layers,Running in 32-bit mode makes Firefox extremely slow
2010-11-27 21:41:11 PST,bzbarsky,Component,Graphics,JavaScript Engine
2010-11-28 06:47:34 PST,jacob.benoit.1,CC,vladimir,
2010-11-28 07:00:38 PST,vseerror,OS,Mac OS X,Windows 7
2010-11-28 07:00:38 PST,vseerror,Blocks,580405,
2010-11-28 07:37:42 PST,jacob.benoit.1,Attachment #493574                Flags,review?(vladimir),
2010-11-28 12:36:54 PST,alex,CC,alex,
2010-11-29 15:21:15 PST,vladimir,Attachment #493574                Flags,review?(joe),review?(vladimir)
2010-11-30 12:59:30 PST,joe,Summary,Block software and non-GL2 OpenGL on OS X,Running in 32-bit mode on Mac OS 10.6 makes Firefox extremely slow with OpenGL layers
2010-11-30 12:59:30 PST,joe,Status,NEW,UNCONFIRMED
2010-11-30 12:59:30 PST,joe,Assignee,bjacob,nobody
2010-11-30 12:59:30 PST,joe,CC,joe,
2010-11-30 12:59:30 PST,joe,Ever confirmed,1,0
2010-11-30 12:59:30 PST,joe,blocking2.0,betaN+,?
2010-11-30 13:48:36 PST,joe,Attachment #493574                Flags,review+,review?(joe)
2010-12-06 12:46:36 PST,jacob.benoit.1,Status,RESOLVED,NEW
2010-12-06 12:46:36 PST,jacob.benoit.1,Resolution,FIXED,---
2010-12-06 12:46:36 PST,jacob.benoit.1,Last Resolved,2010-12-06 12:46:36,
2011-10-03 13:36:55 PDT,jmuizelaar,CC,jmuizelaar,
