When,Who,What,Added,Removed
2010-11-10 23:51:50 PST,longsonr,CC,cam, longsonr,
2010-11-11 10:50:09 PST,dholbert,CC,dholbert,
2010-11-12 10:16:55 PST,bzbarsky,blocking2.0,?,---
2010-11-12 10:16:55 PST,bzbarsky,CC,bzbarsky,
2010-11-15 17:02:04 PST,roc,CC,roc,
2010-11-15 17:02:04 PST,roc,blocking2.0,betaN+,?
2010-11-15 17:02:13 PST,roc,Assignee,dholbert,nobody
2010-11-15 17:13:44 PST,dholbert,Version,Trunk,unspecified
2010-11-15 17:13:49 PST,dholbert,Status,ASSIGNED,NEW
2010-11-20 02:31:39 PST,bzcc,CC,bzcc,
2010-11-24 06:55:59 PST,highmind63,CC,highmind63,
2010-11-24 18:16:30 PST,mozbugz,CC,dale.bugzilla,
2010-11-26 07:32:26 PST,kozakcsabi,CC,kozakcsabi,
2010-11-26 16:13:02 PST,xtc4uall,CC,xtc4uall,
2010-11-29 20:15:05 PST,bmcbride,Blocks,614983,
2010-12-02 16:35:11 PST,dolske,CC,dolske,
2010-12-15 09:41:39 PST,dholbert,Keywords,regression,
2010-12-15 12:03:29 PST,bugzilla,CC,dugar.siddhartha,
2010-12-15 12:03:29 PST,bugzilla,Blocks,,614983
2010-12-17 13:52:03 PST,dholbert,Keywords,,regression
2010-12-17 13:52:03 PST,dholbert,Summary,xul:image with a SVG filter won't display on "about:" pages,xul:image with a SVG filter won't display
2010-12-17 16:02:31 PST,dholbert,Attachment #498433                Attachment is obsolete,1,0
2010-12-17 16:02:31 PST,dholbert,Attachment #498454                Flags,review?(bzbarsky),
2010-12-17 21:08:01 PST,dugar.siddhartha,CC,,dugar.siddhartha
2010-12-20 15:09:19 PST,bzbarsky,Attachment #498454                Flags,review+,review?(bzbarsky)
2010-12-21 15:05:38 PST,dholbert,Status,RESOLVED,ASSIGNED
2010-12-21 15:05:38 PST,dholbert,Resolution,FIXED,---
2010-12-21 15:05:38 PST,dholbert,Target Milestone,mozilla2.0b9,---
2010-12-21 15:05:38 PST,dholbert,Last Resolved,2010-12-21 15:05:38,
2010-12-21 15:05:38 PST,dholbert,Hardware,All,x86
2010-12-21 15:05:38 PST,dholbert,OS,All,Windows 7
2010-12-23 21:36:53 PST,alice0775,Depends on,621253,
2010-12-29 03:01:28 PST,hskupin,Status,VERIFIED,RESOLVED
2010-12-29 03:01:28 PST,hskupin,CC,hskupin,
2010-12-29 03:01:28 PST,hskupin,Flags,in-testsuite?,
2010-12-29 15:23:29 PST,mcdavis941.bugs,CC,mcdavis941.bugs,
