When,Who,What,Added,Removed
2010-11-10 19:15:58 PST,aravind,Assignee,aravind,server-ops
2010-11-10 19:33:36 PST,aravind,Status,RESOLVED,NEW
2010-11-10 19:33:36 PST,aravind,Resolution,FIXED,---
2010-11-10 19:33:36 PST,aravind,Last Resolved,2010-11-10 19:33:36,
2010-11-10 19:41:13 PST,alqahira,Status,REOPENED,RESOLVED
2010-11-10 19:41:13 PST,alqahira,Resolution,---,FIXED
2010-11-10 20:02:12 PST,aravind,Last Resolved,2010-11-10 20:02:12,2010-11-10 19:33:36
2010-11-10 20:02:12 PST,aravind,Status,RESOLVED,REOPENED
2010-11-10 20:02:12 PST,aravind,Resolution,FIXED,---
2010-11-10 20:11:48 PST,alqahira,Status,VERIFIED,RESOLVED
2015-03-12 08:17:16 PDT,nobody,Product,mozilla.org Graveyard,mozilla.org
