When,Who,What,Added,Removed
2010-11-10 18:36:25 PST,wclouser,Depends on,611216,
2010-11-10 18:56:08 PST,wclouser,Depends on,605582,
2010-11-11 15:57:40 PST,krupa.mozbugs,Depends on,611504,
2010-11-11 17:10:29 PST,krupa.mozbugs,Depends on,611526,
2010-11-18 16:19:36 PST,krupa.mozbugs,Depends on,613380,
2010-11-22 16:07:32 PST,krupa.mozbugs,Depends on,614025,
2010-11-22 16:07:54 PST,krupa.mozbugs,Depends on,612650,
2010-11-22 16:09:26 PST,krupa.mozbugs,Depends on,612372,
2010-11-22 16:43:39 PST,krupa.mozbugs,Depends on,614122,
2010-11-26 21:36:47 PST,krupa.mozbugs,CC,krupa.mozbugs,
2010-11-26 21:36:47 PST,krupa.mozbugs,Target Milestone,5.12.5,5.12.4
2011-01-14 00:26:46 PST,mozilla,Status,RESOLVED,NEW
2011-01-14 00:26:46 PST,mozilla,Resolution,FIXED,---
2011-01-14 00:26:46 PST,mozilla,Last Resolved,2011-01-14 00:26:46,
