When,Who,What,Added,Removed
2010-11-10 21:38:29 PST,ehsan,blocking2.0,?,---
2010-11-10 21:38:29 PST,ehsan,CC,ehsan,
2010-11-11 20:20:06 PST,roc,CC,dbaron, roc,
2010-11-11 20:20:06 PST,roc,blocking2.0,final+,?
2010-11-16 10:37:48 PST,dbaron,Blocks,582379,
2010-12-09 15:44:26 PST,dbaron,Priority,P2,--
2010-12-09 15:44:26 PST,dbaron,Assignee,dbaron,nobody
2010-12-09 16:02:44 PST,dbaron,Attachment #496663                Flags,review?(bzbarsky),
2010-12-09 18:10:07 PST,bzbarsky,Attachment #496663                Flags,review+,review?(bzbarsky)
2010-12-16 08:59:09 PST,dbaron,Status,RESOLVED,NEW
2010-12-16 08:59:09 PST,dbaron,Resolution,FIXED,---
2010-12-16 08:59:09 PST,dbaron,Target Milestone,mozilla2.0b9,---
2010-12-16 08:59:09 PST,dbaron,Last Resolved,2010-12-16 08:59:09,
2012-11-19 14:40:48 PST,nobody,Keywords,intermittent-failure,
2012-11-25 19:31:15 PST,nobody,Whiteboard,[test which aborts the suite],[orange][test which aborts the suite]
