When,Who,What,Added,Removed
2010-11-10 23:40:49 PST,karlt,CC,karlt,
2010-11-11 01:06:16 PST,romaxa,Attachment #489770                Flags,review+,
2010-11-11 19:59:02 PST,karlt,Attachment #489770                Flags,approval2.0?,
2010-11-11 20:53:25 PST,joe,Attachment #489770                Flags,approval2.0+,approval2.0?
2010-11-14 11:56:55 PST,karlt,Status,RESOLVED,NEW
2010-11-14 11:56:55 PST,karlt,Resolution,FIXED,---
2010-11-14 11:56:55 PST,karlt,Assignee,karlt,nobody
2010-11-14 11:56:55 PST,karlt,Target Milestone,mozilla2.0b8,---
2010-11-14 11:56:55 PST,karlt,Last Resolved,2010-11-14 11:56:55,
