When,Who,What,Added,Removed
2011-08-16 06:10:45 PDT,pascalc,Status,RESOLVED,UNCONFIRMED
2011-08-16 06:10:45 PDT,pascalc,Resolution,FIXED,---
2011-08-16 06:10:45 PDT,pascalc,CC,marcoos+bmo, pascalc,
2011-08-16 06:10:45 PDT,pascalc,Last Resolved,2011-08-16 06:10:45,
2012-04-23 08:15:30 PDT,nobody,Product,Websites,Websites
2012-04-23 08:15:30 PDT,nobody,Component,www.mozilla.org,www.mozilla.org/firefox
2012-08-23 00:16:07 PDT,nobody,Product,www.mozilla.org,Websites
2012-08-23 00:16:07 PDT,nobody,Component,General,www.mozilla.org
