When,Who,What,Added,Removed
2010-11-11 01:10:27 PST,wclouser,Assignee,deinspanjer,nobody
2010-11-11 10:38:24 PST,davemgarrett,CC,davemgarrett,
2010-11-11 10:45:13 PST,deinspanjer,Status,ASSIGNED,NEW
2010-11-11 10:45:24 PST,deinspanjer,Severity,critical,normal
2010-11-11 14:01:20 PST,deinspanjer,CC,fligtar,
2010-11-12 14:24:29 PST,deinspanjer,Resolution,FIXED,---
2010-11-12 14:24:29 PST,deinspanjer,Last Resolved,2010-11-12 14:24:29,
2010-11-12 14:24:29 PST,deinspanjer,Status,RESOLVED,ASSIGNED
