When,Who,What,Added,Removed
2010-11-11 13:58:12 PST,jwalden+bmo,Attachment #489921                Flags,review?(jimb),
2010-11-11 14:05:06 PST,jimb,Attachment #489921                Flags,review+,review?(jimb)
2010-11-11 14:26:29 PST,jwalden+bmo,Whiteboard,fixed-in-tracemonkey,
2010-11-11 14:26:29 PST,jwalden+bmo,Target Milestone,mozilla2.0b8,---
2010-11-22 09:20:50 PST,sayrer,Status,RESOLVED,ASSIGNED
2010-11-22 09:20:50 PST,sayrer,Resolution,FIXED,---
2010-11-22 09:20:50 PST,sayrer,CC,sayrer,
2010-11-22 09:20:50 PST,sayrer,blocking2.0,betaN+,---
2010-11-22 09:20:50 PST,sayrer,Last Resolved,2010-11-22 09:20:50,
