When,Who,What,Added,Removed
2010-11-10 20:27:26 PST,siwilkin,Blocks,575544,
2010-12-03 06:44:53 PST,pnkfelix,CC,fklockii,
2010-12-05 09:37:24 PST,siwilkin,Attachment #489742                Attachment is obsolete,1,0
2011-02-24 14:38:47 PST,siwilkin,Attachment #495378                Attachment is obsolete,1,0
2011-02-24 14:38:47 PST,siwilkin,Attachment #514924                Flags,review?(kpalacz), superreview?(edwsmith),
2011-02-25 09:39:27 PST,kpalacz,Attachment #514924                Flags,review+,review?(kpalacz)
2011-02-25 10:06:11 PST,siwilkin,Attachment #514924                Attachment is obsolete,1,0
2011-02-25 10:06:11 PST,siwilkin,Attachment #515114                Flags,superreview?(edwsmith),
2011-02-25 10:06:11 PST,siwilkin,Attachment #514924                Flags,,superreview?(edwsmith)
2011-03-01 08:08:23 PST,edwsmith,Attachment #515114                Flags,superreview+,superreview?(edwsmith)
2011-03-01 17:26:03 PST,siwilkin,Resolution,FIXED,---
2011-03-01 17:26:03 PST,siwilkin,Last Resolved,2011-03-01 17:26:03,
2011-03-01 17:26:03 PST,siwilkin,Status,RESOLVED,NEW
