When,Who,What,Added,Removed
2010-11-10 19:00:00 PST,wclouser,Blocks,611224,
2010-11-10 19:41:00 PST,wclouser,Target Milestone,5.12.4,5.12.3
2010-11-12 09:33:06 PST,amckay,Assignee,amckay,nobody
2010-11-12 09:33:06 PST,amckay,CC,amckay,
2010-11-12 14:08:07 PST,krupa.mozbugs,Summary,[Versions page]:Delete icon states,[versions page]:Delete icon states
2010-11-15 10:07:19 PST,amckay,Priority,P1,--
2010-11-17 14:11:15 PST,amckay,Resolution,FIXED,---
2010-11-17 14:11:15 PST,amckay,Last Resolved,2010-11-17 14:11:15,
2010-11-17 14:11:15 PST,amckay,Status,RESOLVED,NEW
2010-11-17 14:18:36 PST,mozilla,CC,jbalogh,
2010-11-22 14:48:39 PST,krupa.mozbugs,Status,VERIFIED,RESOLVED
2010-11-22 14:48:59 PST,krupa.mozbugs,Summary,[Versions page] Delete icon states,[Versions page]:Delete icon states
