When,Who,What,Added,Removed
2010-11-10 18:13:10 PST,mozbugz,Blocks,596451,
2010-11-10 18:13:39 PST,mozbugz,Summary,vertical mouse coordinates are off when inside the plugin and moving the mouse over the globe,vertical mouse coordinates are off when inside the plugin.
2010-11-10 18:16:19 PST,tnikkel,CC,tnikkel,
2010-11-10 18:20:53 PST,alice0775,CC,alice0775,
2010-11-10 18:47:39 PST,emanuel.hoogeveen,CC,emanuel.hoogeveen,
2010-11-10 19:01:06 PST,mozbugz,Summary,vertical or horizontal mouse coordinates are off when inside the plugin and moving the mouse over the globe,vertical mouse coordinates are off when inside the plugin and moving the mouse over the globe
2010-11-10 19:28:38 PST,fehe,Keywords,regression,
2010-11-10 19:28:38 PST,fehe,Version,Trunk,unspecified
2010-11-10 19:28:38 PST,fehe,Status,NEW,UNCONFIRMED
2010-11-10 19:28:38 PST,fehe,Ever confirmed,1,0
2010-11-10 19:28:59 PST,fehe,Hardware,All,x86
2010-11-10 19:28:59 PST,fehe,OS,All,Windows 7
2010-11-10 19:33:22 PST,mozbugz,CC,benjamin, jmathies,
2010-11-10 19:34:28 PST,mozbugz,OS,Windows 7,All
2010-11-10 20:42:39 PST,fehe,OS,All,Windows 7
2010-11-11 00:51:07 PST,crookedrain,CC,crookedrain,
2010-11-11 01:35:09 PST,xtc4uall,CC,xtc4uall,
2010-11-11 04:35:29 PST,aravind,CC,aravind, jbecerra,
2010-11-11 07:06:17 PST,alice0775,Summary,OOPP]vertical or horizontal mouse coordinates are off when inside the plugin and moving the mouse over the globe after page scrolled,vertical or horizontal mouse coordinates are off when inside the plugin and moving the mouse over the globe
2010-11-11 07:06:43 PST,alice0775,Summary,[OOPP]vertical or horizontal mouse coordinates are off when inside the plugin and moving the mouse over the globe after page scrolled,OOPP]vertical or horizontal mouse coordinates are off when inside the plugin and moving the mouse over the globe after page scrolled
2010-11-11 07:07:24 PST,alice0775,Target Milestone,mozilla2.0,---
2010-11-11 07:07:24 PST,alice0775,blocking2.0,?,---
2010-11-11 07:13:53 PST,benjamin,blocking2.0,beta8+,?
2010-11-11 07:37:12 PST,benjamin,CC,karlt, roc,
2010-11-11 07:48:11 PST,mail,Blocks,609580,
2010-11-11 07:48:56 PST,mail,Blocks,,609580
2010-11-11 08:38:05 PST,pablo,CC,pablo,
2010-11-11 10:09:23 PST,jst,Assignee,benjamin,nobody
2010-11-11 10:09:23 PST,jst,CC,jst,
2010-11-11 11:49:01 PST,jmjeffery,CC,jmjeffery,
2010-11-11 14:06:07 PST,benjamin,Attachment #489927                Flags,review?(karlt),
2010-11-11 19:31:56 PST,karlt,Attachment #489927                Flags,review+,review?(karlt)
2010-11-12 06:26:57 PST,grenavitar,CC,grenavitar,
2010-11-12 10:34:16 PST,steve.england,CC,steve.england,
2010-11-12 15:18:23 PST,antoine.mozilla,CC,geekshadow,
2010-11-13 00:58:09 PST,ben.r.xiao,CC,ben.r.xiao,
2010-11-13 09:22:11 PST,dugar.siddhartha,CC,dugar.siddhartha,
2010-11-13 12:03:35 PST,dstrickl,CC,dstrickl,
2010-11-14 03:12:18 PST,kozakcsabi,CC,kozakcsabi,
2010-11-14 13:28:32 PST,dark.skeleton+bugzilla,CC,dark.skeleton+bugzilla,
2010-11-14 15:13:51 PST,raul.malea,CC,raul.malea,
2010-11-14 15:56:32 PST,scott001,CC,scott001,
2010-11-15 07:43:46 PST,bytor201,CC,bytor201,
2010-11-15 08:22:57 PST,soufian.j,CC,soufian.j,
2010-11-15 13:34:47 PST,dugar.siddhartha,CC,,dugar.siddhartha
2010-11-15 13:36:27 PST,benjamin,Status,RESOLVED,NEW
2010-11-15 13:36:27 PST,benjamin,Resolution,FIXED,---
2010-11-15 13:36:27 PST,benjamin,Flags,in-testsuite?,
2010-11-15 13:36:27 PST,benjamin,Last Resolved,2010-11-15 13:36:27,
2010-12-17 07:06:37 PST,jmjeffery,CC,,jmjeffery
