When,Who,What,Added,Removed
2010-11-10 19:00:00 PST,wclouser,Blocks,611224,
2010-11-10 19:41:05 PST,wclouser,Target Milestone,5.12.4,5.12.3
2010-11-12 09:32:02 PST,amckay,Assignee,amckay,nobody
2010-11-12 09:32:02 PST,amckay,CC,amckay,
2010-11-15 10:06:56 PST,amckay,Priority,P1,--
2010-11-17 14:23:14 PST,amckay,Depends on,612467,
2010-11-19 16:00:14 PST,amckay,Status,RESOLVED,NEW
2010-11-19 16:00:14 PST,amckay,Resolution,FIXED,---
2010-11-19 16:00:14 PST,amckay,Last Resolved,2010-11-19 16:00:14,
2010-11-22 10:42:49 PST,krupa.mozbugs,Summary,[Versions page] Unable to delete add-on versions,[Versions page]: Unable to delete add-on versions
2010-11-22 10:42:49 PST,krupa.mozbugs,Status,REOPENED,RESOLVED
2010-11-22 10:42:49 PST,krupa.mozbugs,Resolution,---,FIXED
2010-11-23 11:19:33 PST,amckay,Status,RESOLVED,REOPENED
2010-11-23 11:19:33 PST,amckay,Resolution,FIXED,---
2010-11-23 11:19:33 PST,amckay,Last Resolved,2010-11-23 11:19:33,2010-11-19 16:00:14
2010-11-23 11:23:42 PST,krupa.mozbugs,Status,VERIFIED,RESOLVED
