When,Who,What,Added,Removed
2010-11-12 11:33:25 PST,fixel,CC,fixel,
2010-11-12 13:22:56 PST,jbecerra,CC,jbecerra,
2010-11-12 13:50:56 PST,scott,Depends on,611197,
2010-11-12 13:52:03 PST,scott,Depends on,,611197
2010-11-12 14:24:59 PST,jbecerra,Whiteboard,DUPEME,
2010-11-12 14:24:59 PST,jbecerra,Status,NEW,UNCONFIRMED
2010-11-12 14:24:59 PST,jbecerra,CC,joshmoz,
2010-11-12 14:24:59 PST,jbecerra,Depends on,611197,
2010-11-12 14:24:59 PST,jbecerra,Ever confirmed,1,0
2010-11-12 14:27:37 PST,scott,CC,sgreenlay,
2010-11-12 15:00:14 PST,scott,Depends on,,611197
2010-11-18 00:14:05 PST,splewako,CC,splewako,
2010-11-22 09:03:13 PST,mbeltzner,CC,jolove,
2010-11-22 09:05:39 PST,mbeltzner,Whiteboard,,DUPEME
2010-11-22 09:05:39 PST,mbeltzner,CC,beltzner, kev,
2010-11-22 09:05:39 PST,mbeltzner,blocking2.0,beta8+,---
2010-11-22 09:07:03 PST,mbeltzner,Summary,QuickTime plugin has gone missing (was only: when browsing page with embedded video),QuickTime plugin identified missing when browsing page with embedded video
2010-11-22 09:20:20 PST,jaas,Assignee,sgreenlay,nobody
2010-11-22 09:40:45 PST,bugzilla,Product,Core,Firefox
2010-11-22 09:40:45 PST,bugzilla,Version,Trunk,unspecified
2010-11-22 09:40:45 PST,bugzilla,Component,Plug-ins,General
2010-11-22 09:40:45 PST,bugzilla,Assignee,nobody,sgreenlay
2010-11-22 09:40:45 PST,bugzilla,QA Contact,plugins,general
2010-11-22 09:40:45 PST,bugzilla,CC,matti,
2010-11-22 09:45:49 PST,crowderbt,CC,crowderbt,
2010-11-22 09:57:23 PST,jaas,Assignee,joshmoz,nobody
2010-11-22 11:29:09 PST,scott,Product,Firefox,Core
2010-11-22 11:29:09 PST,scott,Version,unspecified,Trunk
2010-11-22 11:29:09 PST,scott,Component,General,Plug-ins
2010-11-22 11:32:45 PST,highmind63,CC,highmind63,
2010-11-22 13:24:36 PST,gavin.sharp,CC,gavin.sharp,
2010-11-22 23:40:26 PST,bmo2010,CC,bmo2010,
2010-11-23 07:32:22 PST,philringnalda,Product,Core,Firefox
2010-11-23 07:32:22 PST,philringnalda,Version,Trunk,unspecified
2010-11-23 07:32:22 PST,philringnalda,Component,Plug-ins,General
2010-11-23 07:32:22 PST,philringnalda,CC,philringnalda,
2010-11-23 07:42:14 PST,jaas,Summary,QuickTime plugin not loading properly (unavailable) for some Mac OS X users,QuickTime plugin has gone missing (was only: when browsing page with embedded video)
2010-11-30 11:35:23 PST,dbaron,Summary,QuickTime plugin not loading properly (unavailable) for 64-bit Mac OS X users,QuickTime plugin not loading properly (unavailable) for some Mac OS X users
2010-12-01 13:44:07 PST,mbeltzner,blocking2.0,beta9+,beta8+
2010-12-05 21:34:28 PST,zandr,CC,zandr,
2010-12-10 07:43:09 PST,ehsan,CC,ehsan,
2010-12-15 14:58:01 PST,joe,Keywords,regression,
2010-12-15 14:58:01 PST,joe,CC,joe,
2011-01-03 11:30:32 PST,armenzg,CC,armenzg,
2011-01-04 15:48:33 PST,christian,Keywords,,regression
2011-01-04 15:48:33 PST,christian,CC,,armenzg, beltzner, bmo2010, crowderbt, ehsan, fixel, gavin.sharp, highmind63, jbecerra, joe, jolove, joshmoz, kev matti, philringnalda, scott, splewako, zandr
2011-01-04 15:48:33 PST,christian,blocking2.0,betaN+,beta9+
2011-01-04 15:52:00 PST,highmind63,CC,armenzg, beltzner, bmo2010, crowderbt, ehsan, fixel, gavin.sharp, highmind63, jbecerra, joe, jolove, joshmoz, kev matti, philringnalda, scott, splewako, zandr,
2011-01-04 18:15:23 PST,christian,Keywords,regression,
2011-01-05 22:03:04 PST,jaas,Summary,QuickTime plugin not recognized for some Mac OS X users,QuickTime plugin not loading properly (unavailable) for 64-bit Mac OS X users
2011-01-05 22:04:28 PST,jaas,Attachment #501591                Flags,review?(scott),
2011-01-06 08:07:58 PST,jaas,Attachment #501591                Attachment is obsolete,1,0
2011-01-06 08:07:58 PST,jaas,Attachment #501671                Flags,review?(scott),
2011-01-06 08:07:58 PST,jaas,Attachment #501591                Flags,,review?(scott)
2011-01-06 10:21:49 PST,scott,Attachment #501671                Flags,review+,review?(scott)
2011-01-06 11:02:11 PST,benjamin,Whiteboard,[hardblocker],
2011-01-07 04:59:33 PST,jaas,Status,RESOLVED,NEW
2011-01-07 04:59:33 PST,jaas,Resolution,FIXED,---
2011-01-07 04:59:33 PST,jaas,Last Resolved,2011-01-07 04:59:33,
