When,Who,What,Added,Removed
2010-11-11 05:48:07 PST,moz.teodosia,Hardware,ARM,Other
2010-11-11 05:48:07 PST,moz.teodosia,OS,Android,Other
2010-11-11 05:48:07 PST,moz.teodosia,CC,teodosia.pop,
2010-11-11 06:10:30 PST,mark.finkle,CC,mark.finkle,
2010-11-11 07:52:58 PST,mozillamarcia.knous,CC,marcia,
2010-11-11 08:38:24 PST,jhford,Blocks,611339,
2010-11-11 12:45:14 PST,mark.finkle,Status,RESOLVED,NEW
2010-11-11 12:45:14 PST,mark.finkle,Resolution,FIXED,---
2010-11-11 12:45:14 PST,mark.finkle,Last Resolved,2010-11-11 12:45:14,
2010-11-12 09:16:08 PST,nhirata.bugzilla,Status,VERIFIED,RESOLVED
2010-11-12 09:16:08 PST,nhirata.bugzilla,CC,nhirata.bugzilla,
