When,Who,What,Added,Removed
2010-11-12 10:25:41 PST,cww,Target Milestone,2.3,---
2010-11-12 10:25:41 PST,cww,CC,cwwmozilla,
2010-11-12 11:18:42 PST,rrosario,CC,rrosario,
2010-11-15 08:30:49 PST,me+bugzilla,Priority,P2,--
2010-11-15 08:30:49 PST,me+bugzilla,CC,james,
2010-11-15 13:01:49 PST,rrosario,Assignee,rrosario,nobody
2010-11-15 16:05:24 PST,rrosario,Status,RESOLVED,NEW
2010-11-15 16:05:24 PST,rrosario,Resolution,FIXED,---
2010-11-15 16:05:24 PST,rrosario,Last Resolved,2010-11-15 16:05:24,
2010-11-18 16:02:45 PST,rbillings,Status,VERIFIED,RESOLVED
2010-11-18 16:02:45 PST,rbillings,CC,rbillings,
