When,Who,What,Added,Removed
2010-11-10 23:20:19 PST,myk,Blocks,611252,
2010-11-11 01:34:59 PST,myk,Product,Add-on SDK,Mozilla Labs
2010-11-11 01:34:59 PST,myk,Component,General,Jetpack SDK
2010-11-11 01:34:59 PST,myk,QA Contact,general,jetpack-sdk
2010-11-11 13:14:20 PST,avarma,CC,avarma,
2010-11-16 12:56:40 PST,myk,Depends on,612664,
2010-11-16 13:24:00 PST,myk,Depends on,612676,
2010-11-16 13:26:37 PST,myk,Depends on,612678,
2010-11-16 13:28:50 PST,myk,Depends on,612681,
2010-11-16 13:37:24 PST,myk,Depends on,612685,
2010-11-16 15:36:13 PST,myk,Depends on,612716,
2010-11-16 15:38:42 PST,myk,Depends on,612719,
2010-11-16 15:56:37 PST,myk,Depends on,612733,
2010-11-16 15:58:45 PST,myk,Depends on,612735,
2010-11-16 16:34:57 PST,myk,Depends on,612757,
2010-11-16 16:38:24 PST,myk,Depends on,612758,
2010-11-16 16:43:33 PST,myk,Depends on,612761,
2010-11-16 17:00:52 PST,myk,Depends on,612770,
2010-11-17 09:17:28 PST,rFobic,CC,rFobic,
2010-11-17 16:13:03 PST,myk,Depends on,613071,
2010-11-17 16:29:43 PST,myk,Depends on,613082,
2010-11-17 16:40:26 PST,myk,Depends on,612179,
2010-11-17 22:03:52 PST,adw,CC,adw,
2010-11-18 07:15:28 PST,dietrich,Depends on,613200,
2010-11-18 13:44:04 PST,myk,Depends on,613327,
2010-11-18 13:45:38 PST,myk,Depends on,613328,
2010-11-18 13:48:22 PST,myk,Depends on,613330,
2010-11-18 13:49:50 PST,myk,Depends on,613335,
2010-11-18 13:50:46 PST,myk,Depends on,613336,
2010-11-18 13:52:00 PST,myk,Depends on,613339,
2010-11-18 13:53:12 PST,myk,Depends on,613340,
2010-11-18 13:54:08 PST,myk,Depends on,613341,
2010-11-18 14:06:41 PST,myk,Depends on,613348,
2010-11-18 14:31:11 PST,myk,Depends on,604499,
2010-11-18 14:36:07 PST,myk,Depends on,610507,
2010-11-19 11:40:15 PST,myk,Depends on,613553,
2010-11-19 15:03:38 PST,myk,Depends on,613627,
2010-11-19 16:08:49 PST,myk,Depends on,613653,
2010-11-19 18:21:57 PST,myk,Depends on,613691,
2010-11-21 09:27:09 PST,erikvvold,CC,erikvvold,
2010-11-22 01:35:47 PST,dietrich,Depends on,610310,
2010-11-22 17:08:29 PST,myk,Depends on,614128,
2010-11-22 17:08:31 PST,myk,Depends on,614129,
2010-11-22 17:08:34 PST,myk,Depends on,614130,
2010-11-23 08:07:16 PST,myk,Depends on,614259,
2010-11-23 12:00:31 PST,myk,Depends on,614339,
2010-11-23 12:00:33 PST,myk,Depends on,614340,
2010-11-23 12:00:35 PST,myk,Depends on,614341,
2010-11-23 12:00:37 PST,myk,Depends on,614343,
2010-11-23 12:00:39 PST,myk,Depends on,614344,
2010-11-23 23:56:02 PST,webmaster,CC,webmaster,
2010-11-24 01:28:12 PST,rFobic,Depends on,614508,
2010-11-24 11:40:17 PST,myk,Depends on,614613,
2010-11-24 16:49:32 PST,myk,Depends on,614699,
2010-11-24 23:54:03 PST,myk,Depends on,614753,
2010-11-25 00:25:14 PST,myk,Depends on,614757,
2010-11-27 17:21:01 PST,myk,Assignee,myk,nobody
2010-11-27 17:21:01 PST,myk,Depends on,615081,614757
2010-11-27 17:21:01 PST,myk,Target Milestone,0.10,--
2010-11-28 17:16:50 PST,myk,Depends on,596053,
2010-11-28 23:28:23 PST,myk,Depends on,615164,
2010-11-30 14:51:07 PST,adw,Depends on,615573,
2010-12-01 01:34:29 PST,dietrich,Depends on,610624,
2010-12-01 08:53:46 PST,dietrich,Depends on,,610624
2010-12-02 10:16:08 PST,myk,Depends on,616166,
2010-12-02 11:30:37 PST,myk,Depends on,616140,
2010-12-03 17:10:30 PST,myk,Depends on,616541,
2010-12-04 17:48:02 PST,myk,Depends on,593921,
2010-12-04 18:21:44 PST,myk,Depends on,616736,
2010-12-04 18:35:54 PST,myk,Depends on,616754,
2010-12-04 18:39:25 PST,myk,Depends on,616755,
2010-12-04 20:07:29 PST,adw,Depends on,616741,
2010-12-21 10:18:11 PST,myk,Status,RESOLVED,NEW
2010-12-21 10:18:11 PST,myk,Resolution,FIXED,---
2010-12-21 10:18:11 PST,myk,Last Resolved,2010-12-21 10:18:11,
2011-04-21 12:32:14 PDT,myk,Target Milestone,1.0b1,0.10
