When,Who,What,Added,Removed
2010-11-11 09:15:54 PST,romaxa,Blocks,609838,
2010-11-11 09:16:53 PST,romaxa,CC,doug.turner,
2010-11-11 09:47:23 PST,cjones.bugs,CC,vladimir,
2010-11-15 09:58:10 PST,mbrubeck,CC,mbrubeck,
2010-12-30 23:38:59 PST,romaxa,Status,RESOLVED,NEW
2010-12-30 23:38:59 PST,romaxa,Resolution,WORKSFORME,---
2010-12-30 23:38:59 PST,romaxa,Last Resolved,2010-12-30 23:38:59,
2011-07-27 04:16:00 PDT,chrislord.net,CC,chrislord.net,
2011-07-27 06:03:10 PDT,chrislord.net,CC,florian.haenel,
2011-07-28 11:14:17 PDT,chrislord.net,Status,REOPENED,RESOLVED
2011-07-28 11:14:17 PDT,chrislord.net,Resolution,---,WORKSFORME
2011-07-28 11:14:50 PDT,chrislord.net,Summary,ThebesOGL buffer Rotation not handled correctly for shadow layers,ThebesOGL buffer Rotation not handled correctly
2011-08-04 07:01:45 PDT,chrislord.net,Attachment #550679                Flags,review?(matt.woodrow),
2011-08-04 07:04:01 PDT,chrislord.net,Attachment #550680                Flags,review?(matt.woodrow),
2011-08-04 14:23:22 PDT,matt.woodrow,Attachment #550679                Flags,review+,review?(matt.woodrow)
2011-08-04 14:54:41 PDT,matt.woodrow,Attachment #550680                Flags,review+,review?(matt.woodrow)
2011-08-11 00:38:09 PDT,chrislord.net,Assignee,chrislord.net,nobody
2011-08-11 00:38:09 PDT,chrislord.net,Attachment #550679                Attachment is obsolete,1,0
2011-08-11 00:38:09 PDT,chrislord.net,Attachment #552324                Flags,review?(matt.woodrow),
2011-08-11 00:40:45 PDT,chrislord.net,Attachment #550680                Flags,feedback?(roc),
2011-08-11 04:29:34 PDT,roc,CC,roc,
2011-08-15 05:58:05 PDT,chrislord.net,Attachment #550680                Attachment is obsolete,1,0
2011-08-15 05:58:05 PDT,chrislord.net,Attachment #553156                Flags,review?(matt.woodrow),
2011-08-15 05:58:05 PDT,chrislord.net,Attachment #550680                Flags,,feedback?(roc)
2011-08-15 08:16:37 PDT,chrislord.net,Attachment #553156                Flags,,review?(matt.woodrow)
2011-08-15 09:13:12 PDT,chrislord.net,Attachment #553156                Attachment is obsolete,1,0
2011-08-15 09:13:12 PDT,chrislord.net,Attachment #553196                Flags,review?(matt.woodrow),
2011-08-16 08:39:48 PDT,chrislord.net,Attachment #553196                Flags,,review?(matt.woodrow)
2011-08-16 16:36:31 PDT,matt.woodrow,Attachment #552324                Flags,review+,review?(matt.woodrow)
2011-08-17 02:35:18 PDT,chrislord.net,Attachment #553196                Attachment is obsolete,1,0
2011-08-17 02:35:18 PDT,chrislord.net,Attachment #553717                Flags,review?(matt.woodrow),
2011-08-17 02:36:31 PDT,chrislord.net,Attachment #552324                Attachment is obsolete,1,0
2011-08-17 02:36:31 PDT,chrislord.net,Attachment #553718                Flags,review?(matt.woodrow),
2011-08-17 14:48:19 PDT,matt.woodrow,Attachment #553718                Flags,review+,review?(matt.woodrow)
2011-08-17 14:50:20 PDT,matt.woodrow,Attachment #553717                Flags,review+,review?(matt.woodrow)
2011-08-17 22:20:30 PDT,romaxa,Keywords,checkin-needed,
2011-08-18 14:47:21 PDT,chrislord.net,Version,Other Branch,Trunk
2011-08-18 14:47:21 PDT,chrislord.net,Target Milestone,mozilla8,---
2011-08-19 01:55:17 PDT,chrislord.net,Keywords,,checkin-needed
2011-08-19 01:55:17 PDT,chrislord.net,Whiteboard,[inbound],
2011-08-21 11:31:05 PDT,emorley,Whiteboard,,[inbound]
2011-08-21 11:31:05 PDT,emorley,Version,Trunk,Other Branch
2011-08-21 11:31:05 PDT,emorley,Status,RESOLVED,REOPENED
2011-08-21 11:31:05 PDT,emorley,Resolution,FIXED,---
2011-08-21 11:31:05 PDT,emorley,CC,bmo,
2011-08-21 11:31:05 PDT,emorley,Target Milestone,mozilla9,mozilla8
2011-08-21 11:31:05 PDT,emorley,Last Resolved,2011-08-21 11:31:05,2010-12-30 23:38:59
2011-08-23 14:16:14 PDT,bgirard,CC,bgirard,
2011-08-23 14:17:49 PDT,bgirard,Status,REOPENED,RESOLVED
2011-08-23 14:17:49 PDT,bgirard,Resolution,---,FIXED
2011-08-24 17:33:51 PDT,mbrubeck,Status,RESOLVED,REOPENED
2011-08-24 17:33:51 PDT,mbrubeck,Resolution,FIXED,---
2011-08-24 17:33:51 PDT,mbrubeck,Last Resolved,2011-08-24 17:33:51,2011-08-21 11:31:05
