When,Who,What,Added,Removed
2010-11-11 06:25:46 PST,anamaria.moldovan,Hardware,ARM,Other
2010-11-11 06:25:46 PST,anamaria.moldovan,OS,Maemo,Other
2010-11-11 06:25:46 PST,anamaria.moldovan,CC,ahoza, mozaakash,
2010-11-11 07:22:50 PST,mark.finkle,CC,mark.finkle,
2010-11-11 07:38:17 PST,mark.finkle,Blocks,598331,
2010-11-11 10:07:24 PST,wjohnston2000,Attachment #489841                Flags,review?(mark.finkle),
2010-11-11 12:01:01 PST,mark.finkle,Attachment #489841                Flags,review+,review?(mark.finkle)
2010-11-11 12:07:59 PST,mark.finkle,Resolution,FIXED,---
2010-11-11 12:07:59 PST,mark.finkle,Last Resolved,2010-11-11 12:07:59,
2010-11-11 12:07:59 PST,mark.finkle,Status,RESOLVED,NEW
2010-11-12 09:25:14 PST,nhirata.bugzilla,CC,nhirata.bugzilla,
2011-05-30 07:09:29 PDT,anamaria.moldovan,Status,VERIFIED,RESOLVED
2011-06-12 02:14:40 PDT,dao,Assignee,wjohnston,nobody
2011-07-21 08:40:24 PDT,ioana.chiorean,CC,andreea.pod, ioana.chiorean, nicolae.cristian,
