When,Who,What,Added,Removed
2010-11-11 11:16:13 PST,mak77,Summary,mDBVisitToVisitResult and mDBVisitToURLResult queries are missing the tags column,mDBVisitToXXXResult queries are missing the tags column
2010-11-11 11:16:13 PST,mak77,CC,mak77,
2010-11-11 11:17:10 PST,mak77,Blocks,560198,
2011-01-14 16:36:35 PST,mak77,Summary,mDBVisitToVisitResult query is missing the 13th column (tags),mDBVisitToVisitResult and mDBVisitToURLResult queries are missing the tags column
2011-01-14 16:40:15 PST,mak77,Whiteboard,[fixed-in-places],
2011-01-20 09:50:42 PST,sdwilsh,Status,RESOLVED,NEW
2011-01-20 09:50:42 PST,sdwilsh,Resolution,FIXED,---
2011-01-20 09:50:42 PST,sdwilsh,CC,sdwilsh,
2011-01-20 09:50:42 PST,sdwilsh,Target Milestone,mozilla2.0b10,---
2011-01-20 09:50:42 PST,sdwilsh,Last Resolved,2011-01-20 09:50:42,
