When,Who,What,Added,Removed
2010-11-11 07:54:53 PST,standard8,Severity,blocker,normal
2010-11-11 07:54:53 PST,standard8,CC,bugzilla, gozer, john.hopkins,
2010-11-11 08:53:59 PST,gozer,Status,ASSIGNED,NEW
2010-11-11 08:53:59 PST,gozer,Assignee,gozer,nobody
2010-11-11 10:40:12 PST,standard8,Severity,normal,blocker
2010-11-22 10:59:11 PST,gozer,Assignee,bugzilla,gozer
2011-01-14 11:55:28 PST,gozer,Component,Build Config,Release Engineering
2011-01-14 11:55:28 PST,gozer,Assignee,nobody,bugzilla
2011-01-14 11:55:28 PST,gozer,QA Contact,build-config,release
2011-01-14 11:55:28 PST,gozer,Product,Thunderbird,Mozilla Messaging
2011-01-14 11:55:28 PST,gozer,Version,Trunk,other
2011-05-25 07:21:58 PDT,standard8,Summary,Update Thunderbird's Linux 32 & 64 bit builders to use GCC 4.5 on comm-central and comm-aurora,Update Linux 32 & 64 bit builders to use GCC 4.5
2011-05-25 07:21:58 PDT,standard8,Assignee,mbanner,nobody
2011-05-25 07:21:58 PDT,standard8,Depends on,659628,
2011-05-25 11:00:10 PDT,standard8,Attachment #535125                Flags,review?(jhopkins),
2011-05-25 11:10:46 PDT,jhopkins,Attachment #535125                Flags,review+,review?(jhopkins)
2011-05-25 14:44:59 PDT,standard8,Status,RESOLVED,ASSIGNED
2011-05-25 14:44:59 PDT,standard8,Resolution,FIXED,---
2011-05-25 14:44:59 PDT,standard8,Last Resolved,2011-05-25 14:44:59,
2011-05-25 14:49:01 PDT,standard8,Target Milestone,Thunderbird 3.4,---
