When,Who,What,Added,Removed
2010-11-11 08:41:34 PST,mozilla,Blocks,604685,
2010-11-11 10:41:54 PST,mozilla,Summary,[amo] Update vendor to 5.12.2.2,[amo] Apply local patch to zamboni vendor
2010-11-11 10:52:53 PST,oremj,Summary,[amo] Apply local patch to zamboni vendor,[amo] Update vendor to 5.12.2.2
2010-11-11 10:52:53 PST,oremj,Status,RESOLVED,NEW
2010-11-11 10:52:53 PST,oremj,Resolution,FIXED,---
2010-11-11 10:52:53 PST,oremj,Last Resolved,2010-11-11 10:52:53,
2013-10-09 10:29:28 PDT,nobody,Product,Infrastructure & Operations,mozilla.org
2013-10-09 10:29:28 PDT,nobody,Component,WebOps: Other,Server Operations: Web Operations
