When,Who,What,Added,Removed
2010-11-11 09:38:27 PST,mounir,Attachment #489834                Flags,review?(jonas), approval2.0?,
2010-11-11 10:05:19 PST,jonas,Attachment #489834                Flags,review+, approval2.0+,review?(jonas), approval2.0?
2010-11-12 02:44:27 PST,mounir,Blocks,602117,
2010-11-12 17:09:17 PST,mounir,Keywords,dev-doc-needed,
2010-11-12 17:09:17 PST,mounir,Status,RESOLVED,ASSIGNED
2010-11-12 17:09:17 PST,mounir,Resolution,FIXED,---
2010-11-12 17:09:17 PST,mounir,Target Milestone,mozilla2.0b8,---
2010-11-12 17:09:17 PST,mounir,Flags,in-testsuite+,
2010-11-12 17:09:17 PST,mounir,Last Resolved,2010-11-12 17:09:17,
2010-11-16 06:21:30 PST,eshepherd,CC,eshepherd,
2010-11-16 06:36:41 PST,eshepherd,Keywords,dev-doc-complete,dev-doc-needed
