When,Who,What,Added,Removed
2010-11-11 08:40:17 PST,jhford,Summary,Nov 11, 2010 Android updates broken (updates disabled),Nov 11, 2010 Android updates broken
2010-11-11 08:40:17 PST,jhford,Hardware,ARM,x86_64
2010-11-11 08:40:17 PST,jhford,OS,Android,Linux
2010-11-11 08:40:17 PST,jhford,Severity,major,normal
2010-11-11 13:59:27 PST,coop,Whiteboard,[mobile][updates],
2010-11-11 13:59:27 PST,coop,Priority,P3,--
2010-11-11 13:59:27 PST,coop,CC,coop,
2010-11-11 14:03:59 PST,bear,Assignee,bear,nobody
2010-11-11 14:03:59 PST,bear,CC,bear,
2010-11-11 16:24:22 PST,escapewindow+mozbugs,Status,RESOLVED,NEW
2010-11-11 16:24:22 PST,escapewindow+mozbugs,Resolution,FIXED,---
2010-11-11 16:24:22 PST,escapewindow+mozbugs,CC,aki,
2010-11-11 16:24:22 PST,escapewindow+mozbugs,Last Resolved,2010-11-11 16:24:22,
2013-08-12 21:54:08 PDT,nobody,Product,Release Engineering,mozilla.org
