When,Who,What,Added,Removed
2010-11-11 08:29:08 PST,kairo,CC,kairo,
2010-11-21 07:33:14 PST,a.topal,CC,a.topal,
2010-11-21 07:33:26 PST,a.topal,Last Resolved,2010-11-21 07:33:26,
2010-11-21 07:33:26 PST,a.topal,Status,RESOLVED,UNCONFIRMED
2010-11-21 07:33:26 PST,a.topal,Resolution,WORKSFORME,---
2010-11-21 07:56:27 PST,der_tuxman,Status,UNCONFIRMED,RESOLVED
2010-11-21 07:56:27 PST,der_tuxman,Resolution,---,WORKSFORME
2011-03-31 22:57:39 PDT,csaszar,CC,csaszar,
2011-05-08 08:19:18 PDT,a.topal,Status,RESOLVED,UNCONFIRMED
2011-05-08 08:19:18 PDT,a.topal,Resolution,FIXED,---
2011-05-08 08:19:18 PDT,a.topal,Last Resolved,2011-05-08 08:19:18,2010-11-21 07:33:26
2011-05-08 11:15:51 PDT,thomas.lendo,CC,thomas.lendo,
