When,Who,What,Added,Removed
2010-11-11 15:32:30 PST,khanes,Blocks,608028,
2010-11-11 15:32:30 PST,khanes,Priority,P3,--
2010-11-11 15:32:30 PST,khanes,CC,khanes,
2011-01-12 16:39:57 PST,khanes,Blocks,,608028
2011-01-12 16:39:57 PST,khanes,Target Milestone,Future,---
2011-01-12 17:04:38 PST,mitcho,Whiteboard,[qa-][good first bug][cleanup],
2011-01-12 17:04:38 PST,mitcho,CC,mitcho,
2011-08-03 18:34:12 PDT,mmarcottulio,Attachment #550576                Flags,review?(tim.taubert),
2011-08-03 18:36:38 PDT,mmarcottulio,CC,mmarcottulio,
2011-08-04 06:08:05 PDT,ttaubert,Attachment #550576                Flags,,review?(tim.taubert)
2011-08-04 16:38:01 PDT,mmarcottulio,Attachment #550576                Attachment is obsolete,1,0
2011-08-04 16:38:01 PDT,mmarcottulio,Attachment #550881                Flags,review?(tim.taubert),
2011-08-05 06:43:52 PDT,ttaubert,Attachment #550881                Flags,review+,review?(tim.taubert)
2011-08-09 19:51:06 PDT,mmarcottulio,Attachment #550881                Attachment is obsolete,1,0
2011-08-12 01:55:44 PDT,ttaubert,Whiteboard,[qa-][cleanup][fixed-in-fx-team],[qa-][good first bug][cleanup]
2011-08-12 01:55:44 PDT,ttaubert,Version,Trunk,unspecified
2011-08-12 01:55:44 PDT,ttaubert,Status,ASSIGNED,NEW
2011-08-12 01:55:44 PDT,ttaubert,Assignee,mmarcottulio,nobody
2011-08-12 07:03:31 PDT,rcampbell,Attachment #551984                Attachment description,[checked-in] Better formatted,Better formatted [for checkin]
2011-08-12 07:03:50 PDT,rcampbell,Status,RESOLVED,ASSIGNED
2011-08-12 07:03:50 PDT,rcampbell,Resolution,FIXED,---
2011-08-12 07:03:50 PDT,rcampbell,CC,rcampbell,
2011-08-12 07:03:50 PDT,rcampbell,Last Resolved,2011-08-12 07:03:50,
2011-08-12 08:43:35 PDT,dao,Whiteboard,[qa-][cleanup],[qa-][cleanup][fixed-in-fx-team]
2011-08-12 08:43:35 PDT,dao,Target Milestone,Firefox 8,Future
