When,Who,What,Added,Removed
2010-11-12 06:22:17 PST,dschaffe,Attachment #490078                Flags,review?(cpeyer), feedback?(brbaker),
2010-11-12 06:24:07 PST,dschaffe,Attachment #490078                Flags,feedback?(jsudduth),
2010-11-12 09:04:25 PST,jsudduth,Attachment #490078                Flags,feedback+,feedback?(jsudduth)
2010-11-15 08:31:20 PST,trbaker,Status,ASSIGNED,NEW
2010-11-15 08:31:20 PST,trbaker,Assignee,dschaffe,nobody
2010-11-15 08:31:20 PST,trbaker,CC,trbaker,
2010-11-15 08:31:20 PST,trbaker,Target Milestone,flash10.x - Serrano,---
2010-11-15 08:31:20 PST,trbaker,Flags,flashplayer-qrb+,
2010-11-15 10:57:01 PST,dschaffe,Attachment #490612                Flags,review?(cpeyer),
2010-11-15 11:36:22 PST,cpeyer,Attachment #490612                Flags,review-,review?(cpeyer)
2010-11-15 13:52:18 PST,dschaffe,Attachment #490612                Attachment is obsolete,1,0
2010-11-15 13:52:18 PST,dschaffe,Attachment #490690                Flags,review?(cpeyer),
2010-11-15 14:43:11 PST,cpeyer,Attachment #490690                Flags,review+,review?(cpeyer)
2010-11-15 15:29:18 PST,cpeyer,CC,cpeyer,
2010-11-16 06:52:07 PST,brbaker,Attachment #490078                Flags,,feedback?(brbaker)
2010-11-18 20:24:54 PST,dansmith,Attachment #490078                Flags,,review?(cpeyer)
2011-04-19 06:22:50 PDT,trbaker,Flags,flashplayer-injection-, flashplayer-bug-,
2011-04-19 12:59:31 PDT,cpeyer,Resolution,FIXED,---
2011-04-19 12:59:31 PDT,cpeyer,Last Resolved,2011-04-19 12:59:31,
2011-04-19 12:59:31 PDT,cpeyer,Status,RESOLVED,ASSIGNED
2011-04-19 12:59:39 PDT,cpeyer,Status,VERIFIED,RESOLVED
