When,Who,What,Added,Removed
2010-11-11 10:07:10 PST,highmind63,Keywords,polish,
2010-11-11 10:07:10 PST,highmind63,CC,highmind63,
2010-11-11 14:42:32 PST,ehsan,CC,ehsan,
2010-11-12 05:21:28 PST,mstange,Status,ASSIGNED,NEW
2010-11-12 05:21:28 PST,mstange,Assignee,mstange,nobody
2010-11-12 05:21:28 PST,mstange,Attachment #490074                Flags,review?(ehsan),
2010-11-12 15:21:29 PST,ehsan,Attachment #490074                Flags,review+,review?(ehsan)
2010-11-13 05:20:47 PST,mstange,Status,RESOLVED,ASSIGNED
2010-11-13 05:20:47 PST,mstange,Resolution,FIXED,---
2010-11-13 05:20:47 PST,mstange,Last Resolved,2010-11-13 05:20:47,
2014-10-10 09:14:15 PDT,nobody,Product,Tree Management,Webtools
2015-04-13 15:57:33 PDT,nobody,Product,Tree Management Graveyard,Tree Management
