When,Who,What,Added,Removed
2010-11-11 15:13:20 PST,xtc4uall,Severity,critical,normal
2010-11-11 15:13:20 PST,xtc4uall,CC,xtc4uall,
2010-11-12 21:25:25 PST,bzbarsky,blocking2.0,?,---
2010-11-12 21:25:25 PST,bzbarsky,CC,bzbarsky,
2010-12-11 10:09:10 PST,timeless,CC,g.maone,
2010-12-15 15:18:11 PST,benjamin,Assignee,bzbarsky,nobody
2010-12-15 15:18:11 PST,benjamin,blocking2.0,final+,?
2010-12-22 16:15:38 PST,bzbarsky,Priority,P1,--
2011-01-04 18:44:32 PST,jst,Whiteboard,softblocker,
2011-01-04 18:44:32 PST,jst,CC,jst,
2011-01-06 18:19:38 PST,jst,Whiteboard,[softblocker],softblocker
2011-01-19 10:16:34 PST,bzbarsky,Attachment #505113                Flags,review?(jst),
2011-01-19 10:17:16 PST,bzbarsky,Whiteboard,[need review][softblocker],[softblocker]
2011-01-19 10:51:29 PST,jst,Attachment #505113                Flags,review+,review?(jst)
2011-01-19 13:00:30 PST,bzbarsky,Whiteboard,[need landing][softblocker],[need review][softblocker]
2011-01-19 16:39:55 PST,highmind63,CC,highmind63,
2011-01-19 18:39:11 PST,bzbarsky,Whiteboard,[softblocker],[need landing][softblocker]
2011-01-19 18:39:11 PST,bzbarsky,Status,RESOLVED,NEW
2011-01-19 18:39:11 PST,bzbarsky,Resolution,FIXED,---
2011-01-19 18:39:11 PST,bzbarsky,Target Milestone,mozilla2.0b10,---
2011-01-19 18:39:11 PST,bzbarsky,Flags,in-testsuite?,
2011-01-19 18:39:11 PST,bzbarsky,Last Resolved,2011-01-19 18:39:11,
2011-06-13 10:01:51 PDT,nobody,Crash Signature,[@ nsDocShell::ConfirmRepost(int*) ],
