When,Who,What,Added,Removed
2010-11-11 10:45:26 PST,highmind63,CC,highmind63,
2010-11-11 14:41:20 PST,ehsan,CC,ehsan,
2010-11-11 21:06:21 PST,philringnalda,CC,philringnalda,
2010-11-12 08:49:39 PST,Ms2ger,Status,ASSIGNED,NEW
2010-11-12 08:49:39 PST,Ms2ger,Assignee,Ms2ger,nobody
2010-11-12 08:49:39 PST,Ms2ger,Attachment #490114                Flags,review?(bear),
2010-11-12 12:08:16 PST,bear,Attachment #490114                Flags,review+, review?(robert),review?(bear)
2010-11-12 23:51:37 PST,rhelmer,Attachment #490114                Flags,review+,review?(robert)
2010-11-13 00:56:59 PST,rhelmer,Attachment #490114                Flags,review-,review+
2010-11-13 05:56:10 PST,Ms2ger,Attachment #490114                Attachment is obsolete,1,0
2010-11-13 05:56:10 PST,Ms2ger,Attachment #490372                Flags,review?(bear),
2010-11-13 12:23:10 PST,bear,Attachment #490372                Flags,review+,review?(bear)
2010-11-13 19:55:33 PST,reed,CC,reed,
2010-11-13 19:55:33 PST,reed,Last Resolved,2010-11-13 19:55:33,
2010-11-13 19:55:33 PST,reed,Status,RESOLVED,ASSIGNED
2010-11-13 19:55:33 PST,reed,Resolution,FIXED,---
2010-11-14 03:11:05 PST,Ms2ger,Blocks,612100,
2011-10-29 23:07:23 PDT,philringnalda,CC,johnath,
2014-06-16 14:00:49 PDT,nobody,Product,Webtools Graveyard,Webtools
