When,Who,What,Added,Removed
2010-11-11 10:56:20 PST,anthony.s.hughes,CC,aaron.train, gmealer, hskupin,
2010-11-11 11:02:15 PST,anthony.s.hughes,Blocks,604708, 611061,
2010-11-11 11:29:11 PST,aaron.train,Blocks,611047,
2010-11-11 13:05:46 PST,anthony.s.hughes,Assignee,anthony.s.hughes,nobody
2010-11-11 13:05:46 PST,anthony.s.hughes,Attachment #489903                Flags,review?(aaron.train),
2010-11-11 13:05:46 PST,anthony.s.hughes,Status,ASSIGNED,NEW
2010-11-11 13:49:18 PST,aaron.train,Attachment #489903                Flags,review+,review?(aaron.train)
2010-11-11 13:53:48 PST,anthony.s.hughes,Attachment #489903                Flags,review?(hskupin),
2010-11-11 14:19:43 PST,hskupin,Attachment #489903                Flags,review+,review?(hskupin)
2010-11-11 15:11:39 PST,anthony.s.hughes,Attachment #489955                Flags,review?(aaron.train),
2010-11-11 15:35:09 PST,aaron.train,Attachment #489955                Flags,review+,review?(aaron.train)
2010-11-11 16:24:23 PST,anthony.s.hughes,Status,RESOLVED,ASSIGNED
2010-11-11 16:24:23 PST,anthony.s.hughes,Resolution,FIXED,---
2010-11-11 16:24:23 PST,anthony.s.hughes,Last Resolved,2010-11-11 16:24:23,
2010-11-19 12:36:09 PST,hskupin,Product,Mozilla QA,Testing
2010-11-19 12:36:09 PST,hskupin,Component,Mozmill Tests,Mozmill Tests
2010-11-30 09:52:48 PST,aaron.train,Blocks,615592,
