When,Who,What,Added,Removed
2010-11-11 11:39:35 PST,me+bugzilla,CC,james,
2010-11-11 11:39:35 PST,me+bugzilla,Target Milestone,---,2.3
2010-11-11 12:02:33 PST,djst,CC,djst,
2010-11-15 12:46:09 PST,paul+moz,Target Milestone,2.3,---
2010-11-17 11:21:27 PST,paul+moz,Status,RESOLVED,NEW
2010-11-17 11:21:27 PST,paul+moz,Resolution,FIXED,---
2010-11-17 11:21:27 PST,paul+moz,Last Resolved,2010-11-17 11:21:27,
2010-11-18 16:39:34 PST,rbillings,Status,VERIFIED,RESOLVED
2010-11-18 16:39:34 PST,rbillings,CC,rbillings,
2010-11-30 14:32:02 PST,me+bugzilla,CC,scoobidiver,
