When,Who,What,Added,Removed
2010-11-11 09:35:17 PST,mozilla,Blocks,611116,
2010-11-11 10:57:07 PST,oremj,Assignee,jeremy.orem+bugs,server-ops
2010-11-12 12:31:43 PST,mozilla,Severity,normal,minor
2010-11-17 13:43:43 PST,oremj,Status,RESOLVED,NEW
2010-11-17 13:43:43 PST,oremj,Resolution,FIXED,---
2010-11-17 13:43:43 PST,oremj,Last Resolved,2010-11-17 13:43:43,
2013-10-09 10:29:28 PDT,nobody,Product,Infrastructure & Operations,mozilla.org
2013-10-09 10:29:28 PDT,nobody,Component,WebOps: Other,Server Operations: Web Operations
