When,Who,What,Added,Removed
2010-11-11 11:07:36 PST,hskupin,Attachment #489856                Flags,feedback?(dao),
2010-11-11 11:08:02 PST,hskupin,Whiteboard,[mozmill-1.5.2?],
2010-11-11 11:08:02 PST,hskupin,CC,hskupin,
2010-11-11 11:49:22 PST,dao,Attachment #489856                Flags,feedback-,feedback?(dao)
2010-11-11 12:47:12 PST,hskupin,CC,dao,
2010-12-07 12:56:21 PST,cmtalbert,Whiteboard,[mozmill-1.5.2+],[mozmill-1.5.2?]
2010-12-07 13:39:41 PST,hskupin,Attachment #489856                Attachment is obsolete,1,0
2010-12-07 13:39:41 PST,hskupin,Attachment #495950                Flags,review?(ctalbert),
2010-12-08 15:31:05 PST,cmtalbert,Attachment #495950                Flags,review+,review?(ctalbert)
2010-12-12 20:30:30 PST,hskupin,Attachment #495950                Attachment description,Breakage fix (null check) [checked-in],Breakage fix (null check)
2011-01-14 13:36:04 PST,k0scist,CC,jhammel,
2011-01-14 17:23:37 PST,hskupin,Whiteboard,[mozmill-1.5.2+][mozmill-2.0?],[mozmill-1.5.2+]
2011-01-18 11:45:11 PST,cmtalbert,Whiteboard,[mozmill-1.5.2-fixed][mozmill-2.0+],[mozmill-1.5.2+][mozmill-2.0?]
2011-05-24 15:19:55 PDT,cmtalbert,Status,RESOLVED,ASSIGNED
2011-05-24 15:19:55 PDT,cmtalbert,Resolution,WORKSFORME,---
2011-05-24 15:19:55 PDT,cmtalbert,Last Resolved,2011-05-24 15:19:55,
2011-05-25 05:04:32 PDT,hskupin,Resolution,FIXED,WORKSFORME
2011-05-25 05:04:32 PDT,hskupin,Summary,Fix broken handling of non-tab documents in init.js event listeners,Only set documentLoaded for instances of nsIDOMHTMLDocument
