When,Who,What,Added,Removed
2010-11-16 13:15:11 PST,mozaakash,Target Milestone,3.0,2.1
2010-12-14 09:46:18 PST,fwenzel,Assignee,mozaakash,nobody
2010-12-14 09:46:18 PST,fwenzel,CC,fwenzel,
2010-12-29 14:09:28 PST,mozaakash,Assignee,fwenzel,mozaakash
2011-01-12 18:11:51 PST,fwenzel,Depends on,605539,
2011-01-12 18:33:40 PST,fwenzel,Status,RESOLVED,NEW
2011-01-12 18:33:40 PST,fwenzel,Resolution,FIXED,---
2011-01-12 18:33:40 PST,fwenzel,Last Resolved,2011-01-12 18:33:40,
2011-01-13 08:37:17 PST,fwenzel,Status,REOPENED,RESOLVED
2011-01-13 08:37:17 PST,fwenzel,Resolution,---,FIXED
2011-01-13 11:32:16 PST,fwenzel,Status,RESOLVED,REOPENED
2011-01-13 11:32:16 PST,fwenzel,Resolution,FIXED,---
2011-01-13 11:32:16 PST,fwenzel,Last Resolved,2011-01-13 11:32:16,2011-01-12 18:33:40
2011-01-21 13:46:45 PST,rbillings,Status,VERIFIED,RESOLVED
2011-01-21 13:46:45 PST,rbillings,CC,rbillings,
2011-06-23 09:29:15 PDT,nobody,Product,Input,Webtools
2011-06-23 09:29:15 PDT,nobody,Component,General,Input
