When,Who,What,Added,Removed
2010-11-11 11:22:50 PST,dholbert,Attachment #489861                Flags,review?,
2010-11-11 11:24:04 PST,dholbert,Attachment #489861                Flags,review?(dwitte),review?
2010-11-22 14:48:19 PST,dwitte,Attachment #489861                Flags,review+,review?(dwitte)
2010-11-22 14:48:28 PST,dwitte,CC,dwitte,
2010-11-22 15:05:38 PST,dholbert,Attachment #489861                Flags,approval2.0?,
2010-11-23 07:45:31 PST,benjamin,Attachment #489861                Flags,approval2.0+,approval2.0?
2010-11-30 21:33:49 PST,dholbert,Target Milestone,mozilla2.0b8,---
2010-11-30 21:33:49 PST,dholbert,Last Resolved,2010-11-30 21:33:49,
2010-11-30 21:33:49 PST,dholbert,Status,RESOLVED,ASSIGNED
2010-11-30 21:33:49 PST,dholbert,Resolution,FIXED,---
