When,Who,What,Added,Removed
2010-11-11 11:19:06 PST,jbecerra,CC,jbecerra,
2010-11-11 12:18:47 PST,oli.gruetzmann,CC,oli.gruetzmann,
2010-11-11 13:42:38 PST,mozillamarcia.knous,CC,kev,
2010-11-11 13:42:38 PST,mozillamarcia.knous,blocking2.0,?,---
2010-11-11 15:17:03 PST,xtc4uall,CC,xtc4uall,
2010-11-11 15:33:10 PST,mozillamarcia.knous,Summary,Firefox/4.0b8pre crash in [@ nvwgf2umx.dll@0x56f71a ], [@ nvwgf2umx.dll@0x52a71a ],Firefox/4.0b8pre crash in [@ nvwgf2umx.dll@0x56f71a ]
2010-11-12 01:06:50 PST,scoobidiver,Keywords,regression,
2010-11-12 01:06:50 PST,scoobidiver,Summary,Firefox/4.0b8pre crash in [@ nvwgf2umx.dll@0x56f71a ], [@ nvwgf2umx.dll@0x52a71a ], [@ atidxx64.dll@0x267910 ]  on Win x64,Firefox/4.0b8pre crash in [@ nvwgf2umx.dll@0x56f71a ], [@ nvwgf2umx.dll@0x52a71a ]
2010-11-12 01:06:50 PST,scoobidiver,Hardware,x86_64,x86
2010-11-12 01:06:50 PST,scoobidiver,CC,scoobidiver,
2010-11-12 01:22:15 PST,scoobidiver,Summary,Firefox/4.0b8pre 64-bit crash in [@ nvwgf2umx.dll@0x56f71a ], [@ nvwgf2umx.dll@0x52a71a ], [@ atidxx64.dll@0x267910 ],Firefox/4.0b8pre crash in [@ nvwgf2umx.dll@0x56f71a ], [@ nvwgf2umx.dll@0x52a71a ], [@ atidxx64.dll@0x267910 ]  on Win x64
2010-11-12 02:26:06 PST,scoobidiver,Summary,Firefox/4.0b8pre 64-bit crash in [@ nvwgf2umx.dll@0x56f71a ], [@ nvwgf2umx.dll@0x52a71a ], [@ atidxx64.dll@0x267910 ], [@ atidxx64.dll@0x2b4270 ],Firefox/4.0b8pre 64-bit crash in [@ nvwgf2umx.dll@0x56f71a ], [@ nvwgf2umx.dll@0x52a71a ], [@ atidxx64.dll@0x267910 ]
2010-11-12 02:30:52 PST,scoobidiver,Summary,Firefox/4.0b8pre 64-bit crash of ATI and NVIDIA drivers [@ nvwgf2umx.dll@0x56f71a ], [@ nvwgf2umx.dll@0x52a71a ], [@ atidxx64.dll@0x267910 ], [@ atidxx64.dll@0x2b4270 ], [@ atidxx64.dll@0x2a23f0 ],Firefox/4.0b8pre 64-bit crash in [@ nvwgf2umx.dll@0x56f71a ], [@ nvwgf2umx.dll@0x52a71a ], [@ atidxx64.dll@0x267910 ], [@ atidxx64.dll@0x2b4270 ]
2010-11-12 02:45:18 PST,scoobidiver,Blocks,611606,
2010-11-12 02:45:18 PST,scoobidiver,Summary,Minefield 64-bit crash of NVIDIA driver [@ nvwgf2umx.dll@0x56f71a ],Firefox/4.0b8pre 64-bit crash of ATI and NVIDIA drivers [@ nvwgf2umx.dll@0x56f71a ], [@ nvwgf2umx.dll@0x52a71a ], [@ atidxx64.dll@0x267910 ], [@ atidxx64.dll@0x2b4270 ], [@ atidxx64.dll@0x2a23f0 ]
2010-11-12 05:41:57 PST,cbook,CC,cbook, joe,
2010-11-12 12:58:21 PST,vladimir,CC,vladimir,
2010-11-14 11:56:05 PST,bernesb,CC,BernesB,
2010-11-14 17:54:21 PST,m_kato,CC,m_kato,
2010-11-14 19:54:24 PST,m_kato,Assignee,m_kato,nobody
2010-11-14 22:10:26 PST,m_kato,Depends on,611970,
2010-11-14 23:35:22 PST,emanuel.hoogeveen,CC,emanuel.hoogeveen,
2010-11-15 08:41:24 PST,benjamin,CC,bas.schouten,
2010-11-15 09:01:20 PST,pmbrandao,CC,pmbrandao,
2010-11-15 15:35:20 PST,joe,blocking2.0,beta8+,?
2010-11-15 22:45:05 PST,m_kato,Attachment #490530                Attachment is obsolete,1,0
2010-11-15 22:46:07 PST,m_kato,Attachment #490816                Flags,review?(benjamin),
2010-11-15 22:46:47 PST,m_kato,Status,ASSIGNED,NEW
2010-11-16 06:27:15 PST,benjamin,Attachment #490816                Flags,review+,review?(benjamin)
2010-11-16 11:27:01 PST,ehsan,CC,ehsan,
2010-11-16 21:38:40 PST,fmdevelopertim,CC,alexlck99,
2010-11-16 21:53:58 PST,m_kato,Resolution,FIXED,---
2010-11-16 21:53:58 PST,m_kato,Target Milestone,mozilla2.0b8,---
2010-11-16 21:53:58 PST,m_kato,Last Resolved,2010-11-16 21:53:58,
2010-11-16 21:53:58 PST,m_kato,Status,RESOLVED,ASSIGNED
2010-11-17 10:59:37 PST,highmind63,CC,highmind63,
2010-11-17 17:26:57 PST,m_kato,CC,acr2d,
2011-06-09 14:58:54 PDT,nobody,Crash Signature,[@ nvwgf2umx.dll@0x56f71a ],
