When,Who,What,Added,Removed
2010-11-11 10:50:10 PST,sdwilsh,CC,justdave, sdwilsh,
2010-11-11 13:44:08 PST,bob,CC,bclary,
2010-11-12 00:16:22 PST,gerv,Summary,b.m.o. report.cgi returns HTTP 500 error,/count returns HTTP 500 error
2010-11-12 00:16:22 PST,gerv,Product,mozilla.org,Webtools
2010-11-12 00:16:22 PST,gerv,Version,other,Trunk
2010-11-12 00:16:22 PST,gerv,Hardware,All,x86
2010-11-12 00:16:22 PST,gerv,OS,All,Linux
2010-11-12 00:16:22 PST,gerv,Component,Bugzilla: Other b.m.o Issues,BzAPI
2010-11-12 00:16:22 PST,gerv,Assignee,nobody,gerv
2010-11-12 00:16:22 PST,gerv,QA Contact,other-bmo-issues,bzapi
2010-11-12 00:16:22 PST,gerv,CC,reed,
2010-11-12 00:16:50 PST,gerv,Severity,blocker,normal
2010-11-12 00:22:25 PST,reed,Component,Server Operations,Bugzilla: Other b.m.o Issues
2010-11-12 00:22:25 PST,reed,Assignee,server-ops,nobody
2010-11-12 00:22:25 PST,reed,QA Contact,mrz,other-bmo-issues
2010-11-12 00:23:24 PST,smani,CC,shyam,
2010-11-12 00:23:24 PST,smani,Assignee,justdave,server-ops
2010-11-12 02:08:36 PST,l10n,CC,l10n,
2010-11-12 02:42:44 PST,justdave,Status,RESOLVED,NEW
2010-11-12 02:42:44 PST,justdave,Resolution,FIXED,---
2010-11-12 02:42:44 PST,justdave,Last Resolved,2010-11-12 02:42:44,
2010-11-12 09:52:28 PST,mcote,Status,VERIFIED,RESOLVED
2015-03-12 08:17:16 PDT,nobody,Product,mozilla.org Graveyard,mozilla.org
