When,Who,What,Added,Removed
2010-11-11 09:04:05 PST,cedric.corazza,Status,RESOLVED,NEW
2010-11-11 09:04:05 PST,cedric.corazza,Resolution,FIXED,---
2010-11-11 09:04:05 PST,cedric.corazza,Assignee,cedric.corazza,bugzilla.fr
2010-11-11 09:04:05 PST,cedric.corazza,CC,cedric.corazza,
2010-11-11 09:04:05 PST,cedric.corazza,Last Resolved,2010-11-11 09:04:05,
2010-11-11 09:55:00 PST,scoobidiver,Status,REOPENED,RESOLVED
2010-11-11 09:55:00 PST,scoobidiver,Resolution,---,FIXED
2010-11-11 10:32:44 PST,cedric.corazza,Resolution,FIXED,---
2010-11-11 10:32:44 PST,cedric.corazza,Last Resolved,2010-11-11 10:32:44,2010-11-11 09:04:05
2010-11-11 10:32:44 PST,cedric.corazza,Status,RESOLVED,REOPENED
