When,Who,What,Added,Removed
2010-11-11 10:13:20 PST,hskupin,Summary,Menu images for HTTPS sites referenced in Cavendish template are getting loaded from unsecure HTTP site,Menu images for HTTPS sites referenced in Cavendish template are getting loaded from HTTP site
2010-11-11 10:13:20 PST,hskupin,CC,hskupin,
2010-11-11 14:16:02 PST,phong,Assignee,jeremy.orem+bugs,server-ops
2010-11-11 14:16:02 PST,phong,CC,phong,
2010-11-12 13:10:46 PST,oremj,Product,Websites,mozilla.org
2010-11-12 13:10:46 PST,oremj,Component,www.mozilla.org,Server Operations
2010-11-12 13:10:46 PST,oremj,Assignee,nobody,jeremy.orem+bugs
2010-11-12 13:10:46 PST,oremj,QA Contact,www-mozilla-org,mrz
2010-11-12 13:10:46 PST,oremj,CC,reed,
2010-11-12 13:22:52 PST,davidwboswell,CC,david,
2010-11-12 13:38:51 PST,hskupin,Status,ASSIGNED,NEW
2010-11-12 13:38:51 PST,hskupin,Assignee,david,nobody
2010-11-14 07:47:53 PST,hskupin,Attachment #490458                Attachment mime type,text/plain,application/octet-stream
2010-11-15 09:18:50 PST,hskupin,Status,RESOLVED,ASSIGNED
2010-11-15 09:18:50 PST,hskupin,Resolution,FIXED,---
2010-11-15 09:18:50 PST,hskupin,Last Resolved,2010-11-15 09:18:50,
2012-08-23 00:16:07 PDT,nobody,Product,www.mozilla.org,Websites
2012-08-23 00:16:07 PDT,nobody,Component,General,www.mozilla.org
