When,Who,What,Added,Removed
2010-11-11 07:58:06 PST,sayrer,Assignee,igor,general
2010-11-11 07:58:13 PST,sayrer,blocking2.0,beta8+,---
2010-11-11 07:58:31 PST,sayrer,OS,Linux,Windows CE
2010-11-12 10:17:26 PST,sayrer,CC,gal, igor, mrbkap,
2010-11-12 10:23:10 PST,sayrer,OS,Windows CE,Linux
2010-11-12 10:23:10 PST,sayrer,CC,jst, peterv,
2010-11-12 10:23:10 PST,sayrer,blocking2.0,---,beta8+
2010-11-17 07:36:36 PST,sayrer,Status,RESOLVED,NEW
2010-11-17 07:36:36 PST,sayrer,Resolution,FIXED,---
2010-11-17 07:36:36 PST,sayrer,Last Resolved,2010-11-17 07:36:36,
