When,Who,What,Added,Removed
2010-11-12 11:48:00 PST,mbrubeck,CC,mbrubeck,
2010-11-22 09:36:13 PST,mozaakash,CC,mozaakash,
2010-11-22 09:36:13 PST,mozaakash,tracking-fennec,?,---
2010-11-22 09:36:20 PST,mozaakash,Hardware,All,x86
2010-11-22 09:36:20 PST,mozaakash,OS,All,Windows 7
2010-11-23 13:28:33 PST,blassey.bugs,CC,blassey.bugs,
2010-11-23 13:28:33 PST,blassey.bugs,tracking-fennec,2.0+,?
2010-11-23 13:28:46 PST,blassey.bugs,Keywords,polish,
2010-12-03 06:25:02 PST,21,Assignee,21,nobody
2010-12-03 06:25:02 PST,21,Attachment #494987                Flags,review?(mark.finkle),
2010-12-03 10:24:40 PST,21,CC,21,
2010-12-06 10:03:30 PST,21,Attachment #494987                Attachment is obsolete,1,0
2010-12-06 10:03:30 PST,21,Attachment #495540                Flags,review?(mark.finkle),
2010-12-06 10:03:30 PST,21,Attachment #494987                Flags,,review?(mark.finkle)
2010-12-06 12:01:29 PST,mark.finkle,Attachment #495540                Flags,review-,review?(mark.finkle)
2010-12-07 04:44:55 PST,21,Attachment #495540                Attachment is obsolete,1,0
2010-12-07 04:44:55 PST,21,Attachment #495812                Flags,review?(mark.finkle),
2010-12-07 06:04:11 PST,mark.finkle,Attachment #495812                Flags,review+,review?(mark.finkle)
2010-12-07 06:04:24 PST,mark.finkle,Whiteboard,[fennec-checkin-postb3],
2010-12-07 06:04:24 PST,mark.finkle,CC,mark.finkle,
2010-12-09 11:47:34 PST,mark.finkle,Whiteboard,,[fennec-checkin-postb3]
2010-12-09 11:47:34 PST,mark.finkle,Status,RESOLVED,NEW
2010-12-09 11:47:34 PST,mark.finkle,Resolution,FIXED,---
2010-12-09 11:47:34 PST,mark.finkle,Last Resolved,2010-12-09 11:47:34,
2010-12-10 09:25:37 PST,mozaakash,Status,VERIFIED,RESOLVED
