When,Who,What,Added,Removed
2010-11-11 09:43:27 PST,lhansen,Attachment #489836                Flags,review?(edwsmith),
2010-11-11 09:55:29 PST,edwsmith,Attachment #489836                Flags,review+,review?(edwsmith)
2010-11-11 10:20:45 PST,lhansen,Attachment #489836                Attachment is obsolete,1,0
2010-11-12 04:03:52 PST,lhansen,Status,RESOLVED,ASSIGNED
2010-11-12 04:03:52 PST,lhansen,Resolution,FIXED,---
2010-11-12 04:03:52 PST,lhansen,Last Resolved,2010-11-12 04:03:52,
2011-02-09 07:46:06 PST,trbaker,Flags,flashplayer-bug-,
2011-02-09 07:46:06 PST,trbaker,CC,trbaker,
