When,Who,What,Added,Removed
2010-11-11 07:05:03 PST,enndeakin,Blocks,499794, 501383, 539959, 541852, 542396, 547477, 552445, 584394, 584397, 585418, 586955, 587281, 587487, 588296, 591726, 595372, 598200, 598284, 599253, 600190, 602277, 610991, 611237,
2010-11-11 07:38:52 PST,josh,CC,josh,
2010-11-11 09:19:07 PST,enndeakin,Status,ASSIGNED,NEW
2010-11-11 09:19:07 PST,enndeakin,Assignee,enndeakin,nobody
2010-11-11 10:06:43 PST,philringnalda,CC,philringnalda,
2010-11-11 11:48:49 PST,enndeakin,Attachment #489828                Attachment is obsolete,1,0
2010-11-12 18:06:07 PST,ehsan,CC,ehsan,
2010-11-15 07:15:51 PST,enndeakin,Keywords,checkin-needed,
2010-11-19 10:50:03 PST,ehsan,Keywords,,checkin-needed
2011-03-07 06:57:51 PST,enndeakin,Status,RESOLVED,ASSIGNED
2011-03-07 06:57:51 PST,enndeakin,Resolution,FIXED,---
2011-03-07 06:57:51 PST,enndeakin,Last Resolved,2011-03-07 06:57:51,
2011-11-14 11:23:19 PST,enndeakin,Summary,Investigate why rdf template tests occasionally fail,Investigate why template tests occasionally fail
