When,Who,What,Added,Removed
2010-11-11 08:10:49 PST,reed,Component,Server Operations: Account Requests,Video
2010-11-11 08:10:49 PST,reed,Assignee,server-ops,nobody
2010-11-11 08:10:49 PST,reed,QA Contact,mrz,video
2010-11-11 08:10:49 PST,reed,CC,reed,
2010-11-11 10:15:50 PST,jlaz,Assignee,jlazaro,server-ops
2010-11-11 10:15:50 PST,jlaz,CC,jlazaro,
2010-11-11 16:24:41 PST,jlaz,Whiteboard,[waiting on name of project],
2010-11-11 16:24:41 PST,jlaz,Status,ASSIGNED,NEW
2010-11-17 08:53:31 PST,brett,CC,david.humphrey,
2010-11-17 08:53:51 PST,brett,CC,paul,
2010-11-17 11:12:36 PST,jlaz,Resolution,FIXED,---
2010-11-17 11:12:36 PST,jlaz,Last Resolved,2010-11-17 11:12:36,
2010-11-17 11:12:36 PST,jlaz,Status,RESOLVED,ASSIGNED
2010-11-17 11:40:36 PST,brett,Status,REOPENED,RESOLVED
2010-11-17 11:40:36 PST,brett,Resolution,---,FIXED
2010-11-17 12:17:14 PST,jlaz,Status,RESOLVED,REOPENED
2010-11-17 12:17:14 PST,jlaz,Resolution,FIXED,---
2010-11-17 12:17:14 PST,jlaz,Last Resolved,2010-11-17 12:17:14,2010-11-17 11:12:36
2014-10-28 08:18:24 PDT,nobody,Product,Infrastructure & Operations,mozilla.org
2015-08-17 11:35:50 PDT,nobody,Product,Infrastructure & Operations Graveyard,Infrastructure & Operations
