When,Who,What,Added,Removed
2010-11-11 10:10:50 PST,rrosario,Hardware,All,x86
2010-11-11 10:10:50 PST,rrosario,OS,All,Mac OS X
2010-11-11 10:10:50 PST,rrosario,Priority,P2,--
2010-11-11 10:10:50 PST,rrosario,Assignee,rrosario,nobody
2010-11-11 10:10:50 PST,rrosario,CC,rrosario,
2010-11-11 13:25:15 PST,rrosario,Last Resolved,2010-11-11 13:25:15,
2010-11-11 13:25:15 PST,rrosario,Status,RESOLVED,NEW
2010-11-11 13:25:15 PST,rrosario,Resolution,FIXED,---
2010-11-12 10:48:37 PST,rbillings,Status,VERIFIED,RESOLVED
