When,Who,What,Added,Removed
2010-11-11 11:04:25 PST,crowderbt,Blocks,383902,
2010-11-11 11:04:40 PST,crowderbt,Blocks,443726,
2010-11-11 15:39:37 PST,matjk7,CC,matjk7,
2010-11-13 05:14:41 PST,webmaster,CC,webmaster,
2011-06-02 17:52:12 PDT,brendan,Depends on,383902,
2011-06-02 17:52:12 PDT,brendan,Blocks,,383902
2011-10-12 12:22:42 PDT,dmandelin,CC,dmandelin,
2011-10-12 12:22:42 PDT,dmandelin,Blocks,694100,
2011-10-12 14:49:14 PDT,erights,CC,erights,
2011-12-20 02:04:59 PST,gavrilyak,CC,gavrilyak,
2012-01-17 18:11:16 PST,teramako,CC,teramako,
2012-01-18 22:04:06 PST,samth,CC,samth,
2012-01-21 09:42:33 PST,marcoos+bmo,CC,marcoos+bmo,
2012-02-10 22:53:51 PST,stillpedant,CC,stillpedant,
2012-02-14 11:27:39 PST,bugzilla,CC,bugzilla,
2012-05-15 07:23:19 PDT,evilpies,Assignee,evilpies,general
2012-05-15 07:23:19 PDT,evilpies,CC,evilpies,
2012-05-15 08:11:44 PDT,evilpies,Assignee,general,evilpies
2012-09-06 07:44:23 PDT,bruant.d,CC,bruant.d,
2012-12-26 00:52:43 PST,bugzilla,CC,bugzilla-watch,
2012-12-26 01:01:40 PST,bugzilla,CC,,bugzilla
2013-02-01 22:58:08 PST,syoichi,CC,syoichi,
2013-03-22 16:17:48 PDT,evilpies,QA Contact,evilpies,
2013-03-23 13:37:35 PDT,evilpies,Assignee,evilpies,general
2013-03-23 13:37:35 PDT,evilpies,Status,ASSIGNED,NEW
2013-04-05 06:57:59 PDT,evilpies,Depends on,589199,
2013-05-01 09:20:48 PDT,bruant.d,Blocks,867617,
2013-05-01 09:25:00 PDT,fb+mozdev,CC,fb+mozdev,
2013-06-05 20:51:04 PDT,VYV03354,Blocks,880083,
2013-10-10 11:46:01 PDT,jryans,CC,jryans,
2013-10-12 04:18:21 PDT,evilpies,Status,NEW,ASSIGNED
2013-10-12 04:18:21 PDT,evilpies,Assignee,nobody,evilpies
2013-10-12 04:18:21 PDT,evilpies,QA Contact,,evilpies
2014-01-15 12:52:19 PST,fb+mozdev,Blocks,950547,
2014-01-16 05:05:26 PST,m.goleb+mozilla,CC,m.goleb+mozilla,
2014-03-03 10:05:58 PST,nfitzgerald,CC,nfitzgerald,
2014-03-03 11:39:21 PST,j_schulte,CC,j_schulte,
2014-04-02 02:12:12 PDT,gandalf,CC,gandalf,
2014-04-11 13:51:44 PDT,jorendorff,CC,jorendorff, shu,
2014-04-11 13:51:44 PDT,jorendorff,Summary,const should be block-scoped,Make Spidermonkey's const implementation be Harmony compatible
2014-04-11 13:51:44 PDT,jorendorff,Flags,needinfo?(shu),
2014-04-11 13:52:10 PDT,jorendorff,Summary,const should be block-scoped and an initializer should be required,const should be block-scoped
2014-06-21 02:37:54 PDT,falconmaster,CC,falconmaster,
2014-08-06 03:32:13 PDT,fscholz,Keywords,dev-doc-needed,
2014-08-06 03:32:13 PDT,fscholz,Whiteboard,[DocArea=JS],
2014-09-30 16:18:44 PDT,efaustbmo,Attachment #8497847                Flags,feedback?(shu),
2014-09-30 16:52:38 PDT,shu,Attachment #8497847                Flags,feedback+,feedback?(shu)
2014-10-02 13:11:13 PDT,shu,Flags,,needinfo?(shu)
2014-10-06 16:09:40 PDT,efaustbmo,Attachment #8500730                Flags,review?(shu),
2014-10-06 16:09:40 PDT,efaustbmo,Status,ASSIGNED,NEW
2014-10-06 16:09:40 PDT,efaustbmo,Assignee,efaustbmo,nobody
2014-10-07 17:22:25 PDT,shu,Attachment #8500730                Flags,,review?(shu)
2014-10-28 18:23:49 PDT,efaustbmo,Attachment #728656                Attachment is obsolete,1,0
2014-10-28 18:23:49 PDT,efaustbmo,Attachment #8497847                Attachment is obsolete,1,0
2014-10-28 18:23:49 PDT,efaustbmo,Attachment #8500730                Attachment is obsolete,1,0
2014-10-28 18:23:49 PDT,efaustbmo,Attachment #8513131                Flags,review?(shu),
2014-10-28 18:26:23 PDT,efaustbmo,Attachment #8513134                Flags,review?(shu),
2014-10-28 18:55:38 PDT,shu,Attachment #8513131                Flags,review+,review?(shu)
2014-10-29 17:28:33 PDT,shu,Attachment #8513134                Flags,review+,review?(shu)
2014-10-31 05:20:24 PDT,cbook,CC,cbook,
2014-11-05 11:12:47 PST,ryanvm,Status,RESOLVED,ASSIGNED
2014-11-05 11:12:47 PST,ryanvm,Resolution,FIXED,---
2014-11-05 11:12:47 PST,ryanvm,Target Milestone,mozilla36,---
2014-11-05 11:12:47 PST,ryanvm,Flags,in-testsuite+,
2014-11-05 11:12:47 PST,ryanvm,Last Resolved,2014-11-05 11:12:47,
2014-11-05 22:46:41 PST,gary,Depends on,1094616,
2014-11-06 00:44:45 PST,446240525,Flags,needinfo?(shu),
2014-11-06 00:44:45 PST,446240525,CC,446240525,
2014-11-06 04:48:18 PST,kohei.yoshino,Keywords,site-compat,
2014-11-06 04:48:18 PST,kohei.yoshino,CC,kohei.yoshino,
2014-11-06 10:26:46 PST,efaustbmo,Depends on,1094995,
2014-11-06 10:28:17 PST,efaustbmo,Flags,,needinfo?(shu)
2014-11-06 11:23:06 PST,alice0775,Depends on,1095036,
2014-11-06 13:35:24 PST,aryx.bugmail,Depends on,1095121,
2014-11-07 04:03:21 PST,evilpies,Depends on,1095439,
2014-11-08 16:31:41 PST,mats,Depends on,1095299,
2014-11-11 03:21:20 PST,n.nethercote,CC,n.nethercote,
2014-11-17 11:51:24 PST,gary,Depends on,1100511,
2014-11-27 08:59:40 PST,fscholz,Keywords,dev-doc-complete,dev-doc-needed
2014-12-09 16:42:02 PST,fb+mozdev,relnote-firefox,?,---
2015-01-08 04:19:12 PST,sledru,CC,sledru,
2015-01-08 04:19:12 PST,sledru,relnote-firefox,36+,?
2015-02-10 08:18:22 PST,petruta.rasa,Blocks,1131604,
2015-03-30 13:35:40 PDT,philip.chee,Depends on,1147456,
