When,Who,What,Added,Removed
2010-11-11 07:58:22 PST,djst,Target Milestone,2.3,---
2010-11-11 07:58:51 PST,djst,URL,https://master.support.mozilla.com/de/kb/Informationen%20zu%20Cookies/review/5693,
2010-11-11 08:01:32 PST,djst,Blocks,611016,
2010-11-11 15:14:18 PST,me+bugzilla,CC,james,
2010-11-11 15:14:18 PST,me+bugzilla,Priority,P1,--
2010-11-12 08:44:58 PST,rrosario,Assignee,rrosario,nobody
2010-11-12 08:44:58 PST,rrosario,CC,rrosario,
2010-11-15 09:34:30 PST,rrosario,Status,RESOLVED,NEW
2010-11-15 09:34:30 PST,rrosario,Resolution,FIXED,---
2010-11-15 09:34:30 PST,rrosario,Last Resolved,2010-11-15 09:34:30,
2010-11-18 14:37:17 PST,rbillings,Status,VERIFIED,RESOLVED
2010-11-18 14:37:17 PST,rbillings,CC,rbillings,
