When,Who,What,Added,Removed
2010-11-11 12:49:45 PST,joe,Attachment #489895                Flags,review?(jmuizelaar),
2010-11-11 12:50:19 PST,joe,Attachment #489896                Flags,review?(jmuizelaar),
2010-12-10 13:07:06 PST,jmuizelaar,Attachment #489895                Flags,review-,review?(jmuizelaar)
2010-12-10 13:07:41 PST,jmuizelaar,Attachment #489896                Flags,review+,review?(jmuizelaar)
2010-12-14 14:58:49 PST,joe,Attachment #489895                Flags,review?(jmuizelaar),review-
2010-12-14 15:23:29 PST,jmuizelaar,Attachment #489895                Flags,review+,review?(jmuizelaar)
2010-12-16 23:32:53 PST,matt.woodrow,CC,matt.woodrow+bugzilla,
2010-12-16 23:32:53 PST,matt.woodrow,Blocks,604101,
2010-12-17 00:42:51 PST,joe,Last Resolved,2010-12-17 00:42:51,
2010-12-17 00:42:51 PST,joe,Status,RESOLVED,NEW
2010-12-17 00:42:51 PST,joe,Resolution,FIXED,---
2010-12-17 00:42:51 PST,joe,blocking2.0,final+,---
2011-10-09 11:42:50 PDT,satyam1910,CC,satyam1910,
