When,Who,What,Added,Removed
2011-01-14 18:23:18 PST,warner-bugzilla,Depends on,591338,
2011-01-20 19:03:20 PST,warner-bugzilla,Assignee,warner-bugzilla,nobody
2011-01-21 17:34:38 PST,erikvvold,CC,erikvvold,
2011-03-31 11:19:20 PDT,myk,Priority,P3,--
2011-03-31 11:19:20 PDT,myk,CC,myk,
2011-03-31 11:19:20 PDT,myk,Target Milestone,1.0,---
2011-04-21 10:53:23 PDT,warner-bugzilla,Attachment #527584                Flags,feedback?(rFobic),
2011-04-25 18:05:29 PDT,warner-bugzilla,Attachment #527584                Attachment is obsolete,1,0
2011-04-25 18:05:29 PDT,warner-bugzilla,Attachment #528241                Flags,feedback?(rFobic),
2011-04-25 18:05:29 PDT,warner-bugzilla,Attachment #527584                Flags,,feedback?(rFobic)
2011-04-25 18:06:15 PDT,warner-bugzilla,Attachment #528241                Flags,review?(rFobic), feedback?,feedback?(rFobic)
2011-04-25 18:06:31 PDT,warner-bugzilla,Attachment #528241                Flags,,feedback?
2011-04-26 13:43:59 PDT,warner-bugzilla,Attachment #528241                Attachment is obsolete,1,0
2011-04-26 13:43:59 PDT,warner-bugzilla,Attachment #528424                Flags,review?(rFobic),
2011-04-26 13:43:59 PDT,warner-bugzilla,Attachment #528241                Flags,,review?(rFobic)
2011-04-26 15:22:50 PDT,rFobic,Attachment #528424                Flags,review+,review?(rFobic)
2011-04-26 15:28:42 PDT,warner-bugzilla,Keywords,relnote,
2011-04-26 15:28:42 PDT,warner-bugzilla,Status,RESOLVED,NEW
2011-04-26 15:28:42 PDT,warner-bugzilla,Resolution,FIXED,---
2011-04-26 15:28:42 PDT,warner-bugzilla,Last Resolved,2011-04-26 15:28:42,
