When,Who,What,Added,Removed
2010-11-11 13:42:19 PST,dholbert,Summary,Fennec highlights the whole URL after I've entered a special character ("~"), inviting me to overwrite it,Fennec highlights the whole URL
2010-11-11 13:42:19 PST,dholbert,blocking2.0,?,---
2010-11-11 13:45:17 PST,dholbert,Assignee,crowderbt,nobody
2010-11-11 16:15:12 PST,nhirata.bugzilla,CC,nhirata.bugzilla,
2010-11-19 14:06:44 PST,crowderbt,Attachment #491939                Flags,review?,
2010-11-19 14:07:44 PST,crowderbt,Attachment #491940                Flags,review?(mark.finkle),
2010-11-19 14:12:47 PST,crowderbt,Attachment #491939                Flags,review?(doug.turner),review?
2010-11-19 14:48:24 PST,mark.finkle,Attachment #491940                Flags,review-,review?(mark.finkle)
2010-11-19 14:50:29 PST,dougt,Attachment #491939                Flags,review+,review?(doug.turner)
2010-11-19 15:24:58 PST,crowderbt,Attachment #491939                Flags,approval2.0?,
2010-11-22 09:40:42 PST,mozaakash,CC,mozaakash,
2010-11-22 15:49:33 PST,crowderbt,CC,crowderbt,
2010-11-22 16:00:06 PST,mbrubeck,CC,mbrubeck,
2010-11-22 16:00:06 PST,mbrubeck,tracking-fennec,?,---
2010-11-22 16:00:06 PST,mbrubeck,blocking2.0,---,?
2010-11-22 16:02:05 PST,crowderbt,Attachment #491940                Attachment is obsolete,1,0
2010-11-22 16:02:05 PST,crowderbt,Attachment #492492                Flags,review?(mark.finkle),
2010-11-22 23:31:02 PST,mark.finkle,Attachment #492585                Flags,review?(21),
2010-11-23 08:05:17 PST,crowderbt,Attachment #491939                Flags,,approval2.0?
2010-11-23 09:53:46 PST,21,CC,21,
2010-11-23 11:22:11 PST,mark.finkle,CC,mark.finkle,
2010-11-23 13:27:34 PST,dougt,CC,doug.turner,
2010-11-23 13:27:34 PST,dougt,tracking-fennec,2.0+,?
2010-11-23 15:04:28 PST,nhirata.bugzilla,Whiteboard,[hkb],
2010-11-24 01:50:22 PST,21,Attachment #492585                Flags,review+,review?(21)
2010-11-24 11:42:05 PST,crowderbt,Assignee,mark.finkle,crowderbt
2010-12-11 11:12:25 PST,mark.finkle,Whiteboard,[hkb] [fennec-checkin-postb3],[hkb]
2010-12-15 22:04:11 PST,mark.finkle,Whiteboard,[hkb],[hkb] [fennec-checkin-postb3]
2010-12-15 22:04:11 PST,mark.finkle,Status,RESOLVED,NEW
2010-12-15 22:04:11 PST,mark.finkle,Resolution,FIXED,---
2010-12-15 22:04:11 PST,mark.finkle,Last Resolved,2010-12-15 22:04:11,
2010-12-27 09:31:34 PST,martijn.martijn,Status,VERIFIED,RESOLVED
2010-12-27 09:31:34 PST,martijn.martijn,CC,martijn.martijn,
2011-02-22 14:58:10 PST,crowderbt,Attachment #492492                Flags,,review?(mark.finkle)
