When,Who,What,Added,Removed
2010-11-11 11:51:43 PST,bugzilla,Attachment #489865                Attachment mime type,text/plain,application/octet-stream
2010-11-11 12:20:34 PST,highmind63,Keywords,crash,
2010-11-11 12:20:34 PST,highmind63,Severity,critical,normal
2010-11-11 12:20:34 PST,highmind63,CC,highmind63,
2010-11-11 12:20:34 PST,highmind63,blocking2.0,?,---
2010-11-11 12:29:22 PST,gal,Hardware,All,x86
2010-11-11 12:29:22 PST,gal,OS,All,Windows 7
2010-11-11 12:29:22 PST,gal,Component,XPConnect,JavaScript Engine
2010-11-11 12:29:22 PST,gal,Assignee,nobody,general
2010-11-11 12:29:22 PST,gal,QA Contact,xpconnect,general
2010-11-11 12:29:22 PST,gal,CC,gal,
2010-11-11 23:29:08 PST,timeless,Status,ASSIGNED,NEW
2010-11-11 23:29:08 PST,timeless,Assignee,timeless,nobody
2010-11-11 23:29:08 PST,timeless,Attachment #490042                Flags,review?(mrbkap),
2010-11-15 10:53:48 PST,mrbkap,Attachment #490042                Flags,review-,review?(mrbkap)
2010-11-15 10:59:45 PST,mrbkap,Attachment #490042                Attachment is obsolete,1,0
2010-11-15 10:59:45 PST,mrbkap,Attachment #490614                Flags,review?(peterv),
2010-11-15 10:59:45 PST,mrbkap,Assignee,mrbkap,timeless
2010-11-15 11:35:03 PST,bugzilla,CC,kdangoor, rcampbell,
2010-11-15 11:37:36 PST,bugzilla,Blocks,612342,
2010-11-15 15:31:28 PST,gal,Attachment #490614                Flags,review+,review?(peterv)
2010-11-16 05:40:24 PST,timeless,Summary,crash in [@ xpc_CreateSandboxObject],crash in xpc_CreateSandboxObject
2010-11-17 18:28:39 PST,jst,CC,jst,
2010-11-17 18:28:39 PST,jst,blocking2.0,betaN+,?
2010-12-02 14:45:13 PST,mrbkap,Whiteboard,fixed-in-tracemonkey,
2010-12-06 17:30:15 PST,sayrer,Status,RESOLVED,ASSIGNED
2010-12-06 17:30:15 PST,sayrer,Resolution,FIXED,---
2010-12-06 17:30:15 PST,sayrer,CC,sayrer,
2010-12-06 17:30:15 PST,sayrer,Last Resolved,2010-12-06 17:30:15,
2010-12-06 17:31:10 PST,mrbkap,Whiteboard,,fixed-in-tracemonkey
2010-12-06 17:31:10 PST,mrbkap,Status,REOPENED,RESOLVED
2010-12-06 17:31:10 PST,mrbkap,Resolution,---,FIXED
2010-12-21 16:48:56 PST,jst,Summary,[ready to land] crash in [@ xpc_CreateSandboxObject],crash in [@ xpc_CreateSandboxObject]
2010-12-21 19:06:01 PST,mounir,Whiteboard,fixed-in-tracemonkey,
2010-12-21 19:06:01 PST,mounir,CC,mounir.lamouri,
2010-12-22 17:16:52 PST,mounir,Whiteboard,,fixed-in-tracemonkey
2010-12-22 17:16:52 PST,mounir,Summary,crash in [@ xpc_CreateSandboxObject],[ready to land] crash in [@ xpc_CreateSandboxObject]
2010-12-22 17:16:52 PST,mounir,Status,RESOLVED,REOPENED
2010-12-22 17:16:52 PST,mounir,Resolution,FIXED,---
2010-12-22 17:16:52 PST,mounir,Target Milestone,mozilla2.0b9,---
2010-12-22 17:16:52 PST,mounir,Last Resolved,2010-12-22 17:16:52,2010-12-06 17:30:15
2011-06-09 14:58:54 PDT,nobody,Crash Signature,[@ xpc_CreateSandboxObject],
