When,Who,What,Added,Removed
2010-11-11 11:43:32 PST,dmandelin,Whiteboard,[jsperf],
2010-11-11 11:43:32 PST,dmandelin,CC,dmandelin,
2010-11-11 15:18:10 PST,n.nethercote,CC,nnethercote,
2010-11-11 17:53:42 PST,ryanvm,CC,ryanvm,
2010-11-12 16:39:15 PST,jseward,Attachment #490131                Flags,review?(dvander),
2010-11-15 08:19:49 PST,jseward,Attachment #490575                Flags,review?(dvander),
2010-11-15 08:19:49 PST,jseward,Attachment #490131                Flags,,review?(dvander)
2010-11-15 08:19:49 PST,jseward,Attachment #490131                Attachment is obsolete,1,0
2010-11-23 11:48:29 PST,dvander,Attachment #490575                Flags,,review?(dvander)
2010-11-30 20:30:18 PST,matjk7,CC,matjk7,
2010-12-01 11:48:24 PST,dmandelin,Blocks,615199,
2010-12-01 11:52:50 PST,emanuel.hoogeveen,CC,emanuel.hoogeveen,
2010-12-01 18:17:56 PST,grenavitar,CC,grenavitar,
2010-12-02 03:44:36 PST,pablo,CC,pablo,
2010-12-02 08:53:19 PST,jseward,Attachment #490575                Attachment is obsolete,1,0
2010-12-02 08:53:19 PST,jseward,Attachment #494730                Flags,review?(dvander),
2010-12-02 11:26:49 PST,dvander,Attachment #494730                Flags,review+,review?(dvander)
2010-12-02 12:47:34 PST,highmind63,CC,highmind63,
2010-12-03 01:13:22 PST,jseward,Keywords,checkin-needed,
2010-12-05 12:51:14 PST,magicdice,CC,magicdice,
2010-12-05 17:35:03 PST,mardeg,Blocks,598466,
2010-12-06 15:03:33 PST,dmandelin,blocking2.0,beta9+,---
2010-12-08 12:13:21 PST,dvander,Whiteboard,[jsperf][fixed-in-tracemonkey],[jsperf]
2010-12-08 12:13:21 PST,dvander,Status,ASSIGNED,NEW
2010-12-08 12:13:21 PST,dvander,Assignee,jseward,general
2010-12-09 10:47:34 PST,sayrer,Status,RESOLVED,ASSIGNED
2010-12-09 10:47:34 PST,sayrer,Resolution,FIXED,---
2010-12-09 10:47:34 PST,sayrer,CC,sayrer,
2010-12-09 10:47:34 PST,sayrer,Last Resolved,2010-12-09 10:47:34,
2010-12-10 15:00:44 PST,jruderman,Keywords,footprint,
2010-12-25 10:07:06 PST,philringnalda,Keywords,,checkin-needed
2010-12-25 10:07:06 PST,philringnalda,CC,philringnalda,
2011-01-04 15:32:53 PST,christian,blocking2.0,betaN+,beta9+
