When,Who,What,Added,Removed
2010-11-18 17:08:20 PST,ehsan,Status,ASSIGNED,NEW
2010-11-18 17:08:20 PST,ehsan,Assignee,ehsan,nobody
2010-11-18 17:08:20 PST,ehsan,Attachment #491722                Flags,review?(roc),
2010-11-18 17:10:30 PST,roc,Attachment #491722                Flags,review+,review?(roc)
2010-11-18 19:26:35 PST,ehsan,CC,ehsan,
2010-11-18 19:26:35 PST,ehsan,Whiteboard,[orange][needs landing],[orange]
2010-11-19 10:46:16 PST,ehsan,Whiteboard,[orange],[orange][needs landing]
2010-11-19 10:46:16 PST,ehsan,Status,RESOLVED,ASSIGNED
2010-11-19 10:46:16 PST,ehsan,Resolution,FIXED,---
2010-11-19 10:46:16 PST,ehsan,Target Milestone,mozilla2.0b8,---
2010-11-19 10:46:16 PST,ehsan,Flags,in-testsuite+,
2010-11-19 10:46:16 PST,ehsan,Last Resolved,2010-11-19 10:46:16,
2010-11-19 15:15:40 PST,dholbert,Hardware,All,x86
2010-11-19 15:15:40 PST,dholbert,OS,All,Linux
2010-11-19 15:15:40 PST,dholbert,Status,REOPENED,RESOLVED
2010-11-19 15:15:40 PST,dholbert,Resolution,---,FIXED
2010-11-19 16:57:01 PST,bugzillamozillaorg_serge_20140323,Attachment #491722                Attachment description,Patch (v1)[Checked in: Comment 2],Patch (v1)
2011-03-09 07:27:52 PST,daniel,CC,,daniel
2011-03-11 21:09:45 PST,ehsan,Attachment #518910                Flags,review?(roc),
2011-03-13 15:50:26 PDT,roc,Attachment #518910                Flags,review+,review?(roc)
2011-03-13 21:52:23 PDT,josh,CC,josh,
2011-03-14 10:18:12 PDT,ehsan,Status,RESOLVED,REOPENED
2011-03-14 10:18:12 PDT,ehsan,Resolution,FIXED,---
2011-03-14 10:18:12 PDT,ehsan,Last Resolved,2011-03-14 10:18:12,2010-11-19 10:46:16
2011-03-14 11:42:47 PDT,bugzillamozillaorg_serge_20140323,Attachment #518910                Attachment description,Patch (v2)[Checked in: Comment 277],Patch (v2)
2011-03-14 11:45:37 PDT,bugzillamozillaorg_serge_20140323,Target Milestone,mozilla2.0,mozilla2.0b8
2011-03-30 18:07:00 PDT,bugzillamozillaorg_serge_20140323,Target Milestone,mozilla2.2,mozilla2.0
2011-03-30 18:07:00 PDT,bugzillamozillaorg_serge_20140323,status2.0,?,---
2011-04-01 10:58:44 PDT,dveditz,blocking2.0,Macaw,---
2011-04-01 10:58:44 PDT,dveditz,status2.0,wanted,?
2011-04-01 14:11:00 PDT,ehsan,status2.0,.1-fixed,wanted
2011-04-01 17:46:07 PDT,bugzillamozillaorg_serge_20140323,Attachment #518910                Attachment description,Patch (v2)[Checked in: Comment 277 & 293],Patch (v2)[Checked in: Comment 277]
2012-11-19 14:40:48 PST,nobody,Keywords,intermittent-failure,
2012-11-25 19:31:15 PST,nobody,Whiteboard,,[orange]
