When,Who,What,Added,Removed
2010-11-11 12:16:35 PST,dmandelin,Whiteboard,[jsperf],
2010-11-11 12:16:35 PST,dmandelin,CC,dmandelin,
2010-11-11 12:16:35 PST,dmandelin,Blocks,579390,
2010-11-11 12:28:10 PST,megabyte,CC,ask,
2010-11-11 15:26:46 PST,xtc4uall,CC,xtc4uall,
2010-11-11 15:37:08 PST,matjk7,CC,matjk7,
2010-11-11 16:16:47 PST,ryanvm,CC,ryanvm,
2010-11-11 17:38:51 PST,bzbarsky,CC,dvander,
2010-11-11 17:51:57 PST,wmccloskey,CC,wmccloskey,
2010-11-11 19:46:03 PST,bzbarsky,CC,nnethercote, sstangl,
2010-11-11 20:04:45 PST,bzbarsky,Summary,Getting integer-named properties from non-Array objects is slower than Chrome,Array iteration performance slower than Chrome
2010-11-11 20:04:45 PST,bzbarsky,CC,brendan,
2010-11-11 20:04:45 PST,bzbarsky,Depends on,586842,
2010-11-11 22:47:29 PST,mook.moz+mozbz,CC,mook.moz+mozbz,
2010-11-12 19:30:51 PST,brendan,CC,gal,
2010-11-13 10:17:55 PST,akalla,CC,akalla,
2010-11-22 13:07:39 PST,magicdice,CC,magicdice,
2010-12-14 18:33:16 PST,fullmetaljacket.xp+bugmail,CC,fullmetaljacket.xp+bugmail,
2011-04-26 01:07:52 PDT,webmaster,CC,webmaster,
2012-12-12 06:19:35 PST,bruant.d,CC,bruant.d,
2013-01-11 20:25:48 PST,gandalf,CC,gandalf,
2013-06-21 07:03:01 PDT,fb+mozdev,CC,fb+mozdev,
2013-11-08 03:19:12 PST,esigra,CC,esigra,
2013-11-15 18:02:15 PST,guijoselito,CC,guijoselito,
2014-07-24 11:07:35 PDT,nobody,Assignee,nobody,general
2015-03-03 20:17:53 PST,bzbarsky,Status,RESOLVED,NEW
2015-03-03 20:17:53 PST,bzbarsky,Depends on,827490,
2015-03-03 20:17:53 PST,bzbarsky,Resolution,FIXED,---
2015-03-03 20:17:53 PST,bzbarsky,Last Resolved,2015-03-03 20:17:53,
