When,Who,What,Added,Removed
2010-11-12 12:58:24 PST,jmathies,CC,jmathies,
2010-11-12 12:59:10 PST,sdwilsh,Severity,major,normal
2010-11-12 23:27:24 PST,sdwilsh,CC,lsblakk,
2010-11-15 05:57:32 PST,lukasblakk+bugs,Assignee,lsblakk,nobody
2010-11-16 08:33:28 PST,sdwilsh,CC,dietrich, mak77,
2010-11-16 08:33:28 PST,sdwilsh,blocking2.0,?,---
2010-11-17 11:37:55 PST,lukasblakk+bugs,Status,RESOLVED,NEW
2010-11-17 11:37:55 PST,lukasblakk+bugs,Resolution,FIXED,---
2010-11-17 11:37:55 PST,lukasblakk+bugs,Last Resolved,2010-11-17 11:37:55,
2010-12-15 15:52:24 PST,benjamin,blocking2.0,---,?
2013-08-12 21:54:08 PDT,nobody,Product,Release Engineering,mozilla.org
