When,Who,What,Added,Removed
2010-11-11 12:07:01 PST,cjones.bugs,CC,jones.chris.g,
2010-11-11 23:33:56 PST,timeless,Blocks,610488,
2010-11-11 23:34:48 PST,timeless,Blocks,609257,610488
2010-11-11 23:35:24 PST,timeless,Keywords,crash,
2010-11-11 23:35:24 PST,timeless,Severity,critical,normal
2010-11-11 23:40:08 PST,mozilla,CC,mozilla,
2010-11-12 04:47:50 PST,mh+mozilla,Assignee,mh+mozilla,nobody
2010-11-12 04:47:50 PST,mh+mozilla,Attachment #490067                Flags,review?(benjamin),
2010-11-12 04:49:37 PST,mh+mozilla,Attachment #490069                Flags,review?(benjamin),
2010-11-13 05:20:11 PST,mozilla,CC,andrea.turrini,
2010-11-14 15:02:31 PST,christian,CC,clegnitto,
2010-11-16 07:13:48 PST,benjamin,Attachment #490069                Flags,review+,review?(benjamin)
2010-11-16 07:14:26 PST,benjamin,Attachment #490067                Flags,review+,review?(benjamin)
2010-11-16 07:22:52 PST,mh+mozilla,Attachment #490067                Flags,approval2.0?,
2010-11-16 07:23:04 PST,mh+mozilla,Attachment #490069                Flags,approval2.0?,
2010-11-16 10:09:13 PST,christian,Attachment #490067                Flags,approval2.0+,approval2.0?
2010-11-16 10:09:24 PST,christian,Attachment #490069                Flags,approval2.0+,approval2.0?
2010-11-16 17:06:59 PST,gavin.sharp,CC,gavin.sharp,
2010-11-17 00:59:26 PST,mh+mozilla,Status,RESOLVED,NEW
2010-11-17 00:59:26 PST,mh+mozilla,Resolution,FIXED,---
2010-11-17 00:59:26 PST,mh+mozilla,Target Milestone,mozilla2.0b8,---
2010-11-17 00:59:26 PST,mh+mozilla,Last Resolved,2010-11-17 00:59:26,
2010-11-17 01:02:39 PST,timeless,Blocks,,609257
