When,Who,What,Added,Removed
2010-11-11 13:08:06 PST,dbaron,Summary,Buildbot JSON needs logURL field,Bulidbot JSON needs logURL field
2010-11-12 04:26:34 PST,arpad.borsos,CC,arpad.borsos,
2010-11-15 15:50:30 PST,jhford,Priority,P4,--
2010-11-15 15:50:30 PST,jhford,CC,jhford,
2010-11-22 14:50:27 PST,catlee,Priority,P2,P4
2010-11-22 14:50:27 PST,catlee,Assignee,catlee,nobody
2011-02-19 06:23:16 PST,catlee,Whiteboard,[buildapi][json],
2011-03-14 02:30:07 PDT,bugmail,CC,bugmail,
2011-06-08 07:48:40 PDT,catlee,Priority,P4,P2
2011-07-11 11:34:04 PDT,catlee,Assignee,nobody,catlee
2011-12-12 23:37:50 PST,philringnalda,CC,philringnalda,
2011-12-28 06:06:28 PST,catlee,Whiteboard,[buildapi][json][logs],[buildapi][json]
2011-12-28 06:06:33 PST,catlee,Depends on,713846,
2012-01-14 13:31:57 PST,catlee,Assignee,catlee,nobody
2012-03-20 10:26:20 PDT,catlee,Status,RESOLVED,NEW
2012-03-20 10:26:20 PDT,catlee,Resolution,FIXED,---
2012-03-20 10:26:20 PDT,catlee,Last Resolved,2012-03-20 10:26:20,
2012-12-17 11:28:29 PST,emorley,Keywords,buildapi,
2013-08-12 21:54:08 PDT,nobody,Product,Release Engineering,mozilla.org
