When,Who,What,Added,Removed
2010-11-11 16:21:07 PST,ryanvm,CC,ryanvm,
2010-11-11 22:28:36 PST,bzbarsky,CC,bzbarsky,
2010-11-11 22:28:36 PST,bzbarsky,blocking2.0,?,---
2010-11-12 11:15:16 PST,dmandelin,Depends on,610941,
2010-11-23 10:11:01 PST,sayrer,CC,sayrer,
2010-11-23 10:11:01 PST,sayrer,blocking2.0,betaN+,?
2010-11-24 07:13:46 PST,highmind63,CC,highmind63,
2010-12-13 12:34:33 PST,gal,Depends on,618871,
2010-12-13 15:45:21 PST,dmandelin,Summary,Add assertions to check that comparments are stay the same for JM activations,Compartments are not getting reset after cross-compartment calls in JM
2010-12-13 15:45:21 PST,dmandelin,Assignee,dmandelin,general
2010-12-21 12:11:41 PST,dmandelin,Attachment #499096                Flags,review?(jorendorff),
2010-12-21 12:53:31 PST,dmandelin,Attachment #499096                Attachment is obsolete,1,0
2010-12-21 12:53:31 PST,dmandelin,Attachment #499118                Flags,review?(jorendorff),
2010-12-21 12:53:31 PST,dmandelin,Attachment #499096                Flags,,review?(jorendorff)
2011-01-03 17:41:24 PST,dmandelin,Whiteboard,compartments,softblocker,compartments
2011-01-03 17:41:24 PST,dmandelin,Summary,Add assertions to check that compartments are stay the same for JM activations,Add assertions to check that comparments are stay the same for JM activations
2011-01-05 11:06:23 PST,dmandelin,Attachment #499118                Flags,review?(gal),review?(jorendorff)
2011-01-05 11:24:06 PST,gal,Attachment #499118                Flags,review+,review?(gal)
2011-01-05 16:49:01 PST,dmandelin,Attachment #499118                Attachment is obsolete,1,0
2011-01-05 16:49:01 PST,dmandelin,Attachment #501517                Flags,review?(gal),
2011-01-05 17:16:06 PST,gal,Attachment #501517                Flags,review+,review?(gal)
2011-01-05 17:22:19 PST,dmandelin,Whiteboard,compartments, softblocker, fixed-in-tracemonkey,compartments,softblocker
2011-01-05 17:22:19 PST,dmandelin,Status,ASSIGNED,NEW
2011-01-07 12:08:28 PST,cdleary,Status,RESOLVED,ASSIGNED
2011-01-07 12:08:28 PST,cdleary,Resolution,FIXED,---
2011-01-07 12:08:28 PST,cdleary,CC,cdleary,
2011-01-07 12:08:28 PST,cdleary,Last Resolved,2011-01-07 12:08:28,
