When,Who,What,Added,Removed
2010-11-11 15:34:30 PST,sdwilsh,CC,bzbarsky, sdwilsh,
2010-11-11 17:10:39 PST,moz,CC,moz,
2010-11-11 21:22:43 PST,bzbarsky,Summary,Passing a Location object as a string argument of a cross-origin XPConnect call fails,top.location.replace behaviour change in beta7
2010-11-11 21:22:43 PST,bzbarsky,Product,Core,Firefox
2010-11-11 21:22:43 PST,bzbarsky,Status,NEW,UNCONFIRMED
2010-11-11 21:22:43 PST,bzbarsky,Component,XPConnect,Location Bar
2010-11-11 21:22:43 PST,bzbarsky,QA Contact,xpconnect,location.bar
2010-11-11 21:22:43 PST,bzbarsky,CC,mrbkap,
2010-11-11 21:22:43 PST,bzbarsky,Blocks,584237,
2010-11-11 21:22:43 PST,bzbarsky,Ever confirmed,1,0
2010-11-11 21:22:43 PST,bzbarsky,blocking2.0,?,---
2010-11-11 21:22:43 PST,bzbarsky,Keywords,regression,
2010-11-13 11:04:42 PST,ryanvm,CC,ryanvm,
2010-11-17 17:25:51 PST,jst,Assignee,mrbkap,nobody
2010-11-17 17:25:51 PST,jst,CC,gal, jst,
2010-11-17 17:25:51 PST,jst,blocking2.0,betaN+,?
2011-01-04 18:44:52 PST,jst,Whiteboard,hardblocker,
2011-01-06 18:19:52 PST,jst,Whiteboard,[hardblocker],hardblocker
2011-01-18 02:39:12 PST,khuey,CC,khuey,
2011-01-19 06:23:52 PST,bugzilla,CC,ddahl,
2011-01-19 20:18:14 PST,mrbkap,Attachment #489992                Attachment is obsolete,1,0
2011-01-20 10:01:11 PST,jonas,CC,jonas,
2011-01-20 10:01:11 PST,jonas,Blocks,553102,
2011-01-20 15:38:41 PST,matjk7,CC,matjk7,
2011-01-24 14:27:05 PST,mrbkap,Attachment #505335                Attachment is obsolete,1,0
2011-01-24 14:28:44 PST,mrbkap,Blocks,628410,
2011-01-24 15:41:19 PST,mrbkap,Attachment #506562                Flags,review?(gal),
2011-01-24 16:14:23 PST,gal,Attachment #506562                Flags,review+,review?(gal)
2011-01-24 22:52:32 PST,jorge,CC,jorge,
2011-01-25 08:00:56 PST,kairo,CC,kairo,
2011-01-27 12:08:21 PST,mrbkap,Whiteboard,[hardblocker] fixed-in-tracemonkey,[hardblocker]
2011-01-27 22:35:05 PST,cdleary,Resolution,FIXED,---
2011-01-27 22:35:05 PST,cdleary,Last Resolved,2011-01-27 22:35:05,
2011-01-27 22:35:05 PST,cdleary,Status,RESOLVED,NEW
2011-02-07 06:36:00 PST,george.carstoiu,Status,VERIFIED,RESOLVED
2011-02-07 06:36:00 PST,george.carstoiu,CC,george.carstoiu,
2011-06-03 21:18:00 PDT,dveditz,Blocks,572129,
