When,Who,What,Added,Removed
2010-11-12 18:47:13 PST,wjohnston2000,CC,wjohnston,
2010-11-22 09:38:08 PST,ayanshah62,CC,ayanshah62,
2010-11-22 09:38:08 PST,ayanshah62,tracking-fennec,?,---
2010-11-23 13:27:07 PST,blassey.bugs,CC,blassey.bugs,
2010-11-23 13:27:07 PST,blassey.bugs,tracking-fennec,2.0+,?
2010-12-08 09:48:47 PST,dtownsend,CC,dtownsend,
2010-12-09 08:13:34 PST,mark.finkle,Depends on,617523,
2010-12-09 08:38:21 PST,crowderbt,CC,crowderbt,
2010-12-09 16:37:48 PST,wjohnston2000,Assignee,wjohnston,nobody
2010-12-15 14:34:24 PST,wjohnston2000,Attachment #497906                Attachment is obsolete,1,0
2010-12-15 14:45:23 PST,mark.finkle,Attachment #497909                Flags,review?(dtownsend),
2010-12-20 09:04:00 PST,dtownsend,Attachment #497909                Flags,,review?(dtownsend)
2011-01-03 15:39:56 PST,wjohnston2000,Attachment #497909                Attachment is obsolete,1,0
2011-01-03 15:39:56 PST,wjohnston2000,Attachment #500928                Flags,review?(dtownsend),
2011-01-03 15:56:23 PST,wjohnston2000,Attachment #500928                Flags,,review?(dtownsend)
2011-01-03 17:11:23 PST,wjohnston2000,Attachment #500928                Attachment is obsolete,1,0
2011-01-03 17:11:23 PST,wjohnston2000,Attachment #500951                Flags,superreview?(dtownsend),
2011-01-03 17:11:58 PST,wjohnston2000,Attachment #500951                Flags,review?(dtownsend),superreview?(dtownsend)
2011-01-03 18:25:12 PST,dtownsend,Attachment #500951                Flags,review-,review?(dtownsend)
2011-01-04 09:04:52 PST,wjohnston2000,Attachment #500951                Attachment is obsolete,1,0
2011-01-04 09:04:52 PST,wjohnston2000,Attachment #501029                Flags,review?(dtownsend),
2011-01-04 14:27:56 PST,dtownsend,Attachment #501029                Flags,review+,review?(dtownsend)
2011-01-06 06:29:48 PST,martijn.martijn,CC,martijn.martijn,
2011-01-06 07:30:36 PST,mark.finkle,Status,RESOLVED,NEW
2011-01-06 07:30:36 PST,mark.finkle,Resolution,FIXED,---
2011-01-06 07:30:36 PST,mark.finkle,Last Resolved,2011-01-06 07:30:36,
2011-01-07 06:30:50 PST,ahoza,Status,VERIFIED,RESOLVED
2011-01-07 06:30:50 PST,ahoza,CC,ahoza,
