When,Who,What,Added,Removed
2010-11-11 12:15:54 PST,krupa.mozbugs,Blocks,611217,
2010-11-11 20:44:12 PST,wclouser,CC,clouserw,
2010-11-11 20:44:12 PST,wclouser,Target Milestone,5.12.4,5.12.3
2010-11-12 16:51:14 PST,wclouser,Assignee,thepotch,nobody
2010-11-15 12:54:24 PST,wclouser,Priority,P2,--
2010-11-28 21:47:57 PST,thepotch,Status,RESOLVED,NEW
2010-11-28 21:47:57 PST,thepotch,Resolution,FIXED,---
2010-11-28 21:47:57 PST,thepotch,Last Resolved,2010-11-28 21:47:57,
2010-11-29 12:24:46 PST,krupa.mozbugs,Status,VERIFIED,RESOLVED
2010-12-01 10:41:13 PST,mozilla,Status,RESOLVED,VERIFIED
2010-12-01 10:41:13 PST,mozilla,CC,jbalogh,
2010-12-01 10:41:13 PST,mozilla,Last Resolved,2010-12-01 10:41:13,2010-11-28 21:47:57
2010-12-01 11:35:58 PST,krupa.mozbugs,Status,VERIFIED,RESOLVED
