When,Who,What,Added,Removed
2010-11-11 14:07:30 PST,dmandelin,CC,cdleary, dmandelin,
2010-11-11 14:17:00 PST,dholbert,blocking2.0,?,---
2010-11-11 17:31:29 PST,cdleary,Status,ASSIGNED,NEW
2010-11-11 17:31:29 PST,cdleary,Assignee,cdleary,general
2010-11-12 21:59:54 PST,cdleary,Attachment #490193                Attachment is obsolete,1,0
2010-11-12 21:59:54 PST,cdleary,Attachment #490336                Flags,review?(lw),
2010-11-15 11:36:49 PST,luke,Attachment #490336                Flags,review+,review?(lw)
2010-11-15 15:56:49 PST,cdleary,Whiteboard,fixed-in-tracemonkey,
2010-11-22 09:33:13 PST,sayrer,Last Resolved,2010-11-22 09:33:13,
2010-11-22 09:33:13 PST,sayrer,Status,RESOLVED,ASSIGNED
2010-11-22 09:33:13 PST,sayrer,Resolution,FIXED,---
2010-11-22 09:33:13 PST,sayrer,CC,sayrer,
2010-11-22 09:33:13 PST,sayrer,blocking2.0,betaN+,?
