When,Who,What,Added,Removed
2011-03-24 07:32:04 PDT,poirot.alex,CC,poirot.alex,
2011-03-24 07:32:04 PDT,poirot.alex,Assignee,poirot.alex,nobody
2011-03-31 11:15:46 PDT,myk,Hardware,All,x86
2011-03-31 11:15:46 PDT,myk,OS,All,Mac OS X
2011-03-31 11:15:46 PDT,myk,Priority,P2,--
2011-03-31 11:15:46 PDT,myk,CC,myk,
2011-03-31 11:15:46 PDT,myk,Target Milestone,1.0,---
2011-05-09 02:59:44 PDT,poirot.alex,Status,RESOLVED,NEW
2011-05-09 02:59:44 PDT,poirot.alex,Resolution,FIXED,---
2011-05-09 02:59:44 PDT,poirot.alex,Last Resolved,2011-05-09 02:59:44,
