When,Who,What,Added,Removed
2010-11-11 13:26:07 PST,dtownsend,Whiteboard,[good first bug],
2010-11-11 13:26:07 PST,dtownsend,blocking2.0,final+,---
2010-11-16 02:49:18 PST,paul,Assignee,paulbooker,nobody
2010-11-16 02:49:18 PST,paul,CC,paulbooker,
2010-11-16 13:37:33 PST,hskupin,CC,hskupin,
2010-11-19 15:24:02 PST,dtownsend,CC,david.ascher,
2010-11-22 14:10:14 PST,xtc4uall,CC,bolterbugz,
2010-12-17 01:10:39 PST,paul,Assignee,nobody,paulbooker
2010-12-17 08:50:15 PST,dtownsend,Assignee,ddahl,nobody
2010-12-25 18:58:41 PST,erikvvold,CC,erikvvold,
2011-01-03 08:23:19 PST,dietrich,Assignee,nobody,ddahl
2011-01-03 08:23:19 PST,dietrich,CC,dietrich,
2011-01-05 14:29:43 PST,mars.martian+bugmail,CC,mars.martian+bugmail,
2011-01-05 15:44:17 PST,mars.martian+bugmail,Status,ASSIGNED,NEW
2011-01-05 15:44:17 PST,mars.martian+bugmail,Assignee,mars.martian+bugmail,nobody
2011-01-05 15:44:17 PST,mars.martian+bugmail,Attachment #501498                Flags,review?(dtownsend),
2011-01-05 15:46:24 PST,hskupin,Attachment #501498                Attachment mime type,text/plain,application/octet-stream
2011-01-05 15:46:24 PST,hskupin,Attachment #501498                Attachment is patch,1,0
2011-01-05 16:27:30 PST,dtownsend,Attachment #501498                Flags,review-,review?(dtownsend)
2011-01-06 12:59:52 PST,mars.martian+bugmail,Attachment #501498                Attachment is obsolete,1,0
2011-01-06 12:59:52 PST,mars.martian+bugmail,Attachment #501781                Flags,review?(dtownsend),
2011-01-06 18:57:19 PST,mars.martian+bugmail,Attachment #501781                Flags,,review?(dtownsend)
2011-01-08 09:05:23 PST,mars.martian+bugmail,Attachment #501781                Attachment is obsolete,1,0
2011-01-08 09:05:23 PST,mars.martian+bugmail,Attachment #502253                Flags,review?(dtownsend),
2011-01-10 11:03:56 PST,dtownsend,Attachment #502253                Flags,review+,review?(dtownsend)
2011-01-11 10:24:04 PST,bugzilla,Whiteboard,[good first bug][hard blocker],[good first bug]
2011-01-11 10:24:04 PST,bugzilla,CC,johnath,
2011-01-11 11:37:29 PST,mars.martian+bugmail,Status,RESOLVED,ASSIGNED
2011-01-11 11:37:29 PST,mars.martian+bugmail,Resolution,FIXED,---
2011-01-11 11:37:29 PST,mars.martian+bugmail,Target Milestone,mozilla2.0b10,---
2011-01-11 11:37:29 PST,mars.martian+bugmail,Flags,in-testsuite+,
2011-01-11 11:37:29 PST,mars.martian+bugmail,Last Resolved,2011-01-11 11:37:29,
2011-01-11 11:37:29 PST,mars.martian+bugmail,Whiteboard,[hard blocker],[good first bug][hard blocker]
2011-01-11 11:47:20 PST,hskupin,Flags,in-litmus-,
2011-01-11 21:22:35 PST,dtownsend,Whiteboard,[hardblocker],[hard blocker]
2011-01-20 10:37:18 PST,hskupin,Status,VERIFIED,RESOLVED
