When,Who,What,Added,Removed
2010-11-11 15:05:07 PST,dustin,Status,ASSIGNED,NEW
2010-11-11 15:05:07 PST,dustin,Assignee,dustin,nobody
2010-11-11 15:05:07 PST,dustin,CC,dustin,
2010-11-17 14:37:49 PST,dustin,Assignee,nobody,dustin
2011-01-08 05:45:41 PST,coop,Status,NEW,ASSIGNED
2011-02-01 10:36:03 PST,escapewindow+mozbugs,CC,aki,
2011-02-01 10:36:03 PST,escapewindow+mozbugs,Whiteboard,[buildslaves][slaveduty],[buildslaves][buildduty]
2011-02-01 15:24:30 PST,coop,Assignee,coop,nobody
2011-02-02 07:46:42 PST,coop,Status,ASSIGNED,NEW
2011-02-02 07:46:42 PST,coop,Priority,P2,P3
2011-02-04 09:29:53 PST,coop,Status,RESOLVED,ASSIGNED
2011-02-04 09:29:53 PST,coop,Resolution,FIXED,---
2011-02-04 09:29:53 PST,coop,Last Resolved,2011-02-04 09:29:53,
2013-08-12 21:54:08 PDT,nobody,Product,Release Engineering,mozilla.org
