When,Who,What,Added,Removed
2010-11-11 11:40:33 PST,kristyjmoore,CC,kristyjmoore,
2010-11-11 11:53:27 PST,buchanae+bugs,URL,http://www.mozilla.com/en-US/firefox/beta/,http://www.mozilla.com/en-US/firefox/beta/ then it redirects to http://mozilla.mirrors.easynews.com/mozilla//firefox/releases/4.0b7/mac/en-US/Firefox%204.0%20Beta%207.dmg
2010-11-11 11:53:27 PST,buchanae+bugs,CC,abuchanan,
2010-11-11 15:30:00 PST,buchanae+bugs,CC,clegnitto,
2010-11-11 15:51:06 PST,christian,Status,NEW,UNCONFIRMED
2010-11-11 15:51:06 PST,christian,Ever confirmed,1,0
2010-11-11 15:53:56 PST,christian,Summary,http://mozilla.mirrors.easynews.com doesn't seem to have Firefox 4.0 Beta 7,Firefox 4.0 Beta 7 NOT AVAILABLE for Mac OS X
2010-11-11 16:09:41 PST,christian,Product,mozilla.org,Websites
2010-11-11 16:09:41 PST,christian,Version,other,unspecified
2010-11-11 16:09:41 PST,christian,Component,Server Operations,www.mozilla.com
2010-11-11 16:09:41 PST,christian,Assignee,server-ops,nobody
2010-11-11 16:09:41 PST,christian,QA Contact,mrz,www-mozilla-com
2010-11-11 16:09:58 PST,christian,Severity,blocker,major
2010-11-11 16:10:47 PST,christian,Summary,http://mozilla.mirrors.easynews.com doesn't seem to have Firefox 4.0 Beta 7, remove it from the mirror/bouncer list,http://mozilla.mirrors.easynews.com doesn't seem to have Firefox 4.0 Beta 7
2010-11-11 16:13:36 PST,phong,Assignee,phong,server-ops
2010-11-11 16:13:36 PST,phong,CC,phong,
2010-11-11 16:15:08 PST,phong,Resolution,FIXED,---
2010-11-11 16:15:08 PST,phong,Last Resolved,2010-11-11 16:15:08,
2010-11-11 16:15:08 PST,phong,Status,RESOLVED,NEW
2015-03-12 08:17:16 PDT,nobody,Product,mozilla.org Graveyard,mozilla.org
