When,Who,What,Added,Removed
2011-03-31 11:16:56 PDT,myk,Hardware,All,x86
2011-03-31 11:16:56 PDT,myk,OS,All,Mac OS X
2011-03-31 11:16:56 PDT,myk,Priority,P3,--
2011-03-31 11:16:56 PDT,myk,CC,myk,
2011-03-31 11:16:56 PDT,myk,Target Milestone,Future,---
2011-08-17 14:24:04 PDT,wkocher,Whiteboard,[triage:followup],
2011-08-17 14:24:04 PDT,wkocher,CC,kwierso, warner-bugzilla,
2011-08-18 14:03:30 PDT,warner-bugzilla,Assignee,warner-bugzilla,nobody
2011-08-18 15:29:45 PDT,warner-bugzilla,Attachment #554226                Flags,review?(rFobic),
2011-08-19 03:44:01 PDT,rFobic,Attachment #554226                Flags,review+,review?(rFobic)
2011-08-19 11:06:17 PDT,warner-bugzilla,Status,RESOLVED,NEW
2011-08-19 11:06:17 PDT,warner-bugzilla,Resolution,FIXED,---
2011-08-19 11:06:17 PDT,warner-bugzilla,Last Resolved,2011-08-19 11:06:17,
2011-09-29 12:22:15 PDT,wkocher,Whiteboard,,[triage:followup]
