When,Who,What,Added,Removed
2010-11-11 15:58:48 PST,ilikepi+moz,CC,ilikepi+moz,
2010-11-12 09:03:09 PST,mozbugs.retornam,OS,Windows 7,Mac OS X
2010-11-12 09:03:09 PST,mozbugs.retornam,CC,mozbugs.retornam,
2010-11-12 12:01:52 PST,kev,CC,kev,
2010-11-12 12:01:52 PST,kev,Status,ASSIGNED,NEW
2010-11-12 12:01:52 PST,kev,Assignee,kev,nobody
2010-12-14 10:01:54 PST,kev,Keywords,qawanted,
2010-12-14 15:59:53 PST,stephen.donner,Keywords,,qawanted
2011-06-08 10:51:27 PDT,kev,Status,RESOLVED,ASSIGNED
2011-06-08 10:51:27 PDT,kev,Resolution,FIXED,---
2011-06-08 10:51:27 PDT,kev,Last Resolved,2011-06-08 10:51:27,
