When,Who,What,Added,Removed
2010-11-11 11:59:43 PST,ayanshah62,CC,ayanshah62, tchung,
2011-01-11 10:25:20 PST,wclouser,Product,addons.mozilla.org,Mozilla Labs
2011-01-11 10:25:20 PST,wclouser,Component,Add-on Builder,FlightDeck
2011-01-11 10:28:27 PST,wclouser,QA Contact,add-on-builder,flightdeck
2011-03-07 10:30:31 PST,dbuchner,Status,RESOLVED,NEW
2011-03-07 10:30:31 PST,dbuchner,Resolution,FIXED,---
2011-03-07 10:30:31 PST,dbuchner,CC,dbuchner,
2011-03-07 10:30:31 PST,dbuchner,Last Resolved,2011-03-07 10:30:31,
2014-09-24 06:39:12 PDT,nobody,Product,addons.mozilla.org Graveyard,addons.mozilla.org
