When,Who,What,Added,Removed
2010-12-07 05:29:36 PST,pzalewa,CC,zaloon,
2010-12-09 10:01:59 PST,mozilla,Severity,enhancement,normal
2010-12-09 10:01:59 PST,mozilla,Priority,P4,P1
2010-12-09 10:01:59 PST,mozilla,Assignee,nobody,dd
2010-12-09 10:01:59 PST,mozilla,Target Milestone,--,0.7
2011-01-11 10:25:20 PST,wclouser,Product,addons.mozilla.org,Mozilla Labs
2011-01-11 10:25:20 PST,wclouser,Component,Add-on Builder,FlightDeck
2011-01-11 10:28:27 PST,wclouser,QA Contact,add-on-builder,flightdeck
2011-06-02 23:03:41 PDT,wclouser,Status,RESOLVED,NEW
2011-06-02 23:03:41 PDT,wclouser,Resolution,FIXED,---
2011-06-02 23:03:41 PDT,wclouser,Last Resolved,2011-06-02 23:03:41,
2014-09-24 06:39:12 PDT,nobody,Product,addons.mozilla.org Graveyard,addons.mozilla.org
