When,Who,What,Added,Removed
2010-11-12 10:16:49 PST,fwenzel,Priority,P2,--
2010-11-12 10:16:49 PST,fwenzel,Assignee,fwenzel,nobody
2010-11-12 10:16:49 PST,fwenzel,CC,fwenzel,
2010-11-12 10:16:49 PST,fwenzel,Target Milestone,2.0,---
2010-11-12 10:21:16 PST,fwenzel,Status,RESOLVED,NEW
2010-11-12 10:21:16 PST,fwenzel,Resolution,FIXED,---
2010-11-12 10:21:16 PST,fwenzel,Last Resolved,2010-11-12 10:21:16,
2010-11-12 12:56:59 PST,stephen.donner,Status,VERIFIED,RESOLVED
2011-06-23 09:29:15 PDT,nobody,Product,Input,Webtools
2011-06-23 09:29:15 PDT,nobody,Component,General,Input
