When,Who,What,Added,Removed
2010-11-11 11:40:54 PST,mozbugs.retornam,CC,craigcook.bugz,
2010-11-11 11:40:54 PST,mozbugs.retornam,OS,Windows 7,Mac OS X
2010-11-11 11:41:15 PST,mozbugs.retornam,CC,jay, ozten.bugs,
2010-11-11 11:41:58 PST,mozbugs.retornam,URL,http://developer-stage9.mozilla.org/en/HTML/,
2010-11-11 11:41:58 PST,mozbugs.retornam,Target Milestone,0.9.2,---
2010-11-11 12:10:48 PST,craigcook.bugz,Keywords,qawanted,
2010-11-11 14:56:04 PST,mozbugs.retornam,Keywords,,qawanted
2010-11-16 08:56:37 PST,ozten.bugs,Status,RESOLVED,NEW
2010-11-16 08:56:37 PST,ozten.bugs,Resolution,FIXED,---
2010-11-16 08:56:37 PST,ozten.bugs,Last Resolved,2010-11-16 08:56:37,
2010-11-16 16:29:03 PST,mozbugs.retornam,Status,VERIFIED,RESOLVED
2012-09-18 23:12:39 PDT,nobody,Version,unspecified,MDN
2012-09-18 23:13:49 PDT,nobody,Product,Mozilla Developer Network,Mozilla Developer Network
2012-09-18 23:13:49 PDT,nobody,Component,Landing pages,Website
