When,Who,What,Added,Removed
2010-11-11 15:33:33 PST,joe,blocking2.0,beta8+,---
2010-11-11 20:36:32 PST,philringnalda,Keywords,dogfood,
2010-11-11 20:36:32 PST,philringnalda,CC,philringnalda,
2010-11-11 20:37:06 PST,joe,Attachment #490028                Flags,review?(jmuizelaar),
2010-11-11 20:44:06 PST,joe,Keywords,regression,
2010-11-11 20:44:06 PST,joe,Whiteboard,[review needed jeff],
2010-11-12 03:40:34 PST,grenavitar,CC,grenavitar,
2010-11-12 07:47:39 PST,anthony,CC,anthony,
2010-11-12 09:11:46 PST,highmind63,CC,highmind63,
2010-11-12 09:33:42 PST,mwu,CC,mwu,
2010-11-12 11:05:52 PST,joe,CC,danne.da,
2010-11-12 11:13:14 PST,jmuizelaar,Attachment #490028                Flags,review+,review?(jmuizelaar)
2010-11-12 11:57:00 PST,gavin.sharp,CC,gavin.sharp,
2010-11-12 11:57:00 PST,gavin.sharp,Summary,Overdrawing/not clearing when scrolling sites,Overdrawing/not clearing when scrolling sites with transparency
2010-11-12 12:00:57 PST,bent.mozilla,CC,bent.mozilla,
2010-11-12 12:02:27 PST,ehsan,CC,ehsan,
2010-11-12 13:51:43 PST,joe,Whiteboard,,[review needed jeff]
2010-11-12 13:52:41 PST,joe,Attachment #490227                Flags,review?(jmuizelaar),
2010-11-12 13:57:40 PST,jmuizelaar,Attachment #490227                Flags,review+,review?(jmuizelaar)
2010-11-12 15:36:30 PST,joe,Status,RESOLVED,NEW
2010-11-12 15:36:30 PST,joe,Resolution,FIXED,---
2010-11-12 15:36:30 PST,joe,Last Resolved,2010-11-12 15:36:30,
