When,Who,What,Added,Removed
2010-11-18 22:56:02 PST,reed,CC,reed,
2012-12-06 22:26:47 PST,wtc,Target Milestone,3.14.2,---
2012-12-06 22:26:47 PST,wtc,Priority,P2,--
2012-12-06 22:26:47 PST,wtc,Status,ASSIGNED,NEW
2012-12-06 22:26:47 PST,wtc,CC,rrelyea, wtc,
2012-12-06 22:26:47 PST,wtc,Assignee,wtc,nobody
2012-12-06 22:30:24 PST,wtc,Attachment #689571                Flags,review?(bsmith), superreview?(kaie),
2012-12-06 22:30:24 PST,wtc,CC,bsmith, kaie,
2012-12-07 01:59:26 PST,brian,Attachment #689571                Flags,review+,review?(bsmith)
2012-12-07 08:34:58 PST,wtc,Attachment #689571                Flags,superreview?(mark),superreview?(kaie)
2012-12-07 08:34:58 PST,wtc,CC,mark,
2012-12-07 10:12:05 PST,rrelyea,Attachment #689571                Flags,review+,
2012-12-07 21:44:25 PST,wtc,Last Resolved,2012-12-07 21:44:25,
2012-12-07 21:44:25 PST,wtc,Status,RESOLVED,ASSIGNED
2012-12-07 21:44:25 PST,wtc,Resolution,FIXED,---
2012-12-07 21:44:25 PST,wtc,Target Milestone,3.14.1,3.14.2
2012-12-07 21:44:25 PST,wtc,Severity,normal,minor
2012-12-16 10:25:55 PST,mark,Attachment #689571                Flags,superreview+,superreview?(mark)
