When,Who,What,Added,Removed
2010-11-11 12:22:35 PST,mstange,Attachment #489884                Flags,review?(arpad.borsos),
2010-11-12 04:04:24 PST,arpad.borsos,Attachment #489884                Flags,review+,review?(arpad.borsos)
2010-12-15 11:49:18 PST,mstange,Status,RESOLVED,ASSIGNED
2010-12-15 11:49:18 PST,mstange,Resolution,FIXED,---
2010-12-15 11:49:18 PST,mstange,Last Resolved,2010-12-15 11:49:18,
2014-10-10 09:14:15 PDT,nobody,Product,Tree Management,Webtools
2015-04-13 15:57:33 PDT,nobody,Product,Tree Management Graveyard,Tree Management
