When,Who,What,Added,Removed
2010-11-11 12:30:01 PST,mstange,Attachment #489887                Flags,review?(arpad.borsos),
2010-11-12 04:11:06 PST,arpad.borsos,Attachment #489887                Flags,review+,review?(arpad.borsos)
2010-11-12 05:55:32 PST,mstange,Last Resolved,2010-11-12 05:55:32,
2010-11-12 05:55:32 PST,mstange,Status,RESOLVED,ASSIGNED
2010-11-12 05:55:32 PST,mstange,Resolution,FIXED,---
2014-10-10 09:14:15 PDT,nobody,Product,Tree Management,Webtools
2015-04-13 15:57:33 PDT,nobody,Product,Tree Management Graveyard,Tree Management
