When,Who,What,Added,Removed
2010-11-12 10:03:29 PST,philip.chee,CC,kairo, philip.chee,
2010-11-12 10:07:36 PST,philip.chee,Blocks,570004,
2010-11-12 20:26:44 PST,philip.chee,Blocks,,570004
2010-11-13 10:18:59 PST,kairo,Status,RESOLVED,UNCONFIRMED
2010-11-13 10:18:59 PST,kairo,Resolution,WORKSFORME,---
2010-11-13 10:18:59 PST,kairo,Last Resolved,2010-11-13 10:18:59,
2010-11-13 12:50:57 PST,kairo,Product,Mozilla Localizations,SeaMonkey
2010-11-13 12:50:57 PST,kairo,Hardware,All,x86
2010-11-13 12:50:57 PST,kairo,OS,All,Windows XP
2010-11-13 12:50:57 PST,kairo,Status,REOPENED,RESOLVED
2010-11-13 12:50:57 PST,kairo,Resolution,---,WORKSFORME
2010-11-13 12:50:57 PST,kairo,Component,de / German,General
2010-11-13 12:50:57 PST,kairo,QA Contact,german.de,general
2010-11-13 12:50:57 PST,kairo,Ever confirmed,1,0
2010-11-13 12:50:57 PST,kairo,Summary,German dictionaries get installed as packaged add-ons but that doesn't work,German (de_*) spellcheck not recognized, re_*, en_*, es_* work
2010-11-16 22:38:26 PST,stefanehaas,Status,RESOLVED,REOPENED
2010-11-16 22:38:26 PST,stefanehaas,Resolution,WORKSFORME,---
2010-11-16 22:38:26 PST,stefanehaas,Last Resolved,2010-11-16 22:38:26,2010-11-13 10:18:59
2010-11-17 05:46:47 PST,kairo,Status,REOPENED,RESOLVED
2010-11-17 05:46:47 PST,kairo,Resolution,---,WORKSFORME
2010-11-17 05:49:10 PST,kairo,Assignee,kairo,nobody
2010-11-17 05:49:10 PST,kairo,Status,ASSIGNED,REOPENED
2010-11-17 10:14:11 PST,kairo,Status,RESOLVED,ASSIGNED
2010-11-17 10:14:11 PST,kairo,Resolution,FIXED,---
2010-11-17 10:14:11 PST,kairo,Last Resolved,2010-11-17 10:14:11,2010-11-16 22:38:26
