When,Who,What,Added,Removed
2010-11-11 23:08:20 PST,lhansen,CC,awelc,
2010-11-17 10:48:32 PST,stejohns,CC,stejohns,
2010-11-17 11:10:46 PST,edwsmith,CC,edwsmith,
2010-11-18 00:04:26 PST,lhansen,Attachment #491316                Attachment is obsolete,1,0
2010-11-18 00:07:58 PST,lhansen,Blocks,613140,
2010-11-30 00:48:24 PST,lhansen,Attachment #491462                Attachment is obsolete,1,0
2010-11-30 01:26:39 PST,virgilp,Blocks,615489,
2010-12-01 07:46:14 PST,virgilp,Blocks,615871,
2011-01-17 06:27:31 PST,virgilp,Blocks,626402,
2011-01-18 09:48:29 PST,virgilp,Attachment #493926                Attachment is obsolete,1,0
2011-01-18 09:48:29 PST,virgilp,Attachment #504758                Flags,review?(lhansen),
2011-01-21 06:25:27 PST,lhansen,Attachment #504758                Flags,review+,review?(lhansen)
2011-01-24 07:53:32 PST,lhansen,Attachment #491312                Attachment is obsolete,1,0
2011-01-24 15:54:36 PST,wmaddox,CC,wmaddox,
2011-01-25 00:42:49 PST,lhansen,CC,brbaker,
2011-03-28 06:48:19 PDT,edwsmith,Depends on,645677,
2011-04-01 08:40:00 PDT,emanuel.hoogeveen,CC,emanuel.hoogeveen,
2011-06-29 07:34:29 PDT,lhansen,Status,RESOLVED,NEW
2011-06-29 07:34:29 PDT,lhansen,Resolution,FIXED,---
2011-06-29 07:34:29 PDT,lhansen,Last Resolved,2011-06-29 07:34:29,
2011-10-25 11:40:34 PDT,brbaker,Status,VERIFIED,RESOLVED
