When,Who,What,Added,Removed
2010-11-12 07:33:20 PST,lmesa,Assignee,jgrlicky,nobody
2010-11-12 07:33:20 PST,lmesa,CC,abuchanan, lmesa, mozbugs.retornam, steven,
2010-11-12 07:33:20 PST,lmesa,Target Milestone,4.0,---
2010-11-12 07:33:20 PST,lmesa,Ever confirmed,1,0
2010-11-12 07:33:20 PST,lmesa,Status,NEW,UNCONFIRMED
2010-11-12 07:33:20 PST,lmesa,Priority,P1,--
2010-11-12 11:07:15 PST,asa,CC,asa,
2010-11-16 15:33:55 PST,buchanae+bugs,Whiteboard,[ms-11/18],
2010-11-16 15:33:55 PST,buchanae+bugs,Assignee,abuchanan,jgrlicky
2010-11-17 09:05:58 PST,maxheadwound+bugs,Attachment #491209                Attachment is obsolete,1,0
2010-11-17 11:47:33 PST,lmesa,Blocks,612948,
2010-11-17 16:08:14 PST,buchanae+bugs,Keywords,qawanted,
2010-11-18 15:21:13 PST,mozbugs.retornam,Keywords,,qawanted
2010-11-19 13:56:44 PST,buchanae+bugs,Status,RESOLVED,NEW
2010-11-19 13:56:44 PST,buchanae+bugs,Resolution,FIXED,---
2010-11-19 13:56:44 PST,buchanae+bugs,Last Resolved,2010-11-19 13:56:44,
2010-11-19 15:36:29 PST,mozbugs.retornam,Status,VERIFIED,RESOLVED
2012-04-23 08:15:30 PDT,nobody,Product,Websites,Websites
2012-04-23 08:15:30 PDT,nobody,Component,www.mozilla.org,www.mozilla.org/firefox
2012-08-23 00:16:07 PDT,nobody,Product,www.mozilla.org,Websites
2012-08-23 00:16:07 PDT,nobody,Component,General,www.mozilla.org
