When,Who,What,Added,Removed
2010-11-11 16:43:08 PST,me+bugzilla,Summary,Add new candystripers,Add new candystriper to the Couldn't find what you were looking for? block
2010-11-11 16:43:08 PST,me+bugzilla,Assignee,rrosario,nobody
2010-11-11 16:43:08 PST,me+bugzilla,CC,james,
2010-11-11 16:44:14 PST,me+bugzilla,Depends on,607983,
2010-11-12 09:39:22 PST,rrosario,Status,RESOLVED,NEW
2010-11-12 09:39:22 PST,rrosario,Resolution,FIXED,---
2010-11-12 09:39:22 PST,rrosario,Last Resolved,2010-11-12 09:39:22,
2010-11-12 10:09:19 PST,rbillings,Status,VERIFIED,RESOLVED
2010-11-12 10:09:19 PST,rbillings,CC,rbillings,
