When,Who,What,Added,Removed
2010-11-11 19:32:14 PST,hskupin,URL,http://mozmill-release.brasstacks.mozilla.com/#/general/failure?test=firefox%2FrestartTests%2FtestMasterPassword%2Ftest1.js&func=testRemoveMasterPassword,http://mozmill-release.brasstacks.mozilla.com/#/general/report/145baac44c85147ec4c6141ae73fff8a
2010-11-17 15:26:51 PST,hskupin,CC,gmealer,
2010-11-18 06:54:13 PST,aaron.train,Depends on,613197,
2010-11-19 12:36:13 PST,hskupin,Component,Mozmill Tests,Mozmill Tests
2010-11-19 12:36:13 PST,hskupin,Product,Mozilla QA,Testing
2010-11-19 12:36:13 PST,hskupin,Version,unspecified,Trunk
2010-11-30 02:05:29 PST,hskupin,Status,RESOLVED,NEW
2010-11-30 02:05:29 PST,hskupin,Resolution,FIXED,---
2010-11-30 02:05:29 PST,hskupin,Assignee,hskupin,nobody
2010-11-30 02:05:29 PST,hskupin,Last Resolved,2010-11-30 02:05:29,
2011-02-03 07:16:56 PST,aaron.train,Resolution,---,FIXED
2011-02-03 07:16:56 PST,aaron.train,Status,REOPENED,RESOLVED
2011-02-03 07:21:21 PST,aaron.train,OS,Linux,All
2011-02-04 01:21:26 PST,hskupin,Status,ASSIGNED,REOPENED
2011-02-04 01:21:26 PST,hskupin,Assignee,aaron.train,hskupin
2011-02-09 17:06:30 PST,aaron.train,OS,Windows CE,Linux
2011-02-10 01:21:15 PST,hskupin,OS,Linux,Windows CE
2011-02-21 10:54:44 PST,hskupin,Depends on,635760,
2011-02-27 04:59:46 PST,hskupin,Depends on,637138,
2011-03-07 10:45:40 PST,hskupin,URL,http://mozmill-release.brasstacks.mozilla.com/#/general/failure?branch=All&platform=All&test=firefox%2FrestartTests%2FtestMasterPassword%2Ftest2.js&func=testInvokeMasterPassword,http://mozmill-release.brasstacks.mozilla.com/#/general/failure?test=firefox%2FrestartTests%2FtestMasterPassword%2Ftest1.js&func=testRemoveMasterPassword
2011-03-07 10:45:40 PST,hskupin,Assignee,hskupin,aaron.train
2011-03-08 03:34:29 PST,hskupin,CC,abillings,
2011-03-08 10:58:30 PST,aaron.train,Attachment #517806                Flags,review?(hskupin),
2011-03-08 13:29:18 PST,hskupin,Attachment #517806                Flags,review+,review?(hskupin)
2011-03-08 14:35:51 PST,aaron.train,Attachment #517806                Attachment description,Patch v1 - (default) [disable test2.js][checked-in],Patch v1 - (default) [disable test2.js]
2011-03-25 16:11:15 PDT,raul.malea,CC,raul.malea,
2011-08-18 10:06:06 PDT,anthony.s.hughes,Status,NEW,ASSIGNED
2011-08-18 10:06:06 PDT,anthony.s.hughes,Assignee,nobody,hskupin
2011-12-13 15:28:07 PST,anthony.s.hughes,Depends on,599502,
2011-12-13 15:29:12 PST,anthony.s.hughes,Depends on,,599502
2011-12-13 15:29:38 PST,anthony.s.hughes,Depends on,599502,
2012-02-07 00:35:16 PST,vlad.mozbugs,Status,ASSIGNED,NEW
2012-02-07 00:35:16 PST,vlad.mozbugs,Assignee,vlad.mozbugs,nobody
2012-02-07 00:35:16 PST,vlad.mozbugs,CC,vlad.mozbugs,
2012-07-05 00:41:16 PDT,hskupin,CC,remus.pop,
2012-08-14 06:36:53 PDT,hskupin,Priority,P1,--
2012-08-20 05:53:01 PDT,matei.andreea89,CC,andreea.matei,
2012-08-20 05:55:19 PDT,vlad.mozbugs,Assignee,andreea.matei,vlad.mozbugs
2012-08-21 07:49:55 PDT,dave.hunt,CC,dave.hunt,
2012-09-24 03:39:40 PDT,hskupin,Status,NEW,ASSIGNED
2012-09-24 03:39:40 PDT,hskupin,Assignee,nobody,andreea.matei
2012-11-25 21:47:04 PST,hskupin,Summary,'Application disconnected' failure in restartTests/TestMasterPassword/test.2,Disconnect error in restart test module testMasterPassword
2012-11-25 21:47:04 PST,hskupin,Whiteboard,[mozmill-test-failure][mozmill-test-skipped] s=121126 u=failure c=preferences p=1,[mozmill-test-failure]
2012-11-26 03:06:54 PST,matei.andreea89,Status,ASSIGNED,NEW
2012-11-26 03:06:54 PST,matei.andreea89,Assignee,andreea.matei,nobody
2013-02-07 07:21:18 PST,daniela.p98911,Assignee,dpetrovici,andreea.matei
2013-02-07 07:21:18 PST,daniela.p98911,CC,dpetrovici,
2013-02-07 07:22:13 PST,daniela.p98911,Attachment #654241                Attachment is obsolete,1,0
2013-02-07 07:26:55 PST,daniela.p98911,Flags,needinfo?(hskupin),
2013-02-13 07:09:16 PST,dave.hunt,Flags,,needinfo?(hskupin)
2013-02-14 02:38:36 PST,daniela.p98911,Attachment #711331                Attachment is obsolete,1,0
2013-02-14 02:38:36 PST,daniela.p98911,Attachment #711334                Attachment is obsolete,1,0
2013-02-14 02:38:36 PST,daniela.p98911,Flags,needinfo?(dave.hunt),
2013-02-14 04:31:23 PST,dave.hunt,Flags,,needinfo?(dave.hunt)
2013-02-15 06:03:11 PST,daniela.p98911,Attachment #713842                Attachment is obsolete,1,0
2013-02-15 06:03:11 PST,daniela.p98911,Attachment #713843                Attachment is obsolete,1,0
2013-02-15 06:03:11 PST,daniela.p98911,Attachment #713844                Attachment is obsolete,1,0
2013-02-22 03:07:50 PST,daniela.p98911,Attachment #711337                Attachment is obsolete,1,0
2013-02-22 03:07:50 PST,daniela.p98911,Attachment #714344                Attachment is obsolete,1,0
2013-02-22 03:07:50 PST,daniela.p98911,Attachment #714356                Attachment is obsolete,1,0
2013-02-22 03:07:50 PST,daniela.p98911,Attachment #714357                Attachment is obsolete,1,0
2013-02-22 03:07:50 PST,daniela.p98911,Attachment #715484                Attachment is obsolete,1,0
2013-02-22 03:07:50 PST,daniela.p98911,Attachment #717031                Flags,review?(andreea.matei), review?(hskupin),
2013-02-22 03:14:13 PST,hskupin,Depends on,803492,
2013-02-22 04:04:56 PST,daniela.p98911,Attachment #717031                Attachment is obsolete,1,0
2013-02-22 04:04:56 PST,daniela.p98911,Attachment #717031                Flags,,review?(andreea.matei), review?(hskupin)
2013-02-22 04:04:56 PST,daniela.p98911,Attachment #717056                Flags,review?(hskupin), review?(andreea.matei),
2013-02-22 05:33:42 PST,matei.andreea89,Attachment #717056                Flags,review-,review?(hskupin), review?(andreea.matei)
2013-02-22 05:39:07 PST,daniela.p98911,Attachment #717056                Attachment is obsolete,1,0
2013-02-22 05:39:07 PST,daniela.p98911,Attachment #717093                Flags,review?(andreea.matei),
2013-02-22 05:54:57 PST,matei.andreea89,Attachment #717093                Flags,review+,review?(andreea.matei)
2013-02-22 05:56:22 PST,matei.andreea89,status-firefox22,fixed,---
2013-02-25 08:17:18 PST,matei.andreea89,Last Resolved,2013-02-25 08:17:18,2010-11-30 02:05:29
2013-02-25 08:17:18 PST,matei.andreea89,Status,RESOLVED,ASSIGNED
2013-02-25 08:17:18 PST,matei.andreea89,status-firefox20,fixed,---
2013-02-25 08:17:18 PST,matei.andreea89,Resolution,FIXED,---
2013-02-25 08:17:18 PST,matei.andreea89,status-firefox-esr17,fixed,---
2013-02-25 08:17:18 PST,matei.andreea89,status-firefox21,fixed,---
2013-02-25 08:17:18 PST,matei.andreea89,status-firefox19,fixed,---
2013-02-25 09:43:38 PST,hskupin,Whiteboard,[mozmill-test-failure] s=121126 u=failure c=preferences p=1,[mozmill-test-failure][mozmill-test-skipped] s=121126 u=failure c=preferences p=1
