When,Who,What,Added,Removed
2010-11-11 15:39:51 PST,mozaakash,Priority,P2,--
2010-11-11 15:39:51 PST,mozaakash,CC,mozaakash,
2010-11-11 15:39:51 PST,mozaakash,Target Milestone,2.0,---
2010-11-12 15:18:57 PST,fwenzel,Assignee,fwenzel,nobody
2010-11-12 15:18:57 PST,fwenzel,CC,fwenzel,
2010-11-12 15:23:17 PST,fwenzel,Resolution,FIXED,---
2010-11-12 15:23:17 PST,fwenzel,Severity,minor,major
2010-11-12 15:23:17 PST,fwenzel,Last Resolved,2010-11-12 15:23:17,
2010-11-12 15:23:17 PST,fwenzel,Status,RESOLVED,NEW
2010-11-12 15:35:13 PST,stephen.donner,Status,VERIFIED,RESOLVED
2011-06-23 09:29:15 PDT,nobody,Product,Input,Webtools
2011-06-23 09:29:15 PDT,nobody,Component,General,Input
