When,Who,What,Added,Removed
2010-11-12 13:30:05 PST,dangoor,Blocks,593956,
2010-11-20 21:02:04 PST,antoine.mozilla,CC,geekshadow,
2010-11-22 11:37:30 PST,dangoor,Priority,P2,--
2010-11-22 11:58:40 PST,highmind63,CC,highmind63,
2010-11-30 16:45:45 PST,pwalton,Whiteboard,[strings],
2010-11-30 16:52:55 PST,pwalton,Whiteboard,,[strings]
2010-12-02 15:36:38 PST,pwalton,Attachment #494856                Flags,feedback?(mihai.sucan),
2010-12-02 15:38:16 PST,pwalton,Attachment #494856                Attachment is obsolete,1,0
2010-12-02 15:38:16 PST,pwalton,Attachment #494858                Flags,feedback?(mihai.sucan),
2010-12-02 15:38:16 PST,pwalton,Attachment #494856                Flags,,feedback?(mihai.sucan)
2010-12-03 06:43:54 PST,rcampbell,CC,rcampbell,
2010-12-03 09:48:02 PST,mihai.sucan,Attachment #494858                Flags,feedback+,feedback?(mihai.sucan)
2010-12-03 09:48:43 PST,mihai.sucan,CC,mihai.sucan,
2010-12-12 15:06:37 PST,pwalton,Attachment #494858                Attachment is obsolete,1,0
2010-12-12 15:06:37 PST,pwalton,Attachment #497192                Flags,review?(dolske),
2010-12-15 11:33:18 PST,xtc4uall,CC,xtc4uall,
2011-01-11 12:24:53 PST,dolske,Attachment #497192                Flags,feedback+,review?(dolske)
2011-01-11 12:25:23 PST,pwalton,Attachment #497192                Flags,feedback?(mihai.sucan),
2011-01-12 03:25:13 PST,mihai.sucan,Depends on,605621,
2011-01-12 04:03:10 PST,mihai.sucan,Attachment #497192                Flags,feedback-,feedback?(mihai.sucan)
2011-01-13 20:55:43 PST,fullmetaljacket.xp+bugmail,CC,fullmetaljacket.xp+bugmail,
2011-01-19 16:43:54 PST,pwalton,Attachment #497192                Attachment is obsolete,1,0
2011-01-19 16:43:54 PST,pwalton,Attachment #505277                Flags,feedback?(mihai.sucan),
2011-01-20 06:57:01 PST,mihai.sucan,Attachment #505277                Flags,feedback+,feedback?(mihai.sucan)
2011-01-20 07:49:38 PST,dangoor,Attachment #505277                Flags,review?(dolske), approval2.0?,
2011-01-21 14:58:30 PST,rcampbell,Blocks,611795,
2011-01-21 15:06:32 PST,dolske,Attachment #505277                Flags,review+, approval2.0+,review?(dolske), approval2.0?
2011-01-24 08:07:17 PST,rcampbell,Attachment #505277                Attachment description,[checked-in] Proposed patch, version 4: Code changes.,Proposed patch, version 4: Code changes.
2011-01-24 08:07:28 PST,rcampbell,Status,RESOLVED,ASSIGNED
2011-01-24 08:07:28 PST,rcampbell,Resolution,FIXED,---
2011-01-24 08:07:28 PST,rcampbell,Last Resolved,2011-01-24 08:07:28,
2011-02-06 16:04:40 PST,mcdavis941.bugs,CC,mcdavis941.bugs,
2011-02-07 01:02:19 PST,vlad.mozbugs,CC,vlad.maniac,
2011-02-07 01:02:19 PST,vlad.mozbugs,Status,VERIFIED,RESOLVED
