When,Who,What,Added,Removed
2010-11-12 10:16:29 PST,bzbarsky,Status,NEW,UNCONFIRMED
2010-11-12 10:16:29 PST,bzbarsky,CC,bzbarsky, jdaggett, jfkthame,
2010-11-12 10:16:29 PST,bzbarsky,Ever confirmed,1,0
2010-11-12 10:16:29 PST,bzbarsky,blocking2.0,?,---
2010-11-12 14:00:02 PST,ejh985,Status,RESOLVED,NEW
2010-11-12 14:00:02 PST,ejh985,Resolution,FIXED,---
2010-11-12 14:00:02 PST,ejh985,Last Resolved,2010-11-12 14:00:02,
2010-11-15 17:01:21 PST,roc,CC,roc,
2010-11-15 17:01:21 PST,roc,blocking2.0,final+,?
2011-01-20 00:13:35 PST,bugmail,Blocks,627300,
2011-01-20 01:46:15 PST,bugmail,Blocks,,627300
