When,Who,What,Added,Removed
2010-11-11 20:47:22 PST,blassey.bugs,CC,blassey.bugs,
2010-11-12 02:29:58 PST,dietrich,CC,dietrich,
2010-11-12 08:20:15 PST,mozaakash,Status,RESOLVED,NEW
2010-11-12 08:20:15 PST,mozaakash,Resolution,DUPLICATE,---
2010-11-12 08:20:15 PST,mozaakash,CC,mozaakash,
2010-11-12 08:20:15 PST,mozaakash,Last Resolved,2010-11-12 08:20:15,
2010-11-30 12:19:07 PST,mark.finkle,Status,REOPENED,RESOLVED
2010-11-30 12:19:07 PST,mark.finkle,Resolution,---,DUPLICATE
2010-11-30 12:19:07 PST,mark.finkle,CC,mark.finkle,
2010-11-30 12:19:07 PST,mark.finkle,tracking-fennec,2.0b4+,---
2010-12-01 14:30:03 PST,mark.finkle,Assignee,mbrubeck,nobody
2010-12-15 12:26:46 PST,madhava,CC,madhava,
2010-12-27 15:56:18 PST,mbrubeck,Attachment #499918                Flags,review?(mark.finkle),
2010-12-27 16:07:08 PST,mbrubeck,Whiteboard,[strings],
2010-12-27 16:07:08 PST,mbrubeck,Hardware,All,x86
2010-12-27 16:07:08 PST,mbrubeck,OS,All,Linux
2010-12-27 16:07:08 PST,mbrubeck,CC,mbrubeck,
2010-12-27 16:19:14 PST,mbrubeck,Attachment #499923                Flags,review?(mark.finkle),
2010-12-27 17:00:33 PST,mbrubeck,Attachment #499923                Flags,review?(21), review?(ben),
2010-12-27 17:00:44 PST,mbrubeck,Attachment #499918                Flags,review?(21), review?(ben),
2010-12-27 20:40:54 PST,mark.finkle,Attachment #499918                Flags,review+,review?(mark.finkle), review?(21), review?(ben)
2010-12-27 20:45:33 PST,mark.finkle,Attachment #499923                Flags,review+,review?(mark.finkle), review?(21), review?(ben)
2010-12-27 21:30:10 PST,mbrubeck,Resolution,FIXED,---
2010-12-27 21:30:10 PST,mbrubeck,Last Resolved,2010-12-27 21:30:10,2010-11-12 08:20:15
2010-12-27 21:30:10 PST,mbrubeck,Status,RESOLVED,REOPENED
2010-12-28 02:13:35 PST,steffen.wilberg,CC,steffen.wilberg,
2010-12-28 06:38:50 PST,mbrubeck,Depends on,621683,
2010-12-29 07:28:23 PST,mbrubeck,Depends on,621892,
2011-01-03 13:09:14 PST,mbrubeck,Depends on,622087,
2011-01-04 08:45:46 PST,mozaakash,Flags,in-litmus?,
2011-01-05 13:14:28 PST,mbrubeck,Depends on,623313,
2011-01-19 13:19:02 PST,mbrubeck,Depends on,627103,
2011-01-21 11:32:52 PST,mbrubeck,Depends on,623831,
2011-01-21 11:34:09 PST,mbrubeck,Depends on,623820,
2011-01-21 11:38:31 PST,mbrubeck,Depends on,627814,
2011-01-21 12:49:47 PST,mbrubeck,See Also,https://bugzilla.mozilla.org/show_bug.cgi?id=627842,
2011-01-26 10:04:02 PST,mbrubeck,Depends on,629038,
2011-01-27 07:21:43 PST,martijn.martijn,CC,martijn.martijn,
2011-03-09 10:17:12 PST,mbrubeck,Depends on,640217,
2011-03-14 09:10:08 PDT,mbrubeck,Depends on,641075,
2011-03-16 01:57:25 PDT,andreea.pod,Status,VERIFIED,RESOLVED
2011-03-16 01:57:25 PDT,andreea.pod,CC,andreea.pod,
2011-03-18 10:11:15 PDT,mbrubeck,Depends on,642519,
2011-03-19 09:45:47 PDT,mbrubeck,Depends on,643087,
2012-05-16 01:06:03 PDT,ekerazha,CC,ekerazha,
