When,Who,What,Added,Removed
2010-11-11 20:53:50 PST,hskupin,CC,hskupin, jbecerra,
2010-11-11 21:08:11 PST,hskupin,CC,dietrich, mak77,
2010-11-12 01:40:00 PST,xtc4uall,CC,xtc4uall,
2010-11-12 09:28:36 PST,ancestor.ak,CC,ancestor.ak,
2010-11-15 11:21:28 PST,ehsan,CC,ehsan,
2010-11-15 13:35:56 PST,margaret.leibovic,CC,margaret.leibovic,
2010-11-28 03:15:09 PST,heraldo99,CC,heraldo99,
2010-12-13 11:49:33 PST,limi,Whiteboard,[target-betaN],
2010-12-13 11:49:33 PST,limi,CC,limi,
2011-01-24 19:49:43 PST,brian.carpenter,CC,brian.carpenter,
2011-01-24 19:50:03 PST,brian.carpenter,Assignee,brian.carpenter,nobody
2011-01-24 20:10:20 PST,brian.carpenter,Attachment #506633                Attachment is obsolete,1,0
2011-01-24 21:34:24 PST,brian.carpenter,Attachment #506641                Attachment is obsolete,1,0
2011-01-24 21:34:24 PST,brian.carpenter,Attachment #506642                Attachment is obsolete,1,0
2011-01-24 21:34:24 PST,brian.carpenter,Attachment #506648                Flags,review?,
2011-01-24 21:34:24 PST,brian.carpenter,Attachment #506639                Attachment is obsolete,1,0
2011-01-24 21:36:18 PST,anarchy,Attachment #506648                Flags,review?(dolske),review?
2011-01-24 23:54:48 PST,gavin.sharp,Attachment #506648                Flags,review-,review?(dolske)
2011-01-24 23:54:55 PST,gavin.sharp,CC,gavin.sharp,
2011-01-25 01:49:06 PST,brian.carpenter,Attachment #506648                Attachment is obsolete,1,0
2011-01-25 01:49:06 PST,brian.carpenter,Attachment #506689                Flags,review?(dolske),
2011-01-25 03:20:12 PST,steffen.wilberg,CC,steffen.wilberg,
2011-01-25 03:39:12 PST,hskupin,Keywords,uiwanted,
2011-01-25 03:39:12 PST,hskupin,Version,Trunk,unspecified
2011-01-25 05:36:46 PST,dbolter,CC,marco.zehe,
2011-01-25 11:22:59 PST,mozillamarcia.knous,CC,mozillamarcia.knous,
2011-01-25 11:22:59 PST,mozillamarcia.knous,Flags,in-litmus?,
2011-01-25 16:15:13 PST,fullmetaljacket.xp+bugmail,CC,fullmetaljacket.xp+bugmail,
2011-01-26 20:20:31 PST,dolske,Attachment #506689                Flags,review-,review?(dolske)
2011-01-26 21:09:01 PST,dolske,CC,dolske,
2011-01-27 14:49:29 PST,steffen.wilberg,Keywords,,uiwanted
2011-01-27 14:49:29 PST,steffen.wilberg,Summary,Move "File->Import" to the Library,Remove "File Import..." from the File menu
2011-01-27 14:49:29 PST,steffen.wilberg,Assignee,steffen.wilberg,brian.carpenter
2011-01-27 15:11:31 PST,steffen.wilberg,Attachment #506689                Attachment is obsolete,1,0
2011-01-27 15:11:31 PST,steffen.wilberg,Attachment #507673                Flags,review?(gavin.sharp), feedback?(dolske),
2011-01-27 15:41:55 PST,steffen.wilberg,Attachment #507673                Flags,,review?(gavin.sharp), feedback?(dolske)
2011-01-27 15:41:55 PST,steffen.wilberg,Attachment #507673                Attachment is obsolete,1,0
2011-01-27 15:41:55 PST,steffen.wilberg,Attachment #507686                Flags,review?(gavin.sharp), feedback?(dolske),
2011-02-01 13:16:36 PST,steffen.wilberg,Attachment #507686                Attachment is obsolete,1,0
2011-02-01 13:16:36 PST,steffen.wilberg,Attachment #508871                Flags,review?(gavin.sharp), feedback?(dolske),
2011-02-01 13:16:36 PST,steffen.wilberg,Attachment #507686                Flags,,review?(gavin.sharp), feedback?(dolske)
2011-02-01 13:53:46 PST,steffen.wilberg,Status,ASSIGNED,NEW
2011-02-11 15:48:29 PST,dolske,Attachment #508871                Flags,review+, approval2.0+,review?(gavin.sharp), feedback?(dolske)
2011-02-11 17:02:59 PST,dolske,Keywords,checkin-needed,
2011-02-12 01:17:19 PST,dao,Last Resolved,2011-02-12 01:17:19,
2011-02-12 01:17:19 PST,dao,Keywords,user-doc-needed,checkin-needed
2011-02-12 01:17:19 PST,dao,Status,RESOLVED,ASSIGNED
2011-02-12 01:17:19 PST,dao,Resolution,FIXED,---
2011-02-12 01:17:19 PST,dao,CC,dao,
2011-02-12 01:17:19 PST,dao,Target Milestone,Firefox 4.0b12,---
2011-02-12 02:33:37 PST,bugzillamozillaorg_serge_20140323,Blocks,633716,
2011-02-12 02:51:17 PST,hasse,CC,hasse,
2011-02-12 02:58:36 PST,dao,Status,REOPENED,RESOLVED
2011-02-12 02:58:36 PST,dao,Resolution,---,FIXED
2011-02-12 04:03:16 PST,dao,Target Milestone,---,Firefox 4.0b12
2011-02-12 04:03:16 PST,dao,status2.0,wontfix,---
2011-02-12 04:03:35 PST,dao,Attachment #508871                Flags,,approval2.0+
2011-02-12 04:09:42 PST,dao,CC,johnath,
2011-02-12 16:30:59 PST,highmind63,CC,highmind63,
2011-02-15 23:00:48 PST,mcdavis941.bugs,CC,mcdavis941.bugs,
2011-02-25 13:37:56 PST,cww,CC,cwwmozilla,
2011-02-25 13:39:51 PST,mverdi,CC,mverdi,
2011-03-31 12:44:28 PDT,steffen.wilberg,Attachment #508871                Attachment is obsolete,1,0
2011-03-31 12:44:28 PDT,steffen.wilberg,Attachment #523399                Flags,review?(dolske),
2011-04-25 02:39:35 PDT,steffen.wilberg,Attachment #523399                Attachment is obsolete,1,0
2011-04-25 02:39:35 PDT,steffen.wilberg,Attachment #528069                Flags,ui-review?(faaborg),
2011-04-25 02:39:35 PDT,steffen.wilberg,Attachment #523399                Flags,,review?(dolske)
2011-05-01 02:30:21 PDT,fryn,Whiteboard,,[target-betaN]
2011-05-01 02:30:21 PDT,fryn,CC,fryn,
2011-05-01 13:55:00 PDT,pcvrcek,CC,pcvrcek,
2011-05-31 01:55:41 PDT,antoine.mozilla,CC,geekshadow,
2011-06-01 10:57:58 PDT,faaborg,Attachment #528069                Flags,ui-review+,ui-review?(faaborg)
2011-06-09 15:30:53 PDT,steffen.wilberg,Attachment #528069                Attachment is obsolete,1,0
2011-06-09 15:30:53 PDT,steffen.wilberg,Attachment #538365                Flags,review?(dao), ui-review+,
2011-06-13 22:58:38 PDT,dao,Attachment #538365                Flags,review-,review?(dao)
2011-06-19 16:46:37 PDT,steffen.wilberg,Attachment #538365                Attachment is obsolete,1,0
2011-06-19 16:46:37 PDT,steffen.wilberg,Attachment #540359                Flags,review?(dao),
2011-06-21 03:27:31 PDT,dao,Attachment #540359                Flags,review-,review?(dao)
2011-06-21 15:43:51 PDT,steffen.wilberg,Attachment #540359                Attachment is obsolete,1,0
2011-06-21 15:43:51 PDT,steffen.wilberg,Attachment #540918                Flags,review?(dao),
2011-06-21 16:30:37 PDT,steffen.wilberg,Attachment #540918                Attachment is obsolete,1,0
2011-06-21 16:30:37 PDT,steffen.wilberg,Attachment #540928                Flags,review?(dao),
2011-06-21 16:30:37 PDT,steffen.wilberg,Attachment #540918                Flags,,review?(dao)
2011-06-26 14:58:07 PDT,dao,Attachment #540928                Flags,review+,review?(dao)
2011-06-27 12:41:28 PDT,steffen.wilberg,Whiteboard,[inbound],
2011-06-28 02:26:46 PDT,mak77,Status,RESOLVED,REOPENED
2011-06-28 02:26:46 PDT,mak77,Resolution,FIXED,---
2011-06-28 02:26:46 PDT,mak77,Target Milestone,Firefox 7,---
2011-06-28 02:26:46 PDT,mak77,Last Resolved,2011-06-28 02:26:46,2011-02-12 01:17:19
2011-06-30 14:59:57 PDT,hskupin,Depends on,668647,
2011-07-01 02:55:34 PDT,sbadau,Status,VERIFIED,RESOLVED
2011-07-01 02:55:34 PDT,sbadau,CC,simona.marcu,
2011-07-01 06:03:28 PDT,hskupin,Flags,in-litmus?(simona.marcu),in-litmus?
2011-07-19 01:15:00 PDT,hskupin,Depends on,672459,
2011-07-19 01:18:16 PDT,steffen.wilberg,Whiteboard,,[inbound]
2012-07-24 01:49:16 PDT,sbadau,Flags,in-litmus+,in-litmus?(simona.marcu)
2012-07-24 02:01:41 PDT,hskupin,Flags,in-litmus?(simona.marcu),in-litmus+
2012-07-24 02:02:17 PDT,hskupin,Flags,in-moztrap?(simona.marcu),
2012-07-24 02:40:18 PDT,sbadau,Flags,in-litmus+,in-litmus?(simona.marcu)
2013-11-11 23:58:00 PST,fryn,CC,,fryn
