When,Who,What,Added,Removed
2010-11-11 23:12:55 PST,philringnalda,Attachment #490040                Flags,review?(mstange),
2010-11-11 23:13:36 PST,gavin.sharp,CC,gavin.sharp,
2010-11-12 00:49:32 PST,mstange,Attachment #490040                Flags,review+,review?(mstange)
2010-11-12 07:18:08 PST,philringnalda,Status,RESOLVED,ASSIGNED
2010-11-12 07:18:08 PST,philringnalda,Resolution,FIXED,---
2010-11-12 07:18:08 PST,philringnalda,Last Resolved,2010-11-12 07:18:08,
2014-10-10 09:14:15 PDT,nobody,Product,Tree Management,Webtools
2015-04-13 15:57:33 PDT,nobody,Product,Tree Management Graveyard,Tree Management
