When,Who,What,Added,Removed
2010-11-11 19:22:16 PST,bmcbride,blocking2.0,?,---
2010-11-11 19:23:03 PST,bmcbride,Blocks,597607,
2010-11-15 10:44:10 PST,dietrich,CC,dietrich,
2010-11-16 12:06:44 PST,dtownsend,blocking2.0,-,?
2011-02-18 04:16:49 PST,bmcbride,Status,ASSIGNED,NEW
2011-02-18 04:16:49 PST,bmcbride,Assignee,bmcbride,nobody
2011-02-18 04:16:49 PST,bmcbride,Attachment #513432                Flags,review?(dtownsend),
2011-02-18 09:51:06 PST,dtownsend,Attachment #513432                Flags,review+, approval2.0+,review?(dtownsend)
2011-02-23 00:03:27 PST,bmcbride,Whiteboard,[has patch][needs landing],
2011-02-23 00:03:27 PST,bmcbride,Keywords,checkin-needed,
2011-02-23 16:29:34 PST,ehsan,CC,ehsan,
2011-02-23 16:29:34 PST,ehsan,Target Milestone,mozilla2.0,---
2011-02-23 16:29:34 PST,ehsan,Flags,in-testsuite+,
2011-02-23 16:29:34 PST,ehsan,Last Resolved,2011-02-23 16:29:34,
2011-02-23 16:29:34 PST,ehsan,Keywords,,checkin-needed
2011-02-23 16:29:34 PST,ehsan,Whiteboard,[has patch],[has patch][needs landing]
2011-02-23 16:29:34 PST,ehsan,Status,RESOLVED,ASSIGNED
2011-02-23 16:29:34 PST,ehsan,Resolution,FIXED,---
2011-02-25 03:37:21 PST,bmcbride,Flags,in-litmus-,
2011-03-04 15:17:08 PST,hskupin,Whiteboard,[addons-testday],[has patch]
2011-03-04 15:17:08 PST,hskupin,Status,VERIFIED,RESOLVED
2011-03-04 15:17:08 PST,hskupin,CC,hskupin,
