When,Who,What,Added,Removed
2010-11-12 11:51:05 PST,mbrubeck,CC,mbrubeck,
2010-11-12 11:51:05 PST,mbrubeck,tracking-fennec,?,---
2010-11-12 11:51:24 PST,mbrubeck,Keywords,uiwanted,
2010-11-12 11:54:30 PST,mark.finkle,CC,madhava, mark.finkle,
2010-11-12 14:20:02 PST,blassey.bugs,CC,blassey.bugs,
2010-11-16 12:43:06 PST,mark.finkle,tracking-fennec,2.0+,?
2011-01-18 11:29:37 PST,wjohnston2000,Assignee,wjohnston,nobody
2011-01-18 11:29:37 PST,wjohnston2000,CC,wjohnston,
2011-01-20 08:58:58 PST,arendsf,CC,tarend,
2011-02-08 10:00:19 PST,nhirata.bugzilla,Whiteboard,[ime],
2011-02-08 10:00:19 PST,nhirata.bugzilla,CC,nhirata.bugzilla,
2011-02-16 09:21:15 PST,wjohnston2000,CC,masayuki, mwu,
2011-02-16 18:30:49 PST,m_kato,CC,bugzilla, m_kato,
2011-02-17 17:22:41 PST,wjohnston2000,Attachment #513327                Flags,feedback?(mark.finkle),
2011-02-17 17:23:15 PST,wjohnston2000,Attachment #513327                Flags,review?(mark.finkle),feedback?(mark.finkle)
2011-02-17 17:23:49 PST,wjohnston2000,Attachment #505441                Attachment is obsolete,1,0
2011-02-17 17:24:37 PST,wjohnston2000,Attachment #504907                Attachment is obsolete,1,0
2011-02-17 20:05:29 PST,mark.finkle,Attachment #513327                Flags,review-,review?(mark.finkle)
2011-02-18 10:22:39 PST,wjohnston2000,Attachment #513327                Attachment is obsolete,1,0
2011-02-18 10:22:39 PST,wjohnston2000,Attachment #513510                Flags,review?(mark.finkle),
2011-02-18 10:58:01 PST,mark.finkle,Attachment #513510                Flags,review+,review?(mark.finkle)
2011-02-18 11:50:47 PST,wjohnston2000,Status,RESOLVED,NEW
2011-02-18 11:50:47 PST,wjohnston2000,Resolution,FIXED,---
2011-02-18 11:50:47 PST,wjohnston2000,Last Resolved,2011-02-18 11:50:47,
2011-02-22 12:31:51 PST,nhirata.bugzilla,Status,VERIFIED,RESOLVED
2011-02-23 10:30:41 PST,chung808,CC,tchung,
2011-02-23 10:30:41 PST,chung808,Flags,in-litmus?(nhirata.bugzilla),
2012-03-05 17:20:55 PST,nhirata.bugzilla,Flags,in-litmus+,in-litmus?(nhirata.bugzilla)
