When,Who,What,Added,Removed
2010-11-11 15:54:43 PST,gavin.sharp,Assignee,gavin.sharp,marcia
2010-11-11 15:54:43 PST,gavin.sharp,CC,gavin.sharp,
2010-11-11 15:54:43 PST,gavin.sharp,Last Resolved,2010-11-11 15:54:43,
2010-11-11 15:54:43 PST,gavin.sharp,Status,RESOLVED,NEW
2010-11-11 15:54:43 PST,gavin.sharp,Resolution,FIXED,---
2010-11-11 15:56:09 PST,me+bugzilla,Status,VERIFIED,RESOLVED
2011-06-26 22:54:48 PDT,nobody,Product,bugzilla.mozilla.org,mozilla.org
2011-06-26 22:54:48 PDT,nobody,Component,Administration,Bugzilla: Keywords & Components
