When,Who,What,Added,Removed
2010-11-17 16:12:53 PST,jaymoz,Whiteboard,0.9.2.1,
2010-11-17 16:12:53 PST,jaymoz,Priority,P3,--
2010-11-17 16:12:53 PST,jaymoz,CC,jay,
2010-11-17 16:12:53 PST,jaymoz,Target Milestone,0.9.3,---
2010-11-17 16:13:15 PST,jaymoz,CC,craigcook.bugz, fwenzel,
2010-11-24 10:13:29 PST,ozten.bugs,Assignee,ozten.bugs,nobody
2010-11-24 10:13:29 PST,ozten.bugs,CC,ozten.bugs,
2010-11-24 13:39:51 PST,ozten.bugs,Depends on,614665,
2010-12-01 10:27:42 PST,ozten.bugs,URL,https://developer-stage9.mozilla.org/en-US/,
2010-12-01 10:27:42 PST,ozten.bugs,Keywords,qawanted,
2010-12-01 10:27:42 PST,ozten.bugs,Status,RESOLVED,NEW
2010-12-01 10:27:42 PST,ozten.bugs,Resolution,FIXED,---
2010-12-01 10:27:42 PST,ozten.bugs,Last Resolved,2010-12-01 10:27:42,
2010-12-01 10:45:41 PST,ozten.bugs,Resolution,---,FIXED
2010-12-01 10:45:41 PST,ozten.bugs,Status,REOPENED,RESOLVED
2010-12-01 13:56:04 PST,ozten.bugs,Status,RESOLVED,REOPENED
2010-12-01 13:56:04 PST,ozten.bugs,Resolution,FIXED,---
2010-12-01 13:56:04 PST,ozten.bugs,Last Resolved,2010-12-01 13:56:04,2010-12-01 10:27:42
2010-12-02 11:18:28 PST,mozbugs.retornam,CC,mozbugs.retornam,
2010-12-02 16:32:48 PST,mozbugs.retornam,Keywords,,qawanted
2010-12-02 16:32:48 PST,mozbugs.retornam,Status,VERIFIED,RESOLVED
2012-09-18 23:12:39 PDT,nobody,Version,unspecified,MDN
2012-09-18 23:12:50 PDT,nobody,Product,Mozilla Developer Network,Mozilla Developer Network
2012-09-18 23:12:50 PDT,nobody,Component,Other,Deki Infrastructure
