When,Who,What,Added,Removed
2010-11-12 11:48:20 PST,mbrubeck,CC,mbrubeck,
2010-11-12 11:48:20 PST,mbrubeck,tracking-fennec,?,---
2010-11-12 12:20:19 PST,dougt,Assignee,mkristoffersen,nobody
2010-11-12 12:20:19 PST,dougt,CC,doug.turner,
2010-11-12 12:20:19 PST,dougt,tracking-fennec,2.0-,?
2011-03-18 13:24:16 PDT,mark.finkle,Assignee,wjohnston,mozstuff
2011-03-18 13:24:16 PDT,mark.finkle,CC,mark.finkle,
2011-03-18 13:24:25 PDT,mark.finkle,Whiteboard,[fennec-4.1?],
2011-05-10 13:51:16 PDT,blassey.bugs,Whiteboard,,[fennec-4.1?]
2011-05-10 13:51:16 PDT,blassey.bugs,CC,blassey.bugs,
2011-05-10 13:51:16 PDT,blassey.bugs,tracking-fennec,7+,-
2011-07-22 10:25:53 PDT,blassey.bugs,tracking-fennec,+,7+
2011-08-19 05:43:07 PDT,sebastien.gripon,CC,sebastien.gripon,
2012-06-14 12:29:36 PDT,kbrosnan,Product,Fennec Native,Fennec
2012-06-14 12:29:36 PDT,kbrosnan,QA Contact,general,pan-zoom
2012-06-14 12:29:36 PDT,kbrosnan,CC,kbrosnan,
2012-06-14 12:29:36 PDT,kbrosnan,Component,General,Panning/Zooming
2012-06-14 12:29:36 PDT,kbrosnan,Assignee,nobody,wjohnston
2012-06-14 12:29:59 PDT,kbrosnan,tracking-fennec,16+,+
2012-06-14 12:29:59 PDT,kbrosnan,Hardware,ARM,x86
2012-06-14 12:29:59 PDT,kbrosnan,OS,Android,Linux
2012-06-29 18:24:40 PDT,mbrubeck,CC,sarentz,
2012-08-10 12:11:30 PDT,mark.finkle,tracking-fennec,?,16+
2012-09-27 11:05:25 PDT,mark.finkle,CC,nhirata.bugzilla,
2012-09-28 01:08:50 PDT,nicolae.cristian2010,CC,nicolae.cristian,
2012-10-04 10:37:48 PDT,mark.finkle,tracking-fennec,+,?
2013-02-20 07:30:40 PST,aaron.train,CC,tspiteri,
2013-11-08 10:57:57 PST,rtanglao,CC,rtanglao,
2014-02-04 09:29:26 PST,snorp,CC,snorp,
2014-02-04 09:29:26 PST,snorp,QA Contact,esawin,
2014-02-04 09:35:30 PST,kbrosnan,Assignee,esawin,nobody
2014-02-04 09:35:30 PST,kbrosnan,QA Contact,,esawin
2014-02-09 08:29:18 PST,aaron.train,Status,ASSIGNED,NEW
2014-02-09 08:29:18 PST,aaron.train,CC,aaron.train,
2014-04-07 10:40:53 PDT,esawin,Attachment #8402777                Flags,feedback?(bugmail.mozilla), feedback?(snorp),
2014-04-07 10:40:53 PDT,esawin,CC,bugmail.mozilla,
2014-04-07 10:50:53 PDT,snorp,Attachment #8402777                Flags,feedback+,feedback?(snorp)
2014-04-07 12:32:30 PDT,bugmail.mozilla,Attachment #8402777                Flags,feedback-,feedback?(bugmail.mozilla)
2014-04-09 05:30:00 PDT,esawin,Attachment #8403949                Flags,feedback?(bugmail.mozilla), feedback?(snorp),
2014-04-09 06:25:29 PDT,bugmail.mozilla,Attachment #8403949                Flags,feedback+, feedback?(bzbarsky),feedback?(bugmail.mozilla)
2014-04-09 06:25:29 PDT,bugmail.mozilla,CC,bzbarsky,
2014-04-09 07:35:58 PDT,snorp,Attachment #8403949                Flags,feedback-,feedback?(snorp)
2014-04-09 07:43:00 PDT,bzbarsky,Attachment #8403949                Flags,feedback+,feedback?(bzbarsky)
2014-04-10 12:55:57 PDT,esawin,Attachment #8403949                Attachment is obsolete,1,0
2014-04-16 11:34:29 PDT,esawin,Attachment #8407703                Flags,feedback?(roc), feedback?(snorp),
2014-04-16 11:34:29 PDT,esawin,CC,roc,
2014-04-16 11:45:45 PDT,bugmail.mozilla,CC,matt.woodrow, tnikkel,
2014-04-16 11:55:41 PDT,snorp,Attachment #8407703                Flags,review+,
2014-04-16 21:03:39 PDT,roc,Attachment #8407703                Flags,feedback+,feedback?(roc)
2014-04-17 10:09:33 PDT,esawin,Attachment #8404932                Attachment is obsolete,1,0
2014-04-17 10:09:33 PDT,esawin,Attachment #8407703                Attachment is obsolete,1,0
2014-04-17 10:09:33 PDT,esawin,Attachment #8407703                Flags,,feedback?(snorp)
2014-04-17 10:09:33 PDT,esawin,Attachment #8408389                Flags,review?(roc),
2014-04-18 03:59:45 PDT,roc,Attachment #8408389                Flags,review-,review?(roc)
2014-04-18 16:04:03 PDT,esawin,Attachment #8408389                Attachment is obsolete,1,0
2014-04-18 16:04:03 PDT,esawin,Attachment #8409169                Flags,review?(roc),
2014-04-20 16:59:46 PDT,roc,Attachment #8409169                Flags,review-,review?(roc)
2014-04-21 16:42:32 PDT,esawin,Attachment #8409169                Attachment is obsolete,1,0
2014-04-21 16:42:32 PDT,esawin,Attachment #8409916                Flags,review?(roc),
2014-04-21 20:48:24 PDT,roc,Attachment #8409916                Flags,review+,review?(roc)
2014-04-22 03:05:52 PDT,esawin,Keywords,checkin-needed,
2014-04-22 05:52:01 PDT,ryanvm,Keywords,,checkin-needed
2014-04-22 06:21:13 PDT,ryanvm,Attachment #8402777                Attachment is obsolete,1,0
2014-04-22 06:36:46 PDT,ryanvm,Whiteboard,[fixed-in-fx-team],
2014-04-22 13:10:26 PDT,ryanvm,Status,RESOLVED,ASSIGNED
2014-04-22 13:10:26 PDT,ryanvm,Resolution,FIXED,---
2014-04-22 13:10:26 PDT,ryanvm,Target Milestone,Firefox 31,---
2014-04-22 13:10:26 PDT,ryanvm,Whiteboard,,[fixed-in-fx-team]
2014-04-22 13:10:26 PDT,ryanvm,Last Resolved,2014-04-22 13:10:26,
2014-04-23 08:23:49 PDT,esawin,Component,Graphics, Panning and Zooming,General
2014-04-23 08:31:45 PDT,esawin,Blocks,1000251,
2014-04-24 04:17:12 PDT,esawin,Blocks,1000828,
2014-04-28 07:27:19 PDT,aaron.train,Depends on,1002426,
2014-05-22 07:13:46 PDT,sarentz,CC,,sarentz
