When,Who,What,Added,Removed
2010-11-11 21:51:12 PST,nmrugg,Keywords,regression,
2010-11-11 21:52:31 PST,dbaron,Status,NEW,UNCONFIRMED
2010-11-11 21:52:31 PST,dbaron,Component,Layout: View Rendering,Style System (CSS)
2010-11-11 21:52:31 PST,dbaron,QA Contact,layout.view-rendering,style-system
2010-11-11 21:52:31 PST,dbaron,CC,dbaron,
2010-11-11 21:52:31 PST,dbaron,Ever confirmed,1,0
2010-11-11 21:53:07 PST,dbaron,blocking2.0,?,---
2010-11-11 21:57:14 PST,nmrugg,OS,All,Linux
2010-11-15 17:00:54 PST,roc,CC,roc,
2010-11-15 17:00:54 PST,roc,blocking2.0,final+,?
2010-11-17 10:13:43 PST,mats,CC,matspal, ventnor.bugzilla,
2010-11-17 10:13:43 PST,mats,Blocks,544099,
2010-11-17 10:13:43 PST,mats,Keywords,testcase,
2010-11-17 10:13:43 PST,mats,Assignee,matspal,nobody
2010-11-19 14:16:20 PST,mats,Attachment #491948                Flags,review?(ventnor.bugzilla),
2010-11-19 15:54:10 PST,mats,Blocks,610482,
2010-11-19 20:51:06 PST,phiw2,CC,phiw,
2010-11-21 17:41:42 PST,mats,Attachment #491948                Attachment is obsolete,1,0
2010-11-21 17:41:42 PST,mats,Attachment #492231                Flags,review?(ventnor.bugzilla),
2010-11-21 17:41:42 PST,mats,Attachment #491948                Flags,,review?(ventnor.bugzilla)
2010-11-22 09:38:01 PST,mats,Attachment #492231                Attachment is obsolete,1,0
2010-11-22 09:38:01 PST,mats,Attachment #492346                Flags,review?(ventnor.bugzilla),
2010-11-22 09:38:01 PST,mats,Attachment #492231                Flags,,review?(ventnor.bugzilla)
2010-11-23 12:54:40 PST,roc,Attachment #492667                Flags,review+,
2010-11-25 09:23:45 PST,mats,Attachment #492346                Flags,,review?(ventnor.bugzilla)
2010-11-27 16:23:07 PST,mats,Status,RESOLVED,NEW
2010-11-27 16:23:07 PST,mats,Resolution,FIXED,---
2010-11-27 16:23:07 PST,mats,Target Milestone,mozilla2.0b8,---
2010-11-27 16:23:07 PST,mats,Flags,in-testsuite+,
2010-11-27 16:23:07 PST,mats,Last Resolved,2010-11-27 16:23:07,
2010-11-27 16:23:24 PST,mats,Attachment #492346                Attachment is obsolete,1,0
2010-11-27 16:23:35 PST,mats,Attachment #492348                Attachment is obsolete,1,0
