When,Who,What,Added,Removed
2010-11-16 11:33:17 PST,mozilla,Blocks,612051,
2010-11-16 11:57:49 PST,amckay,Assignee,amckay,nobody
2010-11-16 11:57:49 PST,amckay,CC,amckay,
2010-11-16 14:16:11 PST,amckay,Blocks,,612051
2011-01-03 15:06:43 PST,fligtar+bugs,Target Milestone,Q1 2011,Q4 2010
2011-01-26 16:32:24 PST,wclouser,Priority,P2,--
2011-01-26 16:32:24 PST,wclouser,CC,clouserw,
2011-02-17 12:53:49 PST,wclouser,Target Milestone,5.12.12,Q1 2011
2011-02-23 11:56:34 PST,amckay,Status,RESOLVED,NEW
2011-02-23 11:56:34 PST,amckay,Resolution,FIXED,---
2011-02-23 11:56:34 PST,amckay,Last Resolved,2011-02-23 11:56:34,
2011-02-26 11:17:33 PST,davemgarrett,Blocks,476232,
2011-03-02 13:45:33 PST,krupa.mozbugs,Whiteboard,[qa-],
2011-03-02 13:45:33 PST,krupa.mozbugs,CC,krupa.mozbugs,
