When,Who,What,Added,Removed
2010-11-11 18:37:10 PST,mozilla,CC,jbalogh,
2010-11-11 18:58:32 PST,mozilla,Depends on,611551,
2010-11-11 22:18:44 PST,davemgarrett,CC,davemgarrett,
2010-11-29 17:10:51 PST,mimecuvalo,CC,mimecuvalo,
2010-12-03 14:41:33 PST,aryx.bugmail,CC,archaeopteryx,
2011-01-03 15:06:41 PST,fligtar+bugs,Target Milestone,Q1 2011,Q4 2010
2011-01-26 16:32:26 PST,wclouser,CC,clouserw,
2011-01-26 16:32:26 PST,wclouser,Assignee,amckay,nobody
2011-02-16 21:54:28 PST,dangoor,CC,kdangoor,
2011-02-17 12:53:54 PST,wclouser,Target Milestone,5.12.12,Q1 2011
2011-02-23 22:13:27 PST,amckay,Assignee,jbalogh,amckay
2011-02-24 15:30:44 PST,amckay,Assignee,amckay,jbalogh
2011-02-24 15:30:44 PST,amckay,CC,amckay,
2011-02-27 13:20:47 PST,wclouser,Target Milestone,6.0.0,5.12.12
2011-03-03 13:44:55 PST,amckay,Status,RESOLVED,NEW
2011-03-03 13:44:55 PST,amckay,Resolution,FIXED,---
2011-03-03 13:44:55 PST,amckay,Last Resolved,2011-03-03 13:44:55,
2011-03-08 16:56:43 PST,krupa.mozbugs,Depends on,640041,
2011-03-08 17:35:09 PST,krupa.mozbugs,Status,VERIFIED,RESOLVED
2011-03-08 17:35:09 PST,krupa.mozbugs,CC,krupa.mozbugs,
2011-03-11 09:24:57 PST,johnjbarton,CC,johnjbarton,
2011-03-14 08:18:46 PDT,odvarko,CC,odvarko,
2011-03-18 16:51:49 PDT,stephen.donner,CC,stephen.donner,
