When,Who,What,Added,Removed
2010-11-12 01:56:50 PST,scoobidiver,blocking2.0,?,---
2010-11-12 10:43:36 PST,bas,CC,bas.schouten,
2010-11-13 04:40:13 PST,xtc4uall,CC,xtc4uall,
2010-11-15 08:42:55 PST,benjamin,Depends on,611970,
2010-11-15 13:17:56 PST,emanuel.hoogeveen,CC,emanuel.hoogeveen,
2010-11-15 15:46:22 PST,joe,Assignee,benjamin,nobody
2010-11-15 15:46:22 PST,joe,CC,joe,
2010-11-15 15:46:22 PST,joe,blocking2.0,beta8+,?
2010-11-16 03:59:23 PST,bugzilla,CC,bugzilla,
2010-11-16 11:28:14 PST,ehsan,CC,ehsan,
2010-11-16 12:00:35 PST,chofmann,CC,chofmann,
2010-11-17 11:00:31 PST,highmind63,CC,highmind63,
2010-11-18 10:52:40 PST,benjamin,Attachment #491594                Flags,review?,
2010-11-18 11:10:36 PST,benjamin,Attachment #491594                Flags,review?(bas.schouten),review?
2010-11-18 15:18:47 PST,bas,Attachment #491594                Flags,review+,review?(bas.schouten)
2010-11-19 07:54:27 PST,benjamin,Status,RESOLVED,NEW
2010-11-19 07:54:27 PST,benjamin,Resolution,FIXED,---
2010-11-19 07:54:27 PST,benjamin,Last Resolved,2010-11-19 07:54:27,
2011-06-09 14:58:54 PDT,nobody,Crash Signature,[@ mozilla::layers::CairoImageD3D9::SetData(mozilla::layers::CairoImage::Data const&) ],
