When,Who,What,Added,Removed
2010-11-17 17:09:49 PST,gavin.sharp,CC,gavin.sharp,
2011-12-15 18:59:14 PST,fryn,Status,ASSIGNED,NEW
2011-12-15 18:59:14 PST,fryn,Assignee,fryn,dolske
2011-12-15 18:59:14 PST,fryn,CC,dolske, ttaubert,
2011-12-15 18:59:14 PST,fryn,Attachment #582168                Flags,feedback?(ttaubert), feedback?(dolske),
2011-12-16 01:32:15 PST,ttaubert,Attachment #582168                Flags,feedback+,feedback?(ttaubert)
2011-12-16 13:27:22 PST,dolske,CC,jonas,
2011-12-19 15:55:31 PST,fryn,CC,fryn,
2011-12-21 15:58:05 PST,dolske,Attachment #582168                Flags,,feedback?(dolske)
2011-12-30 00:18:28 PST,fryn,Summary,Make DOMWillOpenModalDialog a chrome-only event,Use notifications instead of DOM events for DOMWillOpenModalDialog
2011-12-30 00:19:01 PST,fryn,Attachment #582168                Attachment is obsolete,1,0
2013-01-15 10:07:05 PST,fryn,Depends on,830858,
2013-01-15 16:17:55 PST,fryn,Attachment #702580                Flags,review?(dolske), review?(bugs),
2013-01-15 16:17:55 PST,fryn,CC,bugs,
2013-01-15 16:32:51 PST,bugs,Attachment #702580                Flags,review+,review?(bugs)
2013-01-15 18:51:18 PST,dolske,Attachment #702580                Flags,review+,review?(dolske)
2013-01-15 23:05:32 PST,fryn,Attachment #702683                Flags,review?(mbrubeck),
2013-01-15 23:05:32 PST,fryn,CC,mbrubeck,
2013-01-15 23:13:47 PST,fryn,Blocks,831166,
2013-01-15 23:21:04 PST,fryn,Attachment #702683                Attachment is obsolete,1,0
2013-01-15 23:21:04 PST,fryn,Attachment #702683                Flags,,review?(mbrubeck)
2013-01-15 23:21:04 PST,fryn,Attachment #702690                Flags,review?(mbrubeck),
2013-01-15 23:33:12 PST,mbrubeck,Attachment #702690                Flags,review+,review?(mbrubeck)
2013-01-16 14:30:17 PST,fryn,Version,Trunk,unspecified
2013-01-16 14:30:17 PST,fryn,Target Milestone,mozilla21,---
2013-01-17 02:58:55 PST,emorley,Status,RESOLVED,ASSIGNED
2013-01-17 02:58:55 PST,emorley,Resolution,FIXED,---
2013-01-17 02:58:55 PST,emorley,Last Resolved,2013-01-17 02:58:55,
2013-01-17 16:37:21 PST,dveditz,Blocks,626775,
2013-02-01 16:09:37 PST,akeybl,CC,akeybl,
2013-02-01 16:10:15 PST,fryn,Attachment #702580                Flags,approval-mozilla-aurora?,
2013-02-01 16:10:20 PST,fryn,Attachment #702690                Flags,approval-mozilla-aurora?,
2013-02-04 16:03:36 PST,bajaj.bhavana,Attachment #702580                Flags,approval-mozilla-aurora+,approval-mozilla-aurora?
2013-02-04 16:03:51 PST,bajaj.bhavana,Attachment #702690                Flags,approval-mozilla-aurora+,approval-mozilla-aurora?
2013-02-04 17:52:53 PST,ryanvm,status-firefox20,fixed,---
2013-02-04 17:52:53 PST,ryanvm,status-firefox21,fixed,---
2013-02-04 19:06:08 PST,ryanvm,status-firefox20,affected,fixed
2013-02-05 13:14:59 PST,fryn,status-firefox20,fixed,affected
2013-11-13 02:19:57 PST,fryn,CC,,fryn
