When,Who,What,Added,Removed
2010-11-12 01:57:02 PST,scoobidiver,blocking2.0,?,---
2010-11-12 07:53:22 PST,emanuel.hoogeveen,CC,emanuel.hoogeveen,
2010-11-12 08:15:25 PST,benjamin,CC,jmathies,
2010-11-12 08:15:25 PST,benjamin,blocking2.0,beta8+,?
2010-11-12 08:15:25 PST,benjamin,Severity,critical,blocker
2010-11-12 08:15:25 PST,benjamin,Component,Plug-ins,IPC
2010-11-12 08:15:25 PST,benjamin,Assignee,benjamin,nobody
2010-11-12 08:15:25 PST,benjamin,QA Contact,plugins,ipc
2010-11-12 09:40:01 PST,edilee,CC,edilee,
2010-11-12 10:25:56 PST,jbecerra,CC,jbecerra,
2010-11-12 10:56:50 PST,ttolonen,CC,ttolonen,
2010-11-12 11:05:47 PST,mozillamarcia.knous,Keywords,reproducible,
2010-11-12 11:05:47 PST,mozillamarcia.knous,CC,marcia,
2010-11-12 19:50:45 PST,grenavitar,CC,grenavitar,
2010-11-13 04:42:16 PST,xtc4uall,CC,xtc4uall,
2010-11-14 10:57:01 PST,andreasjunghw,CC,andreasjunghw,
2010-11-15 05:03:40 PST,bernesb,CC,BernesB,
2010-11-15 06:23:22 PST,benjamin,Attachment #490556                Flags,review?(Olli.Pettay),
2010-11-15 06:32:05 PST,bugs,Attachment #490556                Flags,review+,review?(Olli.Pettay)
2010-11-15 06:51:56 PST,benjamin,CC,tnikkel,
2010-11-15 08:27:27 PST,soufian.j,CC,soufian.j,
2010-11-15 08:39:43 PST,benjamin,Status,RESOLVED,NEW
2010-11-15 08:39:43 PST,benjamin,Resolution,FIXED,---
2010-11-15 08:39:43 PST,benjamin,Blocks,583109,
2010-11-15 08:39:43 PST,benjamin,Target Milestone,mozilla2.0b8,---
2010-11-15 08:39:43 PST,benjamin,Last Resolved,2010-11-15 08:39:43,
2010-11-16 01:22:51 PST,scoobidiver,Blocks,564500,
2010-11-16 07:14:03 PST,mats,Blocks,612199,
2011-06-09 14:58:54 PDT,nobody,Crash Signature,[@ @0x0 | mozilla::plugins::PPluginInstanceChild::OnCallReceived(IPC::Message const&, IPC::Message*&) ][@ mozilla::plugins::PPluginInstanceChild::OnCallReceived(IPC::Message const&, IPC::Message*&) ],
