When,Who,What,Added,Removed
2010-11-11 20:43:52 PST,me+bugzilla,Priority,P5,--
2010-11-11 20:43:52 PST,me+bugzilla,Component,Knowledge Base Software,General
2010-11-11 20:43:52 PST,me+bugzilla,QA Contact,kb-software,general
2010-11-11 20:43:52 PST,me+bugzilla,CC,james,
2010-11-18 07:40:46 PST,rrosario,Assignee,rrosario,nobody
2010-11-18 07:40:46 PST,rrosario,CC,rrosario,
2010-11-19 12:20:20 PST,rrosario,Last Resolved,2010-11-19 12:20:20,
2010-11-19 12:20:20 PST,rrosario,Status,RESOLVED,NEW
2010-11-19 12:20:20 PST,rrosario,Resolution,FIXED,---
2010-11-22 16:00:42 PST,rbillings,Status,VERIFIED,RESOLVED
2010-11-22 16:00:42 PST,rbillings,CC,rbillings,
