When,Who,What,Added,Removed
2010-11-11 19:39:06 PST,gavin.sharp,Status,RESOLVED,NEW
2010-11-11 19:39:06 PST,gavin.sharp,Resolution,FIXED,---
2010-11-11 19:39:06 PST,gavin.sharp,Assignee,gavin.sharp,marcia
2010-11-11 19:39:06 PST,gavin.sharp,CC,gavin.sharp,
2010-11-11 19:39:06 PST,gavin.sharp,Last Resolved,2010-11-11 19:39:06,
2010-11-11 22:29:44 PST,timeless,Status,VERIFIED,RESOLVED
2011-06-26 22:54:48 PDT,nobody,Product,bugzilla.mozilla.org,mozilla.org
2011-06-26 22:54:48 PDT,nobody,Component,Administration,Bugzilla: Keywords & Components
