When,Who,What,Added,Removed
2010-11-11 21:28:04 PST,gavin.sharp,CC,gavin.sharp,
2010-11-11 22:01:21 PST,felipc,CC,felipc,
2010-11-16 16:28:18 PST,dolske,Attachment #491024                Flags,review?(jst),
2010-11-16 18:00:25 PST,jst,Attachment #491024                Flags,review+,review?(jst)
2010-11-16 19:12:41 PST,shaver,blocking2.0,betaN+,---
2010-11-16 20:11:30 PST,gavin.sharp,Attachment #491024                Flags,approval2.0+,
2010-11-17 22:50:38 PST,dolske,Last Resolved,2010-11-17 22:50:38,
2010-11-17 22:50:38 PST,dolske,Status,RESOLVED,NEW
2010-11-17 22:50:38 PST,dolske,Resolution,FIXED,---
2010-11-17 22:50:38 PST,dolske,Target Milestone,mozilla2.0b8,---
2010-11-17 22:50:38 PST,dolske,Flags,in-testsuite+,
2010-11-17 22:50:38 PST,dolske,blocking2.0,---,betaN+
