When,Who,What,Added,Removed
2010-11-11 18:41:06 PST,pwalton,blocking2.0,?,---
2010-11-11 18:43:41 PST,gavin.sharp,CC,ehsan, gavin.sharp,
2010-11-11 19:06:14 PST,bugzilla,CC,ddahl,
2010-11-12 07:45:14 PST,rcampbell,CC,rcampbell,
2010-11-15 08:13:35 PST,dangoor,Blocks,593956,
2010-11-15 13:34:37 PST,ehsan,Assignee,ehsan,pwalton
2010-11-15 13:34:37 PST,ehsan,Attachment #490678                Flags,review?(ddahl),
2010-11-15 13:35:05 PST,ehsan,Keywords,rtl,intl
2010-11-15 13:35:05 PST,ehsan,CC,community,
2010-11-15 14:34:15 PST,l10n,Summary,Web Console console input box should be LTR even for RTL locales,Web Console console input box isn't localized for RTL
2010-11-15 14:39:30 PST,bugzilla,Attachment #490678                Flags,review+, review?(gavin.sharp),review?(ddahl)
2010-11-20 23:49:16 PST,gavin.sharp,Attachment #490678                Flags,review+, approval2.0+,review?(gavin.sharp)
2010-11-22 11:31:59 PST,dangoor,Priority,P1,--
2010-11-22 11:58:48 PST,highmind63,CC,highmind63,
2010-11-22 18:35:48 PST,ehsan,Attachment #490678                Attachment is obsolete,1,0
2010-11-22 18:35:57 PST,ehsan,Whiteboard,[needs landing],
2010-11-23 07:01:00 PST,ehsan,Whiteboard,,[needs landing]
2010-11-23 07:01:00 PST,ehsan,Status,RESOLVED,ASSIGNED
2010-11-23 07:01:00 PST,ehsan,Resolution,FIXED,---
2010-11-23 07:01:00 PST,ehsan,Target Milestone,Firefox 4.0b8,---
2010-11-23 07:01:00 PST,ehsan,Last Resolved,2010-11-23 07:01:00,
2010-12-15 13:25:05 PST,bugzilla,CC,johnath,
2010-12-15 13:25:05 PST,bugzilla,blocking2.0,-,?
