When,Who,What,Added,Removed
2010-11-12 01:43:24 PST,moz.teodosia,CC,teodosia.pop,
2010-11-12 05:30:07 PST,mark.finkle,CC,mark.finkle,
2010-11-12 06:23:25 PST,mark.finkle,Assignee,mark.finkle,nobody
2010-11-12 06:23:25 PST,mark.finkle,Attachment #490079                Flags,review?(21),
2010-11-12 06:41:24 PST,mark.finkle,CC,anamaria.moldovan,
2010-11-12 06:52:15 PST,21,Attachment #490079                Flags,review+,review?(21)
2010-11-12 07:03:40 PST,mark.finkle,Status,RESOLVED,NEW
2010-11-12 07:03:40 PST,mark.finkle,Resolution,FIXED,---
2010-11-12 07:03:40 PST,mark.finkle,Last Resolved,2010-11-12 07:03:40,
2010-11-12 07:45:15 PST,tuukka.tolvanen,CC,tuukka.tolvanen,
2010-11-15 08:34:09 PST,mozaakash,Status,VERIFIED,RESOLVED
2010-11-15 08:34:09 PST,mozaakash,CC,mozaakash,
2010-11-15 08:34:20 PST,mozaakash,Flags,in-testsuite?,
