When,Who,What,Added,Removed
2010-11-15 14:08:29 PST,josh,tracking-fennec,?,---
2010-11-16 13:00:43 PST,dougt,Assignee,azakai,nobody
2010-11-16 13:00:43 PST,dougt,CC,doug.turner,
2010-11-16 13:00:43 PST,dougt,tracking-fennec,2.0+,?
2010-11-16 16:16:16 PST,azakai,Attachment #491021                Flags,review?(doug.turner),
2010-11-16 18:03:03 PST,honzab.moz,Attachment #491021                Flags,review-,review?(doug.turner)
2010-11-16 18:10:34 PST,honzab.moz,CC,kaie,
2010-11-19 11:18:50 PST,azakai,Attachment #491021                Attachment is obsolete,1,0
2010-11-19 11:18:50 PST,azakai,Attachment #491893                Flags,review?(honzab.moz),
2010-11-20 11:14:43 PST,honzab.moz,Attachment #491893                Flags,review+,review?(honzab.moz)
2010-11-21 11:26:26 PST,azakai,Status,RESOLVED,NEW
2010-11-21 11:26:26 PST,azakai,Resolution,FIXED,---
2010-11-21 11:26:26 PST,azakai,Last Resolved,2010-11-21 11:26:26,
