When,Who,What,Added,Removed
2010-11-11 15:59:41 PST,neil,Status,ASSIGNED,NEW
2010-11-11 15:59:41 PST,neil,Assignee,neil,nobody
2010-11-11 15:59:41 PST,neil,Attachment #489961                Flags,review?(dwitte),
2010-11-11 16:24:31 PST,dwitte,Attachment #489961                Flags,review+,review?(dwitte)
2010-11-12 14:31:21 PST,dwitte,CC,dwitte,
2011-02-24 01:41:51 PST,neil,Depends on,610267,
2011-03-28 09:47:10 PDT,bzbarsky,CC,bzbarsky,
2011-03-28 09:47:18 PDT,bzbarsky,Whiteboard,not-ready-for-cedar,
2011-03-29 01:37:49 PDT,neil,Attachment #522622                Flags,review?(dbaron),
2011-03-29 01:38:08 PDT,neil,Depends on,,610267
2011-03-29 19:18:59 PDT,dbaron,Attachment #522622                Flags,review+,review?(dbaron)
2011-04-12 11:06:34 PDT,matjk7,CC,matjk7,
2011-04-13 16:58:56 PDT,neil,Attachment #525865                Flags,review?(dwitte),
2011-04-14 10:38:02 PDT,dwitte,Attachment #525865                Flags,review?(jones.chris.g),review?(dwitte)
2011-04-20 12:35:25 PDT,dominique,CC,dominique,
2011-04-20 13:50:42 PDT,cjones.bugs,Attachment #525865                Flags,review?(dbaron),review?(jones.chris.g)
2011-04-20 16:11:49 PDT,dbaron,Attachment #525865                Flags,review+,review?(dbaron)
2011-04-21 02:12:07 PDT,neil,CC,dbaron,
2011-04-21 04:52:59 PDT,neil,Attachment #527509                Flags,review?(dbaron),
2011-04-22 09:17:29 PDT,dbaron,Attachment #527509                Flags,review-,review?(dbaron)
2011-04-30 15:08:47 PDT,neil,Attachment #525865                Attachment is obsolete,1,0
2011-04-30 15:08:47 PDT,neil,Attachment #527509                Attachment is obsolete,1,0
2011-04-30 15:08:47 PDT,neil,Attachment #529318                Flags,review?(dbaron),
2011-05-19 10:33:11 PDT,dbaron,Attachment #529318                Flags,review+,review?(dbaron)
2011-05-24 05:05:53 PDT,neil,Attachment #529318                Flags,review?(dwitte), review?(jones.chris.g),
2011-05-26 11:50:01 PDT,neil,Attachment #529318                Attachment is obsolete,1,0
2011-05-26 11:50:01 PDT,neil,Attachment #529318                Flags,,review?(dwitte), review?(jones.chris.g)
2011-05-26 11:50:01 PDT,neil,Attachment #489961                Attachment is obsolete,1,0
2011-05-26 11:50:01 PDT,neil,Attachment #522622                Attachment is obsolete,1,0
2011-07-14 04:09:56 PDT,neil,Attachment #535423                Flags,review?(dwitte),
2011-09-11 17:25:45 PDT,dwitte,Attachment #535423                Flags,review+,review?(dwitte)
2011-09-14 12:42:54 PDT,neil,Whiteboard,,not-ready-for-cedar
2011-09-14 12:42:54 PDT,neil,Status,RESOLVED,ASSIGNED
2011-09-14 12:42:54 PDT,neil,Resolution,FIXED,---
2011-09-14 12:42:54 PDT,neil,Last Resolved,2011-09-14 12:42:54,
