When,Who,What,Added,Removed
2010-11-11 16:48:30 PST,krupa.mozbugs,CC,krupa.mozbugs,
2010-11-11 16:51:45 PST,wclouser,URL,https://addons.allizom.org/en-US/editors/queue/nominated,
2010-11-12 16:36:18 PST,wclouser,Assignee,chenba,nobody
2010-11-22 02:35:17 PST,chenba,Attachment #492280                Flags,review?(clouserw),
2010-11-23 15:46:08 PST,wclouser,Attachment #492280                Flags,review+,review?(clouserw)
2010-11-23 15:46:17 PST,wclouser,CC,jorge,
2010-11-23 18:32:35 PST,chenba,Status,RESOLVED,NEW
2010-11-23 18:32:35 PST,chenba,Resolution,FIXED,---
2010-11-23 18:32:35 PST,chenba,Last Resolved,2010-11-23 18:32:35,
2010-11-24 11:09:41 PST,wclouser,Whiteboard,[qa+],
