When,Who,What,Added,Removed
2011-11-16 14:41:20 PST,mschroeder,Hardware,All,x86
2011-11-16 14:41:20 PST,mschroeder,OS,All,Windows XP
2011-11-16 14:41:20 PST,mschroeder,Status,NEW,UNCONFIRMED
2011-11-16 14:41:20 PST,mschroeder,Ever confirmed,1,0
2012-03-05 17:54:12 PST,ewong,Status,ASSIGNED,NEW
2012-03-05 17:54:12 PST,ewong,Assignee,ewong,nobody
2012-03-05 17:54:12 PST,ewong,CC,philipp,
2012-03-05 17:54:12 PST,ewong,Attachment #603130                Flags,review?(philipp),
2012-03-06 03:27:47 PST,philipp,Attachment #603130                Flags,review+, approval-calendar-aurora+,review?(philipp)
2012-03-06 06:01:18 PST,ewong,Last Resolved,2012-03-06 06:01:18,
2012-03-06 06:01:18 PST,ewong,Status,RESOLVED,ASSIGNED
2012-03-06 06:01:18 PST,ewong,Resolution,FIXED,---
2012-03-06 07:02:51 PST,philipp,Target Milestone,1.4,---
