When,Who,What,Added,Removed
2010-11-11 16:09:18 PST,themilossh,CC,benoit.leseul,
2010-11-12 03:56:14 PST,gerv,Assignee,server-ops,gerv
2010-11-12 03:56:14 PST,gerv,CC,gerv,
2010-11-12 09:53:29 PST,jlaz,Assignee,jlazaro,server-ops
2010-11-12 09:53:29 PST,jlaz,CC,jlazaro,
2010-11-16 15:09:25 PST,jlaz,Whiteboard,[list created, emailed giganews for newsgroup creation],
2010-11-16 15:09:30 PST,jlaz,Status,ASSIGNED,NEW
2010-12-03 14:17:08 PST,jlaz,Whiteboard,[list and newsgroup created, escalating to google for groups creation],[list created, emailed giganews for newsgroup creation]
2010-12-08 11:17:35 PST,jlaz,Assignee,justdave,jlazaro
2011-01-07 03:36:45 PST,benoit.leseul,CC,ld.blackfox, sonny.piers,
2011-01-07 06:26:36 PST,themilossh,Status,RESOLVED,ASSIGNED
2011-01-07 06:26:36 PST,themilossh,Resolution,FIXED,---
2011-01-07 06:26:36 PST,themilossh,Last Resolved,2011-01-07 06:26:36,
2011-01-07 09:07:03 PST,benoit.leseul,Status,UNCONFIRMED,RESOLVED
2011-01-07 09:07:03 PST,benoit.leseul,Resolution,---,FIXED
2011-01-07 09:07:03 PST,benoit.leseul,Ever confirmed,0,1
2011-01-07 09:14:21 PST,themilossh,Status,NEW,UNCONFIRMED
2011-01-07 09:14:21 PST,themilossh,Ever confirmed,1,0
2011-03-10 01:03:50 PST,justdave,Resolution,FIXED,---
2011-03-10 01:03:50 PST,justdave,Last Resolved,2011-03-10 01:03:50,2011-01-07 06:26:36
2011-03-10 01:03:50 PST,justdave,Whiteboard,,[list and newsgroup created, escalating to google for groups creation]
2011-03-10 01:03:50 PST,justdave,Status,RESOLVED,NEW
