When,Who,What,Added,Removed
2010-11-11 15:57:40 PST,krupa.mozbugs,Blocks,611214,
2010-11-11 16:17:00 PST,krupa.mozbugs,Summary,[edit]:Some optional fields in /edit page are currently "required",[edit]:Homepage URL should not be required field
2010-11-12 13:55:51 PST,wclouser,Priority,P1,--
2010-11-12 13:55:51 PST,wclouser,CC,clouserw,
2010-11-12 13:55:51 PST,wclouser,Target Milestone,5.12.4,5.12.3
2010-11-12 14:13:23 PST,krupa.mozbugs,Summary,[Edit page]:Some optional fields in /edit page are currently "required",[edit]:Some optional fields in /edit page are currently "required"
2010-11-17 16:25:41 PST,krupa.mozbugs,Summary,[Edit page] Some optional fields in /edit page are currently "required",[Edit page]:Some optional fields in /edit page are currently "required"
2010-11-24 16:59:45 PST,gkoberger,Status,RESOLVED,NEW
2010-11-24 16:59:45 PST,gkoberger,Resolution,FIXED,---
2010-11-24 16:59:45 PST,gkoberger,Last Resolved,2010-11-24 16:59:45,
2010-11-26 21:18:10 PST,krupa.mozbugs,Depends on,614025,
2010-12-07 15:38:54 PST,krupa.mozbugs,Status,VERIFIED,RESOLVED
