When,Who,What,Added,Removed
2010-11-12 01:22:29 PST,tabutils+bugzilla,Blocks,591635, 608111,
2010-11-12 01:26:41 PST,fryn,Version,Trunk,unspecified
2010-11-12 01:26:41 PST,fryn,Hardware,All,x86
2010-11-12 01:26:41 PST,fryn,OS,All,Windows XP
2010-11-12 01:26:41 PST,fryn,Status,NEW,UNCONFIRMED
2010-11-12 01:26:41 PST,fryn,CC,fryn, limi,
2010-11-12 01:26:41 PST,fryn,Ever confirmed,1,0
2010-11-12 01:30:41 PST,tabutils+bugzilla,Blocks,601695,
2010-11-12 01:42:31 PST,xtc4uall,CC,xtc4uall,
2010-11-13 10:09:36 PST,c221752,CC,c221752,
2010-11-13 18:00:46 PST,ipottinger,CC,ipottinger,
2010-11-18 19:21:33 PST,fryn,Status,ASSIGNED,NEW
2010-11-18 19:21:33 PST,fryn,Assignee,fryn,nobody
2010-11-18 19:21:33 PST,fryn,Attachment #491753                Flags,review?(dolske), ui-review?(limi),
2010-11-18 19:21:55 PST,fryn,blocking2.0,?,---
2010-11-18 19:32:30 PST,dewmigg,CC,dewmigg,
2010-11-18 19:36:38 PST,faaborg,Attachment #491753                Flags,ui-review+,ui-review?(limi)
2010-11-19 09:01:14 PST,margaret.leibovic,CC,margaret.leibovic,
2010-11-22 08:21:30 PST,gavin.sharp,Attachment #491753                Flags,review+, approval2.0+,review?(dolske)
2010-11-22 08:21:35 PST,gavin.sharp,CC,gavin.sharp,
2010-11-22 08:22:11 PST,gavin.sharp,blocking2.0,betaN+,?
2010-11-22 11:32:03 PST,highmind63,CC,highmind63,
2010-11-22 11:46:04 PST,dugar.siddhartha,CC,dugar.siddhartha,
2010-11-22 11:54:56 PST,fryn,Status,RESOLVED,ASSIGNED
2010-11-22 11:54:56 PST,fryn,Resolution,FIXED,---
2010-11-22 11:54:56 PST,fryn,Last Resolved,2010-11-22 11:54:56,
2010-11-22 11:58:17 PST,fryn,Blocks,,591635
2010-11-22 12:11:41 PST,bzcc,CC,bzcc,
2010-11-22 13:29:45 PST,fryn,Target Milestone,Firefox 4.0b8,---
2010-11-25 11:27:45 PST,alice0775,CC,anton.stephanyak,
2011-02-06 02:05:22 PST,dugar.siddhartha,CC,,dugar.siddhartha
2013-11-13 02:19:54 PST,fryn,CC,,fryn
