When,Who,What,Added,Removed
2010-11-12 08:45:09 PST,bugzillamozillaorg_serge_20140323,Attachment #490113                Flags,review?(roc),
2010-11-12 18:53:42 PST,bugzillamozillaorg_serge_20140323,Attachment #490113                Flags,feedback?(roc),review?(roc)
2010-11-12 19:43:19 PST,bugzillamozillaorg_serge_20140323,Attachment #490321                Flags,review?(roc),
2010-11-13 02:02:45 PST,roc,CC,roc,
2010-11-13 08:46:57 PST,bugzillamozillaorg_serge_20140323,Attachment #490321                Attachment is obsolete,1,0
2010-11-13 08:46:57 PST,bugzillamozillaorg_serge_20140323,Attachment #490394                Flags,review?(roc),
2010-11-13 08:46:57 PST,bugzillamozillaorg_serge_20140323,Attachment #490321                Flags,,review?(roc)
2010-11-14 21:00:00 PST,bugzillamozillaorg_serge_20140323,Attachment #490394                Flags,,review?(roc)
2010-11-14 21:00:00 PST,bugzillamozillaorg_serge_20140323,Attachment #490113                Attachment is obsolete,1,0
2010-11-14 21:00:00 PST,bugzillamozillaorg_serge_20140323,Attachment #490394                Attachment is obsolete,1,0
2010-11-14 21:00:00 PST,bugzillamozillaorg_serge_20140323,Attachment #490509                Flags,review?(roc),
2010-11-14 21:00:00 PST,bugzillamozillaorg_serge_20140323,Attachment #490113                Flags,,feedback?(roc)
2010-11-14 23:35:35 PST,roc,Attachment #490509                Flags,review+,review?(roc)
2010-11-15 12:02:13 PST,bugzillamozillaorg_serge_20140323,Attachment #490509                Attachment description,(Av3) Add executeSoon(), Remove in-test timeout, Remove cookie in "noobserve" case, Have more (explicit) check messages[Checked in: See comment 22],(Av3) Add executeSoon(), Remove in-test timeout, Remove cookie in "noobserve" case, Have more (explicit) check messages
2010-11-15 12:04:02 PST,bugzillamozillaorg_serge_20140323,Hardware,All,x86
2010-11-15 12:04:02 PST,bugzillamozillaorg_serge_20140323,Status,RESOLVED,ASSIGNED
2010-11-15 12:04:02 PST,bugzillamozillaorg_serge_20140323,Resolution,FIXED,---
2010-11-15 12:04:02 PST,bugzillamozillaorg_serge_20140323,Target Milestone,mozilla2.0b8,---
2010-11-15 12:04:02 PST,bugzillamozillaorg_serge_20140323,Flags,in-testsuite+,
2010-11-15 12:04:02 PST,bugzillamozillaorg_serge_20140323,Last Resolved,2010-11-15 12:04:02,
2010-11-15 14:30:19 PST,bugzillamozillaorg_serge_20140323,Attachment #490509                Attachment description,(Av3) Add executeSoon(), Remove in-test timeout, Remove cookie in "noobserve" case, Have more (explicit) check messages[Checked in: See comment 22 & 23],(Av3) Add executeSoon(), Remove in-test timeout, Remove cookie in "noobserve" case, Have more (explicit) check messages[Checked in: See comment 22]
2010-11-15 14:31:58 PST,bugzillamozillaorg_serge_20140323,status1.9.2,.13-fixed,---
2010-11-15 14:31:58 PST,bugzillamozillaorg_serge_20140323,Status,VERIFIED,RESOLVED
2010-11-15 14:46:53 PST,bugzillamozillaorg_serge_20140323,Blocks,612411,
2010-11-15 21:06:20 PST,bugzillamozillaorg_serge_20140323,Keywords,verified1.9.2,
2010-12-02 15:47:17 PST,christian,CC,clegnitto,
2010-12-02 15:47:17 PST,christian,status1.9.1,wontfix,---
2012-11-19 14:40:48 PST,nobody,Keywords,intermittent-failure,
2012-11-25 19:31:15 PST,nobody,Whiteboard,,[orange]
