When,Who,What,Added,Removed
2010-11-12 07:12:37 PST,me+bugzilla,Priority,P5,--
2010-11-12 07:12:37 PST,me+bugzilla,CC,james,
2010-11-15 13:42:30 PST,erik,Assignee,erik,nobody
2010-11-15 13:42:30 PST,erik,CC,erik,
2010-11-18 12:50:07 PST,me+bugzilla,Priority,P2,P5
2010-11-18 12:50:07 PST,me+bugzilla,Target Milestone,Future,2.3
2010-11-18 17:42:02 PST,erik,Status,RESOLVED,NEW
2010-11-18 17:42:02 PST,erik,Resolution,FIXED,---
2010-11-18 17:42:02 PST,erik,Target Milestone,2.3,Future
2010-11-18 17:42:02 PST,erik,Last Resolved,2010-11-18 17:42:02,
2010-11-22 16:33:34 PST,rbillings,Status,VERIFIED,RESOLVED
2010-11-22 16:33:34 PST,rbillings,CC,rbillings,
