When,Who,What,Added,Removed
2010-11-12 09:43:02 PST,dbaron,CC,dbaron,
2010-11-12 09:58:38 PST,dbaron,Attachment #490134                Flags,review?(bzbarsky),
2010-11-12 10:12:44 PST,bzbarsky,Attachment #490134                Flags,review+,review?(bzbarsky)
2010-11-16 10:03:29 PST,dbaron,Hardware,All,x86_64
2010-11-16 10:03:29 PST,dbaron,OS,All,Linux
2010-11-16 10:03:29 PST,dbaron,Status,RESOLVED,NEW
2010-11-16 10:03:29 PST,dbaron,Resolution,FIXED,---
2010-11-16 10:03:29 PST,dbaron,Priority,P4,--
2010-11-16 10:03:29 PST,dbaron,Target Milestone,mozilla2.0b8,---
2010-11-16 10:03:29 PST,dbaron,Last Resolved,2010-11-16 10:03:29,
2010-11-24 01:51:06 PST,Ms2ger,Assignee,dbaron,nobody
