When,Who,What,Added,Removed
2010-11-12 04:09:44 PST,LpSolit,Attachment #490061                Flags,review?(glob),
2010-11-12 04:29:32 PST,glob,Attachment #490061                Flags,review+,review?(glob)
2010-11-12 04:29:43 PST,glob,CC,glob,
2010-11-12 04:29:43 PST,glob,Flags,approval?,
2010-11-12 04:30:19 PST,LpSolit,Flags,approval+, approval4.0+, approval3.6+,approval?
2010-11-12 16:14:11 PST,LpSolit,Status,RESOLVED,ASSIGNED
2010-11-12 16:14:11 PST,LpSolit,Resolution,FIXED,---
2010-11-12 16:14:11 PST,LpSolit,Last Resolved,2010-11-12 16:14:11,
