When,Who,What,Added,Removed
2010-11-12 09:04:14 PST,mozbugs.retornam,CC,mozbugs.retornam,
2010-11-12 09:52:16 PST,jslater,CC,bcutler, lforrest,
2010-11-15 10:46:34 PST,malexis,CC,abuchanan,
2010-11-29 14:45:24 PST,buchanae+bugs,Status,RESOLVED,NEW
2010-11-29 14:45:24 PST,buchanae+bugs,Resolution,FIXED,---
2010-11-29 14:45:24 PST,buchanae+bugs,Last Resolved,2010-11-29 14:45:24,
2010-12-13 16:50:26 PST,mozbugs.retornam,Keywords,qawanted,
2010-12-13 16:50:26 PST,mozbugs.retornam,Status,REOPENED,RESOLVED
2010-12-13 16:50:26 PST,mozbugs.retornam,Resolution,---,FIXED
2010-12-14 11:06:33 PST,mozbugs.retornam,Keywords,,qawanted
2010-12-14 11:07:45 PST,buchanae+bugs,Status,RESOLVED,REOPENED
2010-12-14 11:07:45 PST,buchanae+bugs,Resolution,FIXED,---
2010-12-14 11:07:45 PST,buchanae+bugs,Last Resolved,2010-12-14 11:07:45,2010-11-29 14:45:24
2011-01-11 13:07:31 PST,mozbugs.retornam,Status,VERIFIED,RESOLVED
2012-04-23 08:15:30 PDT,nobody,Product,Websites,Websites
2012-04-23 08:15:30 PDT,nobody,Component,www.mozilla.org,www.mozilla.org/firefox
2012-08-23 00:16:07 PDT,nobody,Product,www.mozilla.org,Websites
2012-08-23 00:16:07 PDT,nobody,Component,General,www.mozilla.org
