When,Who,What,Added,Removed
2010-11-12 09:04:46 PST,me+bugzilla,Priority,P4,--
2010-11-12 09:04:46 PST,me+bugzilla,Component,Knowledge Base Software,General
2010-11-12 09:04:46 PST,me+bugzilla,QA Contact,kb-software,general
2010-11-12 09:04:46 PST,me+bugzilla,CC,james,
2010-11-18 07:40:21 PST,rrosario,Assignee,rrosario,nobody
2010-11-18 07:40:21 PST,rrosario,CC,rrosario,
2010-11-18 09:37:31 PST,rrosario,Status,RESOLVED,NEW
2010-11-18 09:37:31 PST,rrosario,Resolution,FIXED,---
2010-11-18 09:37:31 PST,rrosario,Last Resolved,2010-11-18 09:37:31,
2010-11-22 10:49:31 PST,rbillings,Status,VERIFIED,RESOLVED
2010-11-22 10:49:31 PST,rbillings,CC,rbillings,
