When,Who,What,Added,Removed
2010-11-24 16:59:48 PST,bzbarsky,Depends on,605015,
2010-11-24 16:59:48 PST,bzbarsky,blocking2.0,?,---
2010-12-09 12:00:15 PST,sayrer,CC,sayrer,
2010-12-09 12:00:15 PST,sayrer,blocking2.0,betaN+,?
2010-12-16 13:37:54 PST,luke,CC,lw,
2010-12-16 13:38:05 PST,luke,CC,dvander,
2010-12-20 23:49:36 PST,karlt,CC,karlt,
2010-12-20 23:49:36 PST,karlt,Blocks,438871,
2010-12-20 23:49:36 PST,karlt,Whiteboard,[orange],
2010-12-21 00:09:22 PST,jdemooij,CC,jandemooij,
2010-12-22 11:32:10 PST,karlt,Whiteboard,,[orange]
2010-12-22 11:32:10 PST,karlt,Depends on,,605015
2010-12-22 11:37:19 PST,karlt,Blocks,620991,
2010-12-22 12:13:16 PST,karlt,Depends on,605015,
2010-12-22 12:13:16 PST,karlt,Blocks,,438871
2010-12-29 19:02:19 PST,dmandelin,CC,dmandelin, mrbkap,
2011-01-03 17:50:58 PST,dmandelin,blocking2.0,-,betaN+
2011-01-13 15:15:48 PST,gal,CC,gal,
2011-01-13 15:15:48 PST,gal,blocking2.0,?,-
2011-01-13 15:18:44 PST,dvander,blocking2.0,betaN+,?
2011-01-14 08:13:51 PST,highmind63,CC,highmind63,
2011-01-17 15:44:25 PST,ehsan,CC,ehsan,
2011-01-18 12:05:14 PST,dmandelin,Whiteboard,hardblocker,
2011-01-18 14:54:42 PST,dmandelin,CC,jst, Olli.Pettay,
2011-01-19 17:13:59 PST,jst,CC,peterv,
2011-01-21 18:36:24 PST,dmandelin,Status,ASSIGNED,NEW
2011-01-21 18:36:24 PST,dmandelin,Assignee,dmandelin,general
2011-01-21 18:36:24 PST,dmandelin,Attachment #505664                Attachment is obsolete,1,0
2011-01-23 10:10:23 PST,brendan,CC,brendan,
2011-01-25 12:20:09 PST,dmandelin,Attachment #506851                Flags,review?(jwalden+bmo),
2011-01-25 12:20:22 PST,dmandelin,Attachment #506851                Flags,review?(Olli.Pettay),
2011-01-25 12:20:43 PST,dmandelin,Attachment #506048                Attachment is obsolete,1,0
2011-01-25 12:27:00 PST,bugs,Attachment #506851                Flags,review?(mrbkap),
2011-01-25 13:54:39 PST,bugs,Attachment #506851                Flags,review+,review?(Olli.Pettay)
2011-01-25 16:33:47 PST,dmandelin,Attachment #506897                Attachment is obsolete,1,0
2011-01-25 16:35:48 PST,dmandelin,Attachment #506851                Flags,review?(cam),review?(jwalden+bmo)
2011-01-25 16:46:59 PST,dmandelin,Attachment #506963                Attachment is obsolete,1,0
2011-01-25 16:49:21 PST,dmandelin,Attachment #506851                Flags,,review?(cam)
2011-01-25 16:51:51 PST,brendan,Attachment #506972                Flags,review+,
2011-01-26 16:22:21 PST,dmandelin,Whiteboard,hardblocker, fixed-in-tracemonkey,hardblocker
2011-01-27 11:48:06 PST,mrbkap,Attachment #506851                Flags,review+,review?(mrbkap)
2011-01-27 15:26:40 PST,philringnalda,CC,philringnalda,
2011-01-27 16:59:35 PST,dmandelin,Whiteboard,hardblocker,hardblocker, fixed-in-tracemonkey
2011-01-27 19:11:56 PST,dmandelin,CC,dolske, enndeakin,
2011-01-27 19:31:31 PST,brendan,CC,dbaron,
2011-01-31 14:47:17 PST,dmandelin,Attachment #506851                Attachment is obsolete,1,0
2011-01-31 14:47:17 PST,dmandelin,Attachment #506972                Attachment is obsolete,1,0
2011-01-31 14:47:17 PST,dmandelin,Attachment #508561                Flags,review?(enndeakin),
2011-01-31 14:58:51 PST,asa,Whiteboard,[hardblocker][has patch],hardblocker
2011-01-31 14:58:51 PST,asa,CC,asa,
2011-01-31 15:17:27 PST,magicdice,CC,magicdice,
2011-01-31 15:25:00 PST,dmandelin,Attachment #508561                Attachment is obsolete,1,0
2011-01-31 15:25:00 PST,dmandelin,Attachment #508580                Flags,review?(enndeakin),
2011-01-31 15:25:00 PST,dmandelin,Attachment #508561                Flags,,review?(enndeakin)
2011-01-31 17:00:05 PST,jwalden+bmo,Attachment #506851                Flags,review+,
2011-02-01 06:21:05 PST,enndeakin,Attachment #508580                Flags,review+,review?(enndeakin)
2011-02-01 14:32:16 PST,dmandelin,Whiteboard,[hardblocker][has patch][fixed-in-tracemonkey],[hardblocker][has patch]
2011-02-07 01:43:46 PST,jdemooij,Status,RESOLVED,ASSIGNED
2011-02-07 01:43:46 PST,jdemooij,Resolution,FIXED,---
2011-02-07 01:43:46 PST,jdemooij,Last Resolved,2011-02-07 01:43:46,
2011-02-11 11:52:08 PST,bugs,Blocks,631494,
2011-02-21 20:53:24 PST,bugzillamozillaorg_serge_20140323,Depends on,632433,
2011-11-28 11:53:29 PST,bugzillamozillaorg_serge_20140323,Target Milestone,mozilla2.0b12,---
2013-12-27 14:35:20 PST,asa,CC,,asa
