When,Who,What,Added,Removed
2010-11-12 05:37:14 PST,mak77,CC,mak77,
2010-11-12 05:39:46 PST,mak77,Attachment #490077                Flags,review?,
2010-11-12 05:40:09 PST,mak77,Attachment #490077                Flags,review?(benjamin),review?
2010-11-12 08:52:39 PST,sdwilsh,CC,sdwilsh,
2010-11-12 08:52:39 PST,sdwilsh,blocking2.0,betaN+,---
2010-11-12 09:11:35 PST,highmind63,CC,highmind63,
2010-11-15 11:34:59 PST,sdwilsh,Attachment #490077                Flags,,review?(benjamin)
2010-11-15 17:25:22 PST,mak77,Whiteboard,[fixed-in-places],
2010-12-16 15:25:38 PST,mak77,Status,RESOLVED,ASSIGNED
2010-12-16 15:25:38 PST,mak77,Resolution,FIXED,---
2010-12-16 15:25:38 PST,mak77,Target Milestone,mozilla2.0b9,---
2010-12-16 15:25:38 PST,mak77,Last Resolved,2010-12-16 15:25:38,
