When,Who,What,Added,Removed
2010-11-12 07:37:19 PST,anamaria.moldovan,CC,ahoza, mozaakash,
2010-11-12 07:37:19 PST,anamaria.moldovan,Hardware,ARM,Other
2010-11-12 07:37:19 PST,anamaria.moldovan,OS,Maemo,Other
2010-11-12 09:04:21 PST,mark.finkle,Assignee,mark.finkle,nobody
2010-11-12 09:04:21 PST,mark.finkle,Attachment #490118                Flags,review?(21),
2010-11-12 10:18:21 PST,21,Attachment #490118                Flags,review+,review?(21)
2010-11-12 10:38:13 PST,mark.finkle,Status,RESOLVED,NEW
2010-11-12 10:38:13 PST,mark.finkle,Resolution,FIXED,---
2010-11-12 10:38:13 PST,mark.finkle,Last Resolved,2010-11-12 10:38:13,
2010-11-15 08:32:20 PST,mozaakash,Status,VERIFIED,RESOLVED
2011-07-21 08:41:02 PDT,ioana.chiorean,CC,andreea.pod, ioana.chiorean, nicolae.cristian,
