When,Who,What,Added,Removed
2010-11-12 09:11:36 PST,benjamin,Status,NEW,UNCONFIRMED
2010-11-12 09:11:36 PST,benjamin,CC,jmathies, roc,
2010-11-12 09:11:36 PST,benjamin,Ever confirmed,1,0
2010-11-12 09:11:44 PST,benjamin,blocking2.0,?,---
2010-11-12 10:05:23 PST,grenavitar,CC,grenavitar,
2010-11-12 11:21:31 PST,alice0775,Depends on,611539,
2010-11-12 11:21:31 PST,alice0775,Hardware,x86,x86_64
2010-11-12 11:21:31 PST,alice0775,CC,alice0775,
2010-11-12 11:25:20 PST,alice0775,Blocks,596451,
2010-11-12 11:26:39 PST,emanuel.hoogeveen,CC,emanuel.hoogeveen,
2010-11-12 11:42:08 PST,matafagafo,CC,matafagafo,
2010-11-12 14:15:41 PST,ryanvm,CC,ryanvm,
2010-11-12 15:18:29 PST,antoine.mozilla,CC,geekshadow,
2010-11-12 19:20:38 PST,tnikkel,CC,tnikkel,
2010-11-13 05:27:11 PST,xtc4uall,CC,xtc4uall,
2010-11-14 06:26:34 PST,long.zheng,CC,long.zheng,
2010-11-14 13:50:46 PST,karlt,CC,karlt,
2010-11-15 03:46:07 PST,jmjeffery,CC,jmjeffery,
2010-11-15 06:43:56 PST,benjamin,Assignee,benjamin,nobody
2010-11-15 06:43:56 PST,benjamin,CC,benjamin, cliss,
2010-11-15 06:43:56 PST,benjamin,blocking2.0,betaN+,?
2010-11-15 11:15:37 PST,cliss,CC,smadayag,
2010-11-15 18:46:54 PST,dewmigg,CC,dewmigg,
2010-11-15 21:23:22 PST,mozbugz,CC,dale.bugzilla,
2010-11-18 10:58:51 PST,gavin.sharp,CC,gavin.sharp,
2010-11-18 13:58:30 PST,ehsan,CC,ehsan,
2010-11-25 23:22:09 PST,kozakcsabi,CC,kozakcsabi,
2010-11-26 10:50:22 PST,tmeader,CC,tmeader,
2010-11-26 11:08:06 PST,alex_mayorga,CC,alex_mayorga,
2010-11-26 22:17:58 PST,bytor201,CC,bytor201,
2010-11-27 14:25:10 PST,dougieha,CC,dougieha,
2010-11-29 08:59:59 PST,jmathies,Blocks,613406,
2010-12-01 03:49:43 PST,alice0775,CC,oskar.ivanic,
2010-12-04 08:04:51 PST,bernesb,CC,BernesB,
2010-12-14 10:17:42 PST,jmjeffery,CC,,jmjeffery
2010-12-14 21:03:16 PST,the.decryptor,CC,the.decryptor+bugzilla,
2010-12-22 13:45:06 PST,xtc4uall,CC,m.gerling,
2010-12-22 16:20:04 PST,jon,CC,jon,
2010-12-24 11:32:46 PST,alice0775,CC,cab26715,
2010-12-27 22:29:34 PST,alice0775,CC,loyheng,
2010-12-31 02:19:25 PST,alice0775,CC,mircea.cc,
2011-01-04 08:49:19 PST,benjamin,Assignee,jmathies,benjamin
2011-01-05 08:44:13 PST,raul.malea,CC,raul.malea,
2011-01-06 11:02:40 PST,benjamin,Whiteboard,[hardblocker],
2011-01-06 11:17:07 PST,raul.malea,Blocks,615119,
2011-01-06 12:24:58 PST,jk1700,CC,jk1700,
2011-01-11 06:40:14 PST,jmathies,CC,manoman455,
2011-01-11 15:02:17 PST,dwitte,CC,dwitte,
2011-01-14 01:32:09 PST,felipc,CC,felipc,
2011-01-14 04:36:44 PST,jmathies,Attachment #503799                Attachment is obsolete,1,0
2011-01-14 08:56:13 PST,jmathies,Attachment #503804                Flags,review?(roc),
2011-01-14 12:53:53 PST,roc,Attachment #503804                Flags,review+,review?(roc)
2011-01-14 14:16:07 PST,jmathies,Status,RESOLVED,NEW
2011-01-14 14:16:07 PST,jmathies,Resolution,FIXED,---
2011-01-14 14:16:07 PST,jmathies,Last Resolved,2011-01-14 14:16:07,
2011-01-14 15:31:14 PST,jmathies,Blocks,625933,
2011-01-14 19:02:20 PST,alice0775,CC,donb,
2011-01-15 12:16:50 PST,donb,CC,,donb
2011-01-15 13:01:49 PST,redsign,CC,redsign,
2011-01-16 04:48:28 PST,raul.malea,Blocks,626206,
2011-01-16 11:27:50 PST,vladimir,Depends on,626177,
2011-01-22 15:16:10 PST,jbecerra,Status,VERIFIED,RESOLVED
2011-01-22 15:16:10 PST,jbecerra,CC,jbecerra,
2011-01-28 09:50:27 PST,chofmann,CC,chofmann,
