When,Who,What,Added,Removed
2010-11-12 15:50:31 PST,escapewindow+mozbugs,CC,aki,
2010-12-09 10:52:35 PST,martijn.martijn,CC,martijn.martijn,
2011-01-03 12:47:30 PST,alex.mozilla,CC,alexp,
2011-12-12 19:22:31 PST,escapewindow+mozbugs,Attachment #581145                Flags,review?(ctalbert),
2011-12-12 19:26:55 PST,escapewindow+mozbugs,Blocks,698425,
2011-12-12 19:53:27 PST,escapewindow+mozbugs,Attachment #581145                Attachment is obsolete,1,0
2011-12-12 19:53:27 PST,escapewindow+mozbugs,Attachment #581158                Flags,review?(ctalbert),
2011-12-12 19:53:27 PST,escapewindow+mozbugs,Attachment #581145                Flags,,review?(ctalbert)
2011-12-19 06:01:27 PST,ted,Attachment #581158                Flags,review+,review?(ctalbert)
2011-12-20 09:37:05 PST,cmtalbert,Status,RESOLVED,NEW
2011-12-20 09:37:05 PST,cmtalbert,Resolution,FIXED,---
2011-12-20 09:37:05 PST,cmtalbert,Last Resolved,2011-12-20 09:37:05,
2011-12-20 09:50:17 PST,emorley,Assignee,aki,nobody
2011-12-20 09:50:17 PST,emorley,Target Milestone,mozilla12,---
2012-02-02 19:02:42 PST,john+bugzilla,Attachment #581158                Flags,approval-mozilla-aurora?, approval-mozilla-beta?, approval-mozilla-release?,
2012-02-05 13:53:41 PST,akeybl,Attachment #581158                Flags,approval-mozilla-aurora+, approval-mozilla-beta+, approval-mozilla-release+,approval-mozilla-aurora?, approval-mozilla-beta?, approval-mozilla-release?
2012-02-27 15:37:51 PST,bugspam.Callek,CC,bugspam.Callek,
2012-02-27 15:37:51 PST,bugspam.Callek,status-firefox11,fixed,---
2012-03-08 23:34:53 PST,bugspam.Callek,status-firefox12,fixed,---
