When,Who,What,Added,Removed
2010-11-12 09:05:41 PST,standard8,Attachment #490119                Flags,review?(bienvenu),
2010-11-12 09:05:55 PST,standard8,blocking-thunderbird5.0,.alpha1+,---
2010-11-12 17:37:28 PST,mozilla,Attachment #490119                Flags,review+,review?(bienvenu)
2010-11-13 13:20:29 PST,standard8,Status,RESOLVED,NEW
2010-11-13 13:20:29 PST,standard8,Resolution,FIXED,---
2010-11-13 13:20:29 PST,standard8,Target Milestone,Thunderbird 3.3a1,---
2010-11-13 13:20:29 PST,standard8,Last Resolved,2010-11-13 13:20:29,
2010-11-14 05:07:06 PST,tymerkaev,CC,tymerkaev,
