When,Who,What,Added,Removed
2011-02-03 12:40:02 PST,jzhang,Whiteboard,extension - TP addon only,
2011-02-03 12:40:02 PST,jzhang,CC,jzhang,
2011-02-04 17:03:47 PST,jzhang,Priority,P1,--
2011-02-04 17:03:47 PST,jzhang,Target Milestone,1.2,---
2011-03-31 17:03:19 PDT,jzhang,Target Milestone,1.3,1.2
2011-05-10 12:40:01 PDT,jono,Whiteboard,extension - TP addon only, needs-integration,extension - TP addon only
2011-05-10 12:40:01 PDT,jono,CC,jdicarlo,
2011-05-18 12:38:22 PDT,jono,Attachment #533373                Flags,review?(dtownsend),
2011-05-19 11:33:25 PDT,dtownsend,Attachment #533373                Flags,review+,review?(dtownsend)
2011-05-20 12:59:19 PDT,dtownsend,CC,dtownsend,
2011-05-25 11:02:36 PDT,jono,Status,RESOLVED,NEW
2011-05-25 11:02:36 PDT,jono,Resolution,FIXED,---
2011-05-25 11:02:36 PDT,jono,Last Resolved,2011-05-25 11:02:36,
