When,Who,What,Added,Removed
2010-11-12 08:48:09 PST,davidwboswell,CC,lforrest,
2010-11-12 13:45:17 PST,lforrest,Assignee,lforrest,nobody
2010-11-19 16:08:13 PST,lforrest,Attachment #490223                Attachment is obsolete,1,0
2010-11-19 16:09:54 PST,lforrest,Assignee,paul,lforrest
2010-11-22 20:46:28 PST,posman,Status,RESOLVED,NEW
2010-11-22 20:46:28 PST,posman,Resolution,FIXED,---
2010-11-22 20:46:28 PST,posman,Last Resolved,2010-11-22 20:46:28,
2010-11-23 09:08:20 PST,davidwboswell,Status,REOPENED,RESOLVED
2010-11-23 09:08:20 PST,davidwboswell,Resolution,---,FIXED
2010-11-23 10:35:12 PST,posman,Assignee,david,paul
2010-12-01 09:15:45 PST,davidwboswell,Status,RESOLVED,REOPENED
2010-12-01 09:15:45 PST,davidwboswell,Resolution,FIXED,---
2010-12-01 09:15:45 PST,davidwboswell,Last Resolved,2010-12-01 09:15:45,2010-11-22 20:46:28
2012-08-23 00:16:07 PDT,nobody,Product,www.mozilla.org,Websites
2012-08-23 00:16:07 PDT,nobody,Component,General,www.mozilla.org
