When,Who,What,Added,Removed
2010-11-12 11:29:10 PST,buchanae+bugs,Whiteboard,[ms-11/12],
2010-11-12 11:31:42 PST,buchanae+bugs,Keywords,qawanted,
2010-11-12 11:31:42 PST,buchanae+bugs,Status,ASSIGNED,NEW
2010-11-12 14:22:40 PST,mozbugs.retornam,Depends on,611784,
2010-11-12 14:25:22 PST,mozbugs.retornam,Keywords,,qawanted
2010-11-12 16:56:01 PST,buchanae+bugs,Last Resolved,2010-11-12 16:56:01,
2010-11-12 16:56:01 PST,buchanae+bugs,Status,RESOLVED,ASSIGNED
2010-11-12 16:56:01 PST,buchanae+bugs,Resolution,FIXED,---
2010-11-13 04:25:38 PST,webmaster,CC,webmaster,
2010-11-14 14:36:12 PST,lmesa,CC,lmesa,
2010-11-15 13:16:30 PST,mozbugs.retornam,Status,VERIFIED,RESOLVED
2012-04-23 08:15:30 PDT,nobody,Product,Websites,Websites
2012-04-23 08:15:30 PDT,nobody,Component,www.mozilla.org,www.mozilla.org/firefox
2012-08-23 00:16:07 PDT,nobody,Product,www.mozilla.org,Websites
2012-08-23 00:16:07 PDT,nobody,Component,General,www.mozilla.org
