When,Who,What,Added,Removed
2010-11-12 17:12:37 PST,chimantaea_mirabilis,CC,chimantaea_mirabilis,
2010-11-15 11:48:53 PST,me+bugzilla,Last Resolved,2010-11-15 11:48:53,
2010-11-15 11:48:53 PST,me+bugzilla,Hardware,All,x86
2010-11-15 11:48:53 PST,me+bugzilla,OS,All,Windows 7
2010-11-15 11:48:53 PST,me+bugzilla,Status,RESOLVED,NEW
2010-11-15 11:48:53 PST,me+bugzilla,Resolution,FIXED,---
2010-11-15 11:48:53 PST,me+bugzilla,Priority,P2,--
2010-11-17 16:25:11 PST,rbillings,Status,VERIFIED,RESOLVED
