When,Who,What,Added,Removed
2010-11-12 08:18:45 PST,pnkfelix,Hardware,All,x86
2010-11-12 08:18:45 PST,pnkfelix,OS,All,Mac OS X
2010-11-12 08:19:43 PST,pnkfelix,Attachment #490101                Flags,review?(lhansen),
2010-11-12 08:53:56 PST,lhansen,CC,lhansen,
2010-11-12 10:37:27 PST,pnkfelix,Attachment #490101                Flags,review?(stejohns),review?(lhansen)
2010-11-12 10:44:30 PST,stejohns,Attachment #490101                Flags,review+,review?(stejohns)
2010-11-12 10:46:33 PST,stejohns,Attachment #490101                Flags,review-,review+
2010-11-12 11:28:23 PST,pnkfelix,Attachment #490101                Attachment is obsolete,1,0
2010-11-12 11:28:23 PST,pnkfelix,Attachment #490175                Flags,review?(stejohns),
2010-11-12 11:30:04 PST,stejohns,Attachment #490175                Flags,review+,review?(stejohns)
2010-11-15 18:25:47 PST,stejohns,CC,stejohns, treilly,
2010-11-16 06:25:17 PST,treilly,Status,ASSIGNED,NEW
2010-11-16 06:25:17 PST,treilly,Priority,P3,--
2010-11-16 06:25:17 PST,treilly,Assignee,treilly,nobody
2010-11-16 06:25:17 PST,treilly,Target Milestone,flash10.x - Serrano,---
2010-11-16 06:47:21 PST,treilly,Attachment #490873                Flags,review?(fklockii), superreview?(lhansen),
2010-11-16 06:48:26 PST,treilly,Attachment #490873                Flags,,review?(fklockii), superreview?(lhansen)
2010-11-16 07:41:32 PST,treilly,Attachment #490873                Attachment is obsolete,1,0
2010-11-16 07:41:32 PST,treilly,Attachment #490883                Flags,review?(fklockii), superreview?(lhansen),
2010-11-16 08:45:11 PST,pnkfelix,Attachment #490883                Flags,review+,review?(fklockii)
2010-11-16 23:29:42 PST,lhansen,Attachment #490883                Flags,superreview+,superreview?(lhansen)
2010-11-17 05:35:01 PST,treilly,Status,RESOLVED,ASSIGNED
2010-11-17 05:35:01 PST,treilly,Resolution,FIXED,---
2010-11-17 05:35:01 PST,treilly,Last Resolved,2010-11-17 05:35:01,
2011-02-09 07:54:50 PST,trbaker,CC,trbaker,
2011-02-09 07:54:50 PST,trbaker,Flags,flashplayer-bug+,
