When,Who,What,Added,Removed
2010-11-12 08:55:21 PST,jmathies,CC,jmathies,
2010-11-12 08:55:21 PST,jmathies,blocking2.0,?,---
2010-11-12 08:56:23 PST,jmathies,CC,gavin.sharp,
2010-11-12 09:47:48 PST,tnikkel,CC,tnikkel,
2010-11-12 11:58:50 PST,dao,CC,dao,
2010-11-12 21:57:22 PST,jmathies,Blocks,610201,
2010-11-13 05:26:09 PST,xtc4uall,CC,xtc4uall,
2010-11-13 08:56:56 PST,jmathies,Attachment #490391                Flags,review?(vladimir),
2010-11-13 08:58:02 PST,jmathies,Summary,Txul, Ts regression on XP after landing bug 610201,Txul, Ts regression on XP after landing bug 610201 & bug 586228
2010-11-13 09:33:03 PST,jmathies,Attachment #490399                Flags,review?(vladimir),
2010-11-13 09:33:03 PST,jmathies,Attachment #490391                Flags,,review?(vladimir)
2010-11-13 09:33:03 PST,jmathies,Attachment #490391                Attachment is obsolete,1,0
2010-11-13 12:56:54 PST,vladimir,Attachment #490399                Flags,review+,review?(vladimir)
2010-11-13 12:58:56 PST,jmathies,Attachment #490399                Flags,,review+
2010-11-13 18:19:21 PST,jmathies,Attachment #490399                Attachment is obsolete,1,0
2010-11-13 18:19:21 PST,jmathies,Attachment #490440                Flags,review?(vladimir),
2010-11-13 23:18:53 PST,vladimir,Attachment #490440                Flags,review+,review?(vladimir)
2010-11-14 09:35:03 PST,jmathies,Status,RESOLVED,NEW
2010-11-14 09:35:03 PST,jmathies,Resolution,FIXED,---
2010-11-14 09:35:03 PST,jmathies,blocking2.0,---,?
2010-11-14 09:35:03 PST,jmathies,Last Resolved,2010-11-14 09:35:03,
2010-11-15 08:02:34 PST,mbeltzner,blocking2.0,final+,---
2010-11-15 08:02:34 PST,mbeltzner,CC,beltzner,
2010-11-15 10:17:08 PST,jmathies,Status,VERIFIED,RESOLVED
