When,Who,What,Added,Removed
2010-11-12 04:57:48 PST,spammaaja,Keywords,regression,
2010-11-12 04:57:48 PST,spammaaja,Version,Trunk,unspecified
2010-11-12 05:09:08 PST,spammaaja,CC,benjamin,
2010-11-12 05:49:07 PST,emanuel.hoogeveen,CC,emanuel.hoogeveen,
2010-11-12 06:02:13 PST,spammaaja,Summary,Flash doesn't show its version in the about Flash page when OOPP is enabled,Flash doesn't show its version in the about Flash page
2010-11-12 06:26:11 PST,bugzilla,Status,NEW,UNCONFIRMED
2010-11-12 06:26:11 PST,bugzilla,CC,matti,
2010-11-12 06:26:11 PST,bugzilla,Ever confirmed,1,0
2010-11-12 07:49:11 PST,spammaaja,Summary,Flash doesn't show its version in the about Flash page when OOPP or D2D is enabled,Flash doesn't show its version in the about Flash page when OOPP is enabled
2010-11-12 07:49:19 PST,spammaaja,blocking2.0,?,---
2010-11-12 08:19:23 PST,spammaaja,Summary,[OOPP][D2D] Flash doesn't show its version in the about Flash page when OOPP or D2D is enabled,Flash doesn't show its version in the about Flash page when OOPP or D2D is enabled
2010-11-12 10:26:10 PST,bytor201,CC,bytor201,
2010-11-13 05:19:59 PST,xtc4uall,CC,xtc4uall,
2010-11-13 07:49:26 PST,spammaaja,Summary,[OOPP][D2D][D3D10] Flash doesn't show its version in the about Flash page when OOPP, D2D or D3D10 is enabled,[OOPP][D2D] Flash doesn't show its version in the about Flash page when OOPP or D2D is enabled
2010-11-13 15:48:45 PST,jmjeffery,CC,jmjeffery,
2010-11-17 17:28:10 PST,jst,CC,jst,
2010-11-18 13:25:30 PST,benjamin,Depends on,601064,
2010-11-18 13:34:21 PST,raul.malea,CC,raul.malea,
2010-11-18 13:48:28 PST,tnikkel,CC,tnikkel,
2010-11-24 19:35:50 PST,mozbugz,CC,dale.bugzilla,
2010-12-02 19:13:34 PST,jst,Assignee,bas.schouten,nobody
2010-12-02 19:13:34 PST,jst,blocking2.0,betaN+,?
2010-12-02 19:49:15 PST,alice0775,CC,alice0775,
2010-12-08 11:14:48 PST,bas,Summary,[OOPP][D2D][D3D10] Flash doesn't show its version in the about Flash page when OOPP and D3D10 is enabled,[OOPP][D2D][D3D10] Flash doesn't show its version in the about Flash page when OOPP, D2D or D3D10 is enabled
2010-12-09 11:17:46 PST,bas,Depends on,615316,
2010-12-14 10:17:44 PST,jmjeffery,CC,,jmjeffery
2010-12-15 13:17:11 PST,bas,Status,RESOLVED,NEW
2010-12-15 13:17:11 PST,bas,Resolution,FIXED,---
2010-12-15 13:17:11 PST,bas,Last Resolved,2010-12-15 13:17:11,
2011-02-07 15:42:11 PST,karlt,CC,karlt,
2011-02-07 15:42:11 PST,karlt,Depends on,,601064
