When,Who,What,Added,Removed
2010-11-12 06:22:50 PST,dangoor,CC,ddahl, kdangoor,
2010-11-12 09:58:24 PST,gavin.sharp,CC,gavin.sharp,
2010-11-12 09:58:24 PST,gavin.sharp,Depends on,568661,
2010-11-13 04:43:15 PST,xtc4uall,CC,xtc4uall,
2010-11-22 11:32:18 PST,dangoor,Priority,P1,--
2010-11-22 11:32:18 PST,dangoor,Blocks,593956,
2010-11-22 11:58:53 PST,highmind63,CC,highmind63,
2010-11-25 10:43:46 PST,rcampbell,Status,RESOLVED,NEW
2010-11-25 10:43:46 PST,rcampbell,Resolution,FIXED,---
2010-11-25 10:43:46 PST,rcampbell,CC,rcampbell,
2010-11-25 10:43:46 PST,rcampbell,Last Resolved,2010-11-25 10:43:46,
2010-12-10 10:25:02 PST,jan,Whiteboard,[Web-Console-Testday],
2010-12-10 10:25:02 PST,jan,Status,VERIFIED,RESOLVED
2010-12-10 10:25:02 PST,jan,CC,jan.bambach,
