When,Who,What,Added,Removed
2010-11-12 04:06:34 PST,pratibha,URL,https://preview.addons.mozilla.org/en-US/firefox/users/edit#user-profile,
2010-11-12 04:06:34 PST,pratibha,CC,clouserw, krupa.mozbugs, pratibha, stephen.donner,
2010-11-12 13:39:46 PST,stephen.donner,CC,david.burns,
2010-11-12 13:39:46 PST,stephen.donner,Flags,in-testsuite?,
2010-11-12 13:50:51 PST,wclouser,Status,RESOLVED,NEW
2010-11-12 13:50:51 PST,wclouser,Resolution,WORKSFORME,---
2010-11-12 13:50:51 PST,wclouser,Last Resolved,2010-11-12 13:50:51,
2010-11-12 16:01:05 PST,stephen.donner,Resolution,---,WORKSFORME
2010-11-12 16:01:05 PST,stephen.donner,Status,REOPENED,RESOLVED
2010-11-12 16:34:52 PST,mozilla,Status,NEW,REOPENED
2010-11-12 16:34:52 PST,mozilla,Assignee,jbalogh,nobody
2010-11-12 16:34:52 PST,mozilla,CC,jbalogh,
2010-11-12 16:34:52 PST,mozilla,Target Milestone,5.12.4,---
2010-11-13 02:50:24 PST,dburns,CC,dburns,david.burns
2010-11-17 17:31:20 PST,mozilla,Depends on,613101,
2010-11-17 17:31:50 PST,mozilla,Summary,Put image tasks in a fast queue,Add a user profile pic shows a blank image
2010-11-19 09:14:56 PST,mozilla,Resolution,FIXED,---
2010-11-19 09:14:56 PST,mozilla,Last Resolved,2010-11-19 09:14:56,2010-11-12 13:50:51
2010-11-19 09:14:56 PST,mozilla,Status,RESOLVED,NEW
2011-04-01 01:17:06 PDT,pratibha,Status,VERIFIED,RESOLVED
