When,Who,What,Added,Removed
2010-11-12 07:18:59 PST,bugs,Attachment #490085                Flags,review?(bzbarsky),
2010-11-12 09:39:19 PST,bzbarsky,Attachment #490085                Flags,review+,review?(bzbarsky)
2010-11-12 10:44:27 PST,bugs,Attachment #490085                Flags,approval2.0?,
2010-11-12 14:13:38 PST,ryanvm,CC,ryanvm,
2010-11-23 06:57:55 PST,benjamin,Attachment #490085                Flags,approval2.0+,approval2.0?
2010-11-24 03:34:52 PST,bugs,Status,RESOLVED,NEW
2010-11-24 03:34:52 PST,bugs,Resolution,FIXED,---
2010-11-24 03:34:52 PST,bugs,Last Resolved,2010-11-24 03:34:52,
