When,Who,What,Added,Removed
2010-11-12 08:02:35 PST,me+bugzilla,CC,james,
2010-11-12 08:18:38 PST,djst,CC,djst,
2010-11-12 10:34:05 PST,paul+moz,Assignee,paulc,nobody
2010-11-12 10:34:05 PST,paul+moz,CC,paulc,
2010-11-17 09:39:24 PST,paul+moz,Summary,Default [[Image:]] to frameless and use |frame to enable old behavior,Display inserted images without the image name and border and background css
2010-11-17 11:21:17 PST,paul+moz,Last Resolved,2010-11-17 11:21:17,
2010-11-17 11:21:17 PST,paul+moz,Status,RESOLVED,NEW
2010-11-17 11:21:17 PST,paul+moz,Resolution,FIXED,---
2010-11-18 13:09:03 PST,rbillings,Status,VERIFIED,RESOLVED
2010-11-18 13:09:03 PST,rbillings,CC,rbillings,
