When,Who,What,Added,Removed
2010-11-12 11:42:37 PST,reed,CC,reed,
2010-11-12 12:09:31 PST,bzbarsky,CC,bent.mozilla, bzbarsky,
2010-11-12 12:09:31 PST,bzbarsky,blocking2.0,?,---
2010-11-12 14:11:04 PST,dveditz,Attachment #490180                Attachment mime type,application/java-archive,application/zip
2010-11-12 14:47:20 PST,dveditz,CC,dveditz, jonas,
2010-11-12 16:16:49 PST,bent.mozilla,Status,ASSIGNED,UNCONFIRMED
2010-11-12 16:16:49 PST,bent.mozilla,Assignee,bent.mozilla,nobody
2010-11-12 16:16:49 PST,bent.mozilla,Ever confirmed,1,0
2010-11-12 18:53:24 PST,dveditz,Keywords,regression,
2010-11-12 18:53:24 PST,dveditz,status1.9.2,unaffected,---
2010-11-12 22:47:22 PST,gavin.sharp,CC,gavin.sharp,
2010-11-13 17:37:35 PST,bent.mozilla,Attachment #490439                Flags,review?(jorendorff),
2010-11-16 12:03:44 PST,bent.mozilla,Attachment #490944                Flags,review?(jorendorff),
2010-11-16 12:03:44 PST,bent.mozilla,Attachment #490439                Flags,,review?(jorendorff)
2010-11-16 12:03:44 PST,bent.mozilla,Attachment #490439                Attachment is obsolete,1,0
2010-11-16 13:19:35 PST,dveditz,Whiteboard,[sg:moderate] maybe sg:high?,
2010-11-16 23:24:27 PST,jst,CC,jst,
2010-11-16 23:24:27 PST,jst,blocking2.0,betaN+,?
2010-11-24 14:50:57 PST,jorendorff,Attachment #490944                Flags,review+,review?(jorendorff)
2010-12-03 13:28:38 PST,dveditz,Whiteboard,[sg:moderate],[sg:moderate] maybe sg:high?
2010-12-08 07:57:10 PST,bent.mozilla,Attachment #490944                Attachment is obsolete,1,0
2010-12-08 07:57:10 PST,bent.mozilla,Attachment #496151                Flags,review+,
2010-12-08 08:36:45 PST,bent.mozilla,Whiteboard,[sg:moderate] fixed-in-tracemonkey,[sg:moderate]
2010-12-09 10:42:51 PST,sayrer,Status,RESOLVED,ASSIGNED
2010-12-09 10:42:51 PST,sayrer,Resolution,FIXED,---
2010-12-09 10:42:51 PST,sayrer,CC,sayrer,
2010-12-09 10:42:51 PST,sayrer,Last Resolved,2010-12-09 10:42:51,
2011-01-15 10:46:46 PST,dveditz,Group,,core-security
2011-01-15 10:46:46 PST,dveditz,status1.9.1,unaffected,---
