When,Who,What,Added,Removed
2010-11-12 10:25:09 PST,deletesoftware+moz,Target Milestone,2.3,---
2010-11-18 06:50:07 PST,rrosario,CC,rrosario,
2010-11-18 06:50:07 PST,rrosario,Hardware,All,x86
2010-11-18 06:50:07 PST,rrosario,OS,All,Linux
2010-11-18 06:50:07 PST,rrosario,Priority,P2,--
2010-11-18 06:50:48 PST,rrosario,Assignee,rrosario,nobody
2010-11-18 13:16:22 PST,rrosario,Status,RESOLVED,NEW
2010-11-18 13:16:22 PST,rrosario,Resolution,FIXED,---
2010-11-18 13:16:22 PST,rrosario,Last Resolved,2010-11-18 13:16:22,
2010-11-18 15:17:26 PST,rbillings,Status,VERIFIED,RESOLVED
2010-11-18 15:17:26 PST,rbillings,CC,rbillings,
