When,Who,What,Added,Removed
2010-11-12 09:33:44 PST,wclouser,Depends on,611706,
2010-11-12 17:45:22 PST,wclouser,Target Milestone,5.12.5,5.12.4
2011-04-12 15:26:53 PDT,wclouser,Target Milestone,Q2 2011,5.12.5
2011-04-12 15:39:03 PDT,wclouser,Depends on,649513,
2011-04-22 15:09:17 PDT,wclouser,Target Milestone,6.0.9,Q2 2011
2011-05-02 11:29:53 PDT,wclouser,Depends on,654181,
2011-05-09 14:19:30 PDT,krupa.mozbugs,Depends on,655833,
2011-05-09 16:03:39 PDT,krupa.mozbugs,Depends on,655867,
2011-05-12 09:30:05 PDT,wclouser,Target Milestone,Q2 2011,6.0.9
2011-07-01 10:23:30 PDT,wclouser,Target Milestone,Q3 2011,Q2 2011
2011-07-12 14:11:44 PDT,krupa.mozbugs,Depends on,671070,
2011-07-12 14:18:03 PDT,krupa.mozbugs,Depends on,671072,
2011-08-19 17:04:00 PDT,mozilla,CC,jbalogh,
2011-08-19 17:04:00 PDT,mozilla,Target Milestone,6.2.3,Q3 2011
2011-08-24 19:21:38 PDT,mozilla,Depends on,681846,
2011-08-24 19:23:50 PDT,mozilla,Depends on,681847,
2011-08-24 19:45:49 PDT,mozilla,Depends on,681851,
2011-09-01 17:14:41 PDT,krupa.mozbugs,Depends on,684113,
2011-09-01 17:55:56 PDT,krupa.mozbugs,Depends on,649518,
2011-09-07 13:39:20 PDT,wclouser,Target Milestone,6.2.4,6.2.3
2011-09-14 09:10:39 PDT,krupa.mozbugs,Depends on,686640,
2011-09-14 09:16:54 PDT,krupa.mozbugs,Depends on,686668,
2011-09-14 09:41:59 PDT,krupa.mozbugs,Depends on,686646,
2011-09-14 14:37:11 PDT,krupa.mozbugs,Depends on,686711,
2011-09-22 10:25:45 PDT,krupa.mozbugs,CC,krupa.mozbugs,
2011-09-22 10:25:45 PDT,krupa.mozbugs,Target Milestone,6.2.5,6.2.4
2011-09-22 10:31:21 PDT,cboldan.mozbugs,Depends on,687454,
2011-09-22 10:52:10 PDT,cboldan.mozbugs,Depends on,686894,
2011-09-22 10:52:24 PDT,cboldan.mozbugs,Depends on,686908,
2011-09-22 10:52:40 PDT,cboldan.mozbugs,Depends on,686889,
2011-09-22 10:52:58 PDT,cboldan.mozbugs,Depends on,686910,
2011-09-22 10:53:02 PDT,cboldan.mozbugs,Depends on,686914,
2011-09-22 10:53:31 PDT,cboldan.mozbugs,Depends on,687048,
2011-09-22 10:54:09 PDT,cboldan.mozbugs,Depends on,687055,
2011-09-22 10:54:19 PDT,cboldan.mozbugs,Depends on,687067,
2011-09-22 10:54:35 PDT,cboldan.mozbugs,Depends on,687079,
2011-09-22 13:31:45 PDT,wclouser,CC,thepotch,
2011-09-24 06:20:10 PDT,pratibha,Depends on,686447,
2011-09-24 06:20:21 PDT,pratibha,Depends on,686628,
2011-09-24 06:21:22 PDT,pratibha,Depends on,686629,
2011-09-24 06:21:32 PDT,pratibha,Depends on,686632,
2011-09-24 06:21:37 PDT,pratibha,Depends on,686638,
2011-09-24 06:22:28 PDT,pratibha,Depends on,686643,
2011-09-28 11:23:40 PDT,mozilla,Depends on,,687454
2011-10-10 10:47:08 PDT,cvan,CC,cwiemeersch,
2011-10-11 00:40:12 PDT,pratibha,Depends on,693541,
2011-10-14 09:40:50 PDT,krupa.mozbugs,Depends on,692941,
2011-10-17 02:17:36 PDT,saikrishna,Depends on,694929,
2011-10-17 02:18:00 PDT,saikrishna,Depends on,694922,
2011-10-17 03:09:36 PDT,cboldan.mozbugs,Depends on,694936,
2011-10-17 03:28:10 PDT,cboldan.mozbugs,Depends on,694938,
2011-10-17 04:36:11 PDT,pratibha,Depends on,694947,
2011-10-17 04:51:32 PDT,pratibha,Depends on,694951,
2011-10-17 05:41:34 PDT,cboldan.mozbugs,Depends on,694957,
2011-10-17 06:09:13 PDT,cboldan.mozbugs,Depends on,694961,
2011-10-17 06:54:15 PDT,cboldan.mozbugs,Depends on,694971,
2011-10-17 06:56:26 PDT,cboldan.mozbugs,Depends on,694972,
2011-10-17 07:19:58 PDT,cboldan.mozbugs,Depends on,694978,
2011-10-17 08:05:46 PDT,cboldan.mozbugs,Depends on,694993,
2011-10-17 09:50:59 PDT,cboldan.mozbugs,Depends on,695033,
2011-10-17 21:14:18 PDT,pratibha,Depends on,694959,
2011-10-17 21:14:24 PDT,pratibha,Depends on,694945,
2011-10-17 21:14:35 PDT,pratibha,Depends on,694937,
2011-10-17 21:15:07 PDT,pratibha,Depends on,694920,
2011-10-17 21:15:34 PDT,pratibha,Depends on,694946,
2011-10-18 08:51:25 PDT,cboldan.mozbugs,Depends on,695341,
2011-10-20 10:35:36 PDT,wclouser,Depends on,696146,
2011-10-20 14:53:38 PDT,wclouser,Depends on,696226,
2011-10-24 00:30:51 PDT,saikrishna,Depends on,696706,
2011-10-24 00:48:41 PDT,pratibha,Depends on,696708,
2011-10-24 14:52:01 PDT,krupa.mozbugs,Depends on,696904,
2011-10-24 23:44:03 PDT,thepotch,Depends on,578464,
2011-10-25 03:28:19 PDT,pratibha,Depends on,697047,
2011-10-25 03:43:57 PDT,saikrishna,Depends on,697051,
2011-10-25 23:32:45 PDT,krupa.mozbugs,Depends on,697358,
2011-10-25 23:44:13 PDT,trev.moz,Depends on,697362,
2011-10-25 23:54:34 PDT,trev.moz,Depends on,697364,
2011-10-25 23:58:42 PDT,trev.moz,Depends on,697366,
2011-10-26 00:01:29 PDT,trev.moz,Depends on,697367,
2011-10-26 00:05:58 PDT,trev.moz,Depends on,697368,
2011-10-26 00:24:45 PDT,trev.moz,Depends on,697372,
2011-10-26 00:28:25 PDT,trev.moz,Depends on,697373,
2011-10-26 00:49:35 PDT,trev.moz,Depends on,697375,
2011-10-26 10:34:51 PDT,krupa.mozbugs,Depends on,697432,
2011-10-26 15:08:14 PDT,krupa.mozbugs,Depends on,697583,
2011-10-27 09:56:00 PDT,thepotch,Depends on,694970,
2011-10-27 10:24:57 PDT,krupa.mozbugs,Depends on,682102,
2011-10-27 13:02:35 PDT,krupa.mozbugs,Depends on,697784,
2011-10-27 19:12:57 PDT,krupa.mozbugs,Depends on,531670,
2011-10-27 19:41:44 PDT,krupa.mozbugs,Depends on,566742,
2011-10-27 19:42:16 PDT,krupa.mozbugs,Depends on,612970,
2011-10-27 19:44:27 PDT,krupa.mozbugs,Depends on,585646,
2011-10-27 22:37:01 PDT,trev.moz,Depends on,491561,
2011-10-27 22:43:17 PDT,thepotch,Depends on,479398,
2011-10-28 03:24:24 PDT,pratibha,Depends on,697957,
2011-11-03 06:10:21 PDT,pratibha,Depends on,699379,
2011-11-03 09:23:14 PDT,krupa.mozbugs,Depends on,699369,
2011-11-03 09:32:53 PDT,cboldan.mozbugs,Depends on,699386,
2011-11-03 09:36:50 PDT,cboldan.mozbugs,Depends on,697388,
2011-11-03 09:38:02 PDT,cboldan.mozbugs,Depends on,686918,
2011-11-03 09:38:30 PDT,cboldan.mozbugs,Depends on,687454,
2011-11-03 09:45:28 PDT,johnny.mozbugs,Depends on,697461,
2011-11-04 14:10:24 PDT,krupa.mozbugs,Status,RESOLVED,NEW
2011-11-04 14:10:24 PDT,krupa.mozbugs,Resolution,FIXED,---
2011-11-04 14:10:24 PDT,krupa.mozbugs,Last Resolved,2011-11-04 14:10:24,
2011-11-11 06:46:56 PST,johnny.mozbugs,CC,johnny.mozbugs,
2011-11-11 06:46:56 PST,johnny.mozbugs,Status,REOPENED,RESOLVED
2011-11-11 06:46:56 PST,johnny.mozbugs,Resolution,---,FIXED
2011-11-11 07:02:06 PST,johnny.mozbugs,Blocks,701696,
2011-11-11 07:34:23 PST,johnny.mozbugs,Blocks,701707,
2011-11-11 08:20:39 PST,johnny.mozbugs,Blocks,701728,
2011-11-11 10:06:49 PST,mozilla,Status,RESOLVED,REOPENED
2011-11-11 10:06:49 PST,mozilla,Resolution,FIXED,---
2011-11-11 10:06:49 PST,mozilla,Last Resolved,2011-11-11 10:06:49,2011-11-04 14:10:24
2011-12-12 15:49:10 PST,krupa.mozbugs,Depends on,710015,
