When,Who,What,Added,Removed
2010-11-12 10:25:39 PST,mbrubeck,Depends on,585875,
2010-11-12 10:25:39 PST,mbrubeck,tracking-fennec,?,---
2010-11-12 12:10:47 PST,blassey.bugs,Assignee,mbrubeck,nobody
2010-11-12 12:10:47 PST,blassey.bugs,CC,blassey.bugs,
2010-11-12 12:10:47 PST,blassey.bugs,tracking-fennec,2.0+,?
2010-11-12 12:18:18 PST,mbrubeck,Blocks,611730,
2010-11-17 17:15:51 PST,mbrubeck,Attachment #491398                Flags,review?(ben), review?(mark.finkle),
2010-11-18 07:22:49 PST,mbrubeck,Attachment #491398                Attachment is obsolete,1,0
2010-11-18 07:22:49 PST,mbrubeck,Attachment #491527                Flags,review?(ben), review?(mark.finkle),
2010-11-18 07:22:49 PST,mbrubeck,Attachment #491398                Flags,,review?(ben), review?(mark.finkle)
2010-11-18 09:52:25 PST,ben,Attachment #491527                Flags,review+,review?(ben)
2010-11-18 15:30:57 PST,mbrubeck,Attachment #491527                Flags,,review?(mark.finkle)
2010-11-18 15:33:17 PST,mbrubeck,Status,RESOLVED,NEW
2010-11-18 15:33:17 PST,mbrubeck,Resolution,FIXED,---
2010-11-18 15:33:17 PST,mbrubeck,Last Resolved,2010-11-18 15:33:17,
2010-11-22 11:51:52 PST,nhirata.bugzilla,CC,nhirata.bugzilla,
2010-11-22 11:51:52 PST,nhirata.bugzilla,Flags,in-litmus+,
2011-03-15 04:46:30 PDT,martijn.martijn,Status,VERIFIED,RESOLVED
2011-03-15 04:46:30 PDT,martijn.martijn,CC,martijn.martijn,
