When,Who,What,Added,Removed
2010-11-12 12:30:04 PST,rcampbell,CC,rcampbell,
2010-11-12 13:29:47 PST,dangoor,Blocks,593956,
2010-11-12 15:22:31 PST,antoine.mozilla,CC,geekshadow,
2010-11-12 20:25:16 PST,philip.chee,Whiteboard,[parity-chrome] [parity-safari] [strings] [dupme],[parity-chrome] [parity-safari] [strings]
2010-11-12 20:25:16 PST,philip.chee,CC,philip.chee,
2010-11-12 23:51:40 PST,gavin.sharp,Whiteboard,[parity-chrome] [parity-safari] [strings],[parity-chrome] [parity-safari] [strings] [dupme]
2010-11-12 23:51:40 PST,gavin.sharp,CC,gavin.sharp,
2010-11-18 10:34:33 PST,dangoor,Blocks,,605621
2010-11-20 02:55:25 PST,bzcc,CC,bzcc,
2010-11-22 11:37:29 PST,dangoor,Priority,P2,--
2010-11-22 11:59:06 PST,highmind63,CC,highmind63,
2010-11-27 11:32:09 PST,piyush_soni,CC,piyush_soni,
2011-01-17 07:48:37 PST,rcampbell,blocking2.0,?,---
2011-01-17 07:49:56 PST,rcampbell,Depends on,605621,
2011-01-17 11:32:21 PST,mbeltzner,blocking2.0,-,?
2011-01-17 11:32:21 PST,mbeltzner,CC,beltzner,
2011-01-17 11:42:17 PST,rcampbell,Whiteboard,[parity-chrome] [parity-safari],[parity-chrome] [parity-safari] [strings]
2011-01-17 11:47:50 PST,rcampbell,blocking2.0,?,-
2011-01-17 21:13:27 PST,mbeltzner,Keywords,,uiwanted
2011-01-17 21:13:27 PST,mbeltzner,Whiteboard,[parity-chrome] [parity-safari] [softblocker],[parity-chrome] [parity-safari]
2011-01-17 21:13:27 PST,mbeltzner,blocking2.0,final+,?
2011-01-19 11:52:20 PST,rcampbell,Assignee,rcampbell,pwalton
2011-01-21 14:46:12 PST,rcampbell,Attachment #505904                Attachment is obsolete,1,0
2011-01-21 14:58:30 PST,rcampbell,Depends on,611440,
2011-01-25 12:43:13 PST,rcampbell,Attachment #505963                Attachment is obsolete,1,0
2011-01-26 13:45:13 PST,rcampbell,Attachment #506863                Attachment is obsolete,1,0
2011-01-26 13:45:13 PST,rcampbell,Attachment #507243                Flags,feedback?,
2011-01-26 13:46:48 PST,rcampbell,Attachment #507244                Flags,feedback?(mihai.sucan),
2011-01-26 13:47:10 PST,rcampbell,Attachment #507243                Flags,feedback?(mihai.sucan),feedback?
2011-01-27 09:07:59 PST,mihai.sucan,Attachment #507243                Flags,feedback+,feedback?(mihai.sucan)
2011-01-27 09:17:49 PST,mihai.sucan,Attachment #507244                Flags,feedback+,feedback?(mihai.sucan)
2011-01-27 12:02:41 PST,rcampbell,Attachment #507243                Attachment is obsolete,1,0
2011-01-27 12:02:41 PST,rcampbell,Attachment #507574                Flags,review?(gavin.sharp),
2011-01-27 12:03:12 PST,rcampbell,Attachment #507244                Flags,review?(gavin.sharp),
2011-01-29 01:18:23 PST,mihai.sucan,CC,mihai.sucan,
2011-02-01 08:21:50 PST,rcampbell,Whiteboard,[parity-chrome] [parity-safari] [softblocker] [in-review],[parity-chrome] [parity-safari] [softblocker]
2011-02-01 08:21:50 PST,rcampbell,Target Milestone,Firefox 4.0b10,---
2011-02-01 17:26:35 PST,rcampbell,Blocks,630693,
2011-02-02 05:33:42 PST,rcampbell,Target Milestone,---,Firefox 4.0b10
2011-02-05 10:21:03 PST,rcampbell,Attachment #510030                Flags,feedback?(mihai.sucan), feedback?(gavin.sharp),
2011-02-06 22:53:32 PST,brendan,CC,brendan,
2011-02-10 05:01:16 PST,rcampbell,Attachment #511358                Flags,feedback?(mihai.sucan), feedback?(ddahl),
2011-02-10 06:24:44 PST,bugzilla,CC,ddahl,
2011-02-15 16:32:05 PST,dcamp,Attachment #512653                Flags,review?(gavin.sharp),
2011-02-15 16:34:38 PST,dcamp,CC,dcamp,
2011-02-15 20:16:30 PST,mbeltzner,Whiteboard,[parity-chrome] [parity-safari] [softblocker] [in-review] [pre-approved by beltzner],[parity-chrome] [parity-safari] [softblocker] [in-review]
2011-02-18 11:37:19 PST,rcampbell,Attachment #507244                Flags,,review?(gavin.sharp)
2011-02-18 11:37:40 PST,rcampbell,Attachment #510030                Flags,,feedback?(mihai.sucan), feedback?(gavin.sharp)
2011-02-18 11:38:00 PST,rcampbell,Attachment #507574                Flags,,review?(gavin.sharp)
2011-02-18 11:38:15 PST,rcampbell,Attachment #511358                Flags,,feedback?(mihai.sucan), feedback?(ddahl)
2011-02-18 11:40:10 PST,sdwilsh,CC,sdwilsh,
2011-02-18 11:57:51 PST,sdwilsh,Attachment #512653                Flags,review+,review?(gavin.sharp)
2011-02-18 12:36:01 PST,rcampbell,Attachment #507244                Attachment is obsolete,1,0
2011-02-18 12:36:01 PST,rcampbell,Attachment #507574                Attachment is obsolete,1,0
2011-02-18 12:36:01 PST,rcampbell,Attachment #510030                Attachment is obsolete,1,0
2011-02-18 12:36:01 PST,rcampbell,Attachment #511358                Attachment is obsolete,1,0
2011-02-18 12:36:01 PST,rcampbell,Attachment #512653                Attachment is obsolete,1,0
2011-02-18 12:36:01 PST,rcampbell,Attachment #513560                Flags,review?(gavin.sharp),
2011-02-18 14:39:02 PST,rcampbell,Attachment #513560                Attachment is obsolete,1,0
2011-02-18 14:39:02 PST,rcampbell,Attachment #513603                Flags,review?(gavin.sharp),
2011-02-18 14:39:02 PST,rcampbell,Attachment #513560                Flags,,review?(gavin.sharp)
2011-02-21 05:43:56 PST,xtc4uall,CC,xtc4uall,
2011-02-23 05:27:31 PST,rcampbell,Attachment #513603                Flags,review?(dao),review?(gavin.sharp)
2011-02-23 05:51:13 PST,dao,CC,dao,
2011-02-24 12:25:14 PST,rcampbell,Attachment #514871                Flags,review?(dao),
2011-02-24 12:25:14 PST,rcampbell,Attachment #513603                Flags,,review?(dao)
2011-02-24 12:25:14 PST,rcampbell,Attachment #513603                Attachment is obsolete,1,0
2011-02-24 13:23:20 PST,rcampbell,Attachment #505905                Attachment is obsolete,1,0
2011-02-24 13:33:47 PST,rcampbell,Attachment #505965                Attachment is obsolete,1,0
2011-02-24 13:37:26 PST,rcampbell,Attachment #514871                Attachment is obsolete,1,0
2011-02-24 13:37:26 PST,rcampbell,Attachment #514906                Flags,review?(dao),
2011-02-24 13:37:26 PST,rcampbell,Attachment #514871                Flags,,review?(dao)
2011-02-24 14:18:40 PST,dao,Attachment #514906                Flags,review-,review?(dao)
2011-02-25 06:49:45 PST,rcampbell,Attachment #514891                Attachment is obsolete,1,0
2011-02-25 06:58:11 PST,rcampbell,Attachment #514906                Attachment is obsolete,1,0
2011-02-25 06:58:11 PST,rcampbell,Attachment #515062                Flags,review?(dao),
2011-02-25 07:28:17 PST,dao,Attachment #515062                Flags,review+,review?(dao)
2011-02-25 11:09:56 PST,rcampbell,Attachment #514899                Attachment is obsolete,1,0
2011-02-25 11:18:36 PST,rcampbell,Attachment #515062                Attachment is obsolete,1,0
2011-02-25 14:14:25 PST,rcampbell,Attachment #515138                Attachment description,[checked-in] repeats v13,repeats v13
2011-02-25 14:14:45 PST,rcampbell,Status,RESOLVED,ASSIGNED
2011-02-25 14:14:45 PST,rcampbell,Resolution,FIXED,---
2011-02-25 14:14:45 PST,rcampbell,Last Resolved,2011-02-25 14:14:45,
2011-03-01 02:01:15 PST,jk1700,Depends on,637602,
2011-03-08 05:31:32 PST,vlad.mozbugs,Status,VERIFIED,RESOLVED
2011-03-08 05:31:32 PST,vlad.mozbugs,CC,vlad.maniac,
2011-07-08 06:59:06 PDT,dao,Depends on,670140,
2012-02-01 08:35:34 PST,bugzilla,CC,bugzilla,
2013-03-25 00:10:29 PDT,cake,CC,cake,
2013-03-28 14:20:13 PDT,jwalker,CC,jwalker,
2014-08-04 07:51:49 PDT,vito.detullio,CC,vito.detullio,
