When,Who,What,Added,Removed
2010-11-12 10:32:05 PST,rsx11m.pub,Status,ASSIGNED,NEW
2010-11-12 10:32:05 PST,rsx11m.pub,Assignee,rsx11m.pub,nobody
2010-11-12 10:32:05 PST,rsx11m.pub,Attachment #490147                Flags,review?(iann_bugzilla), superreview?(neil),
2010-11-14 08:22:47 PST,neil,Attachment #490147                Flags,superreview+,superreview?(neil)
2010-11-14 09:46:03 PST,rsx11m.pub,Attachment #490147                Attachment is obsolete,1,0
2010-11-14 09:46:03 PST,rsx11m.pub,Attachment #490460                Flags,review?(iann_bugzilla), superreview+,
2010-11-14 09:46:03 PST,rsx11m.pub,Attachment #490147                Flags,,review?(iann_bugzilla)
2010-11-14 14:08:15 PST,iann_bugzilla,CC,iann_bugzilla,
2010-11-14 14:09:18 PST,iann_bugzilla,Attachment #490460                Flags,review+,review?(iann_bugzilla)
2010-11-14 16:23:21 PST,rsx11m.pub,Attachment #490460                Attachment is obsolete,1,0
2010-11-14 16:23:21 PST,rsx11m.pub,Attachment #490496                Flags,review+, superreview+,
2010-11-14 16:23:39 PST,rsx11m.pub,Keywords,checkin-needed,
2010-11-14 16:23:39 PST,rsx11m.pub,Whiteboard,[c-n: comm-central],
2010-11-17 10:04:52 PST,jh,Attachment #490496                Attachment description,Final patch for checkin [Checkin: comment 8],Final patch for checkin
2010-11-17 10:05:16 PST,jh,Keywords,,checkin-needed
2010-11-17 10:05:16 PST,jh,Whiteboard,,[c-n: comm-central]
2010-11-17 10:05:16 PST,jh,CC,jh,
2010-11-17 10:05:16 PST,jh,Target Milestone,seamonkey2.1b2,---
2010-11-17 10:13:17 PST,rsx11m.pub,Status,RESOLVED,ASSIGNED
2010-11-17 10:13:17 PST,rsx11m.pub,Resolution,FIXED,---
2010-11-17 10:13:17 PST,rsx11m.pub,Last Resolved,2010-11-17 10:13:17,
