When,Who,What,Added,Removed
2010-11-12 12:51:55 PST,me+bugzilla,Summary,Translations don't have version/OS attributes in Sphinx,Search failing
2010-11-12 12:51:55 PST,me+bugzilla,Priority,P2,--
2010-11-12 12:51:55 PST,me+bugzilla,Assignee,james,nobody
2010-11-12 15:41:24 PST,me+bugzilla,Status,RESOLVED,NEW
2010-11-12 15:41:24 PST,me+bugzilla,Resolution,FIXED,---
2010-11-12 15:41:24 PST,me+bugzilla,Last Resolved,2010-11-12 15:41:24,
2010-11-15 15:32:06 PST,rbillings,CC,rbillings,
2010-11-23 11:30:27 PST,rbillings,Status,REOPENED,RESOLVED
2010-11-23 11:30:27 PST,rbillings,Resolution,---,FIXED
2010-11-23 11:36:46 PST,me+bugzilla,Status,RESOLVED,REOPENED
2010-11-23 11:36:46 PST,me+bugzilla,Resolution,FIXED,---
2010-11-23 11:36:46 PST,me+bugzilla,Last Resolved,2010-11-23 11:36:46,2010-11-12 15:41:24
2010-11-23 11:43:05 PST,rbillings,Status,VERIFIED,RESOLVED
