When,Who,What,Added,Removed
2010-12-01 09:24:48 PST,me+bugzilla,Target Milestone,2.3.2,2.3.1
2010-12-01 14:34:21 PST,me+bugzilla,Target Milestone,2.4.1,2.3.2
2011-01-03 14:45:09 PST,me+bugzilla,Target Milestone,2.4.2,2.4.1
2011-01-13 07:17:04 PST,me+bugzilla,CC,james,
2011-01-13 07:17:04 PST,me+bugzilla,Blocks,623599,
2011-01-13 07:17:04 PST,me+bugzilla,Target Milestone,2.4.3,2.4.2
2011-01-21 08:13:31 PST,me+bugzilla,Target Milestone,2011Q1,2.4.3
2011-01-27 08:11:27 PST,rrosario,Assignee,rrosario,nobody
2011-01-27 08:11:27 PST,rrosario,CC,rrosario,
2011-01-27 09:40:45 PST,rrosario,Target Milestone,2.5,2011Q1
2011-01-27 14:22:37 PST,rrosario,Whiteboard,[qa-],
2011-01-27 14:22:37 PST,rrosario,Status,RESOLVED,NEW
2011-01-27 14:22:37 PST,rrosario,Resolution,FIXED,---
2011-01-27 14:22:37 PST,rrosario,Last Resolved,2011-01-27 14:22:37,
2011-02-01 11:38:50 PST,rbillings,Status,VERIFIED,RESOLVED
2011-02-01 11:38:50 PST,rbillings,CC,rbillings,
