When,Who,What,Added,Removed
2010-11-12 12:04:15 PST,mozilla,Assignee,nobody,jbalogh
2010-11-12 12:04:15 PST,mozilla,Target Milestone,5.12.4,5.12.3
2010-11-12 17:06:08 PST,stephen.donner,CC,stephen.donner,
2010-11-12 17:25:36 PST,wclouser,CC,clouserw,
2010-11-12 17:25:36 PST,wclouser,Target Milestone,5.12.7,5.12.4
2010-11-12 18:25:34 PST,mozilla,CC,jbalogh,
2010-11-12 18:25:34 PST,mozilla,Target Milestone,5.12.3,5.12.7
2010-11-14 23:25:48 PST,wclouser,CC,pratibha,
2010-11-15 09:35:17 PST,mozilla,Status,RESOLVED,NEW
2010-11-15 09:35:17 PST,mozilla,Resolution,FIXED,---
2010-11-15 09:35:17 PST,mozilla,Last Resolved,2010-11-15 09:35:17,
2010-11-15 14:09:00 PST,krupa.mozbugs,Status,VERIFIED,RESOLVED
