When,Who,What,Added,Removed
2010-11-12 12:34:44 PST,kaie,CC,kaie,
2010-11-12 12:34:44 PST,kaie,Whiteboard,[psm-arch],
2010-11-12 13:08:54 PST,brian,Blocks,611781,
2011-04-19 15:14:27 PDT,matjk7,CC,matjk7,
2014-03-24 15:58:42 PDT,dwayne.moore430,CC,dwayne.moore430,
2014-06-16 14:09:00 PDT,brian,CC,brian,
2014-06-16 14:09:00 PDT,brian,Assignee,brian,nobody
2014-06-16 14:09:00 PDT,brian,Target Milestone,mozilla33,---
2014-06-16 20:22:21 PDT,brian,Attachment #8441115                Flags,review?(dkeeler),
2014-06-16 20:22:21 PDT,brian,CC,dkeeler,
2014-06-17 09:48:39 PDT,brian,Status,ASSIGNED,NEW
2014-06-17 15:31:51 PDT,dkeeler,Attachment #8441115                Flags,review+,review?(dkeeler)
2014-06-18 12:18:56 PDT,brian,Blocks,1027241,
2014-06-19 01:54:54 PDT,brian,Keywords,addon-compat,
2014-06-19 08:02:49 PDT,emorley,Status,RESOLVED,ASSIGNED
2014-06-19 08:02:49 PDT,emorley,Resolution,FIXED,---
2014-06-19 08:02:49 PDT,emorley,Last Resolved,2014-06-19 08:02:49,
2014-06-20 07:40:19 PDT,andrei,Depends on,1028178,
2014-06-20 09:46:48 PDT,bent.mozilla,CC,bent.mozilla,
2014-06-22 11:16:24 PDT,cykesiopka.bmo,Depends on,1028683,
2014-06-22 11:53:24 PDT,brian,Blocks,975229,
2014-06-23 10:07:00 PDT,khuey,CC,khuey,
2014-06-24 12:33:30 PDT,mconley,Flags,needinfo?(brian),
2014-06-24 12:33:30 PDT,mconley,CC,mconley,
2014-06-24 20:29:31 PDT,brian,Flags,,needinfo?(brian)
2014-06-25 06:00:19 PDT,sci-fi,CC,sci-fi,
2014-09-04 12:37:38 PDT,spora,CC,spora,
