When,Who,What,Added,Removed
2010-11-12 11:03:19 PST,mitcho,CC,mitcho,
2010-11-12 11:03:46 PST,mitcho,Whiteboard,[cleanup][qa-],
2010-11-12 13:39:34 PST,matjk7,CC,matjk7,
2010-11-15 01:23:40 PST,raymond,Assignee,raymond,nobody
2010-11-15 01:23:40 PST,raymond,CC,raymond,
2011-01-11 00:25:53 PST,raymond,Attachment #502750                Flags,review?(ian),
2011-01-11 00:32:23 PST,raymond,Status,ASSIGNED,NEW
2011-01-11 16:20:44 PST,ian,Attachment #502750                Flags,review+,review?(ian)
2011-01-11 17:22:48 PST,raymond,Attachment #502750                Flags,approval2.0?,
2011-01-11 20:32:41 PST,mbeltzner,CC,beltzner, jorge,
2011-01-11 20:33:13 PST,mbeltzner,Attachment #502750                Flags,approval2.0+,approval2.0?
2011-01-11 20:54:53 PST,raymond,Attachment #502750                Attachment is obsolete,1,0
2011-01-11 20:59:34 PST,raymond,Keywords,checkin-needed,
2011-01-12 01:51:04 PST,dao,Keywords,,checkin-needed
2011-01-12 01:51:04 PST,dao,Status,RESOLVED,ASSIGNED
2011-01-12 01:51:04 PST,dao,Resolution,FIXED,---
2011-01-12 01:51:04 PST,dao,Target Milestone,Firefox 4.0b10,---
2011-01-12 01:51:04 PST,dao,Last Resolved,2011-01-12 01:51:04,
2011-01-12 07:28:10 PST,mitcho,Whiteboard,[cleanup][qa-][API],[cleanup][qa-]
2011-01-12 19:23:34 PST,raymond,Attachment #503063                Attachment is obsolete,1,0
2011-01-13 00:39:52 PST,dao,Attachment #503396                Attachment is obsolete,1,0
2011-01-13 00:39:57 PST,dao,Attachment #503063                Attachment is obsolete,0,1
2011-01-13 07:35:47 PST,jorge,Keywords,dev-doc-needed,
2011-01-13 11:27:30 PST,eshepherd,CC,eshepherd,
