When,Who,What,Added,Removed
2010-11-12 12:59:28 PST,wjohnston2000,CC,wjohnston,
2010-11-12 14:08:35 PST,wjohnston2000,Attachment #490234                Flags,review?(mark.finkle),
2010-11-12 21:26:21 PST,mark.finkle,CC,mark.finkle, mbrubeck,
2010-11-12 22:15:49 PST,mark.finkle,Assignee,mbrubeck,nobody
2010-11-12 22:15:49 PST,mark.finkle,tracking-fennec,2.0b3+,---
2010-11-13 06:22:47 PST,mbrubeck,Attachment #490375                Flags,review?(mark.finkle),
2010-11-13 10:38:21 PST,mark.finkle,Attachment #490375                Flags,review+,review?(mark.finkle)
2010-11-13 14:37:47 PST,mbrubeck,Status,RESOLVED,NEW
2010-11-13 14:37:47 PST,mbrubeck,Resolution,FIXED,---
2010-11-13 14:37:47 PST,mbrubeck,Last Resolved,2010-11-13 14:37:47,
2010-11-15 08:20:51 PST,mozaakash,Status,VERIFIED,RESOLVED
2010-11-15 08:20:51 PST,mozaakash,CC,mozaakash,
2012-07-19 09:30:17 PDT,wjohnston2000,Attachment #490234                Flags,,review?(mark.finkle)
