When,Who,What,Added,Removed
2010-11-13 12:44:22 PST,adw,Attachment #490430                Flags,review?(dietrich),
2010-11-14 21:19:23 PST,dietrich,Attachment #490430                Flags,review+,review?(dietrich)
2010-11-14 21:34:19 PST,adw,Resolution,FIXED,---
2010-11-14 21:34:19 PST,adw,Assignee,adw,nobody
2010-11-14 21:34:19 PST,adw,Target Milestone,0.10,--
2010-11-14 21:34:19 PST,adw,Last Resolved,2010-11-14 21:34:19,
2010-11-14 21:34:19 PST,adw,Status,RESOLVED,NEW
2011-04-21 12:32:13 PDT,myk,Target Milestone,1.0b1,0.10
