When,Who,What,Added,Removed
2010-11-12 10:36:16 PST,jmaher,Depends on,611007,
2010-11-12 10:37:13 PST,jmaher,Whiteboard,[mobile_unittests],
2010-11-12 10:50:51 PST,escapewindow+mozbugs,Assignee,aki,nobody
2010-11-12 10:50:51 PST,escapewindow+mozbugs,Attachment #490156                Flags,review?(jhford),
2010-11-12 21:00:24 PST,escapewindow+mozbugs,Summary,maemo crashtests and mochitests should set known_fail_count to 0,maemo crashtests should remove the 'known failed' concept as we are almost at 0 failures
2010-11-12 21:01:06 PST,escapewindow+mozbugs,Attachment #490156                Attachment is obsolete,1,0
2010-11-12 21:01:06 PST,escapewindow+mozbugs,Attachment #490333                Flags,review?(jhford),
2010-11-12 21:01:06 PST,escapewindow+mozbugs,Attachment #490156                Flags,,review?(jhford)
2010-11-13 10:34:24 PST,jhford,Attachment #490333                Flags,review+,review?(jhford)
2010-11-13 18:20:05 PST,escapewindow+mozbugs,Attachment #490333                Flags,checked-in+,
2010-11-13 18:30:12 PST,escapewindow+mozbugs,Last Resolved,2010-11-13 18:30:12,
2010-11-13 18:30:12 PST,escapewindow+mozbugs,Status,RESOLVED,NEW
2010-11-13 18:30:12 PST,escapewindow+mozbugs,Resolution,FIXED,---
2013-08-12 21:54:08 PDT,nobody,Product,Release Engineering,mozilla.org
