When,Who,What,Added,Removed
2010-11-12 10:49:47 PST,krupa.mozbugs,Summary,Reviews section wraps to the next line in all add-on listings,"Not yet rated" text wraps to the next line on Profile page
2010-11-12 14:19:38 PST,mozilla,Assignee,cwiemeersch,nobody
2010-11-12 14:19:38 PST,mozilla,CC,jbalogh,
2010-11-12 14:21:24 PST,wclouser,Whiteboard,[z][post-freeze+],[z]
2010-11-12 14:21:24 PST,wclouser,CC,clouserw,
2010-11-13 10:42:24 PST,cvan,Status,RESOLVED,NEW
2010-11-13 10:42:24 PST,cvan,Resolution,FIXED,---
2010-11-13 10:42:24 PST,cvan,Last Resolved,2010-11-13 10:42:24,
2010-11-14 21:16:16 PST,krupa.mozbugs,Status,VERIFIED,RESOLVED
