When,Who,What,Added,Removed
2010-11-12 14:07:31 PST,stephen.donner,CC,stephen.donner,
2010-11-12 16:37:17 PST,wclouser,Assignee,thepotch,nobody
2010-11-12 16:37:17 PST,wclouser,Target Milestone,5.12.7,5.12.4
2010-12-29 16:13:28 PST,wclouser,Target Milestone,Q1 2011,5.12.7
2011-03-10 17:00:59 PST,wclouser,Target Milestone,Q2 2011,Q1 2011
2011-07-01 10:28:34 PDT,wclouser,Target Milestone,Q3 2011,Q2 2011
2011-07-14 06:39:54 PDT,wclouser,Assignee,nobody,thepotch
2011-07-22 15:25:05 PDT,wclouser,Assignee,ashort,nobody
2011-07-22 15:25:05 PDT,wclouser,Target Milestone,6.1.8,Q3 2011
2011-07-25 12:34:26 PDT,ashort,Target Milestone,Q3 2011,6.1.8
2011-07-25 13:35:05 PDT,deinspanjer,CC,deinspanjer,
2011-08-19 17:03:45 PDT,mozilla,Assignee,jbalogh,ashort
2011-08-19 17:03:45 PDT,mozilla,CC,jbalogh,
2011-08-19 17:03:45 PDT,mozilla,Target Milestone,6.2.2,Q3 2011
2011-08-26 13:46:59 PDT,wclouser,Target Milestone,6.2.3,6.2.2
2011-09-01 10:35:21 PDT,mozilla,Last Resolved,2011-09-01 10:35:21,
2011-09-01 10:35:21 PDT,mozilla,Status,RESOLVED,NEW
2011-09-01 10:35:21 PDT,mozilla,Resolution,FIXED,---
2011-09-01 16:53:45 PDT,krupa.mozbugs,CC,krupa.mozbugs,
