When,Who,What,Added,Removed
2010-11-30 02:41:13 PST,philipp,Whiteboard,[good first bug],
2011-02-14 05:51:10 PST,ewong,Status,ASSIGNED,NEW
2011-02-14 05:51:10 PST,ewong,Assignee,ewong,nobody
2011-02-14 05:51:10 PST,ewong,CC,ewong,
2011-02-14 06:31:59 PST,ewong,Attachment #512151                Flags,review?(mschroeder),
2011-03-11 08:49:14 PST,philipp,Attachment #512151                Flags,review+,review?(mschroeder)
2011-03-11 08:51:11 PST,philipp,Status,RESOLVED,ASSIGNED
2011-03-11 08:51:11 PST,philipp,Resolution,FIXED,---
2011-03-11 08:51:11 PST,philipp,Target Milestone,Trunk,---
2011-03-11 08:51:11 PST,philipp,Last Resolved,2011-03-11 08:51:11,
2011-06-06 04:59:09 PDT,bv1578,Status,REOPENED,RESOLVED
2011-06-06 04:59:09 PDT,bv1578,Resolution,---,FIXED
2011-06-06 04:59:09 PDT,bv1578,CC,bv1578,
2011-06-15 10:37:22 PDT,mozilla,CC,mozilla,
2011-06-21 00:43:21 PDT,ewong,Status,ASSIGNED,REOPENED
2011-06-21 00:49:31 PDT,ewong,Attachment #540698                Flags,review?(philipp),
2011-06-21 01:26:30 PDT,philipp,Attachment #540698                Flags,review+,review?(philipp)
2011-06-21 01:32:44 PDT,philipp,Resolution,FIXED,---
2011-06-21 01:32:44 PDT,philipp,Last Resolved,2011-06-21 01:32:44,2011-03-11 08:51:11
2011-06-21 01:32:44 PDT,philipp,Status,RESOLVED,ASSIGNED
