When,Who,What,Added,Removed
2010-11-12 13:30:57 PST,dangoor,Blocks,593956,
2010-11-12 13:30:57 PST,dangoor,CC,kdangoor,
2010-11-16 12:03:38 PST,dangoor,Assignee,mihai.sucan,nobody
2010-11-22 11:42:09 PST,dangoor,Priority,P3,--
2010-11-22 11:58:58 PST,highmind63,CC,highmind63,
2010-11-25 06:03:07 PST,mihai.sucan,Attachment #493248                Flags,feedback?,
2010-11-25 06:04:09 PST,mihai.sucan,Whiteboard,[patchclean:1125],
2010-11-25 06:04:09 PST,mihai.sucan,Version,Trunk,unspecified
2010-11-25 06:04:09 PST,mihai.sucan,Status,ASSIGNED,NEW
2010-11-25 06:05:04 PST,mihai.sucan,Depends on,603750,
2010-11-25 06:05:34 PST,mihai.sucan,Attachment #493248                Flags,feedback?(rcampbell),feedback?
2010-11-25 07:23:31 PST,rcampbell,Attachment #493248                Flags,feedback+,feedback?(rcampbell)
2010-11-25 07:31:35 PST,mihai.sucan,Attachment #493248                Flags,review?(gavin.sharp),
2010-11-25 07:53:19 PST,mihai.sucan,Blocks,594523,
2010-11-25 07:55:25 PST,mihai.sucan,blocking2.0,?,---
2010-11-26 00:21:11 PST,gavin.sharp,CC,gavin.sharp,
2010-11-26 00:21:11 PST,gavin.sharp,blocking2.0,betaN+,?
2010-11-29 09:05:31 PST,dangoor,Severity,blocker,normal
2010-11-29 09:05:31 PST,dangoor,Priority,P1,P3
2010-12-01 08:02:01 PST,mihai.sucan,Depends on,603706, 606498,
2010-12-08 10:02:55 PST,mihai.sucan,Attachment #493248                Flags,review?(sdwilsh),review?(gavin.sharp)
2010-12-09 02:31:36 PST,dao,Severity,normal,blocker
2010-12-09 09:34:52 PST,sdwilsh,CC,sdwilsh,
2010-12-09 13:44:23 PST,mihai.sucan,Attachment #496609                Flags,feedback?(rcampbell),
2010-12-09 13:45:27 PST,mihai.sucan,Whiteboard,[patchclean:1209],[patchclean:1125]
2010-12-15 15:30:55 PST,sroussey,CC,sroussey,
2010-12-20 12:49:22 PST,rcampbell,Attachment #496609                Flags,feedback+,feedback?(rcampbell)
2010-12-20 16:31:42 PST,sdwilsh,Attachment #493248                Flags,review+,review?(sdwilsh)
2010-12-21 06:42:25 PST,mihai.sucan,Attachment #493248                Attachment is obsolete,1,0
2010-12-21 06:45:29 PST,mihai.sucan,Attachment #496609                Attachment is obsolete,1,0
2010-12-21 06:45:29 PST,mihai.sucan,Attachment #499014                Flags,review?(gavin.sharp),
2010-12-21 06:45:48 PST,mihai.sucan,Whiteboard,[patchclean:1221],[patchclean:1209]
2010-12-21 08:58:35 PST,mihai.sucan,Attachment #499014                Attachment is obsolete,1,0
2010-12-21 08:58:35 PST,mihai.sucan,Attachment #499014                Flags,,review?(gavin.sharp)
2010-12-21 08:58:58 PST,mihai.sucan,Whiteboard,[patchclean:1221][checkin],[patchclean:1221]
2010-12-21 11:13:54 PST,mihai.sucan,Blocks,592469,
2010-12-23 08:55:12 PST,mihai.sucan,Attachment #499012                Attachment is obsolete,1,0
2010-12-23 08:55:12 PST,mihai.sucan,Attachment #499521                Attachment is obsolete,1,0
2010-12-23 08:55:12 PST,mihai.sucan,Attachment #499523                Attachment is obsolete,1,0
2010-12-23 08:55:23 PST,mihai.sucan,Whiteboard,[patchclean:1223][checkin],[patchclean:1221][checkin]
2010-12-23 09:08:24 PST,rcampbell,Attachment #499529                Attachment description,[checked-in] rebased patch,rebased patch
2010-12-23 09:09:45 PST,rcampbell,Whiteboard,[patchclean:1223],[patchclean:1223][checkin]
2010-12-23 09:09:45 PST,rcampbell,Status,RESOLVED,ASSIGNED
2010-12-23 09:09:45 PST,rcampbell,Resolution,FIXED,---
2010-12-23 09:09:45 PST,rcampbell,CC,rcampbell,
2010-12-23 09:09:45 PST,rcampbell,Last Resolved,2010-12-23 09:09:45,
2010-12-23 09:19:39 PST,mihai.sucan,CC,mihai.sucan,
