When,Who,What,Added,Removed
2010-11-12 11:11:13 PST,mbrubeck,CC,mbrubeck,
2010-11-12 11:11:13 PST,mbrubeck,tracking-fennec,?,---
2010-11-12 12:09:21 PST,blassey.bugs,CC,blassey.bugs,
2010-11-12 12:09:21 PST,blassey.bugs,tracking-fennec,2.0+,?
2010-11-17 08:08:24 PST,21,CC,21,
2010-11-23 15:03:13 PST,nhirata.bugzilla,Whiteboard,[hkb],
2010-11-23 15:03:13 PST,nhirata.bugzilla,CC,nhirata.bugzilla,
2010-12-07 21:03:01 PST,blassey.bugs,Assignee,blassey.bugs,nobody
2010-12-08 19:05:33 PST,blassey.bugs,Attachment #496071                Attachment is obsolete,1,0
2010-12-08 19:05:33 PST,blassey.bugs,Attachment #496399                Flags,review?(mwu),
2010-12-09 15:50:18 PST,mwu,Assignee,mwu,blassey.bugs
2010-12-09 15:50:18 PST,mwu,Attachment #496399                Attachment is obsolete,1,0
2010-12-09 15:50:18 PST,mwu,Attachment #496658                Flags,review?(blassey.bugs),
2010-12-09 15:50:18 PST,mwu,Attachment #496399                Flags,,review?(mwu)
2010-12-09 16:36:09 PST,blassey.bugs,Attachment #496658                Flags,review+,review?(blassey.bugs)
2010-12-13 17:16:14 PST,mwu,Attachment #496658                Attachment is obsolete,1,0
2010-12-13 17:16:14 PST,mwu,Attachment #497377                Flags,approval2.0?,
2010-12-13 18:15:16 PST,blassey.bugs,Attachment #497377                Flags,approval2.0+,approval2.0?
2010-12-15 13:49:48 PST,blassey.bugs,Status,RESOLVED,NEW
2010-12-15 13:49:48 PST,blassey.bugs,Resolution,FIXED,---
2010-12-15 13:49:48 PST,blassey.bugs,Last Resolved,2010-12-15 13:49:48,
2010-12-15 14:35:35 PST,masayuki,CC,masayuki, Olli.Pettay,
2010-12-15 14:44:15 PST,masayuki,Status,REOPENED,RESOLVED
2010-12-15 14:44:15 PST,masayuki,Resolution,---,FIXED
2010-12-15 14:57:24 PST,mwu,Status,RESOLVED,REOPENED
2010-12-15 14:57:24 PST,mwu,Resolution,FIXED,---
2010-12-15 14:57:24 PST,mwu,Last Resolved,2010-12-15 14:57:24,2010-12-15 13:49:48
2011-03-15 05:12:16 PDT,martijn.martijn,CC,martijn.martijn,
2011-03-15 17:08:48 PDT,chung808,CC,kbrosnan, tchung,
2011-03-16 02:10:02 PDT,andreea.pod,Status,VERIFIED,RESOLVED
2011-03-16 02:10:02 PDT,andreea.pod,CC,andreea.pod,
