When,Who,What,Added,Removed
2010-11-12 10:25:50 PST,cww,Target Milestone,2.3,---
2010-11-15 08:23:50 PST,me+bugzilla,Priority,P2,--
2010-11-15 08:23:50 PST,me+bugzilla,CC,james,
2010-11-15 13:37:44 PST,rrosario,Assignee,rrosario,nobody
2010-11-15 13:37:44 PST,rrosario,CC,rrosario,
2010-11-16 06:56:28 PST,rrosario,Resolution,FIXED,---
2010-11-16 06:56:28 PST,rrosario,Last Resolved,2010-11-16 06:56:28,
2010-11-16 06:56:28 PST,rrosario,Status,RESOLVED,NEW
2010-11-18 14:59:55 PST,rbillings,Status,VERIFIED,RESOLVED
2010-11-18 14:59:55 PST,rbillings,CC,rbillings,
