When,Who,What,Added,Removed
2010-11-12 11:51:25 PST,mozbugs.retornam,CC,abuchanan,
2010-11-12 14:22:40 PST,mozbugs.retornam,Blocks,611699,
2010-11-12 14:51:26 PST,buchanae+bugs,URL,http://www.mozilla.com/en-US/firefox/beta/features/,
2010-11-12 15:06:32 PST,buchanae+bugs,Whiteboard,[ms-11/12],
2010-11-12 15:33:03 PST,buchanae+bugs,Keywords,qawanted,
2010-11-12 15:38:34 PST,mozbugs.retornam,Keywords,,qawanted
2010-11-12 16:56:42 PST,buchanae+bugs,Resolution,FIXED,---
2010-11-12 16:56:42 PST,buchanae+bugs,Last Resolved,2010-11-12 16:56:42,
2010-11-12 16:56:42 PST,buchanae+bugs,Status,RESOLVED,NEW
2010-11-15 14:08:15 PST,mozbugs.retornam,OS,Windows 7,Mac OS X
2010-11-15 14:08:15 PST,mozbugs.retornam,Status,VERIFIED,RESOLVED
2012-04-23 08:15:30 PDT,nobody,Product,Websites,Websites
2012-04-23 08:15:30 PDT,nobody,Component,www.mozilla.org,www.mozilla.org/firefox
2012-08-23 00:16:07 PDT,nobody,Product,www.mozilla.org,Websites
2012-08-23 00:16:07 PDT,nobody,Component,General,www.mozilla.org
