When,Who,What,Added,Removed
2010-11-12 11:08:55 PST,avarma,Status,ASSIGNED,NEW
2010-11-12 11:08:55 PST,avarma,Assignee,avarma,nobody
2010-11-12 11:08:55 PST,avarma,Blocks,596053,
2010-11-12 11:11:26 PST,avarma,Blocks,611766,
2010-11-15 10:38:22 PST,avarma,Attachment #490608                Flags,feedback?(adw),
2010-11-15 12:13:42 PST,adw,Attachment #490608                Flags,feedback+,feedback?(adw)
2010-11-15 12:15:28 PST,adw,CC,adw,
2010-11-29 12:33:42 PST,avarma,Attachment #490608                Attachment is obsolete,1,0
2010-11-29 12:36:17 PST,avarma,Attachment #493760                Flags,review?(adw),
2010-11-30 11:33:08 PST,avarma,Attachment #493760                Flags,review?(myk),review?(adw)
2010-11-30 13:27:50 PST,myk,Attachment #493760                Flags,review+,review?(myk)
2010-11-30 14:01:17 PST,rFobic,CC,rFobic,
2010-11-30 14:32:10 PST,avarma,Status,RESOLVED,ASSIGNED
2010-11-30 14:32:10 PST,avarma,Resolution,FIXED,---
2010-11-30 14:32:10 PST,avarma,Last Resolved,2010-11-30 14:32:10,
