When,Who,What,Added,Removed
2010-11-12 12:31:49 PST,cjones.bugs,CC,jones.chris.g,
2010-11-12 13:35:45 PST,ben,Attachment #490195                Attachment is obsolete,1,0
2010-11-12 13:38:21 PST,ben,Attachment #490217                Flags,review?(jones.chris.g),
2010-11-12 13:43:29 PST,cjones.bugs,Attachment #490217                Flags,review+,review?(jones.chris.g)
2010-11-12 14:15:35 PST,joe,Keywords,regression,
2010-11-12 14:15:35 PST,joe,Assignee,ben,nobody
2010-11-12 14:15:35 PST,joe,CC,joe,
2010-11-12 14:15:35 PST,joe,blocking2.0,final+,---
2010-11-12 14:22:05 PST,ben,blocking2.0,---,final+
2010-11-12 14:22:05 PST,ben,Last Resolved,2010-11-12 14:22:05,
2010-11-12 14:22:05 PST,ben,Status,RESOLVED,NEW
2010-11-12 14:22:05 PST,ben,Resolution,FIXED,---
2010-11-12 14:32:41 PST,joe,blocking2.0,final+,---
