When,Who,What,Added,Removed
2010-11-12 11:06:51 PST,madhava,CC,madhava,
2010-11-17 09:12:32 PST,21,Attachment #491212                Flags,review?(mark.finkle),
2010-11-18 05:47:18 PST,mark.finkle,Attachment #491212                Flags,review+,review?(mark.finkle)
2010-11-18 06:55:03 PST,21,Status,RESOLVED,NEW
2010-11-18 06:55:03 PST,21,Resolution,FIXED,---
2010-11-18 06:55:03 PST,21,CC,21,
2010-11-18 06:55:03 PST,21,Last Resolved,2010-11-18 06:55:03,
2011-06-02 06:49:29 PDT,ioana.chiorean,CC,ioana.chiorean,
2011-06-02 06:54:19 PDT,anamaria.moldovan,Status,VERIFIED,RESOLVED
2011-06-02 06:54:19 PDT,anamaria.moldovan,CC,anamaria.moldovan,
2011-06-12 02:26:53 PDT,dao,Assignee,21,nobody
