When,Who,What,Added,Removed
2010-11-12 12:20:49 PST,ehsan,CC,ehsan,
2010-11-12 12:20:49 PST,ehsan,blocking2.0,?,---
2010-11-15 15:50:09 PST,joe,Assignee,roc,nobody
2010-11-15 15:50:09 PST,joe,CC,joe,
2010-11-15 15:50:09 PST,joe,blocking2.0,final+,?
2010-11-15 15:59:15 PST,vladimir,CC,vladimir,
2010-11-18 20:37:32 PST,jmuizelaar,Component,Layout,Graphics
2010-11-18 20:37:32 PST,jmuizelaar,QA Contact,layout,thebes
2010-11-18 21:21:06 PST,ehsan,Blocks,429586,
2010-11-19 07:37:26 PST,ryanvm,CC,ryanvm,
2010-11-29 11:59:37 PST,ehsan,Blocks,615015,
2010-11-29 14:37:11 PST,tnikkel,CC,tnikkel,
2010-11-30 20:10:14 PST,ehsan,Blocks,,615015
2010-12-10 11:24:18 PST,ehsan,Assignee,ehsan,roc
2010-12-10 14:14:43 PST,ehsan,Attachment #496926                Flags,review?(bzbarsky),
2010-12-10 14:25:33 PST,bzbarsky,Attachment #496926                Flags,review+,review?(bzbarsky)
2010-12-10 14:29:00 PST,ehsan,Whiteboard,[needs landing],
2010-12-10 23:17:58 PST,ehsan,Resolution,FIXED,---
2010-12-10 23:17:58 PST,ehsan,Target Milestone,mozilla2.0b8,---
2010-12-10 23:17:58 PST,ehsan,Flags,in-testsuite+,
2010-12-10 23:17:58 PST,ehsan,Last Resolved,2010-12-10 23:17:58,
2010-12-10 23:17:58 PST,ehsan,Whiteboard,,[needs landing]
2010-12-10 23:17:58 PST,ehsan,Status,RESOLVED,NEW
