When,Who,What,Added,Removed
2010-11-12 11:01:46 PST,stefanh,Attachment #490161                Flags,review?(dao),
2010-11-12 11:04:42 PST,stefanh,Summary,[Pinstripe] Remove '-moz-appearance: treeheadersortarrow' from listbox.css/tree.css,Remove '-moz-appearance: treeheadersortarrow' from listbox.css/tree.css
2011-03-26 09:29:58 PDT,dao,Attachment #490161                Flags,review+,review?(dao)
2011-03-30 08:53:25 PDT,stefanh,Status,RESOLVED,ASSIGNED
2011-03-30 08:53:25 PDT,stefanh,Resolution,FIXED,---
2011-03-30 08:53:25 PDT,stefanh,Target Milestone,mozilla2.2,---
2011-03-30 08:53:25 PDT,stefanh,Last Resolved,2011-03-30 08:53:25,
