When,Who,What,Added,Removed
2010-11-12 10:28:40 PST,mbrubeck,tracking-fennec,?,---
2010-11-12 12:10:13 PST,dougt,CC,doug.turner,
2010-11-12 12:10:13 PST,dougt,tracking-fennec,2.0-,?
2010-11-12 12:10:13 PST,blassey.bugs,Assignee,mbrubeck,nobody
2010-11-12 12:10:13 PST,blassey.bugs,CC,blassey.bugs,
2010-11-12 17:15:31 PST,wjohnston2000,Assignee,wjohnston,mbrubeck
2010-11-12 17:15:31 PST,wjohnston2000,CC,wjohnston,
2010-11-12 18:13:07 PST,mark.finkle,Assignee,nobody,wjohnston
2010-11-12 18:13:07 PST,mark.finkle,CC,mark.finkle,
2010-11-13 09:19:11 PST,mozaakash,CC,mozaakash,
2010-11-13 09:19:11 PST,mozaakash,Flags,in-testsuite?, in-litmus?,
2010-11-15 08:27:02 PST,mozaakash,Flags,in-litmus?(ayanshah62),in-litmus?
2010-12-09 11:04:25 PST,mbrubeck,Keywords,relnote,
2010-12-16 11:42:13 PST,rnewman,CC,rnewman,
2011-01-06 10:54:58 PST,mark.finkle,CC,martijn.martijn,
2011-01-13 17:45:26 PST,wjohnston2000,Attachment #490765                Attachment is obsolete,1,0
2011-01-21 09:18:38 PST,SGrage,CC,SGrage,
2011-02-23 08:03:44 PST,arendsf,CC,tarend,
2011-02-24 11:21:13 PST,dwchiang,CC,dwchiang,
2011-02-24 22:24:45 PST,blassey.bugs,Assignee,blassey.bugs,nobody
2011-02-24 22:24:45 PST,blassey.bugs,Attachment #503698                Attachment is obsolete,1,0
2011-02-24 22:24:45 PST,blassey.bugs,Attachment #515003                Flags,review?(mark.finkle),
2011-02-24 22:50:26 PST,mark.finkle,Attachment #515003                Flags,review-,review?(mark.finkle)
2011-02-24 23:03:15 PST,blassey.bugs,Blocks,636666,
2011-02-24 23:54:31 PST,blassey.bugs,Attachment #515003                Attachment is obsolete,1,0
2011-02-25 06:57:49 PST,mark.finkle,Attachment #515010                Flags,review+,
2011-02-25 09:21:09 PST,blassey.bugs,Attachment #515010                Flags,approval2.0?,
2011-02-25 09:26:53 PST,mark.finkle,Attachment #515010                Flags,approval2.0+,approval2.0?
2011-02-27 07:50:10 PST,blassey.bugs,Resolution,FIXED,---
2011-02-27 07:50:10 PST,blassey.bugs,Last Resolved,2011-02-27 07:50:10,
2011-02-27 07:50:10 PST,blassey.bugs,Status,RESOLVED,NEW
2011-03-03 09:43:25 PST,chung808,Blocks,638479,
2011-03-03 09:49:36 PST,chung808,Status,VERIFIED,RESOLVED
2011-03-03 09:49:36 PST,chung808,CC,tchung,
2011-03-08 13:24:06 PST,mbrubeck,Depends on,639969,
2011-03-12 07:53:19 PST,mbrubeck,Depends on,641217,
2011-03-16 08:15:52 PDT,ioana.chiorean,CC,ioana.chiorean,
2011-03-16 08:15:52 PDT,ioana.chiorean,Flags,in-litmus+,in-litmus?(ayanshah62)
