When,Who,What,Added,Removed
2011-02-17 19:28:03 PST,dtownsend,Attachment #513355                Flags,review?(robert.bugzilla),
2011-02-17 19:28:18 PST,dtownsend,Status,ASSIGNED,NEW
2011-02-17 19:28:18 PST,dtownsend,Assignee,dtownsend,nobody
2011-02-17 19:28:26 PST,dtownsend,Whiteboard,[has patch][needs review rs],
2011-02-17 21:45:28 PST,robert.strong.bugs,Attachment #513355                Flags,review+,review?(robert.bugzilla)
2011-02-17 21:45:39 PST,robert.strong.bugs,Whiteboard,[has patch],[has patch][needs review rs]
2011-03-01 13:53:58 PST,dtownsend,Whiteboard,[has patch][checkin-needed-post-branch],[has patch]
2011-03-01 19:59:59 PST,gavin.sharp,CC,gavin.sharp,
2011-03-23 09:11:47 PDT,dtownsend,Whiteboard,[can land fx6],[has patch][checkin-needed-post-branch]
2011-04-21 10:00:15 PDT,dtownsend,Whiteboard,,[can land fx6]
2011-04-21 10:00:15 PDT,dtownsend,Status,RESOLVED,ASSIGNED
2011-04-21 10:00:15 PDT,dtownsend,Resolution,FIXED,---
2011-04-21 10:00:15 PDT,dtownsend,Target Milestone,mozilla6,---
2011-04-21 10:00:15 PDT,dtownsend,Flags,in-testsuite+, in-litmus-,
2011-04-21 10:00:15 PDT,dtownsend,Last Resolved,2011-04-21 10:00:15,
2011-05-01 14:57:30 PDT,hskupin,Status,VERIFIED,RESOLVED
2011-05-01 14:57:30 PDT,hskupin,CC,hskupin,
