When,Who,What,Added,Removed
2010-11-12 09:48:04 PST,mozilla,CC,mozilla,
2010-11-25 06:02:33 PST,scoobidiver,CC,scoobidiver,
2010-12-16 09:44:49 PST,rrosario,Assignee,rrosario,nobody
2010-12-16 09:44:49 PST,rrosario,CC,rrosario,
2010-12-16 10:25:33 PST,rrosario,Status,RESOLVED,UNCONFIRMED
2010-12-16 10:25:33 PST,rrosario,Resolution,FIXED,---
2010-12-16 10:25:33 PST,rrosario,Target Milestone,2.4.1,---
2010-12-16 10:25:33 PST,rrosario,Last Resolved,2010-12-16 10:25:33,
2010-12-16 14:13:03 PST,rbillings,Status,VERIFIED,RESOLVED
2010-12-16 14:13:03 PST,rbillings,CC,rbillings,
