When,Who,What,Added,Removed
2010-11-12 10:44:27 PST,aaron.train,Hardware,All,x86
2010-11-12 10:44:27 PST,aaron.train,OS,All,Mac OS X
2010-11-12 10:48:35 PST,gmealer,CC,gmealer,
2010-11-12 10:49:14 PST,aaron.train,Status,ASSIGNED,NEW
2010-11-12 10:49:14 PST,aaron.train,Assignee,aaron.train,nobody
2010-11-12 10:49:14 PST,aaron.train,Attachment #490154                Flags,review?(hskupin),
2010-11-12 10:53:34 PST,hskupin,Attachment #490154                Flags,review-,review?(hskupin)
2010-11-12 11:10:51 PST,aaron.train,Attachment #490165                Flags,review?(gmealer),
2010-11-12 11:10:51 PST,aaron.train,Attachment #490154                Attachment is obsolete,1,0
2010-11-12 13:04:48 PST,hskupin,Attachment #490165                Flags,review+,review?(gmealer)
2010-11-12 13:19:57 PST,aaron.train,Status,RESOLVED,ASSIGNED
2010-11-12 13:19:57 PST,aaron.train,Resolution,FIXED,---
2010-11-12 13:19:57 PST,aaron.train,Last Resolved,2010-11-12 13:19:57,
2010-11-12 13:33:57 PST,hskupin,CC,hskupin,
2010-11-12 13:56:19 PST,anthony.s.hughes,CC,anthony.s.hughes,
2010-11-19 12:35:55 PST,hskupin,Product,Mozilla QA,Testing
2010-11-19 12:35:55 PST,hskupin,Version,unspecified,Trunk
2010-11-19 12:35:55 PST,hskupin,Component,Mozmill Tests,Mozmill Tests
