When,Who,What,Added,Removed
2010-11-12 12:18:29 PST,mozaakash,Flags,in-testsuite?, in-litmus?(ayanshah62),
2010-11-12 12:18:37 PST,mozaakash,tracking-fennec,?,---
2010-11-13 13:59:59 PST,mark.finkle,Assignee,wjohnston,nobody
2010-11-13 13:59:59 PST,mark.finkle,CC,mark.finkle,
2010-11-15 09:33:23 PST,wjohnston2000,Depends on,611793,
2010-11-15 22:27:18 PST,mark.finkle,Status,RESOLVED,NEW
2010-11-15 22:27:18 PST,mark.finkle,Resolution,FIXED,---
2010-11-15 22:27:18 PST,mark.finkle,Last Resolved,2010-11-15 22:27:18,
2010-11-16 08:56:12 PST,mozaakash,Status,VERIFIED,RESOLVED
2010-11-19 13:14:35 PST,ayanshah62,CC,ayanshah62,
2010-11-19 13:14:35 PST,ayanshah62,Flags,in-litmus+,in-litmus?(ayanshah62)
2013-12-10 10:00:18 PST,nobody,tracking-fennec,---,?
