When,Who,What,Added,Removed
2010-11-12 12:13:34 PST,mozaakash,tracking-fennec,?,---
2010-11-12 12:13:43 PST,mozaakash,Flags,in-litmus?(ayanshah62),
2010-11-12 12:14:34 PST,wjohnston2000,Assignee,wjohnston,nobody
2010-11-12 12:14:34 PST,wjohnston2000,CC,wjohnston,
2010-11-15 09:32:44 PST,wjohnston2000,Attachment #490591                Flags,review?(mark.finkle),
2010-11-15 09:33:23 PST,wjohnston2000,Blocks,611796,
2010-11-15 14:33:50 PST,mark.finkle,Attachment #490591                Flags,review+,review?(mark.finkle)
2010-11-15 14:34:04 PST,mark.finkle,CC,mark.finkle,
2010-11-15 14:34:04 PST,mark.finkle,tracking-fennec,2.0+,?
2010-11-15 16:12:49 PST,wjohnston2000,Attachment #490591                Attachment is obsolete,1,0
2010-11-15 16:12:49 PST,wjohnston2000,Attachment #490742                Flags,review+,
2010-11-15 16:13:50 PST,wjohnston2000,Whiteboard,[checkin-needed],
2010-11-15 22:26:51 PST,mark.finkle,Whiteboard,,[checkin-needed]
2010-11-15 22:26:51 PST,mark.finkle,Status,RESOLVED,NEW
2010-11-15 22:26:51 PST,mark.finkle,Resolution,FIXED,---
2010-11-15 22:26:51 PST,mark.finkle,Last Resolved,2010-11-15 22:26:51,
2010-11-16 08:41:21 PST,mozaakash,Status,VERIFIED,RESOLVED
2010-11-23 09:40:19 PST,ayanshah62,CC,ayanshah62,
2010-11-23 09:40:19 PST,ayanshah62,Flags,in-litmus+,in-litmus?(ayanshah62)
