When,Who,What,Added,Removed
2010-11-12 10:15:01 PST,soubok,CC,soubok,
2010-11-12 10:15:22 PST,bzbarsky,CC,bzbarsky,
2010-11-12 10:15:22 PST,bzbarsky,blocking2.0,?,---
2010-11-12 10:38:34 PST,soubok,Attachment #490148                Attachment is obsolete,1,0
2010-11-12 11:19:22 PST,dmandelin,CC,dmandelin, nnethercote,
2010-11-12 14:35:03 PST,ryanvm,CC,ryanvm,
2010-11-14 20:21:21 PST,n.nethercote,Attachment #490508                Flags,review?(gal),
2010-11-15 19:05:40 PST,n.nethercote,Attachment #490508                Flags,review?(dvander),review?(gal)
2010-11-15 19:06:38 PST,n.nethercote,Assignee,nnethercote,general
2010-11-16 00:52:41 PST,dvander,Attachment #490508                Flags,review+,review?(dvander)
2010-11-16 15:56:09 PST,n.nethercote,Whiteboard,fixed-in-tracemonkey,
2010-11-22 09:36:24 PST,sayrer,CC,sayrer,
2010-11-22 09:36:24 PST,sayrer,blocking2.0,betaN+,?
2010-11-22 11:31:45 PST,highmind63,CC,highmind63,
2010-12-07 13:37:22 PST,n.nethercote,Status,RESOLVED,NEW
2010-12-07 13:37:22 PST,n.nethercote,Resolution,FIXED,---
2010-12-07 13:37:22 PST,n.nethercote,Last Resolved,2010-12-07 13:37:22,
