When,Who,What,Added,Removed
2010-11-12 12:20:25 PST,dholbert,Summary,Move GetAnimationMode/SetAnimationMode from RasterImage/VectorImage to Image,Move GetAnimationMode/SetAnimationMode from RasterImage to Image
2010-11-12 12:26:48 PST,dholbert,Attachment #490197                Flags,review?,
2010-11-12 12:27:00 PST,dholbert,Attachment #490197                Flags,review?(joe),review?
2010-11-12 12:32:44 PST,dholbert,Attachment #490200                Flags,review?(joe),
2010-11-16 12:53:14 PST,joe,Attachment #490197                Flags,review+,review?(joe)
2010-11-16 12:58:37 PST,joe,Attachment #490200                Flags,review+,review?(joe)
2010-11-16 15:20:12 PST,joe,CC,joe,
2010-11-16 15:35:30 PST,dholbert,Attachment #490197                Flags,approval2.0?,
2010-11-16 15:35:40 PST,dholbert,Attachment #490200                Flags,approval2.0?,
2010-11-17 12:33:17 PST,joe,Attachment #490197                Flags,approval2.0+,approval2.0?
2010-11-17 12:33:22 PST,joe,Attachment #490200                Flags,approval2.0+,approval2.0?
2010-11-17 12:41:39 PST,dholbert,Last Resolved,2010-11-17 12:41:39,
2010-11-17 12:41:39 PST,dholbert,Status,RESOLVED,ASSIGNED
2010-11-17 12:41:39 PST,dholbert,Resolution,FIXED,---
2010-11-17 12:41:39 PST,dholbert,Target Milestone,mozilla2.0b8,---
2010-12-21 15:38:21 PST,dholbert,Depends on,620810,
2012-10-18 16:29:39 PDT,seth,Blocks,803349,
