When,Who,What,Added,Removed
2010-11-12 10:20:48 PST,dbuchner,Assignee,avarma,nobody
2010-11-23 12:06:20 PST,dietrich,Assignee,dietrich,avarma
2010-11-23 12:06:20 PST,dietrich,CC,dietrich,
2010-11-23 12:39:50 PST,dietrich,Assignee,avarma,dietrich
2010-11-23 13:13:42 PST,avarma,Depends on,610845,
2011-03-31 11:19:42 PDT,myk,Status,RESOLVED,NEW
2011-03-31 11:19:42 PDT,myk,Resolution,FIXED,---
2011-03-31 11:19:42 PDT,myk,CC,myk,
2011-03-31 11:19:42 PDT,myk,Last Resolved,2011-03-31 11:19:42,
