When,Who,What,Added,Removed
2010-11-12 12:31:28 PST,dao,Attachment #490199                Flags,review?(jmathies),
2010-11-12 13:21:59 PST,jmathies,Attachment #490199                Flags,review+,review?(jmathies)
2010-11-12 23:12:37 PST,dao,Keywords,polish,
2010-11-12 23:13:15 PST,dao,Attachment #490199                Flags,approval2.0?,
2010-11-12 23:52:21 PST,gavin.sharp,OS,All,Windows XP
2010-11-12 23:52:21 PST,gavin.sharp,CC,gavin.sharp,
2010-11-12 23:52:56 PST,gavin.sharp,Attachment #490199                Flags,approval2.0+,approval2.0?
2010-11-13 00:02:44 PST,dao,Keywords,checkin-needed,
2010-11-13 00:24:16 PST,dao,Keywords,,checkin-needed
2010-11-13 00:24:16 PST,dao,Status,RESOLVED,ASSIGNED
2010-11-13 00:24:16 PST,dao,Resolution,FIXED,---
2010-11-13 00:24:16 PST,dao,Target Milestone,mozilla2.0b8,---
2010-11-13 00:24:16 PST,dao,Last Resolved,2010-11-13 00:24:16,
2010-11-14 23:51:38 PST,bzcc,CC,bzcc,
