When,Who,What,Added,Removed
2010-11-12 16:00:23 PST,fwenzel,Severity,minor,normal
2010-11-12 16:00:23 PST,fwenzel,Priority,P3,--
2010-11-12 16:00:23 PST,fwenzel,CC,fwenzel,
2010-11-30 08:23:27 PST,mozilla,Assignee,dd,nobody
2010-11-30 11:07:31 PST,mozaakash,CC,mozaakash,
2010-11-30 11:07:31 PST,mozaakash,Target Milestone,3.0,2.1
2010-12-28 11:08:30 PST,stephen.donner,Flags,in-testsuite?,
2010-12-28 11:08:30 PST,stephen.donner,CC,dave.hunt,
2010-12-28 12:04:52 PST,fwenzel,Priority,P2,P3
2010-12-28 12:04:52 PST,fwenzel,Assignee,fwenzel,dd
2010-12-28 12:04:52 PST,fwenzel,Target Milestone,2.2,3.0
2010-12-28 12:05:33 PST,fwenzel,Status,RESOLVED,NEW
2010-12-28 12:05:33 PST,fwenzel,Resolution,FIXED,---
2010-12-28 12:05:33 PST,fwenzel,Last Resolved,2010-12-28 12:05:33,
2010-12-28 12:47:28 PST,stephen.donner,Status,VERIFIED,RESOLVED
2011-06-23 09:29:15 PDT,nobody,Product,Input,Webtools
2011-06-23 09:29:15 PDT,nobody,Component,General,Input
2011-10-30 21:24:01 PDT,dkl,Flags,in-testsuite?,
