When,Who,What,Added,Removed
2010-11-12 14:59:17 PST,nhirata.bugzilla,Whiteboard,[vkb],
2010-11-22 09:50:00 PST,nhirata.bugzilla,tracking-fennec,?,---
2010-11-23 12:51:32 PST,mark.finkle,CC,mark.finkle,
2010-11-23 12:51:32 PST,mark.finkle,Last Resolved,2010-11-23 12:51:32,
2010-11-23 12:51:32 PST,mark.finkle,Status,RESOLVED,NEW
2010-11-23 12:51:32 PST,mark.finkle,Resolution,FIXED,---
2010-11-24 13:11:02 PST,nhirata.bugzilla,Status,VERIFIED,RESOLVED
2013-12-10 10:00:18 PST,nobody,tracking-fennec,---,?
