When,Who,What,Added,Removed
2010-11-12 15:25:57 PST,moz,CC,moz,
2010-11-12 16:24:41 PST,phiw2,QA Contact,layout.fonts-and-text,general
2010-11-12 16:24:41 PST,phiw2,CC,phiw,
2010-11-12 16:24:41 PST,phiw2,Product,Core,Firefox
2010-11-12 16:24:41 PST,phiw2,Component,Layout: Text,General
2010-11-12 16:39:43 PST,phiw2,CC,jdaggett, jfkthame,
2010-11-12 17:14:01 PST,alexander.miller,CC,alexander.miller,
2010-11-12 18:08:24 PST,bzbarsky,Keywords,qawanted,
2010-11-12 18:08:24 PST,bzbarsky,CC,bzbarsky,
2010-11-14 10:41:52 PST,jfkthame,Assignee,jfkthame,nobody
2010-11-14 10:41:52 PST,jfkthame,Attachment #490462                Flags,review?(jdaggett),
2010-11-14 22:15:16 PST,jdaggett,Attachment #490462                Flags,review+,review?(jdaggett)
2010-11-15 03:19:38 PST,jfkthame,Attachment #490462                Flags,approval2.0?,
2010-11-15 03:42:31 PST,phiw2,blocking1.9.2,?,---
2010-11-15 10:15:12 PST,christian,CC,clegnitto,
2010-11-15 10:16:56 PST,dveditz,status1.9.2,wanted,---
2010-11-15 10:16:56 PST,dveditz,blocking1.9.2,-,?
2010-11-15 10:48:29 PST,dbaron,Attachment #490462                Flags,approval2.0+,approval2.0?
2010-11-16 00:43:12 PST,jfkthame,Last Resolved,2010-11-16 00:43:12,
2010-11-16 00:43:12 PST,jfkthame,Status,RESOLVED,NEW
2010-11-16 00:43:12 PST,jfkthame,Resolution,FIXED,---
2010-11-16 03:46:37 PST,jfkthame,Attachment #490842                Flags,approval1.9.2.13?,
2010-11-16 16:17:18 PST,christian,Attachment #490842                Flags,approval1.9.2.13+,approval1.9.2.13?
2010-11-16 23:01:10 PST,jfkthame,status1.9.2,.13-fixed,wanted
2010-12-01 19:34:49 PST,dveditz,Whiteboard,rdar://8666610,
2010-12-01 19:34:49 PST,dveditz,Summary,h1 and h2 headers are displayed in italic (after OS X 10.6.5 update),h1 and h2 headers are displayed in italic
2010-12-01 19:34:49 PST,dveditz,status1.9.1,unaffected,---
2010-12-06 07:30:36 PST,jfkthame,CC,aguyawry,
