When,Who,What,Added,Removed
2010-11-17 17:15:39 PST,pwalton,Summary,Restyle the Web Console splitter,Make the Web Console resize handle nicer looking on the Mac
2010-11-17 17:15:43 PST,pwalton,OS,All,Mac OS X
2010-11-17 17:16:55 PST,pwalton,Attachment #491399                Flags,feedback?(mihai.sucan),
2010-11-18 02:59:48 PST,mihai.sucan,Attachment #491399                Flags,feedback+,feedback?(mihai.sucan)
2010-11-18 16:47:55 PST,pwalton,Attachment #491399                Attachment is obsolete,1,0
2010-11-18 16:47:55 PST,pwalton,Attachment #491715                Flags,review?(gavin.sharp),
2010-11-22 11:37:32 PST,dangoor,Priority,P2,--
2010-11-22 11:37:32 PST,dangoor,Blocks,593956,
2010-11-22 11:59:13 PST,highmind63,CC,highmind63,
2010-12-02 01:49:01 PST,dao,CC,dao,
2010-12-06 17:24:57 PST,pwalton,Attachment #491715                Attachment is obsolete,1,0
2010-12-06 17:24:57 PST,pwalton,Attachment #495712                Flags,review?(dao),
2010-12-06 17:24:57 PST,pwalton,Attachment #491715                Flags,,review?(gavin.sharp)
2010-12-07 10:03:13 PST,pwalton,Attachment #495712                Attachment is obsolete,1,0
2010-12-07 10:03:13 PST,pwalton,Attachment #495858                Flags,review?(dao),
2010-12-07 10:03:13 PST,pwalton,Attachment #495712                Flags,,review?(dao)
2010-12-07 11:07:46 PST,dao,Attachment #495858                Flags,review+,review?(dao)
2010-12-07 11:22:11 PST,pwalton,Attachment #495858                Attachment is obsolete,1,0
2010-12-07 11:22:11 PST,pwalton,Attachment #495897                Flags,approval2.0?,
2010-12-07 11:30:53 PST,gavin.sharp,Attachment #495897                Flags,approval2.0+,approval2.0?
2010-12-07 11:36:54 PST,pwalton,Keywords,checkin-needed,
2010-12-07 12:48:25 PST,margaret.leibovic,Status,RESOLVED,ASSIGNED
2010-12-07 12:48:25 PST,margaret.leibovic,Resolution,FIXED,---
2010-12-07 12:48:25 PST,margaret.leibovic,CC,margaret.leibovic,
2010-12-07 12:48:25 PST,margaret.leibovic,Last Resolved,2010-12-07 12:48:25,
2010-12-07 12:48:35 PST,margaret.leibovic,Keywords,,checkin-needed
2010-12-16 16:40:42 PST,mcdavis941.bugs,CC,mcdavis941.bugs,
