When,Who,What,Added,Removed
2010-11-12 12:50:15 PST,escapewindow+mozbugs,Attachment #490207                Flags,review?(jhford),
2010-11-12 13:16:55 PST,escapewindow+mozbugs,CC,jmaher,
2010-11-13 10:33:42 PST,jhford,Attachment #490207                Flags,review+,review?(jhford)
2010-11-13 18:21:27 PST,escapewindow+mozbugs,Attachment #490207                Flags,checked-in+,
2010-11-13 18:30:07 PST,escapewindow+mozbugs,Resolution,FIXED,---
2010-11-13 18:30:07 PST,escapewindow+mozbugs,Last Resolved,2010-11-13 18:30:07,
2010-11-13 18:30:07 PST,escapewindow+mozbugs,Status,RESOLVED,NEW
2013-08-12 21:54:08 PDT,nobody,Product,Release Engineering,mozilla.org
