When,Who,What,Added,Removed
2010-11-12 12:56:24 PST,trevorhemail-mozbug,CC,eshepherd,
2010-11-15 10:25:49 PST,mozillamarcia.knous,Status,NEW,UNCONFIRMED
2010-11-15 10:25:49 PST,mozillamarcia.knous,Ever confirmed,1,0
2010-11-19 12:59:41 PST,gavin.sharp,Assignee,server-ops,marcia
2010-11-19 12:59:41 PST,gavin.sharp,CC,gavin.sharp,
2010-11-22 05:59:33 PST,jlaz,Assignee,jlazaro,server-ops
2010-11-22 05:59:33 PST,jlaz,CC,jlazaro,
2010-11-22 18:51:50 PST,jlaz,Status,RESOLVED,NEW
2010-11-22 18:51:50 PST,jlaz,Resolution,FIXED,---
2010-11-22 18:51:50 PST,jlaz,Last Resolved,2010-11-22 18:51:50,
