When,Who,What,Added,Removed
2010-11-13 00:19:13 PST,gavin.sharp,OS,Windows XP,Windows 7
2010-11-13 00:19:13 PST,gavin.sharp,CC,gavin.sharp,
2010-11-13 04:02:37 PST,dao,Status,ASSIGNED,NEW
2010-11-13 04:02:37 PST,dao,Assignee,dao,nobody
2010-11-13 04:02:37 PST,dao,Attachment #490361                Flags,feedback?(felipc),
2010-11-13 04:05:53 PST,dao,Summary,#titlebar-buttonbox shouldn't be stretched to fill the title bar (can cause white border under caption buttons when using a lightweight theme),The titlebar stretches 1px too tall on maximized windows, displaying white border on caption buttons
2010-11-13 04:05:53 PST,dao,Version,Trunk,unspecified
2010-11-13 04:05:53 PST,dao,OS,Windows 7,Windows XP
2010-11-13 05:52:28 PST,xtc4uall,CC,xtc4uall,
2010-11-14 09:59:50 PST,dao,Attachment #490361                Flags,review?(gavin.sharp),
2010-11-14 10:43:00 PST,dao,Blocks,572160,
2010-11-14 11:47:38 PST,grenavitar,CC,grenavitar,
2010-11-14 12:13:28 PST,felipc,Attachment #490361                Flags,feedback+,feedback?(felipc)
2010-11-14 23:52:47 PST,antoine.mozilla,CC,geekshadow,
2010-11-16 06:16:59 PST,dao,Blocks,,572160
2010-11-16 11:14:31 PST,gavin.sharp,Attachment #490361                Flags,review+, approval2.0+,review?(gavin.sharp)
2010-11-17 03:10:26 PST,dao,Target Milestone,Firefox 4.0b8,---
2010-11-17 03:10:26 PST,dao,Last Resolved,2010-11-17 03:10:26,
2010-11-17 03:10:26 PST,dao,Status,RESOLVED,ASSIGNED
2010-11-17 03:10:26 PST,dao,Resolution,FIXED,---
2010-12-18 01:04:11 PST,mcdavis941.bugs,CC,mcdavis941.bugs,
