When,Who,What,Added,Removed
2010-11-12 15:45:11 PST,stella,CC,childoftv,
2010-11-12 15:46:10 PST,tmzmoz,CC,tmzmoz,
2010-11-12 20:29:45 PST,jlaz,CC,jlazaro,
2010-11-12 20:29:45 PST,jlaz,Assignee,jlazaro,server-ops
2010-11-17 19:24:22 PST,jlaz,Status,RESOLVED,NEW
2010-11-17 19:24:22 PST,jlaz,Resolution,FIXED,---
2010-11-17 19:24:22 PST,jlaz,Last Resolved,2010-11-17 19:24:22,
2014-10-28 08:18:24 PDT,nobody,Product,Infrastructure & Operations,mozilla.org
2015-08-17 11:35:50 PDT,nobody,Product,Infrastructure & Operations Graveyard,Infrastructure & Operations
