When,Who,What,Added,Removed
2010-11-12 16:24:38 PST,josh,CC,josh, sdwilsh,
2010-11-15 04:57:32 PST,mak77,CC,mak77,
2010-11-15 05:22:00 PST,mak77,Depends on,612255,
2010-11-15 08:30:29 PST,mak77,Last Resolved,2010-11-15 08:30:29,
2010-11-15 08:30:29 PST,mak77,Whiteboard,[orange][fixed by bug 612255],[orange]
2010-11-15 08:30:29 PST,mak77,Status,RESOLVED,NEW
2010-11-15 08:30:29 PST,mak77,Resolution,FIXED,---
2012-11-19 14:40:48 PST,nobody,Keywords,intermittent-failure,
2012-11-25 19:31:15 PST,nobody,Whiteboard,[fixed by bug 612255],[orange][fixed by bug 612255]
