When,Who,What,Added,Removed
2010-11-12 15:17:47 PST,jorge,Attachment #490261                Flags,review?(clouserw),
2010-11-12 15:18:03 PST,jorge,Status,ASSIGNED,NEW
2010-11-12 16:16:41 PST,wclouser,Attachment #490261                Flags,review+,review?(clouserw)
2010-11-12 16:18:52 PST,jorge,Status,RESOLVED,ASSIGNED
2010-11-12 16:18:52 PST,jorge,Resolution,FIXED,---
2010-11-12 16:18:52 PST,jorge,Last Resolved,2010-11-12 16:18:52,
2012-02-10 10:31:51 PST,jorge,Whiteboard,[ReviewTeam],[required amo-editors]
