When,Who,What,Added,Removed
2010-11-12 14:17:43 PST,me+bugzilla,Priority,P2,--
2010-11-12 14:17:43 PST,me+bugzilla,Assignee,james,nobody
2010-11-12 14:17:43 PST,me+bugzilla,CC,james,
2010-11-12 14:17:43 PST,me+bugzilla,Hardware,All,x86
2010-11-12 14:17:43 PST,me+bugzilla,OS,All,Mac OS X
2010-11-13 01:34:10 PST,scoobidiver,CC,scoobidiver,
2010-11-15 05:04:43 PST,djst,CC,djst,
2010-11-15 08:40:30 PST,scoobidiver,CC,a.topal,
2010-11-17 08:59:44 PST,me+bugzilla,Summary,Redirect /kb/Firefox+Support+Home+Page and other special pages,Redirect https://master.support.mozilla.com/en-US/kb/Firefox+Support+Home+Page and other special pages
2010-11-17 09:40:22 PST,me+bugzilla,Attachment #491216                Flags,review?(paulc),
2010-11-17 10:19:15 PST,me+bugzilla,Attachment #491216                Attachment is obsolete,1,0
2010-11-17 10:19:15 PST,me+bugzilla,Attachment #491216                Flags,,review?(paulc)
2010-11-17 10:19:31 PST,me+bugzilla,Attachment #491230                Flags,review?(paulc),
2010-11-17 10:59:11 PST,paul+moz,CC,paulc,
2010-11-17 15:25:49 PST,me+bugzilla,Attachment #491230                Attachment is obsolete,1,0
2010-11-17 15:25:49 PST,me+bugzilla,Attachment #491349                Flags,review?(paulc),
2010-11-17 15:25:49 PST,me+bugzilla,Attachment #491230                Flags,,review?(paulc)
2010-11-17 16:12:19 PST,paul+moz,Attachment #491349                Flags,review+,review?(paulc)
2010-11-17 16:17:43 PST,me+bugzilla,Status,RESOLVED,NEW
2010-11-17 16:17:43 PST,me+bugzilla,Resolution,FIXED,---
2010-11-17 16:17:43 PST,me+bugzilla,Target Milestone,1.5.7,2.3
2010-11-17 16:17:43 PST,me+bugzilla,Last Resolved,2010-11-17 16:17:43,
2010-11-18 09:32:10 PST,me+bugzilla,Flags,in-testsuite?,
2010-11-18 12:30:20 PST,vish.mozilla,Status,REOPENED,RESOLVED
2010-11-18 12:30:20 PST,vish.mozilla,Resolution,---,FIXED
2010-11-18 12:30:20 PST,vish.mozilla,CC,vish.mozilla,
2010-11-19 17:29:36 PST,vish.mozilla,Flags,in-testsuite+,in-testsuite?
2010-11-22 11:12:22 PST,me+bugzilla,Status,RESOLVED,REOPENED
2010-11-22 11:12:22 PST,me+bugzilla,Resolution,FIXED,---
2010-11-22 11:12:22 PST,me+bugzilla,Last Resolved,2010-11-22 11:12:22,2010-11-17 16:17:43
2010-11-22 11:54:53 PST,vish.mozilla,Status,REOPENED,RESOLVED
2010-11-22 11:54:53 PST,vish.mozilla,Resolution,---,FIXED
2010-11-22 11:57:40 PST,me+bugzilla,Last Resolved,2010-11-22 11:57:40,2010-11-22 11:12:22
2010-11-22 11:57:40 PST,me+bugzilla,Status,RESOLVED,REOPENED
2010-11-22 11:57:40 PST,me+bugzilla,Resolution,FIXED,---
