When,Who,What,Added,Removed
2010-11-12 16:12:13 PST,imphil,Attachment #490282                Flags,review?(surkov.alexander),
2010-11-12 16:19:43 PST,mounir,CC,mounir.lamouri,
2010-11-12 16:43:35 PST,surkov.alexander,CC,surkov.alexander,
2010-11-18 12:53:34 PST,bugs,CC,Olli.Pettay,
2010-11-18 13:53:07 PST,imphil,Attachment #490282                Attachment is obsolete,1,0
2010-11-18 13:53:07 PST,imphil,Attachment #491653                Flags,review?(surkov.alexander),
2010-11-18 13:53:07 PST,imphil,Attachment #490282                Flags,,review?(surkov.alexander)
2010-11-18 19:53:48 PST,surkov.alexander,Attachment #491653                Flags,review+,review?(surkov.alexander)
2010-11-18 23:03:41 PST,imphil,Attachment #491653                Flags,review?(Olli.Pettay),
2010-11-19 02:45:02 PST,bugs,Attachment #491653                Flags,review+,review?(Olli.Pettay)
2010-11-19 02:55:11 PST,imphil,Status,RESOLVED,ASSIGNED
2010-11-19 02:55:11 PST,imphil,Resolution,FIXED,---
2010-11-19 02:55:11 PST,imphil,Last Resolved,2010-11-19 02:55:11,
