When,Who,What,Added,Removed
2010-11-12 15:20:19 PST,wquiviger,CC,bmo,
2010-11-12 15:26:36 PST,wquiviger,CC,rafik,
2010-11-14 02:21:24 PST,gerv,Summary,Create a discussion forum for Tunisian community,Create a mailing list for Tunisia
2010-11-14 02:21:24 PST,gerv,Assignee,server-ops,gerv
2010-11-14 02:21:24 PST,gerv,CC,gerv,
2010-11-15 12:49:13 PST,jdow,Assignee,jlazaro,server-ops
2010-11-15 12:49:13 PST,jdow,CC,jdow,
2010-11-16 13:58:42 PST,jlaz,Whiteboard,[list created, emailed giganews for newsgroup creation],
2010-12-03 14:15:14 PST,jlaz,Whiteboard,[list and newsgroup created, escalating to google for groups creation],[list created, emailed giganews for newsgroup creation]
2010-12-08 11:18:02 PST,jlaz,Assignee,justdave,jlazaro
2011-03-10 01:05:13 PST,justdave,Whiteboard,,[list and newsgroup created, escalating to google for groups creation]
2011-03-10 01:05:13 PST,justdave,Status,RESOLVED,NEW
2011-03-10 01:05:13 PST,justdave,Resolution,FIXED,---
2011-03-10 01:05:13 PST,justdave,Last Resolved,2011-03-10 01:05:13,
