When,Who,What,Added,Removed
2010-11-12 12:33:24 PST,dao,Attachment #490201                Flags,review?(dolske),
2010-11-12 12:33:36 PST,dao,Keywords,rtl,
2010-11-12 12:50:03 PST,gavin.sharp,Attachment #490201                Flags,review+, approval2.0+,review?(dolske)
2010-11-12 12:50:10 PST,gavin.sharp,CC,gavin.sharp,
2010-11-12 13:02:25 PST,dao,Keywords,checkin-needed,
2010-11-12 23:57:14 PST,dao,Keywords,,checkin-needed
2010-11-12 23:57:14 PST,dao,Status,RESOLVED,ASSIGNED
2010-11-12 23:57:14 PST,dao,Resolution,FIXED,---
2010-11-12 23:57:14 PST,dao,Target Milestone,Firefox 4.0b8,---
2010-11-12 23:57:14 PST,dao,Last Resolved,2010-11-12 23:57:14,
2010-11-14 21:08:42 PST,mcdavis941.bugs,CC,mcdavis941.bugs,
