When,Who,What,Added,Removed
2010-11-12 14:55:57 PST,madhava,CC,madhava,
2010-11-12 14:55:57 PST,madhava,tracking-fennec,?,---
2010-11-16 12:51:19 PST,mark.finkle,Assignee,mark.finkle,nobody
2010-11-16 12:51:19 PST,mark.finkle,CC,mark.finkle,
2010-11-16 12:51:19 PST,mark.finkle,tracking-fennec,2.0+,?
2010-12-21 11:51:05 PST,mark.finkle,Attachment #499091                Flags,review?(21),
2010-12-21 16:24:05 PST,21,Attachment #499091                Flags,review+,review?(21)
2010-12-22 12:15:35 PST,mark.finkle,Status,RESOLVED,NEW
2010-12-22 12:15:35 PST,mark.finkle,Resolution,FIXED,---
2010-12-22 12:15:35 PST,mark.finkle,Last Resolved,2010-12-22 12:15:35,
2010-12-27 09:24:24 PST,chung808,Status,VERIFIED,RESOLVED
2010-12-27 09:24:24 PST,chung808,CC,tchung,
