When,Who,What,Added,Removed
2010-11-12 16:13:53 PST,mverdi,CC,mverdi,
2010-11-16 12:27:29 PST,phong,Assignee,phong,server-ops
2010-11-16 12:27:29 PST,phong,CC,phong,
2010-11-16 12:32:40 PST,djst,CC,djst,
2010-11-16 12:58:14 PST,phong,Assignee,shyam,phong
2010-11-18 01:36:55 PST,smani,Status,RESOLVED,NEW
2010-11-18 01:36:55 PST,smani,Resolution,FIXED,---
2010-11-18 01:36:55 PST,smani,Last Resolved,2010-11-18 01:36:55,
2010-11-18 07:20:24 PST,me+bugzilla,Status,VERIFIED,RESOLVED
2015-03-12 08:17:16 PDT,nobody,Product,mozilla.org Graveyard,mozilla.org
