When,Who,What,Added,Removed
2010-11-12 18:18:20 PST,mark.finkle,CC,mark.finkle,
2010-11-17 05:52:38 PST,21,Assignee,21,nobody
2010-11-17 05:52:38 PST,21,Attachment #491175                Flags,review?(mark.finkle),
2010-11-17 06:05:00 PST,mark.finkle,Attachment #491175                Flags,review+,review?(mark.finkle)
2010-11-17 13:38:10 PST,21,CC,21,
2010-11-17 13:38:10 PST,21,Last Resolved,2010-11-17 13:38:10,
2010-11-17 13:38:10 PST,21,Status,RESOLVED,NEW
2010-11-17 13:38:10 PST,21,Resolution,FIXED,---
2010-11-18 09:59:08 PST,nhirata.bugzilla,Status,VERIFIED,RESOLVED
