When,Who,What,Added,Removed
2010-11-12 15:26:51 PST,escapewindow+mozbugs,Summary,devicemanager installApp() needs to use updt,devicemanager installApp() dies on making directory /data
2010-11-12 15:27:34 PST,escapewindow+mozbugs,Summary,devicemanager pushFile() dies on an existing directory,devicemanager installApp() needs to use updt
2010-11-15 14:19:10 PST,escapewindow+mozbugs,Blocks,610600,
2010-11-16 18:57:14 PST,escapewindow+mozbugs,Status,RESOLVED,NEW
2010-11-16 18:57:14 PST,escapewindow+mozbugs,Resolution,FIXED,---
2010-11-16 18:57:14 PST,escapewindow+mozbugs,Last Resolved,2010-11-16 18:57:14,
