When,Who,What,Added,Removed
2010-11-12 14:20:04 PST,ryanvm,CC,ryanvm,
2010-11-13 06:51:42 PST,matafagafo,CC,matafagafo,
2011-03-27 15:48:53 PDT,matjk7,CC,matjk7,
2011-04-04 13:51:13 PDT,djcater+bugzilla,CC,djcater+bugzilla,
2011-09-14 11:46:08 PDT,dteller,CC,david.teller,
2011-11-22 14:36:13 PST,mar.castelluccio,CC,mar.castelluccio,
2011-11-22 14:39:51 PST,dtownsend,CC,dtownsend,
2011-11-22 15:21:44 PST,mar.castelluccio,Attachment #576318                Flags,review?(dtownsend),
2011-11-22 15:58:46 PST,mar.castelluccio,Attachment #576318                Attachment is obsolete,1,0
2011-11-22 15:58:46 PST,mar.castelluccio,Attachment #576339                Flags,review?(dtownsend),
2011-11-22 15:58:46 PST,mar.castelluccio,Attachment #576318                Flags,,review?(dtownsend)
2011-12-08 12:12:04 PST,dtownsend,Attachment #576339                Flags,,review?(dtownsend)
2012-01-24 16:54:35 PST,mar.castelluccio,Attachment #576339                Flags,review?(dtownsend),
2012-01-24 16:54:55 PST,mar.castelluccio,Status,ASSIGNED,NEW
2012-01-24 16:55:04 PST,mar.castelluccio,Assignee,mar.castelluccio,nobody
2012-01-25 17:36:17 PST,dtownsend,Attachment #576339                Flags,review-,review?(dtownsend)
2012-04-10 03:31:18 PDT,mar.castelluccio,Attachment #576339                Attachment is obsolete,1,0
2012-04-10 03:31:18 PDT,mar.castelluccio,Attachment #613538                Flags,review?,
2012-04-10 03:32:38 PDT,mar.castelluccio,Attachment #613538                Flags,review?(dtownsend+bugmail),review?
2012-04-10 15:12:09 PDT,dtownsend,Attachment #613538                Flags,review+,review?(dtownsend+bugmail)
2012-04-10 16:18:44 PDT,mar.castelluccio,Attachment #613538                Attachment is obsolete,1,0
2012-04-13 11:48:05 PDT,mar.castelluccio,Keywords,checkin-needed,
2012-04-14 06:08:01 PDT,ryanvm,Keywords,,checkin-needed
2012-04-14 06:08:01 PDT,ryanvm,Target Milestone,mozilla14,---
2012-04-14 06:08:01 PDT,ryanvm,Flags,in-testsuite-,
2012-04-15 04:35:58 PDT,Ms2ger,Status,RESOLVED,ASSIGNED
2012-04-15 04:35:58 PDT,Ms2ger,Resolution,FIXED,---
2012-04-15 04:35:58 PDT,Ms2ger,CC,Ms2ger,
2012-04-15 04:35:58 PDT,Ms2ger,Last Resolved,2012-04-15 04:35:58,
