When,Who,What,Added,Removed
2010-11-12 16:20:32 PST,mkanat,Status,ASSIGNED,NEW
2010-11-12 16:20:32 PST,mkanat,Assignee,mkanat,webservice
2010-11-12 16:20:32 PST,mkanat,Attachment #490285                Flags,review?(glob),
2010-11-12 16:20:39 PST,mkanat,CC,glob,
2010-11-13 04:42:05 PST,glob,Attachment #490285                Flags,review+,review?(glob)
2010-11-13 04:42:14 PST,glob,Flags,approval?,
2010-11-14 19:10:44 PST,mkanat,Flags,approval+,approval?
2010-11-14 23:37:51 PST,mkanat,Status,RESOLVED,ASSIGNED
2010-11-14 23:37:51 PST,mkanat,Resolution,FIXED,---
2010-11-14 23:37:51 PST,mkanat,Last Resolved,2010-11-14 23:37:51,
