When,Who,What,Added,Removed
2010-11-12 13:18:17 PST,stephen.donner,CC,stephen.donner,
2010-11-12 13:38:23 PST,krupa.mozbugs,CC,krupa.mozbugs,
2010-11-12 16:37:41 PST,wclouser,Priority,P1,P2
2010-11-12 16:37:41 PST,wclouser,Assignee,cwiemeersch,nobody
2010-11-18 08:57:24 PST,cvan,Status,RESOLVED,NEW
2010-11-18 08:57:24 PST,cvan,Resolution,FIXED,---
2010-11-18 08:57:24 PST,cvan,Last Resolved,2010-11-18 08:57:24,
2010-11-18 09:14:46 PST,stephen.donner,URL,https://addons.allizom.org/de/thunderbird/extensions/miscellaneous/?sort=rating,
2010-11-18 09:14:46 PST,stephen.donner,Status,VERIFIED,RESOLVED
