When,Who,What,Added,Removed
2010-11-12 14:20:01 PST,ryanvm,CC,ryanvm,
2010-11-12 15:27:55 PST,taras.mozilla,Attachment #490264                Flags,review?,
2010-11-12 15:29:01 PST,taras.mozilla,Attachment #490264                Flags,review?(joshmoz),review?
2010-11-13 06:51:40 PST,matafagafo,CC,matafagafo,
2010-12-06 13:54:06 PST,jaas,Attachment #490264                Flags,review+,review?(joshmoz)
2010-12-06 14:13:47 PST,taras.mozilla,Attachment #490264                Flags,approval2.0?,
2011-01-10 13:43:39 PST,benjamin,Attachment #490264                Flags,approval2.0-,approval2.0?
2011-03-28 13:00:59 PDT,harshid,CC,harshid,
2011-03-28 13:51:16 PDT,ehsan,Status,RESOLVED,NEW
2011-03-28 13:51:16 PDT,ehsan,Resolution,FIXED,---
2011-03-28 13:51:16 PDT,ehsan,Assignee,tglek,nobody
2011-03-28 13:51:16 PDT,ehsan,CC,ehsan,
2011-03-28 13:51:16 PDT,ehsan,Target Milestone,mozilla2.2,---
2011-03-28 13:51:16 PDT,ehsan,Last Resolved,2011-03-28 13:51:16,
