When,Who,What,Added,Removed
2010-11-14 22:16:22 PST,philipp,CC,jruderman,
2010-11-15 11:03:46 PST,jwalden+bmo,CC,jwalden+bmo,
2011-03-24 17:51:21 PDT,rnewman,Whiteboard,[needs verification],
2011-03-24 17:51:21 PDT,rnewman,Hardware,All,x86
2011-03-24 17:51:21 PDT,rnewman,OS,All,Mac OS X
2011-03-24 17:51:21 PDT,rnewman,CC,rnewman,
2011-03-24 17:53:56 PDT,philipp,Last Resolved,2011-03-24 17:53:56,
2011-03-24 17:53:56 PDT,philipp,Status,RESOLVED,NEW
2011-03-24 17:53:56 PDT,philipp,Resolution,FIXED,---
2011-03-24 17:53:56 PDT,philipp,CC,philipp,
2011-03-24 17:53:56 PDT,philipp,Depends on,636402,
2011-03-24 17:54:02 PDT,philipp,Whiteboard,,[needs verification]
2011-06-07 03:30:25 PDT,philipp,Blocks,640629,
