When,Who,What,Added,Removed
2010-11-12 17:08:24 PST,mwu,Attachment #490294                Flags,review?(blassey.bugs),
2010-11-12 17:09:13 PST,mwu,CC,pavlov,
2010-11-12 17:09:13 PST,mwu,tracking-fennec,?,---
2010-11-12 21:29:37 PST,blassey.bugs,Attachment #490294                Flags,review+,review?(blassey.bugs)
2010-11-15 10:51:37 PST,mwu,Attachment #490294                Flags,approval2.0?,
2010-11-15 11:03:35 PST,pavlov,tracking-fennec,2.0b3+,?
2010-11-15 11:06:04 PST,blassey.bugs,Attachment #490294                Flags,,approval2.0?
2010-11-16 14:34:28 PST,mwu,Last Resolved,2010-11-16 14:34:28,
2010-11-16 14:34:28 PST,mwu,Status,RESOLVED,NEW
2010-11-16 14:34:28 PST,mwu,Resolution,FIXED,---
