When,Who,What,Added,Removed
2010-11-12 12:48:31 PST,paul+moz,Priority,P2,--
2010-11-12 12:48:31 PST,paul+moz,Assignee,paulc,nobody
2010-11-12 12:48:31 PST,paul+moz,CC,paulc,
2010-11-12 15:46:30 PST,paul+moz,Summary,Default locale on gallery upload form is English regardless of site's locale,Media gallery empty after uploading images in another locale
2010-11-12 15:46:30 PST,paul+moz,Status,RESOLVED,NEW
2010-11-12 15:46:30 PST,paul+moz,Resolution,FIXED,---
2010-11-12 15:46:30 PST,paul+moz,Last Resolved,2010-11-12 15:46:30,
2010-11-15 15:06:58 PST,rbillings,Status,VERIFIED,RESOLVED
