When,Who,What,Added,Removed
2010-11-12 14:34:07 PST,stephen.donner,Blocks,600712,
2010-12-01 13:05:39 PST,steven,CC,steven,
2010-12-01 13:05:39 PST,steven,Assignee,ozten.bugs,nobody
2010-12-01 13:15:43 PST,stephen.donner,Component,plugins.mozilla.org,www.mozilla.com
2010-12-01 13:15:43 PST,stephen.donner,Assignee,nobody,ozten.bugs
2010-12-01 13:15:43 PST,stephen.donner,QA Contact,plugins-mozilla-org,www-mozilla-com
2010-12-02 11:34:57 PST,stephen.donner,Whiteboard,,[redesign]
2012-09-07 18:24:20 PDT,n.b.i,CC,n.b.i,
2013-04-18 03:59:03 PDT,cbook,CC,cbook, sneethling,
2013-04-22 08:12:17 PDT,schalk.neethling.bugs,Assignee,sneethling,nobody
2013-07-02 13:55:56 PDT,mozilla+bugcloser,Last Resolved,2013-07-02 13:55:56,
2013-07-02 13:55:56 PDT,mozilla+bugcloser,Status,RESOLVED,NEW
2013-07-02 13:55:56 PDT,mozilla+bugcloser,Resolution,FIXED,---
2013-07-02 14:33:48 PDT,stephen.donner,URL,http://html5.validator.nu/?doc=https%3A%2F%2Fwww-dev.allizom.org%2Fen-US%2Fplugincheck%2F,http://html5.validator.nu/?doc=http%3A%2F%2Fnova.stage.mozilla.com%2Fen-US%2Fplugincheck%2F
2013-07-02 15:04:19 PDT,pmac,Status,REOPENED,RESOLVED
2013-07-02 15:04:19 PDT,pmac,CC,pmac,
2013-07-02 15:04:19 PDT,pmac,Resolution,---,FIXED
2014-04-11 04:59:04 PDT,schalk.neethling.bugs,Status,RESOLVED,REOPENED
2014-04-11 04:59:04 PDT,schalk.neethling.bugs,Resolution,FIXED,---
2014-04-11 04:59:04 PDT,schalk.neethling.bugs,Last Resolved,2014-04-11 04:59:04,2013-07-02 13:55:56
