When,Who,What,Added,Removed
2010-11-12 16:49:29 PST,stephen.donner,Blocks,546830,
2010-11-12 16:55:47 PST,stephen.donner,Assignee,amckay,nobody
2010-11-12 16:55:47 PST,stephen.donner,Target Milestone,5.12.4,5.12.3
2010-11-12 17:21:07 PST,wclouser,Severity,trivial,normal
2010-11-12 17:21:07 PST,wclouser,Priority,P5,--
2010-11-12 17:21:07 PST,wclouser,CC,clouserw,
2010-11-14 20:42:00 PST,krupa.mozbugs,CC,krupa.mozbugs,
2010-11-17 11:16:05 PST,stephen.donner,Summary,Report-Abuse/Report-User links don't work when JavaScript is disabled,Report-Abuse link doesn't work when JavaScript is disabled
2010-11-17 14:11:02 PST,amckay,Last Resolved,2010-11-17 14:11:02,
2010-11-17 14:11:02 PST,amckay,Status,RESOLVED,NEW
2010-11-17 14:11:02 PST,amckay,Resolution,FIXED,---
2010-11-17 15:20:49 PST,stephen.donner,Summary,Shouldn't link to Report-Abuse/Report-User when JavaScript is disabled,Report-Abuse/Report-User links don't work when JavaScript is disabled
2010-11-17 15:20:49 PST,stephen.donner,Status,REOPENED,RESOLVED
2010-11-17 15:20:49 PST,stephen.donner,Resolution,---,FIXED
2010-11-18 14:58:28 PST,amckay,Status,RESOLVED,REOPENED
2010-11-18 14:58:28 PST,amckay,Resolution,FIXED,---
2010-11-18 14:58:28 PST,amckay,Last Resolved,2010-11-18 14:58:28,2010-11-17 14:11:02
2010-11-18 15:25:34 PST,stephen.donner,Status,VERIFIED,RESOLVED
