When,Who,What,Added,Removed
2010-11-12 16:59:57 PST,smichaud,Blocks,589041,
2010-11-12 17:22:52 PST,smichaud,Status,ASSIGNED,NEW
2010-11-12 17:22:52 PST,smichaud,Assignee,smichaud,nobody
2010-11-12 17:22:52 PST,smichaud,Attachment #490300                Flags,review?,
2010-11-12 17:23:24 PST,smichaud,Attachment #490300                Flags,review?(jst),review?
2010-11-12 17:45:22 PST,smichaud,CC,gfleischer+bugzilla,
2010-11-12 18:10:31 PST,bzbarsky,CC,bzbarsky,
2010-11-12 20:10:11 PST,smichaud,Attachment #490300                Flags,,review?(jst)
2010-11-12 20:15:37 PST,smichaud,blocking1.9.1,?,---
2010-11-12 20:15:37 PST,smichaud,blocking1.9.2,?,---
2010-11-15 10:07:09 PST,dveditz,blocking1.9.1,.16+,?
2010-11-15 10:07:09 PST,dveditz,status1.9.1,wanted,---
2010-11-15 10:07:09 PST,dveditz,status1.9.2,wanted,---
2010-11-15 10:07:09 PST,dveditz,blocking1.9.2,.13+,?
2010-11-15 10:50:36 PST,dveditz,Blocks,594443,
2010-11-15 10:52:10 PST,dveditz,CC,sirdarckcat,
2010-11-15 11:22:47 PST,gavin.sharp,CC,gavin.sharp,
2010-11-16 10:36:41 PST,smichaud,Attachment #490300                Attachment is obsolete,1,0
2010-11-16 10:37:19 PST,smichaud,Attachment #490915                Flags,review?(jst),
2010-11-16 10:38:09 PST,smichaud,Attachment #490915                Flags,review?(dveditz),
2010-11-16 10:39:07 PST,smichaud,Attachment #490915                Flags,review?(bzbarsky),
2010-11-16 13:22:36 PST,dveditz,Whiteboard,[sg:high],
2010-11-16 17:16:17 PST,smichaud,Attachment #490915                Attachment is obsolete,1,0
2010-11-16 17:16:17 PST,smichaud,Attachment #491046                Flags,review?,
2010-11-16 17:16:17 PST,smichaud,Attachment #490915                Flags,,review?(jst), review?(dveditz), review?(bzbarsky)
2010-11-16 17:17:04 PST,smichaud,Attachment #491046                Flags,review?(dveditz),
2010-11-16 17:17:39 PST,smichaud,Attachment #491046                Flags,review?(jst), review?(bzbarsky),review?
2010-11-18 10:30:53 PST,smichaud,Attachment #491046                Attachment is obsolete,1,0
2010-11-18 10:30:53 PST,smichaud,Attachment #491046                Flags,,review?(jst), review?(dveditz), review?(bzbarsky)
2010-11-18 10:31:23 PST,smichaud,Attachment #491578                Flags,review?(jst),
2010-11-18 10:31:55 PST,smichaud,Attachment #491578                Flags,review?(dveditz),
2010-11-18 10:32:20 PST,smichaud,Attachment #491578                Flags,review?(bzbarsky),
2010-11-18 12:46:29 PST,smichaud,Attachment #491578                Attachment is obsolete,1,0
2010-11-18 12:46:29 PST,smichaud,Attachment #491630                Flags,review?(joshmoz),
2010-11-18 12:46:29 PST,smichaud,Attachment #491578                Flags,,review?(jst), review?(dveditz), review?(bzbarsky)
2010-11-18 12:46:50 PST,smichaud,Attachment #491630                Flags,review?(bzbarsky),
2010-11-18 12:53:38 PST,smichaud,Attachment #491630                Flags,review?(jst),review?(joshmoz)
2010-11-18 12:54:22 PST,smichaud,Attachment #491630                Flags,review?(dveditz),
2010-11-18 13:08:19 PST,smichaud,CC,dveditz, jst,
2010-11-18 14:20:27 PST,smichaud,Attachment #491630                Attachment is obsolete,1,0
2010-11-18 14:20:27 PST,smichaud,Attachment #491630                Flags,,review?(jst), review?(bzbarsky), review?(dveditz)
2010-11-18 14:20:58 PST,smichaud,Attachment #491669                Flags,review?(jst),
2010-11-18 14:21:22 PST,smichaud,Attachment #491669                Flags,review?(dveditz),
2010-11-18 14:21:41 PST,smichaud,Attachment #491669                Flags,review?(bzbarsky),
2010-11-18 14:51:09 PST,jst,Attachment #491669                Flags,review+,review?(jst)
2010-11-18 15:28:05 PST,bzbarsky,Attachment #491669                Flags,review+,review?(bzbarsky)
2010-11-18 17:50:44 PST,smichaud,Attachment #491669                Flags,,review?(dveditz)
2010-11-18 17:51:02 PST,smichaud,status1.9.1,.16-fixed,wanted
2010-11-18 18:22:49 PST,smichaud,Resolution,FIXED,---
2010-11-18 18:22:49 PST,smichaud,status1.9.2,.13-fixed,wanted
2010-11-18 18:22:49 PST,smichaud,Last Resolved,2010-11-18 18:22:49,
2010-11-18 18:22:49 PST,smichaud,Status,RESOLVED,ASSIGNED
2010-11-22 10:51:47 PST,dveditz,Whiteboard,[sg:high] (goes with bug 611910),[sg:high]
2010-12-04 09:16:55 PST,dveditz,CC,mh+mozilla,
2010-12-09 15:42:43 PST,smichaud,Blocks,,594443
2011-01-27 11:34:54 PST,dveditz,Group,,core-security
