When,Who,What,Added,Removed
2010-11-12 12:31:27 PST,mozilla,Blocks,610055,
2010-11-12 13:13:29 PST,oremj,Assignee,jeremy.orem+bugs,server-ops
2010-11-12 15:51:44 PST,wclouser,Severity,major,normal
2010-11-12 17:10:08 PST,oremj,Status,RESOLVED,NEW
2010-11-12 17:10:08 PST,oremj,Resolution,FIXED,---
2010-11-12 17:10:08 PST,oremj,Last Resolved,2010-11-12 17:10:08,
2013-10-09 10:29:28 PDT,nobody,Product,Infrastructure & Operations,mozilla.org
2013-10-09 10:29:28 PDT,nobody,Component,WebOps: Other,Server Operations: Web Operations
