When,Who,What,Added,Removed
2010-11-12 14:12:13 PST,philringnalda,CC,philringnalda,
2010-11-12 16:16:13 PST,cmtalbert,CC,ctalbert, hskupin,
2010-11-12 16:17:20 PST,cmtalbert,CC,jhammel,
2010-11-12 16:32:15 PST,aaron.train,CC,aaron.train,
2010-11-13 03:34:52 PST,hskupin,CC,gmealer,
2010-11-13 03:34:52 PST,hskupin,Hardware,All,x86
2010-11-13 03:34:52 PST,hskupin,OS,All,Linux
2010-11-13 03:34:52 PST,hskupin,Component,Mozmill Tests,Mozmill
2010-11-13 03:34:52 PST,hskupin,QA Contact,mozmilltests,mozmill
2010-11-14 10:24:42 PST,hskupin,Whiteboard,[orange][mozmill-test-failure],[orange]
2010-11-14 10:24:42 PST,hskupin,Status,ASSIGNED,NEW
2010-11-14 10:24:42 PST,hskupin,Assignee,hskupin,nobody
2010-11-14 15:34:16 PST,hskupin,Attachment #490490                Flags,review?(gmealer),
2010-11-14 15:36:41 PST,hskupin,Attachment #490490                Attachment is obsolete,1,0
2010-11-14 15:36:41 PST,hskupin,Attachment #490491                Flags,review?(gmealer),
2010-11-14 15:36:41 PST,hskupin,Attachment #490490                Flags,,review?(gmealer)
2010-11-15 10:33:28 PST,gmealer,Attachment #490491                Flags,review+,review?(gmealer)
2010-11-15 14:33:35 PST,hskupin,Attachment #490708                Flags,review?(gmealer),
2010-11-15 14:55:36 PST,gmealer,Attachment #490708                Flags,review+,review?(gmealer)
2010-11-15 15:15:54 PST,hskupin,Whiteboard,[orange][mozmill-test-failure][needs-patch-mc],[orange][mozmill-test-failure]
2010-11-18 02:05:22 PST,hskupin,URL,http://mozmill-release.brasstacks.mozilla.com/#/general/failure?branch=4.0&platform=All&test=firefox%2FrestartTests%2FtestDefaultBookmarks%2Ftest1.js&func=testVerifyDefaultBookmarks,
2010-11-19 12:35:43 PST,hskupin,Product,Mozilla QA,Testing
2010-11-19 12:35:43 PST,hskupin,Version,unspecified,Trunk
2010-11-19 12:35:43 PST,hskupin,Component,Mozmill Tests,Mozmill Tests
2010-11-19 14:36:11 PST,hskupin,Depends on,560820,
2010-11-21 01:56:12 PST,hskupin,Blocks,613802,
2010-11-21 03:51:02 PST,hskupin,Blocks,,613802
2010-11-30 02:03:02 PST,hskupin,Status,RESOLVED,ASSIGNED
2010-11-30 02:03:02 PST,hskupin,Resolution,FIXED,---
2010-11-30 02:03:02 PST,hskupin,Last Resolved,2010-11-30 02:03:02,
2012-11-19 14:40:48 PST,nobody,Keywords,intermittent-failure,
2012-11-25 19:31:15 PST,nobody,Whiteboard,[mozmill-test-failure][needs-patch-mc],[orange][mozmill-test-failure][needs-patch-mc]
