When,Who,What,Added,Removed
2010-11-13 06:47:40 PST,jacek,Assignee,jacek,nobody
2010-11-13 06:47:40 PST,jacek,Attachment #490380                Flags,review?(vladimir),
2010-11-24 06:02:09 PST,jacek,CC,vladimir,
2011-01-23 09:11:37 PST,jacek,Attachment #490380                Flags,review?(roc),
2011-01-23 19:49:58 PST,roc,Attachment #490380                Flags,review+,review?(vladimir), review?(roc)
2011-01-24 03:23:12 PST,jacek,Attachment #490380                Flags,approval2.0?,
2011-01-27 16:22:18 PST,dbaron,Attachment #490380                Flags,approval2.0+,approval2.0?
2011-01-28 01:28:06 PST,jacek,Status,RESOLVED,NEW
2011-01-28 01:28:06 PST,jacek,Resolution,FIXED,---
2011-01-28 01:28:06 PST,jacek,Last Resolved,2011-01-28 01:28:06,
2011-01-28 09:11:04 PST,standard8,Depends on,629695,
