When,Who,What,Added,Removed
2010-11-13 04:35:08 PST,rkaeppeler,Version,Lightning 1.0b2,unspecified
2010-11-30 02:49:35 PST,philipp,Whiteboard,[good first bug],
2010-11-30 02:49:35 PST,philipp,Status,NEW,UNCONFIRMED
2010-11-30 02:49:35 PST,philipp,Ever confirmed,1,0
2011-03-08 03:40:41 PST,philipp,Status,ASSIGNED,NEW
2011-03-08 03:40:41 PST,philipp,Assignee,rkaeppeler,nobody
2011-03-08 03:40:41 PST,philipp,Summary,Sorting Order of Reminders / Alarms,Sorting Order of Notifications
2011-03-21 15:59:09 PDT,rkaeppeler,Attachment #520788                Flags,review?(philipp),
2011-03-29 07:21:52 PDT,philipp,Attachment #520788                Attachment mime type,application/octet-stream,text/plain
2011-03-29 07:21:52 PDT,philipp,Attachment #520788                Attachment is patch,0,1
2011-04-02 02:49:51 PDT,philipp,Attachment #520788                Attachment is obsolete,1,0
2011-04-02 02:49:51 PDT,philipp,Attachment #523773                Flags,review?(philipp),
2011-04-02 02:49:51 PDT,philipp,Attachment #520788                Flags,,review?(philipp)
2011-04-02 03:03:58 PDT,philipp,Attachment #523773                Flags,review-,review?(philipp)
2011-04-03 02:42:07 PDT,rkaeppeler,Attachment #523854                Flags,review?(philipp),
2011-04-03 02:43:19 PDT,rkaeppeler,Attachment #523854                Attachment description,Patch for review - v2,Corrections from review of Patch v1
2011-04-08 14:43:57 PDT,philipp,Attachment #523854                Flags,review+,review?(philipp)
2011-04-09 05:06:48 PDT,rkaeppeler,Attachment #524845                Flags,review?(philipp),
2011-05-11 11:36:19 PDT,philipp,Attachment #524845                Attachment filename,[for beta]Patch for review - v3.diff,Patch for review - v3.diff
2011-05-11 11:38:20 PDT,philipp,Attachment #524845                Attachment description,[for beta]Patch for review - v3,Patch for review - v3
2011-05-16 03:50:20 PDT,philipp,Attachment #524845                Flags,review+,review?(philipp)
2011-05-16 03:54:02 PDT,philipp,Status,RESOLVED,ASSIGNED
2011-05-16 03:54:02 PDT,philipp,Resolution,FIXED,---
2011-05-16 03:54:02 PDT,philipp,Target Milestone,Trunk,---
2011-05-16 03:54:02 PDT,philipp,Last Resolved,2011-05-16 03:54:02,
