When,Who,What,Added,Removed
2010-11-13 08:58:26 PST,ludovic,Hardware,All,x86
2010-11-13 08:58:26 PST,ludovic,OS,All,Windows 7
2010-11-13 08:58:26 PST,ludovic,CC,bugzilla,
2010-11-13 08:58:26 PST,ludovic,blocking-thunderbird5.0,?,---
2010-11-13 09:12:05 PST,mozilla,CC,bienvenu,
2010-11-13 09:54:24 PST,jsabash,CC,jsabash,
2010-11-13 09:56:23 PST,euryalus.0,Keywords,regression,
2010-11-13 10:14:52 PST,jsabash,Blocks,595201,
2010-11-13 11:17:58 PST,standard8,CC,nisses.mail, sid.bugzilla,
2010-11-13 11:49:14 PST,dstrickl,CC,dstrickl,
2010-11-13 12:49:22 PST,standard8,Assignee,bugzilla,nobody
2010-11-13 12:49:22 PST,standard8,Blocks,606289,595201
2010-11-13 12:49:22 PST,standard8,blocking-thunderbird5.0,.alpha1+,?
2010-11-13 13:05:52 PST,toscha,CC,toscha,
2010-11-13 13:12:14 PST,Pidgeot18,Attachment #490431                Flags,review+,
2010-11-13 13:20:10 PST,standard8,Target Milestone,Thunderbird 3.3a1,---
2010-11-13 13:20:10 PST,standard8,Last Resolved,2010-11-13 13:20:10,
2010-11-13 13:20:10 PST,standard8,Status,RESOLVED,NEW
2010-11-13 13:20:10 PST,standard8,Resolution,FIXED,---
2010-11-13 13:28:31 PST,steffen.wilberg,CC,steffen.wilberg,
