When,Who,What,Added,Removed
2010-11-12 20:06:16 PST,khuey,Attachment #490328                Flags,review?(ted.mielczarek), superreview?,
2010-11-12 20:06:46 PST,khuey,Attachment #490328                Flags,superreview?(robert.bugzilla),superreview?
2010-11-12 20:06:59 PST,khuey,blocking2.0,?,---
2010-11-13 05:59:33 PST,xtc4uall,CC,xtc4uall,
2010-11-15 15:22:24 PST,dwitte,CC,dwitte,
2010-11-15 15:51:22 PST,dwitte,Blocks,601089,
2010-11-16 11:08:42 PST,dwitte,CC,jst,
2010-11-17 11:43:46 PST,ted,Attachment #490328                Flags,review+,review?(ted.mielczarek)
2010-11-17 19:05:47 PST,jst,blocking2.0,beta8+,?
2010-11-17 19:47:56 PST,robert.strong.bugs,Attachment #490328                Flags,superreview+,superreview?(robert.bugzilla)
2010-11-17 19:57:00 PST,robert.strong.bugs,CC,robert.bugzilla,
2010-11-17 20:42:42 PST,robert.strong.bugs,Attachment #490328                Flags,review?(jmathies),
2010-11-17 21:38:37 PST,robert.strong.bugs,Attachment #490328                Flags,,review?(jmathies)
2010-11-17 21:39:07 PST,robert.strong.bugs,CC,jmathies,
2010-11-18 22:09:50 PST,jduell.mcbugs,CC,jduell.mcbugs,
2010-11-21 20:02:32 PST,khuey,Status,RESOLVED,ASSIGNED
2010-11-21 20:02:32 PST,khuey,Resolution,FIXED,---
2010-11-21 20:02:32 PST,khuey,Target Milestone,mozilla2.0b8,---
2010-11-21 20:02:32 PST,khuey,Last Resolved,2010-11-21 20:02:32,
2010-11-21 20:32:35 PST,felipc,CC,felipc,
2010-11-22 15:00:25 PST,khuey,Depends on,613874,
2010-11-24 11:48:57 PST,jacek,Depends on,614625,
2011-04-06 11:39:31 PDT,ted,CC,ted.mielczarek,
