When,Who,What,Added,Removed
2010-11-13 06:34:01 PST,jacek,Attachment #490379                Flags,review?(tglek),
2010-11-13 06:34:13 PST,jacek,Assignee,jacek,nobody
2010-11-13 06:34:36 PST,jacek,Blocks,598416,
2010-11-13 06:34:55 PST,jacek,Attachment #490379                Attachment is patch,1,0
2010-11-13 12:55:43 PST,taras.mozilla,Attachment #490379                Flags,review+,review?(tglek)
2010-11-13 13:16:21 PST,jacek,Attachment #490432                Flags,approval2.0?,
2010-11-23 06:48:30 PST,benjamin,Attachment #490432                Flags,approval2.0+,approval2.0?
2011-01-22 03:51:16 PST,jacek,Status,RESOLVED,NEW
2011-01-22 03:51:16 PST,jacek,Resolution,FIXED,---
2011-01-22 03:51:16 PST,jacek,Last Resolved,2011-01-22 03:51:16,
