When,Who,What,Added,Removed
2010-11-13 08:44:59 PST,timeless,Summary,Win64 crash [@ xul.dll@0xc51dab][@ sse2_composite_src_x888_8888],Win64 crash [@ xul.dll@0xc51dab]
2010-11-13 08:44:59 PST,timeless,Severity,critical,normal
2010-11-13 08:44:59 PST,timeless,Keywords,crash,
2010-11-14 20:29:13 PST,m_kato,CC,m_kato,
2010-11-14 20:29:13 PST,m_kato,Last Resolved,2010-11-14 20:29:13,
2010-11-14 20:29:13 PST,m_kato,Status,RESOLVED,NEW
2010-11-14 20:29:13 PST,m_kato,Resolution,DUPLICATE,---
2010-11-14 21:59:06 PST,m_kato,Status,REOPENED,RESOLVED
2010-11-14 21:59:06 PST,m_kato,Resolution,---,DUPLICATE
2010-11-14 21:59:19 PST,m_kato,Status,ASSIGNED,REOPENED
2010-11-14 21:59:19 PST,m_kato,Assignee,m_kato,nobody
2010-11-14 22:05:54 PST,m_kato,Attachment #490514                Flags,review?(jmathies),
2010-11-14 22:08:35 PST,m_kato,Blocks,596451,
2010-11-14 22:10:26 PST,m_kato,Blocks,611389,
2010-11-14 22:12:04 PST,m_kato,Blocks,611714,
2010-11-14 23:00:33 PST,bernesb,CC,BernesB,
2010-11-14 23:34:35 PST,emanuel.hoogeveen,CC,emanuel.hoogeveen,
2010-11-14 23:40:04 PST,scoobidiver,Blocks,611610,
2010-11-14 23:40:44 PST,scoobidiver,Blocks,611613,
2010-11-14 23:40:54 PST,scoobidiver,Blocks,611614,
2010-11-14 23:41:17 PST,scoobidiver,Blocks,611612,
2010-11-15 08:42:55 PST,benjamin,Blocks,611595,
2010-11-15 10:13:17 PST,jmathies,Attachment #490514                Flags,review?(benjamin),review?(jmathies)
2010-11-15 12:52:31 PST,benjamin,Attachment #490514                Flags,review+,review?(benjamin)
2010-11-16 00:40:07 PST,scoobidiver,Blocks,612017,
2010-11-17 11:00:45 PST,highmind63,CC,highmind63,
2010-11-17 12:08:52 PST,benjamin,Status,RESOLVED,ASSIGNED
2010-11-17 12:08:52 PST,benjamin,Resolution,FIXED,---
2010-11-17 12:08:52 PST,benjamin,Last Resolved,2010-11-17 12:08:52,2010-11-14 20:29:13
2011-06-09 14:58:54 PDT,nobody,Crash Signature,[@ xul.dll@0xc51dab][@ sse2_composite_src_x888_8888],
2012-01-13 14:47:12 PST,joe,CC,joe,
2012-01-13 14:47:12 PST,joe,Blocks,611941,
2012-01-13 14:47:12 PST,joe,Crash Signature,[@ xul.dll@0xc51dab][@ sse2_composite_src_x888_8888],[@ xul.dll@0xc51dab][@ sse2_composite_src_x888_8888]
