When,Who,What,Added,Removed
2010-11-13 06:15:02 PST,xtc4uall,CC,xtc4uall,
2010-11-21 07:26:15 PST,longsonr,CC,longsonr,
2010-11-22 07:46:27 PST,dholbert,Keywords,regression, testcase,
2010-11-22 07:46:27 PST,dholbert,Version,Trunk,unspecified
2010-11-22 07:46:27 PST,dholbert,CC,dholbert,
2010-11-22 07:46:27 PST,dholbert,Blocks,484953,
2010-11-22 07:50:25 PST,dholbert,Summary,Gradients on stroke broken,Gradients on stroke broken (probably after change of HW acceleration turned on)
2010-11-22 07:50:25 PST,dholbert,Hardware,All,x86
2010-11-22 07:50:25 PST,dholbert,OS,All,Windows XP
2010-11-22 07:50:25 PST,dholbert,Status,NEW,UNCONFIRMED
2010-11-22 07:50:25 PST,dholbert,Ever confirmed,1,0
2010-11-22 07:51:39 PST,longsonr,Assignee,longsonr,nobody
2010-11-22 14:35:09 PST,longsonr,CC,roc,
2010-11-22 14:35:09 PST,longsonr,blocking2.0,?,---
2010-11-22 14:41:57 PST,longsonr,Attachment #492456                Flags,review?(roc),
2010-11-22 14:44:39 PST,roc,Attachment #492456                Flags,review+,review?(roc)
2010-11-22 14:45:15 PST,roc,blocking2.0,final+,?
2010-11-22 15:00:25 PST,longsonr,Attachment #492456                Attachment is obsolete,1,0
2010-11-22 15:00:45 PST,longsonr,Keywords,checkin-needed,
2010-11-22 15:00:45 PST,longsonr,Whiteboard,[needs landing],
2010-11-23 07:08:05 PST,ehsan,Keywords,,checkin-needed
2010-11-23 07:08:05 PST,ehsan,Whiteboard,,[needs landing]
2010-11-23 07:08:05 PST,ehsan,Status,RESOLVED,NEW
2010-11-23 07:08:05 PST,ehsan,Resolution,FIXED,---
2010-11-23 07:08:05 PST,ehsan,CC,ehsan,
2010-11-23 07:08:05 PST,ehsan,Target Milestone,mozilla2.0b8,---
2010-11-23 07:08:05 PST,ehsan,Flags,in-testsuite+,
2010-11-23 07:08:05 PST,ehsan,Last Resolved,2010-11-23 07:08:05,
2010-11-23 11:29:55 PST,ehsan,Resolution,---,FIXED
2010-11-23 11:29:55 PST,ehsan,Depends on,614324,
2010-11-23 11:29:55 PST,ehsan,Status,REOPENED,RESOLVED
2010-11-27 03:05:37 PST,longsonr,Resolution,FIXED,---
2010-11-27 03:05:37 PST,longsonr,Last Resolved,2010-11-27 03:05:37,2010-11-23 07:08:05
2010-11-27 03:05:37 PST,longsonr,Status,RESOLVED,REOPENED
2010-11-27 12:44:36 PST,garyshap,CC,garyshap,
