When,Who,What,Added,Removed
2010-11-15 07:27:11 PST,steven,URL,http://nova.stage.mozilla.com/en-US/firefox/all-older.html,http://www.mozilla.com/en-US/firefox/all-older.html
2010-11-15 07:27:11 PST,steven,Keywords,qawanted,
2010-11-15 10:47:56 PST,mozbugs.retornam,Keywords,,qawanted
2010-11-16 09:23:47 PST,mozbugs.retornam,Depends on,612608,
2010-12-01 11:10:34 PST,jslater,Blocks,615937,
2010-12-02 08:33:17 PST,steven,Status,RESOLVED,NEW
2010-12-02 08:33:17 PST,steven,Resolution,FIXED,---
2010-12-02 08:33:17 PST,steven,Last Resolved,2010-12-02 08:33:17,
2010-12-16 15:36:50 PST,mozbugs.retornam,Status,VERIFIED,RESOLVED
2012-04-23 08:15:30 PDT,nobody,Product,Websites,Websites
2012-04-23 08:15:30 PDT,nobody,Component,www.mozilla.org,www.mozilla.org/firefox
2012-08-23 00:16:07 PDT,nobody,Product,www.mozilla.org,Websites
2012-08-23 00:16:07 PDT,nobody,Component,General,www.mozilla.org
