When,Who,What,Added,Removed
2010-11-16 11:42:52 PST,steven,URL,http://nova.stage.mozilla.com/en-US/opt-out.html,http://www.mozilla.com/en-US/opt-out.html
2010-11-16 11:42:52 PST,steven,Keywords,qawanted,
2010-11-17 08:50:48 PST,mozbugs.retornam,Keywords,,qawanted
2010-12-01 11:01:51 PST,steven,Status,RESOLVED,NEW
2010-12-01 11:01:51 PST,steven,Resolution,FIXED,---
2010-12-01 11:01:51 PST,steven,Last Resolved,2010-12-01 11:01:51,
2010-12-16 15:28:26 PST,mozbugs.retornam,Status,VERIFIED,RESOLVED
2012-04-23 08:15:30 PDT,nobody,Product,Websites,Websites
2012-04-23 08:15:30 PDT,nobody,Component,www.mozilla.org,www.mozilla.org/firefox
2012-08-23 00:16:07 PDT,nobody,Product,www.mozilla.org,Websites
2012-08-23 00:16:07 PDT,nobody,Component,General,www.mozilla.org
