When,Who,What,Added,Removed
2010-11-19 11:09:39 PST,Ms2ger,Attachment #491890                Flags,review?(peterv),
2010-12-20 09:37:14 PST,peterv,Attachment #491890                Flags,review+,review?(peterv)
2010-12-24 07:29:59 PST,highmind63,CC,highmind63,
2011-04-14 16:05:50 PDT,matjk7,CC,matjk7,
2011-05-29 04:45:33 PDT,deprecationmail,CC,bugzilla,
2011-05-29 07:06:00 PDT,Ms2ger,Status,RESOLVED,ASSIGNED
2011-05-29 07:06:00 PDT,Ms2ger,Resolution,FIXED,---
2011-05-29 07:06:00 PDT,Ms2ger,Target Milestone,mozilla7,Future
2011-05-29 07:06:00 PDT,Ms2ger,Last Resolved,2011-05-29 07:06:00,
2011-05-29 07:47:52 PDT,Ms2ger,Keywords,dev-doc-needed,
2011-06-16 11:03:00 PDT,eshepherd,Keywords,dev-doc-complete,dev-doc-needed
2011-06-16 11:03:00 PDT,eshepherd,CC,eshepherd,
