When,Who,What,Added,Removed
2010-11-16 18:01:22 PST,bbirtles,Assignee,birtles,nobody
2010-11-16 18:01:22 PST,bbirtles,blocking2.0,?,---
2010-11-16 18:01:22 PST,bbirtles,Status,ASSIGNED,NEW
2010-11-16 18:47:07 PST,bbirtles,Attachment #491077                Flags,review?(dholbert),
2010-11-18 17:43:50 PST,bbirtles,Attachment #491077                Attachment is obsolete,1,0
2010-11-18 17:43:50 PST,bbirtles,Attachment #491733                Flags,review?(dholbert),
2010-11-18 17:43:50 PST,bbirtles,Attachment #491077                Flags,,review?(dholbert)
2010-11-18 21:04:08 PST,dholbert,Attachment #491733                Flags,review+,review?(dholbert)
2010-11-22 15:05:29 PST,roc,CC,roc,
2010-11-22 15:05:29 PST,roc,blocking2.0,-,?
2010-11-22 15:05:35 PST,roc,Attachment #491733                Flags,approval2.0+,
2010-11-23 15:37:05 PST,bbirtles,Flags,in-testsuite+,
2010-11-23 15:37:05 PST,bbirtles,Last Resolved,2010-11-23 15:37:05,
2010-11-23 15:37:05 PST,bbirtles,Hardware,All,x86
2010-11-23 15:37:05 PST,bbirtles,OS,All,Mac OS X
2010-11-23 15:37:05 PST,bbirtles,Status,RESOLVED,ASSIGNED
2010-11-23 15:37:05 PST,bbirtles,Resolution,FIXED,---
2010-11-23 15:37:05 PST,bbirtles,Target Milestone,mozilla2.0b8,---
