When,Who,What,Added,Removed
2010-11-13 04:14:19 PST,dao,Status,ASSIGNED,NEW
2010-11-13 04:14:19 PST,dao,Assignee,dao,nobody
2010-11-13 04:14:19 PST,dao,Attachment #490363                Flags,review?(ehsan),
2010-11-13 12:27:32 PST,ehsan,CC,community,
2010-11-13 12:29:26 PST,ehsan,Attachment #490363                Flags,review+,review?(ehsan)
2010-11-13 12:38:01 PST,dao,Attachment #490363                Flags,approval2.0?,
2010-11-14 10:37:56 PST,tymerkaev,CC,tymerkaev,
2010-11-23 07:07:05 PST,benjamin,Attachment #490363                Flags,approval2.0+,approval2.0?
2010-11-24 00:46:15 PST,dao,Resolution,FIXED,---
2010-11-24 00:46:15 PST,dao,Target Milestone,Firefox 4.0b8,---
2010-11-24 00:46:15 PST,dao,Last Resolved,2010-11-24 00:46:15,
2010-11-24 00:46:15 PST,dao,Status,RESOLVED,ASSIGNED
2010-12-17 20:58:58 PST,mcdavis941.bugs,CC,mcdavis941.bugs,
