When,Who,What,Added,Removed
2011-01-05 00:18:54 PST,bzbarsky,Attachment #501278                Flags,review?(dbaron),
2011-01-05 00:23:39 PST,bzbarsky,Attachment #501278                Attachment is obsolete,1,0
2011-01-05 00:23:39 PST,bzbarsky,Attachment #501278                Flags,,review?(dbaron)
2011-01-05 00:24:01 PST,bzbarsky,Attachment #501279                Flags,review?(dbaron),
2011-01-05 00:25:08 PST,bzbarsky,Priority,P1,--
2011-01-05 00:25:08 PST,bzbarsky,Assignee,bzbarsky,nobody
2011-01-12 10:08:19 PST,dbaron,Attachment #501279                Flags,review-,review?(dbaron)
2011-03-17 05:14:33 PDT,bob,CC,bclary,
2011-03-17 05:14:33 PDT,bob,Blocks,532972,
2011-05-03 11:07:08 PDT,bzbarsky,Attachment #529763                Flags,review?(dbaron),
2011-05-03 11:07:13 PDT,bzbarsky,Attachment #501279                Attachment is obsolete,1,0
2011-05-03 11:08:53 PDT,bzbarsky,Whiteboard,[need review],
2011-05-19 10:27:14 PDT,dbaron,Attachment #529763                Flags,review+,review?(dbaron)
2011-05-19 11:04:30 PDT,bzbarsky,Whiteboard,[need landing],[need review]
2011-05-20 19:46:11 PDT,bzbarsky,Flags,in-testsuite+,
2011-05-20 19:46:11 PDT,bzbarsky,Whiteboard,fixed-in-cedar,[need landing]
2011-05-20 19:47:08 PDT,bzbarsky,Target Milestone,mozilla6,---
2011-05-21 17:35:28 PDT,dholbert,Status,RESOLVED,NEW
2011-05-21 17:35:28 PDT,dholbert,Resolution,FIXED,---
2011-05-21 17:35:28 PDT,dholbert,CC,dholbert,
2011-05-21 17:35:28 PDT,dholbert,Last Resolved,2011-05-21 17:35:28,
