When,Who,What,Added,Removed
2010-11-13 05:06:42 PST,LpSolit,Version,3.2.9,unspecified
2010-11-13 05:06:42 PST,LpSolit,Status,NEW,UNCONFIRMED
2010-11-13 05:06:42 PST,LpSolit,Component,Reporting/Charting,Database
2010-11-13 05:06:42 PST,LpSolit,Assignee,charting,database
2010-11-13 05:06:42 PST,LpSolit,CC,LpSolit,
2010-11-13 05:06:42 PST,LpSolit,Target Milestone,Bugzilla 3.6,---
2010-11-13 05:06:42 PST,LpSolit,Ever confirmed,1,0
2010-11-13 05:06:42 PST,LpSolit,Flags,blocking4.0+, blocking3.6.4+,
2010-11-13 05:35:19 PST,LpSolit,Attachment #490365                Flags,review+,
2010-11-13 05:38:37 PST,LpSolit,Status,ASSIGNED,NEW
2010-11-13 05:38:37 PST,LpSolit,Assignee,sam,charting
2010-11-13 05:38:37 PST,LpSolit,CC,mkanat,
2010-11-13 05:38:37 PST,LpSolit,Flags,approval+, approval4.0+, approval3.6+,
2010-11-13 05:54:26 PST,LpSolit,Summary,collectstats.pl --regenerate fails with PostgreSQL 8.4.x (sql_from_days() doesn't accept integers as argument),sql_from_days fails with postgresql 8.4
2010-11-14 11:07:38 PST,LpSolit,Status,RESOLVED,ASSIGNED
2010-11-14 11:07:38 PST,LpSolit,Resolution,FIXED,---
2010-11-14 11:07:38 PST,LpSolit,Last Resolved,2010-11-14 11:07:38,
