When,Who,What,Added,Removed
2010-11-13 05:48:33 PST,LpSolit,Depends on,600475,
2010-11-13 05:48:33 PST,LpSolit,Target Milestone,Bugzilla 4.0,---
2010-11-13 05:48:33 PST,LpSolit,Ever confirmed,1,0
2010-11-13 05:48:33 PST,LpSolit,Flags,blocking4.0+,
2010-11-13 05:48:33 PST,LpSolit,Keywords,regression,
2010-11-13 05:48:33 PST,LpSolit,Version,4.0,unspecified
2010-11-13 05:48:33 PST,LpSolit,Hardware,All,x86_64
2010-11-13 05:48:33 PST,LpSolit,OS,All,Linux
2010-11-13 05:48:33 PST,LpSolit,Status,NEW,UNCONFIRMED
2010-11-13 05:48:33 PST,LpSolit,CC,LpSolit,
2010-11-13 05:52:00 PST,LpSolit,Status,ASSIGNED,NEW
2010-11-13 05:52:00 PST,LpSolit,Assignee,LpSolit,administration
2010-11-13 05:52:00 PST,LpSolit,Attachment #490371                Flags,review?(glob),
2010-11-13 08:47:38 PST,glob,Attachment #490371                Flags,review+,review?(glob)
2010-11-13 08:47:47 PST,glob,CC,glob,
2010-11-13 08:47:47 PST,glob,Flags,approval?,
2010-11-13 13:46:59 PST,reed,CC,reed,
2010-11-14 10:03:21 PST,LpSolit,Flags,approval+, approval4.0+,approval?
2010-11-14 10:56:10 PST,LpSolit,Status,RESOLVED,ASSIGNED
2010-11-14 10:56:10 PST,LpSolit,Resolution,FIXED,---
2010-11-14 10:56:10 PST,LpSolit,Last Resolved,2010-11-14 10:56:10,
