When,Who,What,Added,Removed
2010-11-12 17:41:05 PST,smichaud,Blocks,589041,
2010-11-12 17:45:47 PST,smichaud,CC,gfleischer+bugzilla,
2010-11-12 17:53:55 PST,smichaud,Assignee,smichaud,nobody
2010-11-12 17:53:55 PST,smichaud,Status,ASSIGNED,NEW
2010-11-12 17:54:16 PST,smichaud,Attachment #490310                Flags,review?(joshmoz),
2010-11-12 18:14:24 PST,bzbarsky,CC,bzbarsky,
2010-11-12 20:09:10 PST,smichaud,Attachment #490310                Flags,,review?(joshmoz)
2010-11-12 20:16:01 PST,smichaud,blocking2.0,?,---
2010-11-15 10:45:59 PST,dveditz,blocking1.9.2,.13+,---
2010-11-15 10:45:59 PST,dveditz,blocking1.9.1,.16+,---
2010-11-15 10:45:59 PST,dveditz,status1.9.1,wanted,---
2010-11-15 10:45:59 PST,dveditz,status1.9.2,wanted,---
2010-11-15 10:50:36 PST,dveditz,Blocks,594443,
2010-11-15 10:51:57 PST,dveditz,CC,sirdarckcat,
2010-11-15 11:23:39 PST,gavin.sharp,CC,gavin.sharp,
2010-11-16 11:42:44 PST,smichaud,Attachment #490310                Attachment is obsolete,1,0
2010-11-16 11:42:44 PST,smichaud,Attachment #490933                Flags,review?(joshmoz),
2010-11-16 13:22:49 PST,dveditz,Whiteboard,[sg:high],
2010-11-16 17:27:32 PST,smichaud,Attachment #490933                Attachment is obsolete,1,0
2010-11-16 17:27:32 PST,smichaud,Attachment #491051                Flags,review?(joshmoz),
2010-11-16 17:27:32 PST,smichaud,Attachment #490933                Flags,,review?(joshmoz)
2010-11-17 18:42:38 PST,jst,blocking2.0,betaN+,?
2010-11-17 18:42:38 PST,jst,CC,jst,
2010-11-18 12:56:49 PST,smichaud,Attachment #491051                Flags,,review?(joshmoz)
2010-11-18 12:56:49 PST,smichaud,Attachment #491051                Attachment is obsolete,1,0
2010-11-18 12:56:49 PST,smichaud,Attachment #491633                Flags,review?(joshmoz),
2010-11-18 13:12:50 PST,smichaud,CC,joshmoz,
2010-11-18 18:53:13 PST,smichaud,Attachment #491633                Attachment is obsolete,1,0
2010-11-18 18:53:13 PST,smichaud,Attachment #491752                Flags,review?(joshmoz),
2010-11-18 18:53:13 PST,smichaud,Attachment #491633                Flags,,review?(joshmoz)
2010-11-19 08:03:52 PST,jaas,Attachment #491752                Flags,review-,review?(joshmoz)
2010-11-19 09:42:22 PST,smichaud,Attachment #491752                Attachment is obsolete,1,0
2010-11-19 09:42:22 PST,smichaud,Attachment #491858                Flags,review?(joshmoz),
2010-11-19 09:55:48 PST,jaas,Attachment #491858                Flags,review+,review?(joshmoz)
2010-11-19 11:13:31 PST,dholbert,CC,dholbert,
2010-11-19 15:14:00 PST,smichaud,Attachment #491973                Flags,review?(joshmoz),
2010-11-19 15:24:56 PST,smichaud,Attachment #491973                Flags,,review?(joshmoz)
2010-11-19 15:27:57 PST,smichaud,Attachment #491973                Flags,review?(joshmoz),
2010-11-19 16:19:50 PST,smichaud,Attachment #491987                Flags,review?(joshmoz),
2010-11-21 16:16:36 PST,jaas,Attachment #491973                Flags,review-,review?(joshmoz)
2010-11-21 18:28:08 PST,smichaud,Attachment #491973                Attachment is obsolete,1,0
2010-11-21 18:28:08 PST,smichaud,Attachment #492235                Flags,review?(joshmoz),
2010-11-22 06:15:58 PST,jaas,Attachment #492235                Flags,review+,review?(joshmoz)
2010-11-22 09:28:33 PST,smichaud,status1.9.2,.14-fixed,wanted
2010-11-22 10:46:00 PST,christian,CC,clegnitto,
2010-11-22 10:46:00 PST,christian,blocking1.9.1,.17+,.16+
2010-11-22 10:46:00 PST,christian,blocking1.9.2,.14+,.13+
2010-11-22 10:53:39 PST,dveditz,Whiteboard,[sg:high] (goes with bug 611897),[sg:high]
2010-11-22 10:53:39 PST,dveditz,blocking1.9.1,?,.17+
2010-11-22 10:53:39 PST,dveditz,blocking1.9.2,?,.14+
2010-11-22 17:05:07 PST,jaas,Attachment #491987                Flags,review+,review?(joshmoz)
2010-11-22 17:19:16 PST,smichaud,Attachment #491987                Flags,approval1.9.1.17?,
2010-11-29 10:26:37 PST,dveditz,blocking1.9.1,.17+,?
2010-11-29 10:26:37 PST,dveditz,blocking1.9.2,.14+,?
2010-11-29 11:49:29 PST,smichaud,Status,RESOLVED,ASSIGNED
2010-11-29 11:49:29 PST,smichaud,Resolution,FIXED,---
2010-11-29 11:49:29 PST,smichaud,status1.9.1,.17-fixed,wanted
2010-11-29 11:49:29 PST,smichaud,Last Resolved,2010-11-29 11:49:29,
2010-11-29 11:53:26 PST,smichaud,Attachment #491987                Flags,,approval1.9.1.17?
2010-12-09 15:42:43 PST,smichaud,Blocks,,594443
2010-12-27 10:14:05 PST,christian,Depends on,620773,
2011-01-03 17:14:52 PST,abillings,Whiteboard,[sg:high] (goes with bug 611897) [qa-needs-STR] [qa-examined-191] [qa-examined-192],[sg:high] (goes with bug 611897)
2011-01-03 17:14:52 PST,abillings,CC,abillings,
2011-01-04 16:01:02 PST,abillings,Whiteboard,[sg:high] (goes with bug 611897) [qa-examined-191] [qa-examined-192],[sg:high] (goes with bug 611897) [qa-needs-STR] [qa-examined-191] [qa-examined-192]
2011-01-07 12:26:28 PST,dveditz,CC,mh+mozilla,
2011-01-11 18:03:27 PST,abillings,Keywords,verified1.9.1, verified1.9.2,
2011-01-11 18:03:27 PST,abillings,Whiteboard,[sg:high] (goes with bug 611897),[sg:high] (goes with bug 611897) [qa-examined-191] [qa-examined-192]
2011-02-14 09:33:21 PST,brandon,Alias,CVE-2011-0060,
2011-02-14 09:33:21 PST,brandon,CC,bsterne,
2011-03-01 14:31:58 PST,brandon,Whiteboard,(goes with bug 611897),[sg:high] (goes with bug 611897)
2011-03-01 14:31:58 PST,brandon,Alias,,CVE-2011-0060
2011-03-01 14:31:58 PST,brandon,Group,,core-security
2011-03-01 14:38:39 PST,brandon,Keywords,crash,
2011-03-02 15:38:25 PST,reed,CC,reed,
2011-03-02 20:13:59 PST,christian,status1.9.2,wanted,.14-fixed
2011-03-02 20:13:59 PST,christian,blocking1.9.2,?,.14+
2011-03-03 08:35:54 PST,smichaud,CC,dveditz,
2011-03-03 09:21:54 PST,cww,CC,cwwmozilla,
2011-03-03 15:09:33 PST,henry.jen,CC,henry.jen,
2011-03-04 09:39:38 PST,scoobidiver,Depends on,629030,
2011-03-04 11:03:34 PST,markokarjalainen,CC,markokarjalainen,
2011-03-06 15:44:26 PST,konrad.grajwoda,CC,konrad.grajwoda,
2011-03-09 10:28:36 PST,christian,blocking1.9.2,---,?
