When,Who,What,Added,Removed
2010-11-16 11:13:59 PST,steven,URL,http://nova.stage.mozilla.com/en-US/third-party.html,http://www.mozilla.com/en-US/third-party.html
2010-11-16 11:13:59 PST,steven,Keywords,qawanted,
2010-11-16 12:01:03 PST,mozbugs.retornam,Keywords,,qawanted
2010-12-01 11:01:41 PST,steven,Status,RESOLVED,NEW
2010-12-01 11:01:41 PST,steven,Resolution,FIXED,---
2010-12-01 11:01:41 PST,steven,Last Resolved,2010-12-01 11:01:41,
2010-12-16 15:31:33 PST,mozbugs.retornam,Status,VERIFIED,RESOLVED
2012-04-23 08:15:30 PDT,nobody,Product,Websites,Websites
2012-04-23 08:15:30 PDT,nobody,Component,www.mozilla.org,www.mozilla.org/firefox
2012-08-23 00:16:07 PDT,nobody,Product,www.mozilla.org,Websites
2012-08-23 00:16:07 PDT,nobody,Component,General,www.mozilla.org
