When,Who,What,Added,Removed
2010-11-13 02:16:36 PST,brian,CC,brian,
2010-11-13 05:01:08 PST,chrisccoulson,Attachment #490344                Attachment is obsolete,1,0
2010-11-13 06:22:05 PST,chrisccoulson,Attachment #490343                Attachment is obsolete,1,0
2010-11-13 06:33:44 PST,chrisccoulson,Attachment #490340                Flags,review?(roc),
2010-11-13 08:14:18 PST,chrisccoulson,Attachment #490366                Attachment is obsolete,1,0
2010-11-13 08:57:01 PST,chrisccoulson,Assignee,chrisccoulson,nobody
2010-11-13 13:55:43 PST,reed,CC,mh+mozilla, reed,
2010-11-13 13:56:57 PST,reed,CC,mozilla,
2010-11-13 13:57:29 PST,reed,CC,linux,
2010-11-14 12:59:56 PST,roc,CC,roc,
2010-11-14 13:54:12 PST,chrisccoulson,CC,karlt,
2010-11-15 04:16:33 PST,chrisccoulson,Attachment #490545                Flags,review?(roc),
2010-11-15 04:16:59 PST,chrisccoulson,Attachment #490340                Attachment is obsolete,1,0
2010-11-15 04:16:59 PST,chrisccoulson,Attachment #490340                Flags,,review?(roc)
2010-11-15 04:17:53 PST,chrisccoulson,Attachment #490341                Flags,review?(karlt),
2010-11-15 04:18:06 PST,chrisccoulson,Attachment #490342                Flags,review?(karlt),
2010-11-15 04:18:18 PST,chrisccoulson,Attachment #490374                Flags,review?(karlt),
2010-11-15 04:18:30 PST,chrisccoulson,Attachment #490389                Flags,review?(karlt),
2010-11-15 13:07:57 PST,roc,Attachment #490545                Flags,review+,review?(roc)
2010-11-15 21:23:58 PST,karlt,Attachment #490341                Flags,review-, feedback+,review?(karlt)
2010-11-16 16:32:15 PST,chrisccoulson,Attachment #490341                Attachment is obsolete,1,0
2010-11-16 16:32:15 PST,chrisccoulson,Attachment #491026                Flags,review?(karlt),
2010-11-16 18:21:59 PST,karlt,Attachment #491026                Flags,review+,review?(karlt)
2010-11-21 13:00:56 PST,arpad.borsos,CC,arpad.borsos,
2010-12-08 04:27:22 PST,standard8,CC,bugzilla,
2010-12-08 15:51:37 PST,karlt,Attachment #490342                Flags,review-, feedback+,review?(karlt)
2011-01-03 17:19:14 PST,mcepl,CC,mcepl,
2011-01-12 11:08:29 PST,chrisccoulson,Attachment #490545                Attachment is obsolete,1,0
2011-01-12 11:08:29 PST,chrisccoulson,Attachment #503224                Flags,review?(karlt),
2011-01-12 11:09:40 PST,chrisccoulson,Attachment #503225                Flags,review?(karlt),
2011-01-12 11:09:40 PST,chrisccoulson,Attachment #490342                Attachment is obsolete,1,0
2011-01-12 11:10:57 PST,chrisccoulson,Attachment #490374                Attachment is obsolete,1,0
2011-01-12 11:10:57 PST,chrisccoulson,Attachment #503226                Flags,review?(karlt),
2011-01-12 11:10:57 PST,chrisccoulson,Attachment #490374                Flags,,review?(karlt)
2011-01-12 11:11:36 PST,chrisccoulson,Attachment #490389                Attachment is obsolete,1,0
2011-01-12 11:11:36 PST,chrisccoulson,Attachment #490389                Flags,,review?(karlt)
2011-01-12 23:59:23 PST,stransky,CC,stransky,
2011-01-13 00:09:01 PST,vuntz,CC,vuntz,
2011-01-13 07:15:50 PST,tymerkaev,Status,ASSIGNED,NEW
2011-01-13 07:15:50 PST,tymerkaev,CC,tymerkaev,
2011-01-17 18:24:58 PST,karlt,Attachment #503224                Flags,review+,review?(karlt)
2011-01-17 20:23:04 PST,karlt,Attachment #503225                Flags,review+,review?(karlt)
2011-01-25 09:29:35 PST,hussam,CC,ht990332,
2011-01-27 07:33:59 PST,tiagomatos,CC,tiagomatos,
2011-02-03 10:34:40 PST,bugzilla,CC,hadess,
2011-02-12 14:42:49 PST,chpe,CC,chpe,
2011-02-23 08:16:54 PST,chrisccoulson,Blocks,624341,
2011-02-25 00:49:29 PST,tnikkel,CC,tnikkel,
2011-03-07 05:34:48 PST,chrisccoulson,Blocks,639467,
2011-03-08 18:14:27 PST,karlt,Attachment #503226                Flags,review-,review?(karlt)
2011-03-09 05:50:33 PST,jhorak,CC,jhorak,
2011-03-10 11:49:38 PST,chrisccoulson,Attachment #503225                Attachment is obsolete,1,0
2011-03-10 11:52:02 PST,chrisccoulson,Attachment #503226                Attachment is obsolete,1,0
2011-03-10 11:52:02 PST,chrisccoulson,Attachment #518477                Flags,review?(karlt),
2011-03-10 11:53:00 PST,chrisccoulson,Attachment #518476                Flags,review?(karlt),
2011-03-10 14:55:16 PST,karlt,Attachment #518476                Flags,review+,review?(karlt)
2011-03-10 17:23:00 PST,karlt,Attachment #518477                Flags,review-,review?(karlt)
2011-03-14 02:39:02 PDT,biru.ionut,CC,biru.ionut,
2011-03-16 09:11:31 PDT,piotrdrag,CC,piotrdrag,
2011-03-20 14:15:34 PDT,matjk7,CC,matjk7,
2011-03-28 11:37:25 PDT,jfelps,CC,jfelps,
2011-04-04 07:16:53 PDT,jhorak,Attachment #503227                Attachment is obsolete,1,0
2011-04-04 07:16:53 PDT,jhorak,Attachment #523978                Flags,review?,
2011-04-11 09:06:32 PDT,fherrera,CC,fherrera,
2011-04-11 16:17:24 PDT,karlt,Keywords,checkin-needed,
2011-04-11 16:17:24 PDT,karlt,Whiteboard,[patches 1 to 3 can land],
2011-04-12 14:58:02 PDT,ehsan,CC,ehsan,
2011-04-12 14:58:02 PDT,ehsan,Keywords,,checkin-needed
2011-04-12 14:58:02 PDT,ehsan,Whiteboard,,[patches 1 to 3 can land]
2011-04-13 13:01:51 PDT,chrisccoulson,Attachment #518477                Attachment is obsolete,1,0
2011-04-13 13:01:51 PDT,chrisccoulson,Attachment #525775                Flags,review?(karlt),
2011-04-14 00:12:26 PDT,karlt,Attachment #525775                Flags,review-, feedback+,review?(karlt)
2011-04-14 04:15:05 PDT,chrisccoulson,Attachment #525775                Attachment is obsolete,1,0
2011-04-14 04:15:05 PDT,chrisccoulson,Attachment #525972                Flags,review?(karlt),
2011-04-17 22:28:38 PDT,karlt,Attachment #525972                Flags,review+,review?(karlt)
2011-04-19 13:58:01 PDT,fpeters,CC,fpeters,
2011-04-20 00:38:39 PDT,rhythm.gan,CC,rhythm.gan,
2011-04-28 21:38:37 PDT,karlt,Attachment #523978                Flags,,review?
2011-05-03 20:38:49 PDT,karlt,Blocks,624530,
2011-05-03 21:03:58 PDT,karlt,Blocks,624338,
2011-05-06 04:34:08 PDT,jhorak,Attachment #523978                Attachment is obsolete,1,0
2011-05-06 04:34:08 PDT,jhorak,Attachment #530595                Flags,review?(karlt),
2011-05-08 20:18:53 PDT,karlt,Attachment #530595                Flags,review+,review?(karlt)
2011-05-10 07:47:26 PDT,jjardon,CC,jjardon,
2011-05-11 02:32:08 PDT,yannbreliere,CC,yannbreliere,
2011-05-12 06:17:20 PDT,jhorak,Attachment #531298                Attachment is obsolete,1,0
2011-05-12 21:59:53 PDT,karlt,Resolution,FIXED,---
2011-05-12 21:59:53 PDT,karlt,Last Resolved,2011-05-12 21:59:53,
2011-05-12 21:59:53 PDT,karlt,Status,RESOLVED,ASSIGNED
2011-05-12 22:00:12 PDT,karlt,Target Milestone,Firefox 6,---
2012-09-28 10:45:53 PDT,gary,Depends on,795395,
2012-09-28 10:51:31 PDT,jfelps,CC,,jfelps
