When,Who,What,Added,Removed
2010-11-13 07:36:10 PST,spammaaja,Version,Trunk,unspecified
2010-11-13 10:42:42 PST,xtc4uall,CC,xtc4uall,
2010-11-17 15:24:05 PST,cpearce,Status,ASSIGNED,UNCONFIRMED
2010-11-17 15:24:05 PST,cpearce,Assignee,chris,nobody
2010-11-17 15:24:05 PST,cpearce,CC,chris,
2010-11-17 15:24:05 PST,cpearce,Ever confirmed,1,0
2010-11-23 14:11:46 PST,cpearce,Attachment #492789                Flags,review?(roc),
2010-11-23 14:21:24 PST,roc,Attachment #492789                Flags,review+, approval2.0+,review?(roc)
2010-11-24 11:31:36 PST,cpearce,Resolution,FIXED,---
2010-11-24 11:31:36 PST,cpearce,Last Resolved,2010-11-24 11:31:36,
2010-11-24 11:31:36 PST,cpearce,Status,RESOLVED,ASSIGNED
2010-12-10 17:50:08 PST,cpearce,CC,anthony.s.hughes,
