When,Who,What,Added,Removed
2010-11-22 09:22:12 PST,steven,URL,http://nova.stage.mozilla.com/en-US/firefox/out-of-date/index.html,http://www.mozilla.com/en-US/firefox/out-of-date/index.html
2010-11-22 09:22:12 PST,steven,Keywords,qawanted,
2010-11-22 09:29:09 PST,mozbugs.retornam,Keywords,,qawanted
2010-12-01 10:46:48 PST,steven,Status,RESOLVED,NEW
2010-12-01 10:46:48 PST,steven,Resolution,FIXED,---
2010-12-01 10:46:48 PST,steven,Last Resolved,2010-12-01 10:46:48,
2010-12-16 15:33:03 PST,mozbugs.retornam,Status,VERIFIED,RESOLVED
2012-04-23 08:15:30 PDT,nobody,Product,Websites,Websites
2012-04-23 08:15:30 PDT,nobody,Component,www.mozilla.org,www.mozilla.org/firefox
2012-08-23 00:16:07 PDT,nobody,Product,www.mozilla.org,Websites
2012-08-23 00:16:07 PDT,nobody,Component,General,www.mozilla.org
