When,Who,What,Added,Removed
2010-11-12 21:17:46 PST,daveryeo,Attachment #490334                Flags,review?(jones.chris.g),
2010-11-12 21:18:27 PST,daveryeo,Blocks,598862,
2010-11-12 21:23:10 PST,daveryeo,CC,dragtext, mozilla, wuno,
2010-11-13 11:35:43 PST,dragtext,Attachment #490334                Attachment is obsolete,1,0
2010-11-13 11:35:43 PST,dragtext,Attachment #490412                Flags,review?(jones.chris.g),
2010-11-13 11:35:43 PST,dragtext,Attachment #490334                Flags,,review?(jones.chris.g)
2010-11-15 11:49:10 PST,cjones.bugs,Attachment #490412                Flags,,review?(jones.chris.g)
2010-11-16 21:43:57 PST,dragtext,Attachment #490412                Attachment is obsolete,1,0
2010-11-16 21:43:57 PST,dragtext,Attachment #491104                Flags,review?(tglek),
2010-11-16 22:23:16 PST,taras.mozilla,Attachment #491104                Flags,review+,review?(tglek)
2010-12-30 21:17:38 PST,dragtext,Attachment #491104                Attachment is obsolete,1,0
2010-12-30 21:17:38 PST,dragtext,Attachment #500476                Flags,review+,
2011-01-03 09:01:47 PST,jmuizelaar,CC,jmuizelaar,
2011-01-03 09:01:47 PST,jmuizelaar,Component,General,Graphics
2011-01-03 09:01:47 PST,jmuizelaar,QA Contact,general,thebes
2011-01-23 15:32:42 PST,wuno,Attachment #500476                Flags,approval2.0?,
2011-01-23 19:46:15 PST,dragtext,Attachment #500476                Attachment is obsolete,1,0
2011-01-23 19:46:15 PST,dragtext,Attachment #506293                Flags,review+, approval2.0?,
2011-01-23 19:46:15 PST,dragtext,Attachment #500476                Flags,,approval2.0?
2011-02-02 08:44:56 PST,benjamin,Assignee,dragtext,nobody
2011-02-02 08:45:23 PST,benjamin,Attachment #506293                Flags,approval2.0+,approval2.0?
2011-02-02 10:26:54 PST,wuno,Keywords,checkin-needed,
2011-02-02 11:02:17 PST,ehsan,Keywords,,checkin-needed
2011-02-02 11:02:17 PST,ehsan,Status,RESOLVED,NEW
2011-02-02 11:02:17 PST,ehsan,Resolution,FIXED,---
2011-02-02 11:02:17 PST,ehsan,CC,ehsan,
2011-02-02 11:02:17 PST,ehsan,Target Milestone,mozilla2.0b12,---
2011-02-02 11:02:17 PST,ehsan,Last Resolved,2011-02-02 11:02:17,
