When,Who,What,Added,Removed
2010-11-13 10:44:39 PST,xtc4uall,CC,xtc4uall,
2010-11-16 14:15:42 PST,emorley,Summary,[D3D9] Black & white horizontal bars/glitches in page content area when scrolling with H/W acceleration,Graphical glitches (black & white horizontal stripes) in page content area when scrolling with H/W acceleration
2010-11-16 14:15:42 PST,emorley,Version,Trunk,unspecified
2010-11-16 14:15:42 PST,emorley,blocking2.0,?,---
2010-11-17 11:36:28 PST,joe,CC,joe,
2010-11-17 11:36:28 PST,joe,blocking2.0,---,?
2010-11-24 05:30:11 PST,emorley,Keywords,regression,
2010-11-29 16:21:12 PST,bas,CC,bas.schouten,
2010-12-09 16:29:01 PST,emorley,blocking2.0,?,---
2010-12-09 16:29:01 PST,emorley,Hardware,x86,x86_64
2010-12-09 16:29:01 PST,emorley,Status,NEW,UNCONFIRMED
2010-12-09 16:29:01 PST,emorley,Ever confirmed,1,0
2010-12-10 09:14:42 PST,joe,Assignee,bas.schouten,nobody
2010-12-10 09:14:42 PST,joe,blocking2.0,betaN+,?
2010-12-11 03:09:25 PST,mozbugz,CC,dale.bugzilla,
2010-12-11 03:29:19 PST,emorley,Blocks,581212,
2010-12-13 17:27:47 PST,joe,Keywords,qablocker, qawanted,
2010-12-13 17:27:47 PST,joe,Status,UNCONFIRMED,NEW
2010-12-13 17:27:47 PST,joe,Ever confirmed,0,1
2010-12-17 20:49:54 PST,bas,CC,bjacob,
2010-12-21 03:05:43 PST,bas,blocking2.0,?,betaN+
2010-12-26 03:15:34 PST,benjamin-schwarz,CC,benjamin-schwarz,
2010-12-26 19:48:48 PST,fullmetaljacket.xp+bugmail,CC,fullmetaljacket.xp+bugmail,
2010-12-29 10:44:39 PST,vseerror,CC,vseerror,
2011-01-05 14:30:53 PST,joe,blocking2.0,final+,?
2011-01-05 14:30:53 PST,joe,Status,NEW,UNCONFIRMED
2011-01-05 14:30:53 PST,joe,Assignee,bjacob,bas.schouten
2011-01-05 14:30:53 PST,joe,Ever confirmed,1,0
2011-01-05 16:33:47 PST,highmind63,CC,highmind63,
2011-01-06 12:53:46 PST,joe,Whiteboard,[softblocker],
2011-01-23 14:21:19 PST,asa,CC,asa,
2011-01-24 15:34:00 PST,emorley,Depends on,623338,
2011-01-31 07:09:07 PST,emorley,Summary,Blocklist nvidia 6200 TC due to black & white horizontal bars/glitches in page content area when scrolling,[D3D9] Black & white horizontal bars/glitches in page content area when scrolling with H/W acceleration
2011-01-31 07:09:50 PST,emorley,Blocks,601079,
2011-01-31 07:51:44 PST,jacob.benoit.1,Attachment #508399                Flags,review?(joe),
2011-01-31 07:56:26 PST,jacob.benoit.1,Attachment #508402                Flags,review?(joe),
2011-01-31 07:56:26 PST,jacob.benoit.1,Attachment #508399                Flags,,review?(joe)
2011-01-31 07:56:26 PST,jacob.benoit.1,Attachment #508399                Attachment is obsolete,1,0
2011-01-31 11:31:51 PST,jacob.benoit.1,Summary,Block D3D9 layers on nvidia 6200 TC due to black & white horizontal bars/glitches in page content area when scrolling,Blocklist nvidia 6200 TC due to black & white horizontal bars/glitches in page content area when scrolling
2011-01-31 12:41:49 PST,joe,Attachment #508402                Flags,review-,review?(joe)
2011-01-31 12:44:05 PST,jacob.benoit.1,Attachment #508402                Attachment is obsolete,1,0
2011-01-31 12:44:05 PST,jacob.benoit.1,Attachment #508499                Flags,review?(joe),
2011-01-31 12:54:13 PST,joe,Attachment #508499                Flags,review+,review?(joe)
2011-01-31 13:25:10 PST,jacob.benoit.1,Status,RESOLVED,NEW
2011-01-31 13:25:10 PST,jacob.benoit.1,Resolution,FIXED,---
2011-01-31 13:25:10 PST,jacob.benoit.1,Last Resolved,2011-01-31 13:25:10,
2011-04-10 03:56:55 PDT,emorley,Blocks,644787,
2011-10-09 12:31:18 PDT,emorley,Depends on,693191,
2011-10-09 12:33:01 PDT,emorley,Depends on,,693191
2012-01-07 11:07:24 PST,adriantc_ro,CC,adriantc_ro,
2012-01-07 11:42:52 PST,asa,CC,,asa
2013-03-02 07:36:01 PST,bernesb,CC,BernesB,
