When,Who,What,Added,Removed
2010-11-15 12:46:38 PST,ehsan,Assignee,ehsan,nobody
2010-11-15 12:46:38 PST,ehsan,Attachment #490659                Flags,review?(roc),
2010-11-15 12:46:38 PST,ehsan,Status,ASSIGNED,NEW
2010-11-15 13:28:51 PST,roc,Attachment #490659                Flags,review+,review?(roc)
2010-11-15 14:26:17 PST,ehsan,Attachment #490659                Flags,approval2.0?,
2010-11-15 14:28:43 PST,roc,Attachment #490659                Flags,approval2.0+,approval2.0?
2010-11-15 14:34:34 PST,ehsan,Whiteboard,[needs landing],
2010-11-16 11:04:52 PST,ehsan,Whiteboard,,[needs landing]
2010-11-16 11:04:52 PST,ehsan,Status,RESOLVED,ASSIGNED
2010-11-16 11:04:52 PST,ehsan,Resolution,FIXED,---
2010-11-16 11:04:52 PST,ehsan,Target Milestone,mozilla2.0b8,---
2010-11-16 11:04:52 PST,ehsan,Flags,in-testsuite+,
2010-11-16 11:04:52 PST,ehsan,Last Resolved,2010-11-16 11:04:52,
