When,Who,What,Added,Removed
2010-11-15 13:21:21 PST,wjohnston2000,Attachment #490674                Flags,review?(mark.finkle),
2010-11-15 14:49:17 PST,mark.finkle,Attachment #490674                Flags,review-,review?(mark.finkle)
2010-11-15 16:00:52 PST,wjohnston2000,Attachment #490674                Attachment is obsolete,1,0
2010-11-15 16:00:52 PST,wjohnston2000,Attachment #490738                Flags,review?(mark.finkle),
2010-11-15 16:42:24 PST,wjohnston2000,Assignee,wjohnston,nobody
2010-11-17 06:21:33 PST,mark.finkle,Attachment #490738                Flags,review+,review?(mark.finkle)
2010-11-17 06:24:39 PST,mark.finkle,Status,RESOLVED,NEW
2010-11-17 06:24:39 PST,mark.finkle,Resolution,FIXED,---
2010-11-17 06:24:39 PST,mark.finkle,CC,mark.finkle,
2010-11-17 06:24:39 PST,mark.finkle,Last Resolved,2010-11-17 06:24:39,
2011-06-02 05:36:26 PDT,anamaria.moldovan,CC,anamaria.moldovan,
