When,Who,What,Added,Removed
2010-11-13 13:25:31 PST,dustin,Assignee,dustin,nobody
2010-11-13 13:25:31 PST,dustin,CC,dustin, jhford,
2010-11-13 13:30:17 PST,dustin,Whiteboard,[buildduty],
2010-11-13 15:21:40 PST,philringnalda,Severity,normal,blocker
2010-11-20 16:34:42 PST,dustin,Assignee,nobody,dustin
2010-11-22 08:08:01 PST,catlee,Whiteboard,[badslave?],[buildduty]
2010-11-22 08:08:01 PST,catlee,Priority,P5,--
2010-11-22 08:08:01 PST,catlee,CC,catlee,
2010-11-22 08:08:01 PST,catlee,Depends on,613968,
2011-02-01 10:10:00 PST,escapewindow+mozbugs,Whiteboard,[slaveduty],[badslave?]
2011-02-01 10:10:00 PST,escapewindow+mozbugs,Summary,post-imaging steps for talos-r3-fed-036,read-only filesystem on talos-r3-fed-036
2011-02-01 10:10:00 PST,escapewindow+mozbugs,Priority,--,P5
2011-02-01 10:10:00 PST,escapewindow+mozbugs,CC,aki,
2011-02-03 13:37:35 PST,coop,Priority,P3,--
2011-02-03 13:37:35 PST,coop,CC,coop,
2011-02-04 09:30:37 PST,coop,Assignee,coop,nobody
2011-02-04 13:35:39 PST,coop,Status,RESOLVED,NEW
2011-02-04 13:35:39 PST,coop,Resolution,FIXED,---
2011-02-04 13:35:39 PST,coop,Last Resolved,2011-02-04 13:35:39,
2013-08-12 21:54:08 PDT,nobody,Product,Release Engineering,mozilla.org
