When,Who,What,Added,Removed
2010-11-13 13:26:42 PST,steffen.wilberg,Depends on,606289,
2010-11-13 20:16:16 PST,philip.chee,Whiteboard,[good first bug],
2010-11-13 20:16:16 PST,philip.chee,CC,ewong, mnyromyr, philip.chee,
2010-11-13 20:22:10 PST,ewong,Status,ASSIGNED,NEW
2010-11-13 20:22:10 PST,ewong,Assignee,ewong,nobody
2010-11-17 06:05:45 PST,ewong,Attachment #491176                Flags,review?(iann_bugzilla),
2010-11-17 07:38:10 PST,ewong,Attachment #491176                Flags,,review?(iann_bugzilla)
2010-11-17 07:38:10 PST,ewong,Attachment #491176                Attachment is obsolete,1,0
2010-11-17 07:38:10 PST,ewong,Attachment #491186                Flags,review?(iann_bugzilla),
2010-11-17 07:47:16 PST,steffen.wilberg,CC,kairo,
2010-11-17 07:47:27 PST,steffen.wilberg,Attachment #491186                Flags,,review?(iann_bugzilla)
2010-11-17 11:02:22 PST,jh,CC,jh,
2010-11-17 11:20:43 PST,mnyromyr,Summary,follow-up to removal of region.dtd [fix about.xhtml, mail start.xhtml etc.],follow-up to removal of region.dtd
2010-11-18 07:16:49 PST,ewong,Attachment #491186                Attachment is obsolete,1,0
2010-11-18 07:16:49 PST,ewong,Attachment #491523                Flags,review?(iann_bugzilla),
2010-11-18 07:17:25 PST,ewong,Attachment #491523                Attachment description,Remove region.dtd and fix about.xhtml, mail start.xhtml etc. (v3),Remove region.dtd and fix about.xhtml, mail start.xhtml etc.
2010-11-18 17:24:51 PST,ewong,Attachment #491523                Attachment is obsolete,1,0
2010-11-18 17:24:51 PST,ewong,Attachment #491523                Flags,,review?(iann_bugzilla)
2010-11-18 17:25:45 PST,ewong,Attachment #491730                Flags,review?(iann_bugzilla),
2010-11-19 09:31:56 PST,bugzille,CC,ruediger.lahl,
2010-11-20 11:37:05 PST,bugspam.Callek,CC,bugspam.Callek,
2010-11-30 16:52:40 PST,ewong,Attachment #491730                Flags,,review?(iann_bugzilla)
2010-11-30 17:03:27 PST,ewong,Attachment #491730                Attachment is obsolete,1,0
2010-11-30 17:03:27 PST,ewong,Attachment #494238                Flags,review?(iann_bugzilla),
2010-12-09 05:41:03 PST,ewong,Attachment #496478                Flags,review?(iann_bugzilla),
2010-12-09 05:41:03 PST,ewong,Attachment #494238                Flags,,review?(iann_bugzilla)
2010-12-09 05:41:03 PST,ewong,Attachment #494238                Attachment is obsolete,1,0
2010-12-12 14:48:50 PST,daveryeo,CC,daveryeo,
2010-12-14 07:34:00 PST,iann_bugzilla,Attachment #496478                Flags,review+,review?(iann_bugzilla)
2010-12-17 03:46:56 PST,ewong,Attachment #496478                Attachment is obsolete,1,0
2010-12-17 03:46:56 PST,ewong,Attachment #498315                Flags,review+,
2010-12-18 10:58:58 PST,jh,Attachment #498315                Attachment description,Remove region.dtd and fix about.xhtml, mail start.xhtml etc. (v7) [Checkin: comment 23],Remove region.dtd and fix about.xhtml, mail start.xhtml etc. (v7)
2010-12-18 10:59:31 PST,jh,Last Resolved,2010-12-18 10:59:31,
2010-12-18 10:59:31 PST,jh,Status,RESOLVED,ASSIGNED
2010-12-18 10:59:31 PST,jh,Resolution,FIXED,---
2010-12-18 10:59:31 PST,jh,Target Milestone,seamonkey2.1b2,---
