When,Who,What,Added,Removed
2010-11-13 13:46:39 PST,mschroeder,Component,Sunbird Only,General
2010-11-13 13:46:39 PST,mschroeder,QA Contact,sunbird,general
2010-12-17 11:08:36 PST,tymerkaev,CC,tymerkaev,
2011-11-13 05:51:24 PST,ewong,Status,ASSIGNED,NEW
2011-11-13 05:51:24 PST,ewong,Assignee,ewong,nobody
2011-11-13 05:51:24 PST,ewong,CC,ewong,
2011-11-13 05:52:13 PST,ewong,Attachment #574151                Flags,review?(philipp),
2011-11-27 04:45:33 PST,philipp,Attachment #574151                Flags,review+,review?(philipp)
2011-11-30 11:29:01 PST,mschroeder,Status,RESOLVED,ASSIGNED
2011-11-30 11:29:01 PST,mschroeder,Resolution,FIXED,---
2011-11-30 11:29:01 PST,mschroeder,Last Resolved,2011-11-30 11:29:01,
