When,Who,What,Added,Removed
2010-11-13 11:40:42 PST,anygregor,Assignee,anygregor,general
2010-11-13 11:40:42 PST,anygregor,CC,gal, igor,
2010-11-13 12:05:34 PST,anygregor,Attachment #490414                Flags,review?(igor),
2010-11-13 12:26:41 PST,igor,Attachment #490414                Flags,review+,review?(igor)
2010-11-13 13:43:23 PST,matjk7,CC,matjk7,
2010-11-15 12:40:43 PST,anygregor,Whiteboard,fixed-in-tracemonkey,
2010-11-22 09:32:53 PST,sayrer,Status,RESOLVED,NEW
2010-11-22 09:32:53 PST,sayrer,Resolution,FIXED,---
2010-11-22 09:32:53 PST,sayrer,CC,sayrer,
2010-11-22 09:32:53 PST,sayrer,Last Resolved,2010-11-22 09:32:53,
