When,Who,What,Added,Removed
2010-11-13 12:34:06 PST,Pidgeot18,blocking-thunderbird5.0,?,---
2010-11-19 05:36:41 PST,standard8,blocking-thunderbird5.0,alpha2+,?
2010-12-06 12:41:20 PST,highmind63,CC,highmind63,
2010-12-10 00:48:27 PST,jonathan.protzenko,Status,ASSIGNED,NEW
2010-12-10 00:48:27 PST,jonathan.protzenko,Assignee,jonathan.protzenko,nobody
2010-12-10 00:48:27 PST,jonathan.protzenko,Attachment #496775                Flags,review?(bugzilla),
2010-12-10 02:52:09 PST,ludovic,Blocks,549734,
2010-12-12 09:00:35 PST,standard8,Attachment #496775                Flags,review+,review?(bugzilla)
2010-12-12 14:35:42 PST,jonathan.protzenko,Keywords,checkin-needed,
2010-12-14 02:21:58 PST,jonathan.protzenko,Keywords,,checkin-needed
2010-12-14 02:21:58 PST,jonathan.protzenko,Status,RESOLVED,ASSIGNED
2010-12-14 02:21:58 PST,jonathan.protzenko,Resolution,FIXED,---
2010-12-14 02:21:58 PST,jonathan.protzenko,Last Resolved,2010-12-14 02:21:58,
2010-12-14 04:07:06 PST,standard8,Target Milestone,Thunderbird 3.3a2,---
2010-12-15 08:19:28 PST,sid.bugzilla,CC,sid.bugzilla,
