When,Who,What,Added,Removed
2010-11-15 16:02:25 PST,lmesa,CC,lmesa,
2011-01-06 07:17:09 PST,webmaster,Status,RESOLVED,UNCONFIRMED
2011-01-06 07:17:09 PST,webmaster,Resolution,FIXED,---
2011-01-06 07:17:09 PST,webmaster,Last Resolved,2011-01-06 07:17:09,
2012-04-23 08:15:30 PDT,nobody,Product,Websites,Websites
2012-04-23 08:15:30 PDT,nobody,Component,www.mozilla.org,www.mozilla.org/firefox
2012-08-23 00:16:07 PDT,nobody,Product,www.mozilla.org,Websites
2012-08-23 00:16:07 PDT,nobody,Component,General,www.mozilla.org
