When,Who,What,Added,Removed
2010-11-13 15:08:01 PST,gal,CC,gal, mrbkap,
2010-11-13 19:07:16 PST,xtc4uall,CC,xtc4uall,
2010-11-13 21:12:15 PST,bzbarsky,CC,bzbarsky,
2010-11-13 21:12:15 PST,bzbarsky,blocking2.0,?,---
2010-11-17 17:30:51 PST,jst,Assignee,mrbkap,nobody
2010-11-17 17:30:51 PST,jst,CC,jst,
2010-11-18 06:11:32 PST,arantius,CC,mozilla,
2010-11-18 10:00:05 PST,greg.parris,CC,greg.parris,
2010-11-19 09:07:48 PST,medleymind,CC,medleymind,
2010-11-25 15:18:40 PST,bzbarsky,blocking2.0,betaN+,?
2010-11-26 10:24:49 PST,highmind63,CC,highmind63,
2010-12-14 17:37:22 PST,jorge,CC,jorge,
2011-01-04 18:45:02 PST,jst,Whiteboard,hardblocker,
2011-01-05 15:02:29 PST,mrbkap,Attachment #501473                Flags,review?(gal),
2011-01-05 15:14:32 PST,gal,Attachment #501473                Flags,review+,review?(gal)
2011-01-06 18:19:53 PST,jst,Whiteboard,[hardblocker],hardblocker
2011-01-11 17:17:07 PST,jst,Status,RESOLVED,NEW
2011-01-11 17:17:07 PST,jst,Resolution,FIXED,---
2011-01-11 17:17:07 PST,jst,Last Resolved,2011-01-11 17:17:07,
2011-01-17 13:23:01 PST,alex,CC,alex,
2011-01-24 19:48:29 PST,bzbarsky,Depends on,627494,
