When,Who,What,Added,Removed
2010-11-13 14:27:31 PST,wjohnston2000,Assignee,wjohnston,nobody
2010-11-15 16:41:11 PST,wjohnston2000,Attachment #490751                Flags,review?(mark.finkle),
2010-11-15 20:43:11 PST,mark.finkle,Attachment #490751                Flags,review+,review?(mark.finkle)
2010-11-15 20:55:37 PST,mark.finkle,Status,RESOLVED,NEW
2010-11-15 20:55:37 PST,mark.finkle,Resolution,FIXED,---
2010-11-15 20:55:37 PST,mark.finkle,CC,mark.finkle,
2010-11-15 20:55:37 PST,mark.finkle,Last Resolved,2010-11-15 20:55:37,
2011-06-01 11:15:20 PDT,kbrosnan,CC,kbrosnan,
2011-06-01 11:15:20 PDT,kbrosnan,Target Milestone,Firefox 4.0,---
2011-06-01 11:15:20 PDT,kbrosnan,Status,VERIFIED,RESOLVED
