When,Who,What,Added,Removed
2010-11-13 18:57:44 PST,xtc4uall,CC,xtc4uall,
2010-11-14 19:48:46 PST,bzbarsky,CC,bas.schouten, bzbarsky,
2010-11-14 19:48:46 PST,bzbarsky,blocking2.0,?,---
2010-11-15 15:53:54 PST,joe,Assignee,bas.schouten,nobody
2010-11-15 15:53:54 PST,joe,CC,joe,
2010-11-15 15:53:54 PST,joe,blocking2.0,betaN+,?
2010-11-30 09:36:51 PST,highmind63,CC,highmind63,
2010-12-08 11:07:50 PST,bas,Status,ASSIGNED,NEW
2010-12-08 18:29:40 PST,bas,Attachment #496391                Flags,review?(joe),
2010-12-08 18:47:47 PST,roc,CC,roc,
2010-12-08 19:00:07 PST,bas,Depends on,600476,
2010-12-08 19:21:23 PST,bzbarsky,Depends on,,600476
2010-12-08 19:21:23 PST,bzbarsky,Blocks,600476,
2010-12-08 19:25:17 PST,karlt,CC,karlt,
2010-12-08 20:35:24 PST,bas,Attachment #496391                Attachment is obsolete,1,0
2010-12-08 20:35:24 PST,bas,Attachment #496408                Flags,review?(joe),
2010-12-08 20:35:24 PST,bas,Attachment #496391                Flags,,review?(joe)
2010-12-08 22:08:59 PST,tnikkel,CC,tnikkel,
2010-12-09 02:08:31 PST,mstange,CC,mstange,
2010-12-09 09:45:49 PST,joe,Attachment #496408                Flags,review-,review?(joe)
2010-12-09 11:29:09 PST,bas,Attachment #496408                Attachment is obsolete,1,0
2010-12-09 11:29:09 PST,bas,Attachment #496548                Flags,review?(joe),
2010-12-09 14:07:55 PST,joe,Attachment #496548                Flags,review-,review?(joe)
2010-12-09 21:24:55 PST,bas,Attachment #496746                Flags,review?(joe),
2010-12-09 21:25:54 PST,bas,Attachment #496548                Attachment is obsolete,1,0
2010-12-09 21:25:54 PST,bas,Attachment #496747                Flags,review?(joe),
2010-12-09 21:49:21 PST,joe,Attachment #496746                Flags,review+,review?(joe)
2010-12-09 21:49:45 PST,joe,Attachment #496747                Flags,review+,review?(joe)
2010-12-11 21:49:27 PST,joe,Resolution,FIXED,---
2010-12-11 21:49:27 PST,joe,Last Resolved,2010-12-11 21:49:27,
2010-12-11 21:49:27 PST,joe,Status,RESOLVED,ASSIGNED
2010-12-12 08:09:54 PST,garyshap,CC,garyshap,
2010-12-12 15:01:32 PST,mozbugz,CC,dale.bugzilla,
2013-04-29 05:28:28 PDT,bernesb,CC,BernesB,
2013-09-04 07:13:07 PDT,alice0775,Depends on,912366,
