When, Who, What, Added, Removed
2008-03-10 11:59:35 EDT,qualidafial@gmail.com,Assignee,Boris_Bokowski@ca.ibm.com,Platform-UI-Inbox@eclipse.org
2008-03-10 13:24:48 EDT,bokowski@google.com,CC,Boris_Bokowski@ca.ibm.com,
2008-03-10 13:24:48 EDT,bokowski@google.com,Assignee,matthall@woodcraftmill.com,Boris_Bokowski@ca.ibm.com
2008-03-10 18:56:36 EDT,qualidafial@gmail.com,Status,RESOLVED,NEW
2008-03-10 18:56:36 EDT,qualidafial@gmail.com,Resolution,FIXED,---
2008-03-11 00:32:22 EDT,qualidafial@gmail.com,Target Milestone,3.4 M6,---
2008-03-27 13:59:54 EDT,qualidafial@gmail.com,Status,REOPENED,RESOLVED
2008-03-27 13:59:54 EDT,qualidafial@gmail.com,Resolution,---,FIXED
2008-03-27 14:49:59 EDT,qualidafial@gmail.com,Status,RESOLVED,REOPENED
2008-03-27 14:49:59 EDT,qualidafial@gmail.com,Resolution,FIXED,---
2008-03-28 16:16:52 EDT,jason_brennan@ca.ibm.com,CC,kim_horne@ca.ibm.com,
2008-03-28 16:17:31 EDT,eclipse@pookzilla.net,Status,VERIFIED,RESOLVED
