When, Who, What, Added, Removed
2008-04-04 10:11:04 EDT,kitlo@us.ibm.com,CC,hendrik.maryns@uni-tuebingen.de,
2008-05-16 11:58:09 EDT,gabe.obrien@eclipse.org,CC,yharms@comosoft.de,
2008-05-21 16:51:53 EDT,gabe.obrien@eclipse.org,Depends on,226378,
2008-05-21 16:56:22 EDT,gabe.obrien@eclipse.org,CC,gabe.obrien@eclipse.org,
2008-05-21 16:56:22 EDT,gabe.obrien@eclipse.org,Depends on,,226378
2008-05-21 16:56:22 EDT,gabe.obrien@eclipse.org,Blocks,217339, 226378,
2008-07-24 13:37:41 EDT,kitlo@us.ibm.com,Status,RESOLVED,NEW
2008-07-24 13:37:41 EDT,kitlo@us.ibm.com,Resolution,FIXED,---
