When, Who, What, Added, Removed
2008-03-09 20:29:25 EDT,pascal@rapicorp.com,CC,thomas@tada.se, bjorn.freeman-benson@eclipse.org,
2008-03-10 00:09:24 EDT,bjorn.freeman-benson@eclipse.org,Assignee,bjorn.freeman-benson@eclipse.org,platform-releng-inbox@eclipse.org
2008-03-10 08:50:26 EDT,kim.moir@gmail.com,CC,kmoir@ca.ibm.com,
2008-03-10 08:50:26 EDT,kim.moir@gmail.com,Component,Cross-Project,Releng
2008-03-10 08:50:26 EDT,kim.moir@gmail.com,Product,Community,Platform
2008-03-10 08:50:26 EDT,kim.moir@gmail.com,Version,unspecified,3.4
2008-03-13 16:20:16 EDT,martin.oberhuber@windriver.com,CC,martin.oberhuber@windriver.com,
2008-03-14 12:29:57 EDT,martin.oberhuber@windriver.com,CC,aniefer@ca.ibm.com,
2008-03-15 14:08:43 EDT,bjorn.freeman-benson@eclipse.org,Status,RESOLVED,NEW
2008-03-15 14:08:43 EDT,bjorn.freeman-benson@eclipse.org,Resolution,FIXED,---
