When, Who, What, Added, Removed
2008-03-08 15:20:57 EST,ekuleshov@gmail.com,Summary,[patch] show timespent value in jira task editor attributes section,show timespent value in jira task editor attributes section
2008-04-02 00:52:35 EDT,steffen.pingel@tasktop.com,Assignee,eu@md.pp.ru,steffen.pingel@tasktop.com
2008-04-02 00:52:35 EDT,steffen.pingel@tasktop.com,Target Milestone,3.0,---
2008-04-02 00:53:29 EDT,steffen.pingel@tasktop.com,Status,RESOLVED,NEW
2008-04-02 00:53:29 EDT,steffen.pingel@tasktop.com,Resolution,FIXED,---
2008-04-02 00:55:01 EDT,steffen.pingel@tasktop.com,Summary,show timespent value in jira task editor attributes section,[patch] show timespent value in jira task editor attributes section
