When, Who, What, Added, Removed
2008-03-09 10:59:03 EDT,pascal@rapicorp.com,CC,pascal_rapicault@ca.ibm.com,
2008-03-09 10:59:03 EDT,pascal@rapicorp.com,Summary,[ui] Update Sites > Add Repository dialog weirdness,Update Sites > Add Repository dialog weirdness
2008-03-09 15:31:30 EDT,susan@rapicorp.com,CC,susan_franklin@us.ibm.com,
2008-03-09 15:31:30 EDT,susan@rapicorp.com,Assignee,susan_franklin@us.ibm.com,equinox.p2-inbox@eclipse.org
2008-03-09 15:31:30 EDT,susan@rapicorp.com,Target Milestone,3.4 M6,---
2008-03-10 17:15:46 EDT,susan@rapicorp.com,Status,RESOLVED,NEW
2008-03-10 17:15:46 EDT,susan@rapicorp.com,Resolution,FIXED,---
