When, Who, What, Added, Removed
2008-03-09 15:56:01 EDT,mmings@us.ibm.com,CC,apnan@ca.ibm.com,
2008-03-10 12:22:54 EDT,apnan@ca.ibm.com,CC,alexander.n.alexeev@intel.com,
2008-03-10 12:22:54 EDT,apnan@ca.ibm.com,Priority,P1,P3
2008-03-10 12:22:54 EDT,apnan@ca.ibm.com,Target Milestone,4.5i6,---
2008-03-20 08:56:01 EDT,ewchan@ca.ibm.com,CC,ewchan@ca.ibm.com,
2008-03-25 04:59:27 EDT,huangys@cn.ibm.com,Status,RESOLVED,NEW
2008-03-25 04:59:27 EDT,huangys@cn.ibm.com,Resolution,FIXED,---
2009-06-30 10:42:17 EDT,paules@ca.ibm.com,Status,CLOSED,RESOLVED
2009-06-30 10:42:17 EDT,paules@ca.ibm.com,Whiteboard,closed460,
2009-06-30 14:44:06 EDT,paules@ca.ibm.com,Whiteboard,housecleaned460 closed460,closed460
2009-07-01 16:50:53 EDT,paules@ca.ibm.com,Whiteboard,closed460,housecleaned460 closed460
