When, Who, What, Added, Removed
2008-03-10 10:39:15 EDT,caniszczyk@gmail.com,CC,zx@us.ibm.com,
2008-03-10 10:39:15 EDT,caniszczyk@gmail.com,Keywords,bugday,
2008-03-10 14:33:15 EDT,jacek.pospychala@gmail.com,CC,jacek.pospychala@pl.ibm.com,
2008-03-10 14:38:23 EDT,caniszczyk@gmail.com,Assignee,jacek.pospychala@pl.ibm.com,pde-ui-inbox@eclipse.org
2008-03-10 14:38:23 EDT,caniszczyk@gmail.com,Keywords,contributed,
2008-03-10 14:38:23 EDT,caniszczyk@gmail.com,Target Milestone,3.4 M6,---
2008-03-10 21:13:22 EDT,caniszczyk@gmail.com,Attachment #92070                Attachment is obsolete,1,0
2008-03-10 21:13:56 EDT,caniszczyk@gmail.com,Status,RESOLVED,NEW
2008-03-10 21:13:56 EDT,caniszczyk@gmail.com,Resolution,FIXED,---
2008-03-28 14:43:37 EDT,jacek.pospychala@gmail.com,Status,VERIFIED,RESOLVED
