When, Who, What, Added, Removed
2008-03-08 22:29:25 EST,d_a_carver@yahoo.com,CC,d_a_carver@yahoo.com,
2008-03-31 16:01:40 EDT,darin.eclipse@gmail.com,CC,Darin_Wright@ca.ibm.com,
2008-03-31 16:01:40 EDT,darin.eclipse@gmail.com,Status,ASSIGNED,NEW
2008-07-28 20:58:50 EDT,d_a_carver@yahoo.com,Blocks,221042,
2008-08-11 10:06:07 EDT,darin.eclipse@gmail.com,Target Milestone,3.5,---
2009-01-24 16:52:43 EST,darin.eclipse@gmail.com,Status,RESOLVED,ASSIGNED
2009-01-24 16:52:43 EST,darin.eclipse@gmail.com,Resolution,FIXED,---
2009-01-24 16:52:43 EST,darin.eclipse@gmail.com,Target Milestone,3.5 M5,3.5
2009-01-24 16:52:43 EST,darin.eclipse@gmail.com,Flags,iplog+,
2009-05-15 09:44:38 EDT,darin.eclipse@gmail.com,Status,VERIFIED,RESOLVED
2009-06-01 09:59:44 EDT,john_arthorne@ca.ibm.com,Attachment #108922                Flags,iplog+,
2009-06-01 10:00:06 EDT,john_arthorne@ca.ibm.com,Flags,,iplog+
