When, Who, What, Added, Removed
2008-03-09 12:56:09 EDT,dennis.oflynn@compuware.com,Status,ASSIGNED,NEW
2008-03-09 12:56:09 EDT,dennis.oflynn@compuware.com,Target Milestone,M6,---
2008-03-09 13:15:07 EDT,dennis.oflynn@compuware.com,Summary,Create Server Application Interface,Create ServiceApplication
2008-03-09 13:25:59 EDT,dennis.oflynn@compuware.com,Blocks,220926,
2008-03-10 08:28:38 EDT,dennis.oflynn@compuware.com,Status,RESOLVED,ASSIGNED
2008-03-10 08:28:38 EDT,dennis.oflynn@compuware.com,Resolution,FIXED,---
2008-05-29 21:33:42 EDT,dennis.oflynn@compuware.com,Target Milestone,RC1,M6
2008-07-07 19:41:11 EDT,dennis.oflynn@compuware.com,Status,VERIFIED,RESOLVED
2008-07-07 19:46:37 EDT,dennis.oflynn@compuware.com,Version,0.7.0,1.0.0
2010-04-08 11:13:57 EDT,webmaster@eclipse.org,Component,Corona,core
2010-04-08 11:13:57 EDT,webmaster@eclipse.org,Version,unspecified,0.7.0
2010-04-08 11:13:57 EDT,webmaster@eclipse.org,Product,z_Archived,Corona
2010-04-08 11:13:57 EDT,webmaster@eclipse.org,Target Milestone,---,RC1
