When, Who, What, Added, Removed
2008-03-08 23:26:47 EST,francisu@ieee.org,CC,mdelder@us.ibm.com,
2008-03-08 23:27:58 EST,francisu@ieee.org,CC,Boris_Bokowski@ca.ibm.com,
2008-03-08 23:28:18 EST,francisu@ieee.org,CC,Tod_Creasey@ca.ibm.com,
2008-03-08 23:28:40 EST,francisu@ieee.org,CC,pwebster@alumni.uwaterloo.ca,
2008-03-09 07:27:14 EDT,pwebster@ca.ibm.com,CC,pwebster@ca.ibm.com,pwebster@alumni.uwaterloo.ca
2008-03-09 11:20:34 EDT,remy.suen@gmail.com,CC,remy.suen@gmail.com,
2008-03-11 14:02:46 EDT,eclipse@pookzilla.net,Assignee,pwebster@ca.ibm.com,Platform-UI-Inbox@eclipse.org
2008-03-11 14:02:46 EDT,eclipse@pookzilla.net,Summary,[IDE] [RCP] Use of CommonNavigator with Resources requires internal IDE class WorkbenchAdapterBuilder,Use of CommonNavigator with Resources requires internal IDE class WorkbenchAdapterBuilder
2008-03-11 14:10:42 EDT,pwebster@ca.ibm.com,Summary,[IDE] [RCP] Use of Project Explorer in RCP requires internal IDE class WorkbenchAdapterBuilder,[IDE] [RCP] Use of CommonNavigator with Resources requires internal IDE class WorkbenchAdapterBuilder
2008-04-08 09:58:37 EDT,pwebster@ca.ibm.com,Blocks,186891,
2008-04-08 10:52:00 EDT,ademuyser@fr.ibm.com,CC,ademuyser@fr.ibm.com, WURTHEMM@fr.ibm.com,
2009-02-10 05:34:46 EST,meken@users.sourceforge.net,CC,meken@users.sourceforge.net,
2009-02-10 09:26:15 EST,pwebster@ca.ibm.com,Target Milestone,3.5 M6,---
2009-03-02 22:47:35 EST,Alfredo.Bencomo@nasa.gov,CC,Alfredo.Bencomo@nasa.gov,
2009-03-04 13:42:08 EST,pwebster@ca.ibm.com,CC,john_arthorne@ca.ibm.com,
2009-03-05 10:29:43 EST,pwebster@ca.ibm.com,Attachment #127529                Attachment is obsolete,1,0
2009-03-05 10:30:55 EST,pwebster@ca.ibm.com,Status,RESOLVED,NEW
2009-03-05 10:30:55 EST,pwebster@ca.ibm.com,Resolution,FIXED,---
2009-03-05 11:35:01 EST,cpuidle@gmx.de,CC,cpuidle@gmx.de,
2009-03-10 10:15:29 EDT,pwebster@ca.ibm.com,Status,VERIFIED,RESOLVED
