When, Who, What, Added, Removed
2008-03-10 07:52:01 EDT,pwebster@ca.ibm.com,Assignee,pwebster@ca.ibm.com,Platform-UI-Inbox@eclipse.org
2008-03-10 07:52:01 EDT,pwebster@ca.ibm.com,Summary,[Contributions] [Contributions] MenuItems with style radio are not initialized in context menu,[Contributions] MenuItems with style radio are not initialized in context menu
2008-05-01 14:04:41 EDT,pwebster@ca.ibm.com,Status,ASSIGNED,NEW
2008-05-01 14:04:41 EDT,pwebster@ca.ibm.com,Target Milestone,3.5,---
2008-05-25 07:10:38 EDT,tom.seidel@remus-software.org,CC,tom.seidel@spiritlink.de,
2008-07-27 15:50:11 EDT,amolochnikov@fugro.com,CC,alexm@kelman.com,
2008-09-03 05:08:30 EDT,lafeuil@gmail.com,CC,lafeuil@gmail.com,
2008-11-25 13:43:45 EST,pwebster@ca.ibm.com,CC,pwebster@ca.ibm.com,
2008-11-25 13:43:45 EST,pwebster@ca.ibm.com,Assignee,prakrang@in.ibm.com,pwebster@ca.ibm.com
2008-11-25 13:43:45 EST,pwebster@ca.ibm.com,Status,NEW,ASSIGNED
2008-12-30 11:30:32 EST,pwebster@ca.ibm.com,Target Milestone,3.5 M5,3.5
2009-01-27 01:23:02 EST,me@grprakash.com,Target Milestone,3.5 M6,3.5 M5
2009-03-05 14:24:36 EST,pwebster@ca.ibm.com,Attachment #127633                Attachment is obsolete,1,0
2009-03-06 12:00:48 EST,me@grprakash.com,Attachment #127790                Attachment is obsolete,1,0
2009-03-06 12:38:44 EST,pwebster@ca.ibm.com,Status,RESOLVED,NEW
2009-03-06 12:38:44 EST,pwebster@ca.ibm.com,Resolution,FIXED,---
2009-03-06 12:44:36 EST,pwebster@ca.ibm.com,Blocks,267409,
2009-03-11 02:55:05 EDT,me@grprakash.com,Status,VERIFIED,RESOLVED
2009-06-03 13:36:46 EDT,pwebster@ca.ibm.com,Attachment #127836                Flags,iplog+,
2009-06-03 13:37:24 EDT,pwebster@ca.ibm.com,Attachment #127633                Flags,iplog+,
