When, Who, What, Added, Removed
2008-03-10 12:18:20 EDT,aog-ecl@photoscapes.de,CC,mathias.stuempert@iwr.fzk.de,
2008-03-10 12:18:20 EDT,aog-ecl@photoscapes.de,Version,1.0.0,unspecified
2008-03-11 06:36:23 EDT,uranium@man.poznan.pl,CC,uranium@man.poznan.pl,
2008-03-11 06:36:23 EDT,uranium@man.poznan.pl,Status,ASSIGNED,NEW
2008-03-11 10:01:21 EDT,aog-ecl@photoscapes.de,Assignee,uranium@man.poznan.pl,garcia@iwr.fzk.de
2008-03-11 10:01:21 EDT,aog-ecl@photoscapes.de,Status,NEW,ASSIGNED
2008-03-11 10:30:48 EDT,aog-ecl@photoscapes.de,CC,garcia@iwr.fzk.de,
2008-03-11 10:30:48 EDT,aog-ecl@photoscapes.de,Status,RESOLVED,NEW
2008-03-11 10:30:48 EDT,aog-ecl@photoscapes.de,Resolution,FIXED,---
2014-01-09 16:14:57 EST,webmaster@eclipse.org,Component,Geclipse,Core
2014-01-09 16:14:57 EST,webmaster@eclipse.org,Version,unspecified,1.0.0
2014-01-09 16:14:57 EST,webmaster@eclipse.org,Product,z_Archived,gEclipse
2014-01-09 16:14:57 EST,webmaster@eclipse.org,Target Milestone,---,1.0.0 M4
