When, Who, What, Added, Removed
2008-03-10 10:38:12 EDT,darin.eclipse@gmail.com,Severity,major,normal
2008-03-10 10:38:12 EDT,darin.eclipse@gmail.com,Status,ASSIGNED,NEW
2008-03-10 10:38:12 EDT,darin.eclipse@gmail.com,Target Milestone,3.4 M6,---
2008-03-10 11:48:32 EDT,Olivier_Thomann@ca.ibm.com,CC,Olivier_Thomann@ca.ibm.com,
2008-03-10 11:51:34 EDT,Olivier_Thomann@ca.ibm.com,Assignee,Olivier_Thomann@ca.ibm.com,pde-apitools-inbox@eclipse.org
2008-03-10 11:51:34 EDT,Olivier_Thomann@ca.ibm.com,Status,NEW,ASSIGNED
2008-03-10 11:52:23 EDT,Michael_Rennie@ca.ibm.com,CC,Michael_Rennie@ca.ibm.com,
2008-03-10 11:52:38 EDT,Michael_Rennie@ca.ibm.com,Status,RESOLVED,NEW
2008-03-10 11:52:38 EDT,Michael_Rennie@ca.ibm.com,Resolution,FIXED,---
2008-03-10 11:58:19 EDT,Olivier_Thomann@ca.ibm.com,Status,VERIFIED,RESOLVED
