When, Who, What, Added, Removed
2008-03-10 13:58:16 EDT,caniszczyk@gmail.com,Keywords,bugday,
2008-03-10 16:56:23 EDT,benjamin@eclipse.org,CC,benjamin.cabe@anyware-tech.com,
2008-03-10 16:59:35 EDT,caniszczyk@gmail.com,Summary,CVSFilePropertiesPage  text fields should be copyable,CVSFolderPropertiesPage text fields should be copyable
2008-03-11 05:29:01 EDT,tomasz.zarna@tasktop.com,CC,Tomasz.Zarna@pl.ibm.com,
2008-03-11 05:29:01 EDT,tomasz.zarna@tasktop.com,Status,ASSIGNED,NEW
2008-03-11 05:29:01 EDT,tomasz.zarna@tasktop.com,Component,CVS,Team
2008-03-26 06:45:48 EDT,tomasz.zarna@tasktop.com,CC,markus_keller@ch.ibm.com,
2009-06-01 11:52:34 EDT,tomasz.zarna@tasktop.com,Summary,CVSFilePropertiesPage text fields should be copyable,CVSFilePropertiesPage  text fields should be copyable
2012-09-19 04:23:29 EDT,daniel_megert@ch.ibm.com,CC,daniel_megert@ch.ibm.com,
2012-09-19 04:23:29 EDT,daniel_megert@ch.ibm.com,Hardware,All,PC
2012-09-19 04:23:29 EDT,daniel_megert@ch.ibm.com,Assignee,daniel_megert@ch.ibm.com,platform-team-inbox@eclipse.org
2012-09-19 04:23:29 EDT,daniel_megert@ch.ibm.com,Target Milestone,4.3 M3,---
2012-09-19 04:23:29 EDT,daniel_megert@ch.ibm.com,OS,All,Windows XP
2012-09-19 04:23:51 EDT,daniel_megert@ch.ibm.com,Summary,CVS property page text fields should be copyable,CVSFilePropertiesPage text fields should be copyable
2012-09-19 04:24:35 EDT,daniel_megert@ch.ibm.com,Keywords,,bugday
2012-10-03 05:41:16 EDT,daniel_megert@ch.ibm.com,Status,RESOLVED,ASSIGNED
2012-10-03 05:41:16 EDT,daniel_megert@ch.ibm.com,Resolution,FIXED,---
2012-10-03 09:19:46 EDT,markus_keller@ch.ibm.com,Status,REOPENED,RESOLVED
2012-10-03 09:19:46 EDT,markus_keller@ch.ibm.com,Resolution,---,FIXED
2012-10-03 09:36:33 EDT,daniel_megert@ch.ibm.com,Status,RESOLVED,REOPENED
2012-10-03 09:36:33 EDT,daniel_megert@ch.ibm.com,Resolution,FIXED,---
2012-10-31 05:02:18 EDT,daniel_megert@ch.ibm.com,Status,VERIFIED,RESOLVED
