When, Who, What, Added, Removed
2008-03-10 14:17:45 EDT,kathy@ca.ibm.com,Assignee,makandre@ca.ibm.com,jst.ws-inbox@eclipse.org
2008-03-10 14:17:45 EDT,kathy@ca.ibm.com,Target Milestone,3.0 M6,---
2008-03-10 14:24:37 EDT,makandre@ca.ibm.com,Status,ASSIGNED,NEW
2008-03-13 00:44:48 EDT,kathy@ca.ibm.com,Status,RESOLVED,ASSIGNED
2008-03-13 00:44:48 EDT,kathy@ca.ibm.com,Resolution,FIXED,---
2008-04-24 00:44:48 EDT,david_williams@us.ibm.com,Keywords,contributed,
2008-05-15 14:31:13 EDT,makandre@ca.ibm.com,Status,CLOSED,RESOLVED
2008-10-29 10:12:36 EDT,bjorn.freeman-benson@eclipse.org,Attachment #92066                Flags,iplog+,
