When, Who, What, Added, Removed
2008-03-10 10:26:40 EDT,aog-ecl@photoscapes.de,Assignee,mathias.stuempert@iwr.fzk.de,garcia@iwr.fzk.de
2008-03-10 10:26:40 EDT,aog-ecl@photoscapes.de,OS,All,Windows XP
2008-03-10 10:26:40 EDT,aog-ecl@photoscapes.de,Hardware,All,PC
2008-03-10 10:26:40 EDT,aog-ecl@photoscapes.de,Version,1.0.0,unspecified
2008-03-11 08:30:16 EDT,mathias.stuempert@iwr.fzk.de,Status,ASSIGNED,NEW
2008-10-02 07:07:14 EDT,mariusz.wojtysiak@man.poznan.pl,Status,RESOLVED,ASSIGNED
2008-10-02 07:07:14 EDT,mariusz.wojtysiak@man.poznan.pl,Resolution,FIXED,---
2008-10-02 07:23:20 EDT,mathias.stuempert@iwr.fzk.de,Status,CLOSED,RESOLVED
2014-01-09 16:14:53 EST,webmaster@eclipse.org,Component,Geclipse,Core
2014-01-09 16:14:53 EST,webmaster@eclipse.org,Version,unspecified,1.0.0
2014-01-09 16:14:53 EST,webmaster@eclipse.org,Product,z_Archived,gEclipse
2014-01-09 16:14:53 EST,webmaster@eclipse.org,Target Milestone,---,1.0.0 M4
