When, Who, What, Added, Removed
2008-03-10 12:14:55 EDT,anton.leherbauer@windriver.com,Assignee,anton.leherbauer@windriver.com,cdt-core-inbox@eclipse.org
2008-03-10 12:14:55 EDT,anton.leherbauer@windriver.com,Target Milestone,5.0 M6,---
2008-03-11 11:19:47 EDT,anton.leherbauer@windriver.com,Status,RESOLVED,NEW
2008-03-11 11:19:47 EDT,anton.leherbauer@windriver.com,Resolution,FIXED,---
2008-07-01 03:18:12 EDT,anton.leherbauer@windriver.com,CC,achim.winkler@boschrexroth.de,
2009-01-09 15:06:51 EST,dschaefer@qnx.com,Component,cdt-core,deprecated7
