When, Who, What, Added, Removed
2008-03-10 11:07:40 EDT,susan@rapicorp.com,CC,susan_franklin@us.ibm.com,
2008-03-10 11:07:40 EDT,susan@rapicorp.com,Assignee,susan_franklin@us.ibm.com,equinox.p2-inbox@eclipse.org
2008-03-10 11:07:40 EDT,susan@rapicorp.com,Target Milestone,3.4 M6,---
2008-03-11 13:12:49 EDT,susan@rapicorp.com,CC,simon_kaegi@ca.ibm.com,
2008-03-11 13:12:49 EDT,susan@rapicorp.com,Assignee,equinox.p2-inbox@eclipse.org,susan_franklin@us.ibm.com
2008-03-11 13:12:49 EDT,susan@rapicorp.com,Severity,major,normal
2008-03-11 13:12:49 EDT,susan@rapicorp.com,Summary,[director] Revert failed does not have good progress reporting,[ui] Revert failed does not have good progress reporting
2008-03-11 13:36:29 EDT,susan@rapicorp.com,Severity,normal,major
2008-03-11 13:36:29 EDT,susan@rapicorp.com,Summary,[director] Revert built a plan even though IU's weren't available, does not have good progress reporting,[director] Revert failed does not have good progress reporting
2008-03-11 20:31:29 EDT,pascal@rapicorp.com,Assignee,pascal_rapicault@ca.ibm.com,equinox.p2-inbox@eclipse.org
2008-03-28 20:41:18 EDT,pascal@rapicorp.com,Target Milestone,3.4 M7,3.4 M6
2008-04-12 19:46:01 EDT,pascal@rapicorp.com,Assignee,simon_kaegi@ca.ibm.com,pascal_rapicault@ca.ibm.com
2008-04-29 11:29:49 EDT,simon_kaegi@ca.ibm.com,Status,RESOLVED,NEW
2008-04-29 11:29:49 EDT,simon_kaegi@ca.ibm.com,Resolution,FIXED,---
