When, Who, What, Added, Removed
2008-05-29 06:25:39 EDT,rsternberg@eclipsesource.com,Assignee,rsternberg@innoopract.com,rap.w4t-inbox@eclipse.org
2008-05-29 06:25:52 EDT,rsternberg@eclipsesource.com,Status,ASSIGNED,NEW
2008-05-29 16:18:27 EDT,rsternberg@eclipsesource.com,Flags,review?(rherrmann@innoopract.com),
2008-05-29 16:32:11 EDT,ruediger.herrmann@gmx.de,CC,rherrmann@innoopract.com,
2008-05-29 16:32:11 EDT,ruediger.herrmann@gmx.de,Flags,review+,review?(rherrmann@innoopract.com)
2008-05-29 17:53:25 EDT,rsternberg@eclipsesource.com,Status,RESOLVED,ASSIGNED
2008-05-29 17:53:25 EDT,rsternberg@eclipsesource.com,Resolution,FIXED,---
2008-05-29 17:53:25 EDT,rsternberg@eclipsesource.com,Target Milestone,1.1 RC3,---
