When, Who, What, Added, Removed
2008-03-11 04:08:49 EDT,mathias.stuempert@iwr.fzk.de,Status,ASSIGNED,NEW
2008-03-11 06:39:28 EDT,mathias.stuempert@iwr.fzk.de,Status,RESOLVED,ASSIGNED
2008-03-11 06:39:28 EDT,mathias.stuempert@iwr.fzk.de,Resolution,FIXED,---
2008-03-12 05:45:15 EDT,mathias.stuempert@iwr.fzk.de,Status,REOPENED,RESOLVED
2008-03-12 05:45:15 EDT,mathias.stuempert@iwr.fzk.de,Resolution,---,FIXED
2008-03-12 05:45:29 EDT,mathias.stuempert@iwr.fzk.de,Status,ASSIGNED,REOPENED
2008-03-12 05:50:09 EDT,katis@man.poznan.pl,CC,mathias.stuempert@iwr.fzk.de,
2008-03-12 08:08:50 EDT,mathias.stuempert@iwr.fzk.de,Status,RESOLVED,ASSIGNED
2008-03-12 08:08:50 EDT,mathias.stuempert@iwr.fzk.de,Resolution,FIXED,---
2008-03-12 08:34:12 EDT,katis@man.poznan.pl,Status,CLOSED,RESOLVED
2014-01-09 16:14:08 EST,webmaster@eclipse.org,Component,Geclipse,Core
2014-01-09 16:14:08 EST,webmaster@eclipse.org,Product,z_Archived,gEclipse
2014-01-09 16:14:08 EST,webmaster@eclipse.org,Target Milestone,---,1.0.0 M4
