When, Who, What, Added, Removed
2008-03-10 09:23:22 EDT,karasiuk@ca.ibm.com,Attachment #92035                Attachment is obsolete,1,0
2008-03-10 09:26:42 EDT,karasiuk@ca.ibm.com,CC,ccc@us.ibm.com,
2008-03-10 09:26:42 EDT,karasiuk@ca.ibm.com,Assignee,karasiuk@ca.ibm.com,wst.validation-inbox@eclipse.org
2008-03-10 12:18:01 EDT,karasiuk@ca.ibm.com,CC,david_williams@us.ibm.com,
2008-03-10 12:18:01 EDT,karasiuk@ca.ibm.com,Status,ASSIGNED,NEW
2008-03-18 11:32:03 EDT,karasiuk@ca.ibm.com,Status,RESOLVED,ASSIGNED
2008-03-18 11:32:03 EDT,karasiuk@ca.ibm.com,Resolution,FIXED,---
2008-03-18 12:10:22 EDT,karasiuk@ca.ibm.com,Status,CLOSED,RESOLVED
2008-11-17 07:54:17 EST,karasiuk@ca.ibm.com,Target Milestone,3.0,---
