When, Who, What, Added, Removed
2008-03-10 08:51:00 EDT,s.boshev@sap.com,Assignee,s.boshev@prosyst.com,equinox.bundles-inbox@eclipse.org
2008-03-10 08:51:00 EDT,s.boshev@sap.com,Target Milestone,3.0 M6,---
2008-03-10 08:51:37 EDT,s.boshev@sap.com,Status,ASSIGNED,NEW
2008-03-10 08:56:47 EDT,tjwatson@us.ibm.com,CC,tjwatson@us.ibm.com,
2008-03-10 08:56:47 EDT,tjwatson@us.ibm.com,Target Milestone,3.4 M6,3.0 M6
2008-03-10 10:55:54 EDT,s.boshev@sap.com,Status,RESOLVED,ASSIGNED
2008-03-10 10:55:54 EDT,s.boshev@sap.com,Resolution,FIXED,---
