When, Who, What, Added, Removed
2008-03-10 12:51:28 EDT,sleeloy@ca.ibm.com,CC,sleeloy@ca.ibm.com,
2008-03-10 12:51:28 EDT,sleeloy@ca.ibm.com,Assignee,martin.simmonds@ca.com,sleeloy@ca.ibm.com
2008-03-10 12:51:28 EDT,sleeloy@ca.ibm.com,Target Milestone,i10,---
2008-03-25 12:00:40 EDT,martin.simmonds@ca.com,Status,ASSIGNED,NEW
2008-03-27 07:44:51 EDT,martin.simmonds@ca.com,Status,RESOLVED,ASSIGNED
2008-03-27 07:44:51 EDT,martin.simmonds@ca.com,Resolution,FIXED,---
2008-05-01 11:38:04 EDT,sleeloy@ca.ibm.com,Status,VERIFIED,RESOLVED
2008-07-28 13:09:38 EDT,sleeloy@ca.ibm.com,Status,CLOSED,VERIFIED
2012-01-03 13:46:21 EST,webmaster@eclipse.org,Component,Cosmos,DataReporting
2012-01-03 13:46:21 EST,webmaster@eclipse.org,Product,z_Archived,Cosmos
2012-01-03 13:46:21 EST,webmaster@eclipse.org,Target Milestone,---,i10
