When, Who, What, Added, Removed
2008-03-10 04:26:55 EDT,lars.vogel@vogella.com,CC,Lars.Vogel@gmail.com,
2008-03-10 12:13:20 EDT,bob.fraser@oracle.com,Status,ASSIGNED,NEW
2008-03-10 12:13:49 EDT,bob.fraser@oracle.com,Assignee,bfraser@bea.com,webtools.website-inbox@eclipse.org
2008-03-10 12:13:49 EDT,bob.fraser@oracle.com,Status,NEW,ASSIGNED
2008-03-10 12:14:22 EDT,bob.fraser@oracle.com,Status,ASSIGNED,NEW
2008-03-31 13:54:20 EDT,bob.fraser@oracle.com,Status,RESOLVED,ASSIGNED
2008-03-31 13:54:20 EDT,bob.fraser@oracle.com,Resolution,FIXED,---
2008-05-22 16:53:39 EDT,bob.fraser@oracle.com,Status,CLOSED,RESOLVED
