When, Who, What, Added, Removed
2008-03-16 17:02:00 EDT,eclipse@frank-becker.de,CC,Frank@Frank-Becker.de,
2008-04-02 03:08:27 EDT,steffen.pingel@tasktop.com,CC,steffen.pingel@tasktop.com,
2008-04-02 03:08:27 EDT,steffen.pingel@tasktop.com,Component,UI,UI
2008-04-02 03:08:27 EDT,steffen.pingel@tasktop.com,Product,JDT,Mylyn
2008-04-02 03:08:27 EDT,steffen.pingel@tasktop.com,Version,3.4,2.3
2008-04-02 03:08:52 EDT,steffen.pingel@tasktop.com,CC,martin_aeschlimann@ch.ibm.com,
2008-04-02 03:08:52 EDT,steffen.pingel@tasktop.com,Assignee,jdt-ui-inbox@eclipse.org,mylyn-inbox@eclipse.org
2008-04-08 12:59:45 EDT,mik.kersten@tasktop.com,CC,mik.kersten@tasktop.com,
2008-05-07 05:20:42 EDT,aeschli@gmail.com,Assignee,martin_aeschlimann@ch.ibm.com,jdt-ui-inbox@eclipse.org
2008-05-07 05:20:42 EDT,aeschli@gmail.com,Summary,[package explorer] Focus on active task button disappears from package explorer view,Focus on active task button disappears from package explorer view
2008-05-07 05:20:42 EDT,aeschli@gmail.com,Target Milestone,3.4 RC1,---
2008-05-07 05:24:44 EDT,aeschli@gmail.com,CC,benno_baumgartner@ch.ibm.com,
2008-05-07 05:24:44 EDT,aeschli@gmail.com,Flags,review?(benno_baumgartner@ch.ibm.com),
2008-05-07 06:20:08 EDT,benno.baumgartner@comerge.net,Flags,review+,review?(benno_baumgartner@ch.ibm.com)
2008-05-07 06:47:44 EDT,aeschli@gmail.com,Status,RESOLVED,NEW
2008-05-07 06:47:44 EDT,aeschli@gmail.com,Resolution,FIXED,---
2008-05-21 09:08:50 EDT,benno.baumgartner@comerge.net,Status,VERIFIED,RESOLVED
