When, Who, What, Added, Removed
2008-03-10 07:46:38 EDT,daniel_megert@ch.ibm.com,CC,daniel_megert@ch.ibm.com,
2008-03-10 07:46:38 EDT,daniel_megert@ch.ibm.com,Assignee,benno_baumgartner@ch.ibm.com,jdt-ui-inbox@eclipse.org
2008-03-10 07:46:38 EDT,daniel_megert@ch.ibm.com,Summary,[misc] Support 'Navigate > Open External Javadoc' command in Javadoc view,Support 'Navigate > Open External Javadoc' command in Javadoc view
2008-03-10 07:46:38 EDT,daniel_megert@ch.ibm.com,Target Milestone,3.4 M6,---
2008-03-11 14:07:58 EDT,benno.baumgartner@comerge.net,Status,RESOLVED,NEW
2008-03-11 14:07:58 EDT,benno.baumgartner@comerge.net,Resolution,FIXED,---
