When, Who, What, Added, Removed
2008-03-10 11:41:49 EDT,lkemmel@il.ibm.com,Attachment #92045                Flags,review?,
2008-03-10 11:44:38 EDT,lkemmel@il.ibm.com,Attachment #92047                Flags,review?,
2008-03-10 13:39:43 EDT,paul@clenahan.com,CC,pclenahan@actuate.com,
2008-03-10 17:07:24 EDT,lkemmel@il.ibm.com,Attachment #92088                Flags,review?,
2008-03-11 04:35:02 EDT,zqian@actuate.com,CC,zqian@actuate.com, wli@actuate.com,
2008-03-11 04:35:19 EDT,zqian@actuate.com,CC,whe@actuate.com,
2008-03-11 17:00:31 EDT,wenfeng.fwd@gmail.com,CC,gxue@actuate.com,
2008-03-11 17:00:31 EDT,wenfeng.fwd@gmail.com,Assignee,whe@actuate.com,Birt-ReportDesigner-inbox@eclipse.org
2008-03-27 10:25:45 EDT,lkemmel@il.ibm.com,Blocks,129567, 129573,
2008-03-31 20:33:27 EDT,lchan@actuate.com,CC,lchan@actuate.com,
2008-04-01 11:07:33 EDT,lkemmel@il.ibm.com,Blocks,,129567, 129573
2008-04-01 11:07:33 EDT,lkemmel@il.ibm.com,Summary,[Meta] Bidirectional (Bidi) code contribution,Bidirectional (Bidi) code contribution
2008-04-01 11:08:29 EDT,lkemmel@il.ibm.com,Attachment #92045                Flags,,review?
2008-04-01 11:08:29 EDT,lkemmel@il.ibm.com,Attachment #92045                Attachment is obsolete,1,0
2008-04-01 11:09:41 EDT,lkemmel@il.ibm.com,Attachment #92088                Flags,,review?
2008-04-01 11:09:41 EDT,lkemmel@il.ibm.com,Attachment #92088                Attachment is patch,0,1
2008-04-01 11:09:41 EDT,lkemmel@il.ibm.com,Attachment #92088                Attachment is obsolete,1,0
2008-04-01 11:47:09 EDT,lkemmel@il.ibm.com,Depends on,225140,
2008-04-01 15:01:54 EDT,lkemmel@il.ibm.com,Depends on,225180,
2008-04-28 20:37:57 EDT,lchan@actuate.com,Attachment #92047                Flags,,review?
2008-04-28 20:37:57 EDT,lchan@actuate.com,Attachment #92047                Attachment is obsolete,1,0
2008-06-03 18:21:08 EDT,whe@actuate.com,Target Milestone,2.3.1,---
2008-06-03 18:21:23 EDT,whe@actuate.com,Status,ASSIGNED,NEW
2008-06-22 06:26:02 EDT,lkemmel@il.ibm.com,Depends on,225539,
2008-06-23 09:20:11 EDT,lkemmel@il.ibm.com,Depends on,225547,
2008-09-12 13:46:25 EDT,whe@actuate.com,Status,RESOLVED,ASSIGNED
2008-09-12 13:46:25 EDT,whe@actuate.com,Resolution,FIXED,---
2009-06-22 13:28:00 EDT,rafsarifard@actuate.com,CC,rafsarifard@actuate.com,
2009-06-22 13:28:00 EDT,rafsarifard@actuate.com,Flags,iplog+,
