When, Who, What, Added, Removed
2008-03-11 05:35:08 EDT,daniel_megert@ch.ibm.com,CC,daniel_megert@ch.ibm.com,
2008-03-11 05:35:08 EDT,daniel_megert@ch.ibm.com,Assignee,daniel_megert@ch.ibm.com,Platform-UI-Inbox@eclipse.org
2008-03-11 05:35:44 EDT,daniel_megert@ch.ibm.com,Severity,trivial,normal
2008-03-11 05:35:44 EDT,daniel_megert@ch.ibm.com,Status,RESOLVED,NEW
2008-03-11 05:35:44 EDT,daniel_megert@ch.ibm.com,Resolution,FIXED,---
2008-03-11 05:35:44 EDT,daniel_megert@ch.ibm.com,Target Milestone,3.4 M6,---
2008-03-28 05:50:19 EDT,daniel_megert@ch.ibm.com,Status,VERIFIED,RESOLVED
