When, Who, What, Added, Removed
2008-03-11 11:22:56 EDT,mathias.stuempert@iwr.fzk.de,CC,katis@man.poznan.pl,
2008-03-11 12:38:33 EDT,mathias.stuempert@iwr.fzk.de,Status,RESOLVED,NEW
2008-03-11 12:38:33 EDT,mathias.stuempert@iwr.fzk.de,Resolution,FIXED,---
2008-03-12 10:37:02 EDT,mael@man.poznan.pl,Status,CLOSED,RESOLVED
2014-01-09 16:15:13 EST,webmaster@eclipse.org,Component,Geclipse,Core
2014-01-09 16:15:13 EST,webmaster@eclipse.org,Version,unspecified,1.0.0
2014-01-09 16:15:13 EST,webmaster@eclipse.org,Product,z_Archived,gEclipse
2014-01-09 16:15:13 EST,webmaster@eclipse.org,Target Milestone,---,1.0.0 M4
