When, Who, What, Added, Removed
2008-03-10 13:27:54 EDT,kvenkatraman@actuate.com,CC,pclenahan@actuate.com, wli@actuate.com,
2008-03-10 14:20:16 EDT,kvenkatraman@actuate.com,Component,Installer,Build
2008-03-10 14:20:16 EDT,kvenkatraman@actuate.com,Product,EPP,BIRT
2008-03-10 14:20:16 EDT,kvenkatraman@actuate.com,Target Milestone,0.5.0 M3,---
2008-03-10 14:20:16 EDT,kvenkatraman@actuate.com,Version,unspecified,2.3.0
2008-04-12 11:47:40 EDT,mknauer@eclipsesource.com,CC,mknauer@innoopract.com,
2008-04-12 11:47:40 EDT,mknauer@eclipsesource.com,Status,RESOLVED,NEW
2008-04-12 11:47:40 EDT,mknauer@eclipsesource.com,Resolution,FIXED,---
