When, Who, What, Added, Removed
2008-03-10 12:40:52 EDT,nsandona@us.ibm.com,Flags,review?(nitind@us.ibm.com),
2008-03-10 14:59:53 EDT,nsandona@us.ibm.com,Blocks,144313,
2008-03-12 08:51:18 EDT,nitind@us.ibm.com,Assignee,nsandona@us.ibm.com,wst.html-inbox@eclipse.org
2008-03-12 13:01:29 EDT,nsandona@us.ibm.com,Status,ASSIGNED,NEW
2008-03-25 01:50:32 EDT,nitind@us.ibm.com,Status,RESOLVED,ASSIGNED
2008-03-25 01:50:32 EDT,nitind@us.ibm.com,Resolution,FIXED,---
2008-03-25 01:50:32 EDT,nitind@us.ibm.com,Target Milestone,3.0 M6,---
2008-03-25 01:50:32 EDT,nitind@us.ibm.com,Flags,review+,review?(nitind@us.ibm.com)
2008-04-04 11:16:14 EDT,nsandona@us.ibm.com,Status,CLOSED,RESOLVED
2008-04-24 00:45:04 EDT,david_williams@us.ibm.com,Keywords,contributed,
2008-10-29 10:12:36 EDT,bjorn.freeman-benson@eclipse.org,Attachment #92054                Flags,iplog+,
