When, Who, What, Added, Removed
2008-03-10 02:17:26 EDT,wyan@actuate.com,CC,wyan@actuate.com,
2008-03-10 02:17:26 EDT,wyan@actuate.com,Assignee,yChen@actuate.com,Birt-ReportEngine-inbox@eclipse.org
2008-03-10 02:17:41 EDT,wyan@actuate.com,Priority,P1,P3
2008-03-10 02:17:41 EDT,wyan@actuate.com,Target Milestone,2.3.0 M6,---
2008-03-11 05:26:48 EDT,yChen@actuate.com,Status,RESOLVED,NEW
2008-03-11 05:26:48 EDT,yChen@actuate.com,Resolution,FIXED,---
2008-03-12 03:08:31 EDT,xwang@actuate.com,CC,qaobsolete@gmail.com,
2008-03-13 04:17:20 EDT,wlin@actuate.com,Status,CLOSED,RESOLVED
