When, Who, What, Added, Removed
2008-03-10 02:55:04 EDT,wyan@actuate.com,CC,wyan@actuate.com,
2008-03-10 02:55:04 EDT,wyan@actuate.com,Assignee,yChen@actuate.com,Birt-ReportEngine-inbox@eclipse.org
2008-03-10 02:55:04 EDT,wyan@actuate.com,Target Milestone,2.3.0 M6,---
2008-03-10 07:05:11 EDT,yChen@actuate.com,Status,RESOLVED,NEW
2008-03-10 07:05:11 EDT,yChen@actuate.com,Resolution,FIXED,---
2008-03-12 03:13:36 EDT,xwang@actuate.com,CC,qaobsolete@gmail.com,
2008-03-13 05:45:43 EDT,wlin@actuate.com,Status,CLOSED,RESOLVED
