When, Who, What, Added, Removed
2008-03-10 10:51:31 EDT,Olivier_Thomann@ca.ibm.com,CC,Michael_Rennie@ca.ibm.com, Darin_Wright@ca.ibm.com,
2008-03-10 11:42:30 EDT,Olivier_Thomann@ca.ibm.com,Assignee,Darin_Wright@ca.ibm.com,Olivier_Thomann@ca.ibm.com
2008-03-10 11:42:30 EDT,Olivier_Thomann@ca.ibm.com,Target Milestone,3.4 M6,---
2008-03-10 11:44:07 EDT,Olivier_Thomann@ca.ibm.com,Status,RESOLVED,NEW
2008-03-10 11:44:07 EDT,Olivier_Thomann@ca.ibm.com,Resolution,FIXED,---
2008-03-17 12:33:36 EDT,Michael_Rennie@ca.ibm.com,Status,VERIFIED,RESOLVED
