When, Who, What, Added, Removed
2008-03-10 08:35:42 EDT,mariusz.wojtysiak@man.poznan.pl,Assignee,mariusz.wojtysiak@man.poznan.pl,garcia@iwr.fzk.de
2008-03-10 08:35:56 EDT,mariusz.wojtysiak@man.poznan.pl,Status,ASSIGNED,NEW
2008-03-11 06:27:55 EDT,mariusz.wojtysiak@man.poznan.pl,Status,RESOLVED,ASSIGNED
2008-03-11 06:27:55 EDT,mariusz.wojtysiak@man.poznan.pl,Resolution,FIXED,---
2008-04-01 04:35:14 EDT,mariusz.wojtysiak@man.poznan.pl,Status,CLOSED,RESOLVED
2014-01-09 16:14:14 EST,webmaster@eclipse.org,Component,Geclipse,Core
2014-01-09 16:14:14 EST,webmaster@eclipse.org,Product,z_Archived,gEclipse
2014-01-09 16:14:14 EST,webmaster@eclipse.org,Target Milestone,---,1.0.0 M4
