When, Who, What, Added, Removed
2008-03-10 12:04:03 EDT,aog-ecl@photoscapes.de,CC,mathias.stuempert@iwr.fzk.de,
2008-03-10 12:04:03 EDT,aog-ecl@photoscapes.de,Version,1.0.0,unspecified
2008-07-23 09:39:24 EDT,aog-ecl@photoscapes.de,Status,RESOLVED,NEW
2008-07-23 09:39:24 EDT,aog-ecl@photoscapes.de,Resolution,FIXED,---
2014-01-09 16:14:32 EST,webmaster@eclipse.org,Component,Geclipse,Core
2014-01-09 16:14:32 EST,webmaster@eclipse.org,Version,unspecified,1.0.0
2014-01-09 16:14:32 EST,webmaster@eclipse.org,Product,z_Archived,gEclipse
2014-01-09 16:14:32 EST,webmaster@eclipse.org,Target Milestone,---,1.0.0 M4
