When, Who, What, Added, Removed
2008-03-10 12:41:27 EDT,frederic_fusier@fr.ibm.com,Assignee,david_audel@fr.ibm.com,jdt-core-inbox@eclipse.org
2008-03-13 05:55:49 EDT,david_audel@fr.ibm.com,Status,RESOLVED,NEW
2008-03-13 05:55:49 EDT,david_audel@fr.ibm.com,Resolution,FIXED,---
2008-03-13 05:55:49 EDT,david_audel@fr.ibm.com,Target Milestone,3.4 M6,---
2008-03-25 12:59:53 EDT,jerome_lanneluc@fr.ibm.com,CC,jerome_lanneluc@fr.ibm.com,
2008-03-25 12:59:53 EDT,jerome_lanneluc@fr.ibm.com,Status,VERIFIED,RESOLVED
