When, Who, What, Added, Removed
2008-03-11 01:06:32 EDT,steffen.pingel@tasktop.com,Assignee,steffen.pingel@tasktop.com,mylyn-inbox@eclipse.org
2008-03-11 01:06:32 EDT,steffen.pingel@tasktop.com,Target Milestone,3.0,---
2008-06-01 21:54:11 EDT,steffen.pingel@tasktop.com,Assignee,mik.kersten@tasktop.com,steffen.pingel@tasktop.com
2008-06-12 16:18:51 EDT,mik.kersten@tasktop.com,Severity,minor,normal
2008-06-12 16:18:51 EDT,mik.kersten@tasktop.com,Target Milestone,3.1,3.0
2008-06-13 20:54:36 EDT,mik.kersten@tasktop.com,Status,RESOLVED,NEW
2008-06-13 20:54:36 EDT,mik.kersten@tasktop.com,Resolution,FIXED,---
2008-06-13 20:54:36 EDT,mik.kersten@tasktop.com,Target Milestone,3.0,3.1
