When, Who, What, Added, Removed
2008-03-10 13:19:23 EDT,sleeloy@ca.ibm.com,Assignee,martin.simmonds@ca.com,sleeloy@ca.ibm.com
2008-03-10 13:19:23 EDT,sleeloy@ca.ibm.com,URL,http://wiki.eclipse.org/COSMOS_Design_222085,
2008-03-10 13:19:23 EDT,sleeloy@ca.ibm.com,Target Milestone,future,---
2008-03-14 03:36:09 EDT,martin.simmonds@ca.com,Status,ASSIGNED,NEW
2008-04-08 12:10:05 EDT,John.Devine@ca.com,CC,John.Devine@ca.com,
2008-04-16 10:04:37 EDT,sleeloy@ca.ibm.com,Assignee,todjo06@ca.com,martin.simmonds@ca.com
2008-04-16 10:04:37 EDT,sleeloy@ca.ibm.com,Status,NEW,ASSIGNED
2008-04-29 14:43:56 EDT,sleeloy@ca.ibm.com,Whiteboard,new_tooling,
2008-04-29 14:59:37 EDT,sleeloy@ca.ibm.com,Priority,P4,P3
2008-05-12 11:47:08 EDT,todjo06@ca.com,Status,RESOLVED,NEW
2008-05-12 11:47:08 EDT,todjo06@ca.com,Resolution,FIXED,---
2008-08-05 12:39:57 EDT,sleeloy@ca.ibm.com,Status,VERIFIED,RESOLVED
2009-06-30 09:37:08 EDT,paules@ca.ibm.com,Status,CLOSED,VERIFIED
2009-06-30 09:37:08 EDT,paules@ca.ibm.com,Whiteboard,closed460,new_tooling
2009-06-30 09:50:43 EDT,paules@ca.ibm.com,Whiteboard,,closed460
2012-01-03 13:47:10 EST,webmaster@eclipse.org,Component,Cosmos,DataReporting
2012-01-03 13:47:10 EST,webmaster@eclipse.org,Product,z_Archived,Cosmos
2012-01-03 13:47:10 EST,webmaster@eclipse.org,Target Milestone,---,future
