When, Who, What, Added, Removed
2008-03-10 06:21:29 EDT,assaf.almaz@zend.com,Priority,P1,P3
2008-03-21 07:35:21 EDT,assaf.almaz@zend.com,Target Milestone,1.0.4,---
2008-03-21 10:28:44 EDT,assaf.almaz@zend.com,CC,mark@cyberspeedsolutions.com,
2008-03-22 18:09:38 EDT,assaf.almaz@zend.com,Status,ASSIGNED,NEW
2008-03-27 10:34:20 EDT,guy.g@zend.com,Status,RESOLVED,ASSIGNED
2008-03-27 10:34:20 EDT,guy.g@zend.com,Resolution,FIXED,---
2008-04-29 09:29:17 EDT,assaf.almaz@zend.com,Status,CLOSED,RESOLVED
