When, Who, What, Added, Removed
2008-03-10 14:08:45 EDT,bfitzpat@redhat.com,CC,brianf@sybase.com,
2008-03-10 14:08:45 EDT,bfitzpat@redhat.com,Assignee,dtp.sqldevtools-inbox@eclipse.org,dtp.connectivity-inbox@eclipse.org
2008-03-10 14:08:45 EDT,bfitzpat@redhat.com,Component,SQLDevTools,DataTools
2008-03-10 20:50:30 EDT,sholars@us.ibm.com,CC,sholars@us.ibm.com,
2008-03-10 20:50:30 EDT,sholars@us.ibm.com,Summary,Add Data Tooling preference node and move Connectivty and SQL Dev nodes under it,Rename the SQL Development preference node to Data
2008-03-11 19:10:10 EDT,bfitzpat@redhat.com,Assignee,brianf@sybase.com,dtp.sqldevtools-inbox@eclipse.org
2008-03-12 12:46:06 EDT,bfitzpat@redhat.com,Blocks,222438,
2008-03-12 12:48:01 EDT,bfitzpat@redhat.com,Blocks,222439,
2008-03-12 12:49:12 EDT,bfitzpat@redhat.com,Blocks,222440,
2008-03-12 15:40:35 EDT,bfitzpat@redhat.com,Target Milestone,1.6M6,---
2008-03-26 10:14:25 EDT,bfitzpat@redhat.com,Target Milestone,1.6M7(RC0),1.6M6
2008-03-27 12:37:03 EDT,bfitzpat@redhat.com,Status,RESOLVED,NEW
2008-03-27 12:37:03 EDT,bfitzpat@redhat.com,Resolution,FIXED,---
2008-03-27 13:18:19 EDT,bfitzpat@redhat.com,Status,REOPENED,RESOLVED
2008-03-27 13:18:19 EDT,bfitzpat@redhat.com,Resolution,---,FIXED
2008-03-27 14:28:52 EDT,lj@us.ibm.com,Status,RESOLVED,REOPENED
2008-03-27 14:28:52 EDT,lj@us.ibm.com,Resolution,FIXED,---
2008-03-27 14:29:26 EDT,lj@us.ibm.com,Status,CLOSED,RESOLVED
2008-03-27 14:45:30 EDT,lchan@actuate.com,CC,lchan@actuate.com,
2008-03-27 14:45:30 EDT,lchan@actuate.com,Target Milestone,1.6M6,1.6M7(RC0)
