When, Who, What, Added, Removed
2008-03-10 05:31:21 EDT,xiong.zhang@actuate.com,CC,xiong.zhang@actuate.com, zqian@actuate.com,
2008-03-10 05:31:21 EDT,xiong.zhang@actuate.com,Assignee,xiong.zhang@actuate.com,Birt-ReportDesigner-inbox@eclipse.org
2008-03-10 05:31:21 EDT,xiong.zhang@actuate.com,Target Milestone,2.3.0 M6,---
2008-03-10 05:31:41 EDT,xiong.zhang@actuate.com,CC,,xiong.zhang@actuate.com
2008-03-11 02:34:54 EDT,xiong.zhang@actuate.com,Assignee,yulin.wang@actuate.com,xiong.zhang@actuate.com
2008-03-11 02:34:54 EDT,xiong.zhang@actuate.com,Component,Chart,Report Designer
2008-03-11 02:35:17 EDT,xiong.zhang@actuate.com,CC,xiong.zhang@actuate.com,
2008-03-11 03:49:28 EDT,yulin.wang@actuate.com,Status,RESOLVED,NEW
2008-03-11 03:49:28 EDT,yulin.wang@actuate.com,Resolution,FIXED,---
2008-03-20 04:27:47 EDT,tzhang@actuate.com,Status,CLOSED,RESOLVED
