When, Who, What, Added, Removed
2008-03-10 14:24:15 EDT,ericdp@ca.ibm.com,Severity,major,normal
2008-03-10 14:26:36 EDT,kathy@ca.ibm.com,Assignee,ericdp@ca.ibm.com,jst.ws-inbox@eclipse.org
2008-03-10 14:26:36 EDT,kathy@ca.ibm.com,Target Milestone,3.0 M6,---
2008-03-10 14:27:16 EDT,ericdp@ca.ibm.com,Severity,normal,major
2008-03-10 14:27:16 EDT,ericdp@ca.ibm.com,Priority,P2,P3
2008-03-24 13:10:26 EDT,ericdp@ca.ibm.com,Assignee,pmoogk@ca.ibm.com,ericdp@ca.ibm.com
2008-03-25 15:51:40 EDT,pmoogk@ca.ibm.com,Status,RESOLVED,NEW
2008-03-25 15:51:40 EDT,pmoogk@ca.ibm.com,Resolution,FIXED,---
2008-05-15 10:18:28 EDT,ericdp@ca.ibm.com,Status,VERIFIED,RESOLVED
2008-10-29 14:52:29 EDT,ericdp@ca.ibm.com,Status,CLOSED,VERIFIED
