When, Who, What, Added, Removed
2008-03-10 14:16:54 EDT,kathy@ca.ibm.com,Target Milestone,3.0 M6,---
2008-04-02 16:18:37 EDT,kathy@ca.ibm.com,Target Milestone,3.0,3.0 M6
2008-05-02 16:12:41 EDT,kathy@ca.ibm.com,Target Milestone,3.0 RC1,3.0
2008-05-09 16:58:08 EDT,kathy@ca.ibm.com,Assignee,makandre@ca.ibm.com,gilberta@ca.ibm.com
2008-05-12 11:39:35 EDT,makandre@ca.ibm.com,Attachment #99733                Flags,review?,
2008-05-12 11:40:07 EDT,makandre@ca.ibm.com,Status,ASSIGNED,NEW
2008-05-12 12:43:49 EDT,kathy@ca.ibm.com,CC,hjzhang@ca.ibm.com,
2008-05-12 12:43:49 EDT,kathy@ca.ibm.com,Keywords,contributed,
2008-05-12 12:43:49 EDT,kathy@ca.ibm.com,Whiteboard,PMC,
2008-05-12 12:43:49 EDT,kathy@ca.ibm.com,Flags,pmc_approved?(david_williams@us.ibm.com), pmc_approved?(raghunathan.srinivasan@oracle.com), pmc_approved?(naci.dai@eteration.com), pmc_approved?(deboer@ca.ibm.com), pmc_approved?(neil.hauge@oracle.com), pmc_approved?(kaloyan.raev@sap.com),
2008-05-13 00:14:19 EDT,david_williams@us.ibm.com,CC,david_williams@us.ibm.com,
2008-05-13 00:14:19 EDT,david_williams@us.ibm.com,Flags,pmc_approved+,pmc_approved?(david_williams@us.ibm.com)
2008-05-13 10:52:40 EDT,kathy@ca.ibm.com,Status,RESOLVED,ASSIGNED
2008-05-13 10:52:40 EDT,kathy@ca.ibm.com,Resolution,FIXED,---
2008-05-14 04:17:45 EDT,david_williams@us.ibm.com,Whiteboard,PMC_approved,PMC
2008-06-09 15:32:58 EDT,kathy@ca.ibm.com,Status,CLOSED,RESOLVED
2008-10-29 10:12:36 EDT,bjorn.freeman-benson@eclipse.org,Attachment #94619                Flags,iplog+,
