When, Who, What, Added, Removed
2008-03-10 10:53:01 EDT,dmcknigh@ca.ibm.com,CC,dmcknigh@ca.ibm.com,
2008-03-10 10:53:01 EDT,dmcknigh@ca.ibm.com,Assignee,dmcknigh@ca.ibm.com,dsdp.tm.rse-inbox@eclipse.org
2008-03-10 10:53:01 EDT,dmcknigh@ca.ibm.com,Summary,[dstore] Client remains connected after server terminates,Client remains connected after server terminates
2008-03-10 10:53:01 EDT,dmcknigh@ca.ibm.com,Target Milestone,3.0 M6,---
2008-03-10 10:55:46 EDT,dmcknigh@ca.ibm.com,Status,RESOLVED,NEW
2008-03-10 10:55:46 EDT,dmcknigh@ca.ibm.com,Resolution,FIXED,---
2008-03-10 20:42:19 EDT,e03616@jp.ibm.com,Status,VERIFIED,RESOLVED
