When, Who, What, Added, Removed
2008-03-10 10:25:48 EDT,trippinbilly25@gmail.com,CC,kitlo@us.ibm.com,
2008-03-10 10:26:04 EDT,trippinbilly25@gmail.com,CC,camle@us.ibm.com,
2008-03-10 12:44:44 EDT,katep@ca.ibm.com,Assignee,gerry.kessler@oracle.com,webtools.documentation-inbox@eclipse.org
2008-03-10 13:02:49 EDT,gerry.kessler@oracle.com,Status,RESOLVED,NEW
2008-03-10 13:02:49 EDT,gerry.kessler@oracle.com,Resolution,FIXED,---
2008-07-02 13:32:54 EDT,gerry.kessler@oracle.com,Status,CLOSED,RESOLVED
