When, Who, What, Added, Removed
2008-03-10 11:03:14 EDT,harald@kornmayer.eu,Assignee,mathias.stuempert@iwr.fzk.de,harald.kornmayer@it.neclab.eu
2008-03-11 08:33:53 EDT,mathias.stuempert@iwr.fzk.de,Assignee,uranium@man.poznan.pl,mathias.stuempert@iwr.fzk.de
2008-03-11 10:58:38 EDT,mathias.stuempert@iwr.fzk.de,CC,mariusz.wojtysiak@man.poznan.pl,
2008-03-12 03:50:33 EDT,mathias.stuempert@iwr.fzk.de,Depends on,222356,
2008-06-03 07:21:37 EDT,uranium@man.poznan.pl,Status,RESOLVED,NEW
2008-06-03 07:21:37 EDT,uranium@man.poznan.pl,Resolution,FIXED,---
2014-01-09 16:14:00 EST,webmaster@eclipse.org,Component,Geclipse,middleware
2014-01-09 16:14:00 EST,webmaster@eclipse.org,Product,z_Archived,gEclipse
2014-01-09 16:14:00 EST,webmaster@eclipse.org,Target Milestone,---,1.0.0 M4
