When, Who, What, Added, Removed
2008-03-11 12:05:35 EDT,pascal@rapicorp.com,Assignee,simon_kaegi@ca.ibm.com,equinox.p2-inbox@eclipse.org
2008-03-11 12:05:35 EDT,pascal@rapicorp.com,Summary,Engine should handle java.lang.Errors,Revert just failed silently
2008-03-11 12:05:35 EDT,pascal@rapicorp.com,Target Milestone,3.4,---
2008-03-11 15:59:36 EDT,john_arthorne@ca.ibm.com,CC,john_arthorne@ca.ibm.com,
2008-05-04 21:38:44 EDT,simon_kaegi@ca.ibm.com,Target Milestone,3.4 RC1,3.4
2008-05-05 16:26:21 EDT,simon_kaegi@ca.ibm.com,Flags,review?(john_arthorne@ca.ibm.com),
2008-05-05 21:21:59 EDT,simon_kaegi@ca.ibm.com,Attachment #98704                Attachment is obsolete,1,0
2008-05-06 11:51:13 EDT,john_arthorne@ca.ibm.com,Assignee,equinox.p2-inbox@eclipse.org,simon_kaegi@ca.ibm.com
2008-05-06 11:51:13 EDT,john_arthorne@ca.ibm.com,Flags,review+,review?(john_arthorne@ca.ibm.com)
2008-05-06 11:51:42 EDT,john_arthorne@ca.ibm.com,Assignee,simon_kaegi@ca.ibm.com,equinox.p2-inbox@eclipse.org
2008-05-06 13:11:59 EDT,simon_kaegi@ca.ibm.com,Status,RESOLVED,NEW
2008-05-06 13:11:59 EDT,simon_kaegi@ca.ibm.com,Resolution,FIXED,---
