When, Who, What, Added, Removed
2008-03-10 02:25:04 EDT,wyan@actuate.com,CC,wyan@actuate.com,
2008-03-10 02:25:04 EDT,wyan@actuate.com,Assignee,yChen@actuate.com,Birt-ReportEngine-inbox@eclipse.org
2008-03-10 02:25:04 EDT,wyan@actuate.com,Target Milestone,2.3.0 M6,---
2008-03-10 02:40:24 EDT,wlin@actuate.com,Severity,major,normal
2008-03-10 07:04:39 EDT,yChen@actuate.com,Status,RESOLVED,NEW
2008-03-10 07:04:39 EDT,yChen@actuate.com,Resolution,FIXED,---
2008-03-12 03:11:41 EDT,xwang@actuate.com,CC,qaobsolete@gmail.com,
2008-03-13 04:18:05 EDT,wlin@actuate.com,Status,CLOSED,RESOLVED
