When, Who, What, Added, Removed
2008-03-10 14:13:54 EDT,bjorn.freeman-benson@eclipse.org,Component,cdt-core,Cross-Project
2008-03-10 14:13:54 EDT,bjorn.freeman-benson@eclipse.org,Product,CDT,Community
2008-03-10 14:13:54 EDT,bjorn.freeman-benson@eclipse.org,Version,5.0,unspecified
2008-03-11 03:56:32 EDT,anton.leherbauer@windriver.com,Assignee,anton.leherbauer@windriver.com,cross-project.inbox@eclipse.org
2008-03-11 03:56:32 EDT,anton.leherbauer@windriver.com,Summary,[mark occurrences] occasional NullPointerException,occasional NullPointerException
2008-03-11 03:56:32 EDT,anton.leherbauer@windriver.com,Target Milestone,5.0 M6,---
2008-03-11 05:31:37 EDT,anton.leherbauer@windriver.com,Status,RESOLVED,NEW
2008-03-11 05:31:37 EDT,anton.leherbauer@windriver.com,Resolution,FIXED,---
