When, Who, What, Added, Removed
2008-03-10 17:36:10 EDT,ob1.eclipse@gmail.com,CC,Michael_Valenta@ca.ibm.com,
2008-03-11 04:40:06 EDT,tomasz.zarna@tasktop.com,CC,Tomasz.Zarna@pl.ibm.com,
2008-03-11 04:40:06 EDT,tomasz.zarna@tasktop.com,Status,ASSIGNED,NEW
2008-04-07 11:05:33 EDT,tomasz.zarna@tasktop.com,Assignee,Tomasz.Zarna@pl.ibm.com,platform-cvs-inbox@eclipse.org
2008-04-07 11:05:33 EDT,tomasz.zarna@tasktop.com,Status,NEW,ASSIGNED
2008-04-07 11:05:33 EDT,tomasz.zarna@tasktop.com,Target Milestone,3.4 M7,---
2008-04-08 06:54:02 EDT,tomasz.zarna@tasktop.com,CC,Szymon.Brandys@pl.ibm.com,
2008-04-08 06:54:02 EDT,tomasz.zarna@tasktop.com,Status,ASSIGNED,NEW
2008-04-14 12:40:49 EDT,tomasz.zarna@tasktop.com,Status,RESOLVED,ASSIGNED
2008-04-14 12:40:49 EDT,tomasz.zarna@tasktop.com,Resolution,FIXED,---
2008-04-21 22:29:10 EDT,ymnk@jcraft.com,CC,ymnk@jcraft.com,
2008-04-23 20:50:40 EDT,martin.oberhuber@windriver.com,CC,martin.oberhuber@windriver.com,
2008-04-30 10:23:57 EDT,tomasz.zarna@tasktop.com,Status,VERIFIED,RESOLVED
