When, Who, What, Added, Removed
2011-06-20 09:00:32 EDT,yuri@xored.com,Status,RESOLVED,NEW
2011-06-20 09:00:32 EDT,yuri@xored.com,CC,yuri@xored.com,
2011-06-20 09:00:32 EDT,yuri@xored.com,Resolution,FIXED,---
2011-06-20 14:03:30 EDT,nmehrega@cisco.com,Status,REOPENED,RESOLVED
2011-06-20 14:03:30 EDT,nmehrega@cisco.com,CC,nmehrega@cisco.com,
2011-06-20 14:03:30 EDT,nmehrega@cisco.com,Resolution,---,FIXED
2011-06-20 14:42:47 EDT,nmehrega@cisco.com,Status,CLOSED,REOPENED
2011-06-20 14:42:47 EDT,nmehrega@cisco.com,Resolution,FIXED,---
