When, Who, What, Added, Removed
2008-04-04 09:42:23 EDT,aog-ecl@photoscapes.de,Assignee,mathias.stuempert@iwr.fzk.de,garcia@iwr.fzk.de
2008-04-04 09:42:23 EDT,aog-ecl@photoscapes.de,OS,All,Windows XP
2008-04-04 09:42:23 EDT,aog-ecl@photoscapes.de,Hardware,All,PC
2008-04-04 09:42:23 EDT,aog-ecl@photoscapes.de,Target Milestone,1.0.0 M6,1.0.0 M4
2008-04-04 09:42:23 EDT,aog-ecl@photoscapes.de,Version,1.0.0,unspecified
2008-04-16 08:27:42 EDT,mathias.stuempert@iwr.fzk.de,CC,mael@man.poznan.pl,
2008-04-16 08:28:05 EDT,mathias.stuempert@iwr.fzk.de,CC,mariusz.wojtysiak@man.poznan.pl,
2008-04-16 08:28:22 EDT,mathias.stuempert@iwr.fzk.de,CC,uranium@man.poznan.pl,
2008-04-16 08:33:25 EDT,mathias.stuempert@iwr.fzk.de,CC,garcia@iwr.fzk.de,
2008-04-16 08:36:06 EDT,mathias.stuempert@iwr.fzk.de,CC,harald.kornmayer@it.neclab.eu,
2008-04-16 08:47:43 EDT,mathias.stuempert@iwr.fzk.de,Assignee,mael@man.poznan.pl,mathias.stuempert@iwr.fzk.de
2008-04-16 09:56:16 EDT,mael@man.poznan.pl,Status,RESOLVED,NEW
2008-04-16 09:56:16 EDT,mael@man.poznan.pl,Resolution,FIXED,---
2008-04-17 04:09:45 EDT,mathias.stuempert@iwr.fzk.de,CC,mathias.stuempert@iwr.fzk.de,
2008-04-17 04:10:08 EDT,mathias.stuempert@iwr.fzk.de,Status,REOPENED,RESOLVED
2008-04-17 04:10:08 EDT,mathias.stuempert@iwr.fzk.de,Resolution,---,FIXED
2008-09-01 08:54:52 EDT,mael@man.poznan.pl,Status,RESOLVED,REOPENED
2008-09-01 08:54:52 EDT,mael@man.poznan.pl,Resolution,FIXED,---
2008-09-01 08:55:07 EDT,mael@man.poznan.pl,Status,CLOSED,RESOLVED
2014-01-09 16:15:22 EST,webmaster@eclipse.org,Component,Geclipse,Core
2014-01-09 16:15:22 EST,webmaster@eclipse.org,Version,unspecified,1.0.0
2014-01-09 16:15:22 EST,webmaster@eclipse.org,Product,z_Archived,gEclipse
2014-01-09 16:15:22 EST,webmaster@eclipse.org,Target Milestone,---,1.0.0 M6
