When, Who, What, Added, Removed
2008-03-10 20:11:58 EDT,pascal@rapicorp.com,CC,pascal_rapicault@ca.ibm.com,
2008-03-10 20:11:58 EDT,pascal@rapicorp.com,QA Contact,aniefer@ca.ibm.com,
2008-03-11 13:26:29 EDT,john_arthorne@ca.ibm.com,CC,aniefer@ca.ibm.com,
2008-03-19 13:58:34 EDT,kim.moir@gmail.com,CC,kmoir@ca.ibm.com,
2008-03-20 10:45:16 EDT,john_arthorne@ca.ibm.com,Summary,generator/pde build use "_" in config specs,geneator/pde build use "_" in config specs
2008-03-26 20:50:39 EDT,jeffmcaffer@gmail.com,CC,jeff-bugs@code9.com,
2008-09-11 11:21:13 EDT,pascal@rapicorp.com,Assignee,aniefer@ca.ibm.com,equinox.p2-inbox@eclipse.org
2009-10-14 15:57:26 EDT,aniefer@ca.ibm.com,Status,RESOLVED,NEW
2009-10-14 15:57:26 EDT,aniefer@ca.ibm.com,Resolution,FIXED,---
2009-10-14 15:57:26 EDT,aniefer@ca.ibm.com,Target Milestone,3.5,---
