When, Who, What, Added, Removed
2008-03-10 15:56:44 EDT,neil.hauge@oracle.com,CC,neil.hauge@oracle.com,
2008-03-10 15:56:44 EDT,neil.hauge@oracle.com,Assignee,paul.fullbright@oracle.com,dali.general-inbox@eclipse.org
2008-03-10 15:56:44 EDT,neil.hauge@oracle.com,Target Milestone,2.0 M7,---
2008-04-02 11:25:34 EDT,karenfbutzke@gmail.com,Depends on,225196,
2008-04-02 11:25:34 EDT,karenfbutzke@gmail.com,Target Milestone,2.0 M6,2.0 M7
2008-04-03 09:26:59 EDT,karenfbutzke@gmail.com,Status,RESOLVED,NEW
2008-04-03 09:26:59 EDT,karenfbutzke@gmail.com,Resolution,FIXED,---
2008-04-08 17:01:11 EDT,neil.hauge@oracle.com,Status,VERIFIED,RESOLVED
