When, Who, What, Added, Removed
2008-04-23 16:56:56 EDT,pascal@rapicorp.com,Summary,[solver] Fragment dependencies should not be accessible through getRequirements,Fragment dependencies should not be accessible through getRequirements
2008-12-13 09:04:25 EST,pascal@rapicorp.com,Summary,[planner] Fragment dependencies should not be accessible through getRequirements,[solver] Fragment dependencies should not be accessible through getRequirements
2010-03-02 10:48:24 EST,pascal@rapicorp.com,Target Milestone,3.6,---
2010-03-02 10:48:30 EST,pascal@rapicorp.com,Keywords,api,
2010-03-08 09:30:20 EST,pascal@rapicorp.com,Depends on,298932,
2010-03-08 09:30:59 EST,pascal@rapicorp.com,Target Milestone,3.6 M7,3.6
2010-03-08 13:43:13 EST,pascal@rapicorp.com,Keywords,,api
2010-03-29 23:16:27 EDT,adreghiciu@gmail.com,CC,adreghiciu@gmail.com,
2010-04-29 15:33:07 EDT,pascal@rapicorp.com,Target Milestone,3.6 RC1,3.6 M7
2010-05-09 15:10:32 EDT,pascal@rapicorp.com,Status,CLOSED,NEW
2010-05-09 15:10:32 EDT,pascal@rapicorp.com,Resolution,FIXED,---
