When, Who, What, Added, Removed
2008-03-10 20:28:39 EDT,pascal@rapicorp.com,CC,pascal_rapicault@ca.ibm.com,
2008-03-10 20:28:39 EDT,pascal@rapicorp.com,Assignee,aniefer@ca.ibm.com,equinox.p2-inbox@eclipse.org
2008-05-13 16:16:19 EDT,simon_kaegi@ca.ibm.com,CC,simon_kaegi@ca.ibm.com,
2008-09-11 11:29:17 EDT,pascal@rapicorp.com,Status,ASSIGNED,NEW
2008-09-11 11:29:17 EDT,pascal@rapicorp.com,Summary,[publisher] No eclipse ini args for the mac,No eclipse ini args for the mac
2008-09-11 16:00:51 EDT,pascal@rapicorp.com,Target Milestone,3.5,---
2009-04-26 13:58:53 EDT,pascal@rapicorp.com,CC,kmoir@ca.ibm.com,
2009-04-26 13:58:53 EDT,pascal@rapicorp.com,Assignee,pascal_rapicault@ca.ibm.com,aniefer@ca.ibm.com
2009-04-26 13:58:53 EDT,pascal@rapicorp.com,Status,NEW,ASSIGNED
2009-04-27 10:54:58 EDT,pascal@rapicorp.com,Status,RESOLVED,NEW
2009-04-27 10:54:58 EDT,pascal@rapicorp.com,Resolution,FIXED,---
