When, Who, What, Added, Removed
2008-03-10 23:08:33 EDT,elias@eclipsesource.com,Depends on,220476,
2008-03-10 23:09:37 EDT,elias@eclipsesource.com,Target Milestone,Future,---
2009-01-28 12:08:49 EST,ruediger.herrmann@gmx.de,Depends on,262571,
2009-04-08 06:10:28 EDT,rsternberg@eclipsesource.com,Blocks,262571,
2009-04-08 06:10:28 EDT,rsternberg@eclipsesource.com,Depends on,,262571
2009-06-18 07:01:44 EDT,ruediger.herrmann@gmx.de,Blocks,,262571
2009-07-21 09:56:58 EDT,benjamin.muskalla@tasktop.com,Status,ASSIGNED,NEW
2009-07-21 09:56:58 EDT,benjamin.muskalla@tasktop.com,Summary,[Help] Write ISV documentation for setting store mechanism,Write ISV documentation for setting store mechanism
2009-08-10 18:41:10 EDT,benjamin.muskalla@tasktop.com,Blocks,286189,
2011-01-13 06:53:45 EST,rsternberg@eclipsesource.com,Blocks,334033,286189
2011-07-16 05:45:23 EDT,rsternberg@eclipsesource.com,Blocks,352265,
2011-07-16 05:47:13 EDT,rsternberg@eclipsesource.com,Blocks,,334033
2013-06-04 07:58:15 EDT,ivan@eclipsesource.com,Status,RESOLVED,ASSIGNED
2013-06-04 07:58:15 EDT,ivan@eclipsesource.com,Resolution,FIXED,---
2013-06-04 07:58:15 EDT,ivan@eclipsesource.com,Target Milestone,2.1,Future
