When, Who, What, Added, Removed
2008-03-11 08:17:37 EDT,eric_jodet@fr.ibm.com,CC,eric_jodet@fr.ibm.com,
2008-03-11 08:17:37 EDT,eric_jodet@fr.ibm.com,Assignee,eric_jodet@fr.ibm.com,jdt-core-inbox@eclipse.org
2008-03-11 08:36:10 EDT,bokowski@google.com,CC,Boris_Bokowski@ca.ibm.com,
2008-05-19 10:13:32 EDT,eric_jodet@fr.ibm.com,CC,jerome_lanneluc@fr.ibm.com,
2008-05-19 10:13:32 EDT,eric_jodet@fr.ibm.com,Flags,review?(frederic_fusier@fr.ibm.com),
2008-05-20 07:52:43 EDT,jerome_lanneluc@fr.ibm.com,Target Milestone,3.5,---
2008-05-21 08:27:30 EDT,eric_jodet@fr.ibm.com,Attachment #100910                Attachment is obsolete,1,0
2008-09-04 12:09:18 EDT,frederic_fusier@fr.ibm.com,Assignee,frederic_fusier@fr.ibm.com,eric_jodet@fr.ibm.com
2008-09-12 12:06:47 EDT,frederic_fusier@fr.ibm.com,Target Milestone,---,3.5
2008-09-16 04:36:10 EDT,frederic_fusier@fr.ibm.com,Flags,,review?(frederic_fusier@fr.ibm.com)
2008-11-06 08:24:01 EST,markus_keller@ch.ibm.com,CC,markus_keller@ch.ibm.com,
2008-11-06 09:02:19 EST,frederic_fusier@fr.ibm.com,CC,,eric_jodet@fr.ibm.com
2009-02-10 08:08:47 EST,frederic_fusier@fr.ibm.com,CC,frederic_fusier@fr.ibm.com,
2009-02-10 08:08:47 EST,frederic_fusier@fr.ibm.com,Assignee,srikanth_sankaran@in.ibm.com,frederic_fusier@fr.ibm.com
2010-01-13 01:51:13 EST,srikanth_sankaran@in.ibm.com,Assignee,satyam.kandula@in.ibm.com,srikanth_sankaran@in.ibm.com
2011-02-11 10:34:31 EST,Olivier_Thomann@ca.ibm.com,CC,Olivier_Thomann@ca.ibm.com,
2011-02-11 10:34:31 EST,Olivier_Thomann@ca.ibm.com,Target Milestone,3.7 M6,---
2011-02-18 05:02:25 EST,satyam.kandula@in.ibm.com,Attachment #101236                Attachment is obsolete,1,0
2011-02-18 05:02:25 EST,satyam.kandula@in.ibm.com,Attachment #189260                Flags,review?,
2011-02-18 05:03:02 EST,satyam.kandula@in.ibm.com,CC,jarthana@in.ibm.com,
2011-02-18 05:03:02 EST,satyam.kandula@in.ibm.com,Flags,review?(jarthana@in.ibm.com),
2011-02-24 05:07:52 EST,jarthana@in.ibm.com,Flags,review+,review?(jarthana@in.ibm.com)
2011-02-28 01:52:53 EST,satyam.kandula@in.ibm.com,Status,RESOLVED,NEW
2011-02-28 01:52:53 EST,satyam.kandula@in.ibm.com,Resolution,FIXED,---
2011-03-08 02:05:15 EST,jarthana@in.ibm.com,Status,VERIFIED,RESOLVED
