When, Who, What, Added, Removed
2008-05-01 08:15:49 EDT,mikhailkhod@googlemail.com,CC,Mikhail.Khodjaiants@arm.com,
2009-07-12 13:42:53 EDT,angvoz.dev@gmail.com,Assignee,angvoz.dev@gmail.com,cdt-build-inbox@eclipse.org
2009-07-12 13:43:37 EDT,angvoz.dev@gmail.com,Status,ASSIGNED,NEW
2009-07-12 13:44:29 EDT,angvoz.dev@gmail.com,Assignee,oleg.krasilnikov@intel.com,angvoz.dev@gmail.com
2009-07-12 13:44:29 EDT,angvoz.dev@gmail.com,Status,NEW,ASSIGNED
2009-07-12 13:44:39 EDT,angvoz.dev@gmail.com,Status,ASSIGNED,NEW
2009-07-12 13:45:00 EDT,angvoz.dev@gmail.com,Assignee,angvoz.dev@gmail.com,oleg.krasilnikov@intel.com
2009-07-12 13:45:00 EDT,angvoz.dev@gmail.com,Status,NEW,ASSIGNED
2009-07-12 13:45:21 EDT,angvoz.dev@gmail.com,Assignee,oleg.krasilnikov@intel.com,angvoz.dev@gmail.com
2009-07-12 13:46:53 EDT,angvoz.dev@gmail.com,Status,RESOLVED,NEW
2009-07-12 13:46:53 EDT,angvoz.dev@gmail.com,Resolution,FIXED,---
2010-05-28 17:04:37 EDT,dschaefer@qnx.com,Attachment #92131                Flags,iplog+,
