When, Who, What, Added, Removed
2008-03-11 06:12:45 EDT,benno.baumgartner@comerge.net,Assignee,benno_baumgartner@ch.ibm.com,jdt-text-inbox@eclipse.org
2008-03-11 06:12:45 EDT,benno.baumgartner@comerge.net,Status,ASSIGNED,NEW
2008-03-11 06:13:38 EDT,benno.baumgartner@comerge.net,Status,RESOLVED,ASSIGNED
2008-03-11 06:13:38 EDT,benno.baumgartner@comerge.net,Resolution,FIXED,---
2008-03-11 06:13:38 EDT,benno.baumgartner@comerge.net,Summary,[breadcrumb] Improve label decorations,[breadcrumb] Improve lable decorations
2008-03-11 06:13:38 EDT,benno.baumgartner@comerge.net,Target Milestone,3.4 M6,---
2008-03-20 05:26:27 EDT,benno.baumgartner@comerge.net,CC,daniel_megert@ch.ibm.com,
