When, Who, What, Added, Removed
2008-03-11 09:51:34 EDT,kitlo@us.ibm.com,Assignee,pascal@essiembre.com,babel.core-inbox@eclipse.org
2008-04-20 23:53:57 EDT,pascal@essiembre.com,Assignee,kitlo@us.ibm.com,pascal@essiembre.com
2008-04-21 10:35:27 EDT,kitlo@us.ibm.com,CC,pascal@essiembre.com,
2012-05-19 07:21:09 EDT,alexej.strelzow@gmail.com,CC,alexej.strelzow@gmail.com,
2012-11-10 08:12:19 EST,alexej.strelzow@gmail.com,Status,RESOLVED,NEW
2012-11-10 08:12:19 EST,alexej.strelzow@gmail.com,Resolution,FIXED,---
