When, Who, What, Added, Removed
2008-03-11 11:53:35 EDT,ptrevithick@gmail.com,Status,ASSIGNED,NEW
2008-03-11 11:53:35 EDT,ptrevithick@gmail.com,Summary,Revised HOWL,Revised HOWL and associated IdAS API
2008-03-11 11:53:35 EDT,ptrevithick@gmail.com,Target Milestone,1.0.1,1.0
2008-03-12 13:50:51 EDT,ptrevithick@gmail.com,Target Milestone,1.1M1,1.0.1
2008-05-06 09:40:36 EDT,bwalker@parityinc.net,Target Milestone,1.1M2,1.1M1
2008-06-09 16:25:29 EDT,ptrevithick@gmail.com,Status,RESOLVED,ASSIGNED
2008-06-09 16:25:29 EDT,ptrevithick@gmail.com,Resolution,FIXED,---
2008-06-09 16:25:56 EDT,ptrevithick@gmail.com,Status,CLOSED,RESOLVED
