When, Who, What, Added, Removed
2008-03-10 15:28:55 EDT,kathy@ca.ibm.com,Assignee,trungha@ca.ibm.com,wst.ws-inbox@eclipse.org
2008-03-10 15:28:55 EDT,kathy@ca.ibm.com,Severity,major,normal
2008-03-10 15:28:55 EDT,kathy@ca.ibm.com,Component,jst.ws,wst.ws
2008-03-10 15:28:55 EDT,kathy@ca.ibm.com,Target Milestone,3.0 M6,---
2008-03-13 16:26:41 EDT,trungha@ca.ibm.com,Status,ASSIGNED,NEW
2008-03-13 21:34:15 EDT,kathy@ca.ibm.com,Status,RESOLVED,ASSIGNED
2008-03-13 21:34:15 EDT,kathy@ca.ibm.com,Resolution,FIXED,---
2008-04-24 00:45:23 EDT,david_williams@us.ibm.com,Keywords,contributed,
2008-06-11 16:39:58 EDT,kathy@ca.ibm.com,Status,CLOSED,RESOLVED
2008-10-29 10:12:36 EDT,bjorn.freeman-benson@eclipse.org,Attachment #92200                Flags,iplog+,
