When, Who, What, Added, Removed
2008-03-11 12:52:05 EDT,snorthov@ca.ibm.com,CC,steve_northover@ca.ibm.com,
2008-03-11 12:52:05 EDT,snorthov@ca.ibm.com,Assignee,duongn@ca.ibm.com,platform-swt-inbox@eclipse.org
2008-03-19 16:29:02 EDT,duongn@ca.ibm.com,Status,RESOLVED,NEW
2008-03-19 16:29:02 EDT,duongn@ca.ibm.com,Resolution,FIXED,---
2008-03-19 18:55:58 EDT,susan@rapicorp.com,Blocks,223262,
2008-03-20 08:56:16 EDT,snorthov@ca.ibm.com,CC,Silenio_Quarti@ca.ibm.com, krbarnes@ca.ibm.com,
2008-03-20 20:57:29 EDT,snorthov@ca.ibm.com,CC,skovatch@mac.com,
2008-03-24 12:52:39 EDT,cocoakevin@gmail.com,Status,REOPENED,RESOLVED
2008-03-24 12:52:39 EDT,cocoakevin@gmail.com,Resolution,---,FIXED
2008-03-26 14:45:53 EDT,duongn@ca.ibm.com,Status,RESOLVED,REOPENED
2008-03-26 14:45:53 EDT,duongn@ca.ibm.com,Resolution,FIXED,---
2008-03-26 14:46:26 EDT,duongn@ca.ibm.com,Target Milestone,3.4 M6,---
2008-04-09 17:45:51 EDT,duongn@ca.ibm.com,CC,sxenos@gmail.com,
2008-04-10 23:17:13 EDT,bokowski@google.com,Blocks,54857,
