When, Who, What, Added, Removed
2008-03-11 06:12:10 EDT,huangys@cn.ibm.com,CC,,huangys@cn.ibm.com
2008-03-11 06:12:10 EDT,huangys@cn.ibm.com,Assignee,huangys@cn.ibm.com,mmings@us.ibm.com
2008-03-11 06:12:10 EDT,huangys@cn.ibm.com,Target Milestone,4.5i7,---
2008-04-21 09:47:36 EDT,huangys@cn.ibm.com,Status,RESOLVED,NEW
2008-04-21 09:47:36 EDT,huangys@cn.ibm.com,Resolution,FIXED,---
2009-06-30 12:16:30 EDT,paules@ca.ibm.com,Status,CLOSED,RESOLVED
2009-06-30 12:16:30 EDT,paules@ca.ibm.com,Whiteboard,closed460,
2009-06-30 16:44:30 EDT,paules@ca.ibm.com,Whiteboard,housecleaned460 closed460,closed460
2009-07-01 16:54:08 EDT,paules@ca.ibm.com,Whiteboard,closed460,housecleaned460 closed460
