When, Who, What, Added, Removed
2008-03-11 02:15:00 EDT,tzhang@actuate.com,Summary,Clicking cancel button in connection profile store leads exception [0708],Clicking cancel buttonin connection profile store leads exception [0708]
2008-03-12 08:12:01 EDT,lzhu@actuate.com,CC,lzhu@actuate.com,
2008-03-12 08:12:01 EDT,lzhu@actuate.com,Assignee,lzhu@actuate.com,Birt-Data-inbox@eclipse.org
2008-03-12 08:12:01 EDT,lzhu@actuate.com,Target Milestone,2.3.0 M6,---
2008-03-26 02:52:30 EDT,lzhu@actuate.com,Assignee,lchan@actuate.com,lzhu@actuate.com
2008-03-26 02:52:30 EDT,lzhu@actuate.com,Component,DataTools,Data
2008-03-26 02:52:30 EDT,lzhu@actuate.com,Product,Data Tools,BIRT
2008-03-26 02:52:30 EDT,lzhu@actuate.com,Target Milestone,---,2.3.0 M6
2008-03-26 02:52:30 EDT,lzhu@actuate.com,Version,1.6,2.3.0
2008-03-26 03:18:37 EDT,lchan@actuate.com,Attachment #93552                Flags,review?,
2008-03-26 04:04:32 EDT,lchan@actuate.com,Status,RESOLVED,NEW
2008-03-26 04:04:32 EDT,lchan@actuate.com,Component,Connectivity,DataTools
2008-03-26 04:04:32 EDT,lchan@actuate.com,Resolution,FIXED,---
2008-03-26 04:04:32 EDT,lchan@actuate.com,Target Milestone,1.6M6,---
2008-07-01 17:43:05 EDT,bfitzpat@redhat.com,Status,CLOSED,RESOLVED
