When, Who, What, Added, Removed
2008-03-10 22:22:42 EDT,pascal@rapicorp.com,Depends on,222158,
2008-03-28 20:40:11 EDT,pascal@rapicorp.com,Target Milestone,3.4 M7,---
2008-04-23 15:37:23 EDT,pascal@rapicorp.com,Target Milestone,---,3.4 M7
2008-12-13 09:04:17 EST,pascal@rapicorp.com,Summary,[planner] Projector should get fragments dependencies,[solver] Projector should get fragments dependencies
2010-03-02 10:49:15 EST,pascal@rapicorp.com,Keywords,api,
2010-03-02 10:49:15 EST,pascal@rapicorp.com,Target Milestone,3.6,---
2010-03-08 09:30:38 EST,pascal@rapicorp.com,Target Milestone,3.6 M7,3.6
2010-03-08 13:43:09 EST,pascal@rapicorp.com,Keywords,,api
2010-03-29 23:20:25 EDT,adreghiciu@gmail.com,CC,adreghiciu@gmail.com,
2010-04-29 15:33:08 EDT,pascal@rapicorp.com,Target Milestone,3.6 RC1,3.6 M7
2010-05-07 16:48:19 EDT,pascal@rapicorp.com,Attachment #163355                Attachment is obsolete,1,0
2010-05-07 16:48:38 EDT,pascal@rapicorp.com,Flags,review?(leberre@cril.univ-artois.fr),
2010-05-07 18:22:53 EDT,leberre@cril.univ-artois.fr,CC,leberre@cril.univ-artois.fr,
2010-05-07 18:22:53 EDT,leberre@cril.univ-artois.fr,Flags,review+,review?(leberre@cril.univ-artois.fr)
2010-05-09 15:11:22 EDT,pascal@rapicorp.com,Status,RESOLVED,NEW
2010-05-09 15:11:22 EDT,pascal@rapicorp.com,Resolution,FIXED,---
2010-05-10 12:15:12 EDT,pascal@rapicorp.com,Status,REOPENED,RESOLVED
2010-05-10 12:15:12 EDT,pascal@rapicorp.com,Resolution,---,FIXED
2010-05-10 21:52:15 EDT,pascal@rapicorp.com,Status,RESOLVED,REOPENED
2010-05-10 21:52:15 EDT,pascal@rapicorp.com,Resolution,FIXED,---
