When, Who, What, Added, Removed
2008-03-11 12:32:05 EDT,ptrevithick@gmail.com,Assignee,jimse@novell.com,paul@socialphysics.org
2008-03-11 12:32:05 EDT,ptrevithick@gmail.com,Summary,Rename INode to IEntity,Rename Node to Entity
2008-03-11 12:32:05 EDT,ptrevithick@gmail.com,Target Milestone,1.0.1,1.0
2008-03-11 14:27:39 EDT,ptrevithick@gmail.com,CC,paul@socialphysics.org,
2008-03-11 14:27:39 EDT,ptrevithick@gmail.com,Status,ASSIGNED,NEW
2008-03-11 14:27:39 EDT,ptrevithick@gmail.com,Component,IdAS,Contexts
2008-03-12 13:50:51 EDT,ptrevithick@gmail.com,Target Milestone,1.1M1,1.0.1
2008-04-21 14:48:01 EDT,jim_sermersheim@yahoo.com,Priority,P1,P3
2008-05-01 01:35:17 EDT,jim_sermersheim@yahoo.com,Status,RESOLVED,ASSIGNED
2008-05-01 01:35:17 EDT,jim_sermersheim@yahoo.com,Resolution,FIXED,---
