When, Who, What, Added, Removed
2008-03-11 06:53:12 EDT,aog-ecl@photoscapes.de,Assignee,mathias.stuempert@iwr.fzk.de,garcia@iwr.fzk.de
2008-03-11 08:06:24 EDT,mathias.stuempert@iwr.fzk.de,Status,ASSIGNED,NEW
2008-06-12 06:50:58 EDT,mathias.stuempert@iwr.fzk.de,Assignee,mpost@innoopract.com,mathias.stuempert@iwr.fzk.de
2008-06-12 06:50:58 EDT,mathias.stuempert@iwr.fzk.de,Status,NEW,ASSIGNED
2008-06-13 11:24:22 EDT,mpost@eclipsesource.com,Status,RESOLVED,NEW
2008-06-13 11:24:22 EDT,mpost@eclipsesource.com,Resolution,FIXED,---
2014-01-09 16:15:09 EST,webmaster@eclipse.org,Component,Geclipse,Core
2014-01-09 16:15:09 EST,webmaster@eclipse.org,Version,unspecified,1.0.0
2014-01-09 16:15:09 EST,webmaster@eclipse.org,Product,z_Archived,gEclipse
2014-01-09 16:15:09 EST,webmaster@eclipse.org,Target Milestone,---,1.0.0 M4
