When, Who, What, Added, Removed
2008-03-10 15:13:49 EDT,remy.suen@gmail.com,CC,irbull@cs.uvic.ca,
2008-03-10 15:15:02 EDT,jacek.pospychala@gmail.com,CC,jacek.pospychala@pl.ibm.com,
2008-03-11 02:49:08 EDT,nitind@us.ibm.com,CC,nitind@us.ibm.com,
2008-03-11 10:03:44 EDT,lmandel@gmail.com,CC,lmandel@ca.ibm.com,
2008-03-11 10:06:20 EDT,wayne@eclipse.org,CC,wayne@eclipse.org,
2008-03-11 15:07:40 EDT,remy.suen@gmail.com,CC,alex_blewitt@yahoo.com,
2008-03-12 02:18:17 EDT,alex.blewitt@gmail.com,CC,zx@us.ibm.com,
2008-07-02 15:23:33 EDT,d_a_carver@yahoo.com,CC,d_a_carver@yahoo.com,
2008-07-04 12:27:18 EDT,overholt@gmail.com,CC,overholt@redhat.com,
2008-08-07 20:09:38 EDT,bokowski@google.com,CC,Boris_Bokowski@ca.ibm.com,
2008-08-12 20:09:27 EDT,Ed.Merks@gmail.com,CC,bjorn.freeman-benson@eclipse.org, Ed.Merks@gmail.com,
2009-04-15 04:09:27 EDT,bjorn.freeman-benson@eclipse.org,CC,,bjorn.freeman-benson@eclipse.org
2009-07-14 06:00:13 EDT,remy.suen@gmail.com,Attachment #139780                Attachment is obsolete,1,0
2009-07-17 09:44:12 EDT,tomasz.zarna@tasktop.com,CC,Tomasz.Zarna@pl.ibm.com,
2009-07-17 10:12:19 EDT,remy.suen@gmail.com,Attachment #141495                Attachment is obsolete,1,0
2009-08-06 08:42:57 EDT,wds057@motorola.com,CC,wds057@motorola.com,
2009-09-21 16:48:50 EDT,wayne@eclipse.org,Status,RESOLVED,NEW
2009-09-21 16:48:50 EDT,wayne@eclipse.org,Resolution,FIXED,---
