When, Who, What, Added, Removed
2008-03-22 13:44:18 EDT,slewis@composent.com,CC,slewis@composent.com,
2008-03-22 13:44:18 EDT,slewis@composent.com,Status,RESOLVED,NEW
2008-03-22 13:44:18 EDT,slewis@composent.com,Resolution,FIXED,---
2008-05-18 20:02:14 EDT,slewis@composent.com,Status,CLOSED,RESOLVED
2008-05-18 20:02:14 EDT,slewis@composent.com,Keywords,contributed,
2008-06-18 15:59:59 EDT,bjorn.freeman-benson@eclipse.org,Attachment #92899                Flags,iplog+,
2008-06-18 16:01:26 EDT,bjorn.freeman-benson@eclipse.org,Attachment #92899                Flags,,iplog+
