When, Who, What, Added, Removed
2008-03-10 15:56:05 EDT,neil.hauge@oracle.com,CC,neil.hauge@oracle.com,
2008-03-10 15:56:05 EDT,neil.hauge@oracle.com,Assignee,pascal.filion@oracle.com,dali.general-inbox@eclipse.org
2008-03-10 15:56:05 EDT,neil.hauge@oracle.com,Target Milestone,2.0,---
2008-03-12 11:57:11 EDT,karenfbutzke@gmail.com,CC,karen.moore@oracle.com,
2008-03-12 11:57:11 EDT,karenfbutzke@gmail.com,Status,RESOLVED,NEW
2008-03-12 11:57:11 EDT,karenfbutzke@gmail.com,Resolution,FIXED,---
2008-03-12 11:57:11 EDT,karenfbutzke@gmail.com,Target Milestone,2.0 M6,2.0
2008-04-08 17:03:00 EDT,neil.hauge@oracle.com,Status,VERIFIED,RESOLVED
2008-04-24 00:48:58 EDT,david_williams@us.ibm.com,Keywords,contributed,
2008-10-21 17:55:31 EDT,neil.hauge@oracle.com,Attachment #92324                Flags,iplog+,
