When, Who, What, Added, Removed
2008-03-10 21:44:29 EDT,bokowski@google.com,CC,pwebster@ca.ibm.com,
2008-03-10 21:51:15 EDT,bokowski@google.com,Target Milestone,3.4 M6,---
2008-03-10 21:51:26 EDT,bokowski@google.com,Assignee,Boris_Bokowski@ca.ibm.com,Platform-UI-Inbox@eclipse.org
2008-04-24 16:17:02 EDT,bokowski@google.com,Status,RESOLVED,NEW
2008-04-24 16:17:02 EDT,bokowski@google.com,Resolution,FIXED,---
2008-04-24 16:17:02 EDT,bokowski@google.com,Target Milestone,3.4 M7,3.4 M6
2008-04-30 16:51:29 EDT,bokowski@google.com,Status,VERIFIED,RESOLVED
