When, Who, What, Added, Removed
2008-03-10 20:29:31 EDT,pascal@rapicorp.com,CC,pascal_rapicault@ca.ibm.com,
2008-03-10 20:29:31 EDT,pascal@rapicorp.com,Assignee,aniefer@ca.ibm.com,equinox.p2-inbox@eclipse.org
2008-04-14 16:55:18 EDT,kim.moir@gmail.com,CC,mknauer@innoopract.com,
2008-04-16 14:20:58 EDT,dj_houghton@ca.ibm.com,CC,dj_houghton@ca.ibm.com,
2008-04-17 13:45:32 EDT,aniefer@ca.ibm.com,Status,RESOLVED,NEW
2008-04-17 13:45:32 EDT,aniefer@ca.ibm.com,Resolution,FIXED,---
2008-04-17 13:45:32 EDT,aniefer@ca.ibm.com,Target Milestone,3.4 M7,---
