When, Who, What, Added, Removed
2008-03-10 15:57:56 EDT,Michael_Rennie@ca.ibm.com,Status,ASSIGNED,NEW
2008-03-10 15:57:56 EDT,Michael_Rennie@ca.ibm.com,Target Milestone,3.4 M6,---
2008-03-12 13:16:04 EDT,Michael_Rennie@ca.ibm.com,Assignee,Olivier_Thomann@ca.ibm.com,Michael_Rennie@ca.ibm.com
2008-03-12 13:16:04 EDT,Michael_Rennie@ca.ibm.com,Status,NEW,ASSIGNED
2008-03-12 13:19:07 EDT,Michael_Rennie@ca.ibm.com,Status,RESOLVED,NEW
2008-03-12 13:19:07 EDT,Michael_Rennie@ca.ibm.com,Resolution,FIXED,---
2008-03-12 14:01:40 EDT,Olivier_Thomann@ca.ibm.com,CC,Darin_Wright@ca.ibm.com,
2008-04-05 13:11:34 EDT,Olivier_Thomann@ca.ibm.com,Status,VERIFIED,RESOLVED
