When, Who, What, Added, Removed
2008-03-11 11:05:27 EDT,mathias.stuempert@iwr.fzk.de,Status,ASSIGNED,NEW
2008-03-12 07:38:00 EDT,katis@man.poznan.pl,Status,RESOLVED,ASSIGNED
2008-03-12 07:38:00 EDT,katis@man.poznan.pl,Resolution,FIXED,---
2008-03-12 07:38:16 EDT,katis@man.poznan.pl,Status,CLOSED,RESOLVED
2008-05-20 11:54:08 EDT,aog-ecl@photoscapes.de,Version,1.0.0,unspecified
2014-01-09 16:14:37 EST,webmaster@eclipse.org,Component,Geclipse,Core
2014-01-09 16:14:37 EST,webmaster@eclipse.org,Version,unspecified,1.0.0
2014-01-09 16:14:37 EST,webmaster@eclipse.org,Product,z_Archived,gEclipse
2014-01-09 16:14:37 EST,webmaster@eclipse.org,Target Milestone,---,1.0.0 M4
