When, Who, What, Added, Removed
2008-03-11 04:36:37 EDT,daniel_megert@ch.ibm.com,CC,eric_jodet@fr.ibm.com,
2008-03-11 10:09:23 EDT,eric_jodet@fr.ibm.com,Assignee,eric_jodet@fr.ibm.com,jdt-core-inbox@eclipse.org
2008-03-11 10:09:23 EDT,eric_jodet@fr.ibm.com,Status,ASSIGNED,NEW
2008-03-11 10:10:35 EDT,eric_jodet@fr.ibm.com,Summary,[formatter] AIOOB in Util.getLineNumber(Util.java:438),AIOOB in Util.getLineNumber(Util.java:438)
2008-03-12 09:46:58 EDT,eric_jodet@fr.ibm.com,Status,RESOLVED,ASSIGNED
2008-03-12 09:46:58 EDT,eric_jodet@fr.ibm.com,Resolution,FIXED,---
2008-03-12 09:46:58 EDT,eric_jodet@fr.ibm.com,Target Milestone,3.4 M6,---
2008-03-25 12:57:33 EDT,kent_johnson@ca.ibm.com,Status,VERIFIED,RESOLVED
