When, Who, What, Added, Removed
2008-03-11 02:08:18 EDT,yulin.wang@actuate.com,CC,yulin.wang@actuate.com,
2008-03-11 02:08:18 EDT,yulin.wang@actuate.com,Assignee,Birt-Report-inbox@eclipse.org,Birt-Chart-inbox@eclipse.org
2008-03-11 02:08:18 EDT,yulin.wang@actuate.com,Component,Report,Chart
2008-03-11 02:08:18 EDT,yulin.wang@actuate.com,Target Milestone,2.3.0 M6,---
2008-03-11 02:28:33 EDT,rlu@actuate.com,CC,rlu@actuate.com,
2008-03-11 02:28:33 EDT,rlu@actuate.com,Assignee,rlu@actuate.com,Birt-Report-inbox@eclipse.org
2008-03-11 02:57:19 EDT,rlu@actuate.com,Status,RESOLVED,NEW
2008-03-11 02:57:19 EDT,rlu@actuate.com,Resolution,FIXED,---
2008-03-11 05:56:13 EDT,wlin@actuate.com,Status,CLOSED,RESOLVED
2008-04-07 22:41:42 EDT,ysun@actuate.com,CC,qaobsolete@gmail.com,
2008-04-07 23:02:56 EDT,ysun@actuate.com,CC,qaautoed@gmail.com,qaobsolete@gmail.com
