When, Who, What, Added, Removed
2008-03-10 15:25:56 EDT,cgold@us.ibm.com,CC,cgold@us.ibm.com,
2008-03-10 15:25:56 EDT,cgold@us.ibm.com,Summary,[Webapp] "HTTP ERROR: 500" for Eclipse-generated topic.,"HTTP ERROR: 500" for Eclipse-generated topic.
2008-03-10 15:25:56 EDT,cgold@us.ibm.com,Version,3.3.1,3.4
2008-03-13 15:22:43 EDT,cmaier@ca.ibm.com,CC,jagmits@ca.ibm.com,
2008-03-13 16:26:24 EDT,kowalskilee@gmail.com,CC,kowalskilee@gmail.com,
2008-03-18 09:56:35 EDT,cmaier@ca.ibm.com,Status,RESOLVED,NEW
2008-03-18 09:56:35 EDT,cmaier@ca.ibm.com,Resolution,FIXED,---
2008-03-18 09:57:39 EDT,cmaier@ca.ibm.com,Status,VERIFIED,RESOLVED
2008-03-18 09:59:26 EDT,cmaier@ca.ibm.com,Status,CLOSED,VERIFIED
