When, Who, What, Added, Removed
2008-03-11 09:17:10 EDT,martin.oberhuber@windriver.com,Assignee,dmcknigh@ca.ibm.com,dsdp.tm.rse-inbox@eclipse.org
2008-03-11 09:17:10 EDT,martin.oberhuber@windriver.com,Summary,[dstore] Buffer in DataElement is not sent,Buffer in DataElement is not sent
2008-03-13 15:38:12 EDT,dmcknigh@ca.ibm.com,Status,RESOLVED,NEW
2008-03-13 15:38:12 EDT,dmcknigh@ca.ibm.com,Keywords,api,
2008-03-13 15:38:12 EDT,dmcknigh@ca.ibm.com,Resolution,FIXED,---
2008-03-13 15:38:12 EDT,dmcknigh@ca.ibm.com,Summary,[dstore][api] Buffer in DataElement is not sent,[dstore] Buffer in DataElement is not sent
2008-03-13 15:38:12 EDT,dmcknigh@ca.ibm.com,Target Milestone,3.0 M6,---
2008-03-14 00:47:26 EDT,e03616@jp.ibm.com,Status,VERIFIED,RESOLVED
