When, Who, What, Added, Removed
2008-03-10 15:51:51 EDT,remy.suen@gmail.com,CC,remy.suen@gmail.com,
2008-03-11 14:20:42 EDT,eclipse@pookzilla.net,Assignee,kim_horne@ca.ibm.com,platform-ide-inbox@eclipse.org
2008-03-11 14:20:42 EDT,eclipse@pookzilla.net,Summary,[WorkbenchLauncher] Switching workspaces crashes eclipse,Switching workspaces crashes eclipse
2008-04-04 16:04:04 EDT,eclipse@pookzilla.net,Status,ASSIGNED,NEW
2008-04-04 16:04:04 EDT,eclipse@pookzilla.net,Target Milestone,3.4 M7,---
2008-04-22 10:34:41 EDT,eclipse@pookzilla.net,CC,aniefer@ca.ibm.com,
2008-04-22 15:08:29 EDT,aniefer@ca.ibm.com,Assignee,equinox.framework-inbox@eclipse.org,kim_horne@ca.ibm.com
2008-04-22 15:08:29 EDT,aniefer@ca.ibm.com,Status,NEW,ASSIGNED
2008-04-22 15:08:29 EDT,aniefer@ca.ibm.com,Component,Framework,IDE
2008-04-22 15:08:29 EDT,aniefer@ca.ibm.com,Product,Equinox,Platform
2008-04-22 15:12:59 EDT,eclipse@pookzilla.net,CC,kim_horne@ca.ibm.com,
2008-04-22 15:41:03 EDT,tjwatson@us.ibm.com,CC,tjwatson@us.ibm.com,
2008-04-22 15:41:03 EDT,tjwatson@us.ibm.com,Status,ASSIGNED,NEW
2008-05-01 13:31:24 EDT,aniefer@ca.ibm.com,Status,RESOLVED,ASSIGNED
2008-05-01 13:31:24 EDT,aniefer@ca.ibm.com,Resolution,FIXED,---
2008-06-27 14:47:41 EDT,john_arthorne@ca.ibm.com,CC,jrueppel@adobe.com,
2008-06-27 14:51:15 EDT,john_arthorne@ca.ibm.com,CC,dhoyt@tsc.com,
