When, Who, What, Added, Removed
2008-03-11 14:29:08 EDT,ptrevithick@gmail.com,Assignee,vkokhan@aquasoft.dp.ua,paul@socialphysics.org
2008-03-11 14:29:21 EDT,ptrevithick@gmail.com,CC,paul@socialphysics.org,
2008-03-11 14:29:21 EDT,ptrevithick@gmail.com,Target Milestone,1.0.1,1.0
2008-03-11 14:29:54 EDT,ptrevithick@gmail.com,Status,ASSIGNED,NEW
2008-03-13 12:11:32 EDT,mkopeyka@parityinc.net,CC,mkopeyka@parityinc.net,
2008-03-13 12:11:32 EDT,mkopeyka@parityinc.net,Assignee,mkopeyka@parityinc.net,vkokhan@aquasoft.dp.ua
2008-03-13 12:11:32 EDT,mkopeyka@parityinc.net,Status,NEW,ASSIGNED
2008-03-13 12:12:06 EDT,mkopeyka@parityinc.net,Status,RESOLVED,NEW
2008-03-13 12:12:06 EDT,mkopeyka@parityinc.net,Resolution,FIXED,---
2008-03-13 12:12:16 EDT,mkopeyka@parityinc.net,Status,CLOSED,RESOLVED
