When, Who, What, Added, Removed
2008-03-11 09:18:17 EDT,martin.oberhuber@windriver.com,Assignee,dmcknigh@ca.ibm.com,dsdp.tm.rse-inbox@eclipse.org
2008-03-11 09:18:17 EDT,martin.oberhuber@windriver.com,Summary,[dstore] Special characters from old server are not restored,Special characters from old server are not restored
2008-03-13 14:57:49 EDT,dmcknigh@ca.ibm.com,Status,RESOLVED,NEW
2008-03-13 14:57:49 EDT,dmcknigh@ca.ibm.com,Resolution,FIXED,---
2008-03-14 00:46:38 EDT,e03616@jp.ibm.com,Status,VERIFIED,RESOLVED
2008-03-27 18:20:13 EDT,martin.oberhuber@windriver.com,Target Milestone,3.0 M6,---
