When, Who, What, Added, Removed
2008-03-11 11:05:28 EDT,tjwatson@us.ibm.com,CC,tjwatson@us.ibm.com,
2008-03-11 16:38:06 EDT,sja.eclipse@gmail.com,Attachment #92117                Attachment is obsolete,1,0
2008-03-31 09:55:27 EDT,s.boshev@sap.com,Status,ASSIGNED,NEW
2008-03-31 10:12:24 EDT,tjwatson@us.ibm.com,Target Milestone,3.4 M7,---
2008-03-31 10:19:45 EDT,s.boshev@sap.com,Assignee,s.boshev@prosyst.com,equinox.bundles-inbox@eclipse.org
2008-03-31 10:19:45 EDT,s.boshev@sap.com,Status,NEW,ASSIGNED
2008-03-31 10:27:05 EDT,s.boshev@sap.com,Status,ASSIGNED,NEW
2008-04-01 05:18:52 EDT,s.boshev@sap.com,Status,RESOLVED,ASSIGNED
2008-04-01 05:18:52 EDT,s.boshev@sap.com,Keywords,contributed,
2008-04-01 05:18:52 EDT,s.boshev@sap.com,Resolution,FIXED,---
