When, Who, What, Added, Removed
2008-03-11 13:12:33 EDT,benno.baumgartner@comerge.net,Depends on,204352,29562
2008-03-11 13:48:49 EDT,markus_keller@ch.ibm.com,CC,markus_keller@ch.ibm.com,
2008-03-26 10:36:21 EDT,aeschli@gmail.com,CC,martin_aeschlimann@ch.ibm.com,
2008-03-26 10:36:21 EDT,aeschli@gmail.com,Assignee,benno_baumgartner@ch.ibm.com,jdt-ui-inbox@eclipse.org
2008-07-16 11:04:23 EDT,benno.baumgartner@comerge.net,Assignee,jdt-ui-inbox@eclipse.org,benno_baumgartner@ch.ibm.com
2008-07-16 11:04:37 EDT,benno.baumgartner@comerge.net,Status,ASSIGNED,NEW
2008-07-21 10:43:14 EDT,markus_keller@ch.ibm.com,Depends on,,204352
2008-07-21 10:43:14 EDT,markus_keller@ch.ibm.com,Assignee,markus_keller@ch.ibm.com,jdt-ui-inbox@eclipse.org
2008-07-21 10:43:14 EDT,markus_keller@ch.ibm.com,Status,NEW,ASSIGNED
2008-07-21 10:43:14 EDT,markus_keller@ch.ibm.com,Target Milestone,3.5 M1,---
2008-07-21 10:43:52 EDT,markus_keller@ch.ibm.com,CC,,markus_keller@ch.ibm.com
2008-07-21 10:43:52 EDT,markus_keller@ch.ibm.com,Status,RESOLVED,NEW
2008-07-21 10:43:52 EDT,markus_keller@ch.ibm.com,Resolution,FIXED,---
2008-08-05 08:24:36 EDT,daniel_megert@ch.ibm.com,CC,daniel_megert@ch.ibm.com,
2008-08-05 08:24:36 EDT,daniel_megert@ch.ibm.com,Status,VERIFIED,RESOLVED
