When, Who, What, Added, Removed
2008-05-29 11:09:09 EDT,guy.g@zend.com,Target Milestone,1.1,---
2008-09-04 03:47:10 EDT,ganoro@gmail.com,Status,ASSIGNED,NEW
2008-09-04 07:20:23 EDT,ganoro@gmail.com,Assignee,alon@zend.com,guy.g@zend.com
2008-09-04 07:20:23 EDT,ganoro@gmail.com,Status,NEW,ASSIGNED
2008-10-19 08:35:37 EDT,spektom@gmail.com,Status,RESOLVED,NEW
2008-10-19 08:35:37 EDT,spektom@gmail.com,Resolution,FIXED,---
2008-10-20 10:34:15 EDT,gadi@zend.com,CC,gadi@zend.com, kalin.a@zend.com, silviya@zend.com,
2008-10-20 10:34:15 EDT,gadi@zend.com,Status,CLOSED,RESOLVED
