When, Who, What, Added, Removed
2008-03-28 16:03:36 EDT,neil.hauge@oracle.com,CC,neil.hauge@oracle.com,
2008-03-28 16:03:36 EDT,neil.hauge@oracle.com,Assignee,karen.moore@oracle.com,dali.general-inbox@eclipse.org
2008-03-28 16:03:36 EDT,neil.hauge@oracle.com,Target Milestone,2.0 M7,---
2008-04-22 16:29:12 EDT,neil.hauge@oracle.com,Severity,major,normal
2008-04-25 16:10:14 EDT,karenfbutzke@gmail.com,Status,RESOLVED,NEW
2008-04-25 16:10:14 EDT,karenfbutzke@gmail.com,Resolution,FIXED,---
2008-05-02 15:49:56 EDT,neil.hauge@oracle.com,Status,VERIFIED,RESOLVED
2010-05-05 12:55:36 EDT,karenfbutzke@gmail.com,Status,REOPENED,VERIFIED
2010-05-05 12:55:36 EDT,karenfbutzke@gmail.com,Resolution,---,FIXED
2010-05-05 14:50:34 EDT,neil.hauge@oracle.com,Target Milestone,2.3 RC1,2.0 M7
2010-05-06 10:14:15 EDT,karenfbutzke@gmail.com,Assignee,brian.vosburgh@oracle.com,karen.moore@oracle.com
2010-05-12 09:58:02 EDT,neil.hauge@oracle.com,Whiteboard,fix_ready,
2010-05-12 11:28:38 EDT,neil.hauge@oracle.com,Whiteboard,PMC,fix_ready
2010-05-12 11:28:38 EDT,neil.hauge@oracle.com,Flags,pmc_approved?(david_williams@us.ibm.com), pmc_approved?(raghunathan.srinivasan@oracle.com), pmc_approved?(naci.dai@eteration.com), pmc_approved?(deboer@ca.ibm.com), pmc_approved?(neil.hauge@oracle.com), pmc_approved?(kaloyan.raev@sap.com), review+,
2010-05-12 13:03:25 EDT,deboer@ca.ibm.com,Flags,pmc_approved+,pmc_approved?(deboer@ca.ibm.com)
2010-05-12 13:37:27 EDT,neil.hauge@oracle.com,Whiteboard,PMC_approved,PMC
2010-05-12 13:53:37 EDT,brian.vosburgh@oracle.com,Status,RESOLVED,REOPENED
2010-05-12 13:53:37 EDT,brian.vosburgh@oracle.com,Resolution,FIXED,---
2010-05-19 09:46:04 EDT,karenfbutzke@gmail.com,Status,VERIFIED,RESOLVED
