When, Who, What, Added, Removed
2008-03-12 08:47:50 EDT,nitind@us.ibm.com,CC,nitind@us.ibm.com,
2008-03-12 08:47:50 EDT,nitind@us.ibm.com,Assignee,jsf.ui-inbox@eclipse.org,jst.jsp-inbox@eclipse.org
2008-03-12 08:47:50 EDT,nitind@us.ibm.com,Component,UI,jst.jsp
2008-03-12 08:47:50 EDT,nitind@us.ibm.com,Product,Java Server Faces,Web Tools
2008-03-12 08:47:50 EDT,nitind@us.ibm.com,QA Contact,,nitind@us.ibm.com
2008-03-12 09:58:09 EDT,raghunathan.srinivasan@oracle.com,CC,raghunathan.srinivasan@oracle.com,
2008-03-12 09:58:09 EDT,raghunathan.srinivasan@oracle.com,Assignee,ian.trimble@oracle.com,jsf.ui-inbox@eclipse.org
2008-04-01 16:08:14 EDT,raghunathan.srinivasan@oracle.com,Assignee,gerry.kessler@oracle.com,ian.trimble@oracle.com
2008-04-01 16:08:14 EDT,raghunathan.srinivasan@oracle.com,Target Milestone,3.0,---
2008-04-02 16:37:44 EDT,raghunathan.srinivasan@oracle.com,Target Milestone,3.0 M7,3.0
2008-04-23 16:42:51 EDT,gerry.kessler@oracle.com,Status,RESOLVED,NEW
2008-04-23 16:42:51 EDT,gerry.kessler@oracle.com,Resolution,WORKSFORME,---
2010-01-27 15:51:08 EST,cameron.bateman@oracle.com,Status,REOPENED,RESOLVED
2010-01-27 15:51:08 EST,cameron.bateman@oracle.com,CC,cameron.bateman@oracle.com,
2010-01-27 15:51:08 EST,cameron.bateman@oracle.com,Resolution,---,WORKSFORME
2010-01-27 16:35:04 EST,raghunathan.srinivasan@oracle.com,Assignee,ian.trimble@oracle.com,gerry.kessler@oracle.com
2010-01-27 16:35:04 EST,raghunathan.srinivasan@oracle.com,Target Milestone,3.1.2,3.0 M7
2010-02-01 22:24:37 EST,ian.trimble@oracle.com,Status,RESOLVED,REOPENED
2010-02-01 22:24:37 EST,ian.trimble@oracle.com,Resolution,FIXED,---
2010-02-02 15:18:39 EST,raghunathan.srinivasan@oracle.com,Whiteboard,PMC,
2010-02-02 15:19:24 EST,raghunathan.srinivasan@oracle.com,Flags,pmc_approved?(david_williams@us.ibm.com), pmc_approved?(naci.dai@eteration.com), pmc_approved?(deboer@ca.ibm.com), pmc_approved?(neil.hauge@oracle.com), pmc_approved?(kaloyan.raev@sap.com), review+,
2010-02-02 22:43:30 EST,david_williams@us.ibm.com,CC,david_williams@us.ibm.com,
2010-02-02 22:43:30 EST,david_williams@us.ibm.com,Flags,pmc_approved+,pmc_approved?(david_williams@us.ibm.com)
2010-02-04 14:31:21 EST,david_williams@us.ibm.com,Whiteboard,PMC_approved,PMC
