When, Who, What, Added, Removed
2008-03-11 07:18:43 EDT,daniel_megert@ch.ibm.com,Summary,[navigation] Improve Java element hyperlinking if resolved to > 1 element,[navigation] Improve Java element hyperlink if resolved to > 1 element
2008-03-11 07:18:43 EDT,daniel_megert@ch.ibm.com,Target Milestone,3.4 M6,---
2008-03-18 08:16:33 EDT,daniel_megert@ch.ibm.com,Target Milestone,3.4 M7,3.4 M6
2008-04-22 05:21:41 EDT,benno.baumgartner@comerge.net,Status,RESOLVED,NEW
2008-04-22 05:21:41 EDT,benno.baumgartner@comerge.net,Resolution,FIXED,---
2008-04-28 05:00:37 EDT,daniel_megert@ch.ibm.com,Status,VERIFIED,RESOLVED
