When, Who, What, Added, Removed
2008-09-04 03:47:12 EDT,ganoro@gmail.com,Status,ASSIGNED,NEW
2008-09-04 07:20:25 EDT,ganoro@gmail.com,Assignee,alon@zend.com,php.ui-inbox@eclipse.org
2008-09-04 07:20:25 EDT,ganoro@gmail.com,Status,NEW,ASSIGNED
2008-12-03 09:08:58 EST,gadi@zend.com,CC,gadi@zend.com,
2008-12-03 09:08:58 EST,gadi@zend.com,OS,All,Linux
2008-12-03 09:08:58 EST,gadi@zend.com,QA Contact,silviya@zend.com,
2008-12-03 09:08:58 EST,gadi@zend.com,Version,2.0.0,unspecified
2009-03-30 07:41:45 EDT,kalin.a@zend.com,CC,kalin.a@zend.com,
2010-01-04 04:05:51 EST,vadim.p@zend.com,CC,vadim.p@zend.com,
2010-01-04 04:05:51 EST,vadim.p@zend.com,Target Milestone,2.2.0RC1,---
2010-01-19 09:56:54 EST,vadim.p@zend.com,Status,RESOLVED,NEW
2010-01-19 09:56:54 EST,vadim.p@zend.com,Resolution,FIXED,---
2010-01-20 02:28:34 EST,vadim.p@zend.com,Status,REOPENED,RESOLVED
2010-01-20 02:28:34 EST,vadim.p@zend.com,Resolution,---,FIXED
2010-01-20 19:24:07 EST,zhaozhongwei@eclipseworld.org,Attachment #156339                Attachment is obsolete,1,0
2010-01-20 23:39:32 EST,zhaozhongwei@eclipseworld.org,Attachment #156749                Attachment is obsolete,1,0
2010-01-21 07:20:08 EST,vadim.p@zend.com,Status,RESOLVED,REOPENED
2010-01-21 07:20:08 EST,vadim.p@zend.com,Resolution,FIXED,---
2010-02-02 10:47:35 EST,silviya@zend.com,Status,CLOSED,RESOLVED
