When, Who, What, Added, Removed
2008-03-12 00:40:38 EDT,erdillon@cisco.com,CC,erdillon@cisco.com,
2008-03-12 00:40:38 EDT,erdillon@cisco.com,Status,RESOLVED,NEW
2008-03-12 00:40:38 EDT,erdillon@cisco.com,Resolution,FIXED,---
2008-03-12 12:56:18 EDT,rcraddoc@cisco.com,Status,REOPENED,RESOLVED
2008-03-12 12:56:18 EDT,rcraddoc@cisco.com,Resolution,---,FIXED
2008-03-18 07:58:26 EDT,rcraddoc@cisco.com,Priority,P2,P3
2008-03-19 07:00:47 EDT,rcraddoc@cisco.com,Severity,blocker,enhancement
2008-03-19 10:49:47 EDT,erdillon@cisco.com,Status,RESOLVED,REOPENED
2008-03-19 10:49:47 EDT,erdillon@cisco.com,Resolution,FIXED,---
2008-03-19 11:00:16 EDT,erdillon@cisco.com,Target Milestone,0.3S3,0.3S2
2008-03-20 05:58:17 EDT,rcraddoc@cisco.com,Status,CLOSED,RESOLVED
