When, Who, What, Added, Removed
2008-03-11 14:40:13 EDT,steffen.pingel@tasktop.com,Summary,[m2.3.1] add Legal section to help,add Legal section to help
2008-03-11 14:40:13 EDT,steffen.pingel@tasktop.com,Target Milestone,2.3,---
2008-03-11 16:57:54 EDT,steffen.pingel@tasktop.com,Summary,add Legal section to help,[m2.3.1] add Legal section to help
2008-03-11 16:57:54 EDT,steffen.pingel@tasktop.com,Target Milestone,3.0,2.3
2008-06-13 03:32:28 EDT,steffen.pingel@tasktop.com,Priority,P2,P3
2008-06-14 03:34:11 EDT,steffen.pingel@tasktop.com,CC,mik.kersten@tasktop.com,
2008-06-14 03:34:11 EDT,steffen.pingel@tasktop.com,Status,RESOLVED,NEW
2008-06-14 03:34:11 EDT,steffen.pingel@tasktop.com,Resolution,FIXED,---
