When, Who, What, Added, Removed
2008-03-11 10:54:48 EDT,caniszczyk@gmail.com,CC,zx@us.ibm.com,
2008-03-11 10:54:48 EDT,caniszczyk@gmail.com,Assignee,zx@us.ibm.com,pde-ui-inbox@eclipse.org
2008-03-11 10:54:48 EDT,caniszczyk@gmail.com,Severity,enhancement,normal
2008-03-11 10:54:48 EDT,caniszczyk@gmail.com,Target Milestone,3.4 M6,---
2008-03-11 12:32:03 EDT,caniszczyk@gmail.com,Attachment #92178                Attachment is obsolete,1,0
2008-03-11 12:46:44 EDT,caniszczyk@gmail.com,Attachment #92191                Attachment is obsolete,1,0
2008-03-11 13:36:30 EDT,caniszczyk@gmail.com,Status,RESOLVED,NEW
2008-03-11 13:36:30 EDT,caniszczyk@gmail.com,Resolution,FIXED,---
