When, Who, What, Added, Removed
2008-03-11 11:21:08 EDT,gordon.yorke@oracle.com,Blocks,221500,
2008-06-03 09:42:58 EDT,peter.krogh@oracle.com,Target Milestone,Future,---
2008-06-04 09:04:52 EDT,tom.ware@oracle.com,CC,tom.ware@oracle.com,
2008-06-04 09:04:52 EDT,tom.ware@oracle.com,Target Milestone,---,Future
2008-06-04 14:32:41 EDT,peter.krogh@oracle.com,CC,peter.krogh@oracle.com,
2008-06-04 14:32:41 EDT,peter.krogh@oracle.com,Target Milestone,1.0,---
2008-06-04 14:33:12 EDT,peter.krogh@oracle.com,Assignee,peter.krogh@oracle.com,eclipselink.foundation-inbox@eclipse.org
2008-06-24 20:46:48 EDT,peter.krogh@oracle.com,Status,RESOLVED,NEW
2008-06-24 20:46:48 EDT,peter.krogh@oracle.com,Resolution,FIXED,---
