When, Who, What, Added, Removed
2008-03-11 13:40:37 EDT,raghunathan.srinivasan@oracle.com,CC,raghunathan.srinivasan@oracle.com,
2008-03-11 13:40:37 EDT,raghunathan.srinivasan@oracle.com,Assignee,gerry.kessler@oracle.com,jsf.core-inbox@eclipse.org
2008-03-11 13:40:37 EDT,raghunathan.srinivasan@oracle.com,Target Milestone,3.0,---
2008-04-18 12:45:34 EDT,gerry.kessler@oracle.com,Status,RESOLVED,NEW
2008-04-18 12:45:34 EDT,gerry.kessler@oracle.com,Resolution,FIXED,---
2008-06-19 09:51:18 EDT,spaxton@us.ibm.com,Status,VERIFIED,RESOLVED
2008-07-02 12:30:12 EDT,gerry.kessler@oracle.com,Status,CLOSED,VERIFIED
