When, Who, What, Added, Removed
2008-03-11 17:24:12 EDT,yli@actuate.com,CC,yli@actuate.com,
2008-03-11 17:24:12 EDT,yli@actuate.com,Assignee,Birt-ReportDesigner-inbox@eclipse.org,Birt-Report-inbox@eclipse.org
2008-03-11 17:24:12 EDT,yli@actuate.com,Component,Report Designer,Report
2008-03-11 22:09:15 EDT,zqian@actuate.com,CC,zqian@actuate.com,
2008-03-11 22:09:15 EDT,zqian@actuate.com,Assignee,dgao@actuate.com,Birt-ReportDesigner-inbox@eclipse.org
2008-03-11 22:09:15 EDT,zqian@actuate.com,Target Milestone,2.3.0 M6,---
2008-03-11 23:38:31 EDT,gump_gao@sohu.com,Status,RESOLVED,NEW
2008-03-11 23:38:31 EDT,gump_gao@sohu.com,Resolution,FIXED,---
2009-06-05 01:34:18 EDT,bluesoldier@gmail.com,QA Contact,mindan.xu@actuate.com,
2009-06-09 08:44:22 EDT,mindan.xu@actuate.com,Status,VERIFIED,RESOLVED
2009-07-09 04:07:59 EDT,bluesoldier@gmail.com,Whiteboard,Non-Auto,
