When, Who, What, Added, Removed
2008-03-11 13:19:38 EDT,gabe.obrien@eclipse.org,CC,gabe.obrien@eclipse.org,
2008-03-11 13:19:38 EDT,gabe.obrien@eclipse.org,Assignee,gabe.obrien@eclipse.org,babel.server-inbox@eclipse.org
2008-04-18 16:07:59 EDT,denis.roy@eclipse.org,Assignee,denis.roy@eclipse.org,gabe.obrien@eclipse.org
2008-05-14 09:53:49 EDT,denis.roy@eclipse.org,Depends on,230923,
2008-05-15 13:47:40 EDT,denis.roy@eclipse.org,Status,RESOLVED,NEW
2008-05-15 13:47:40 EDT,denis.roy@eclipse.org,Resolution,FIXED,---
