When, Who, What, Added, Removed
2008-03-11 15:54:37 EDT,mwflaher@us.ibm.com,Summary,[sec] Exceptions not thrown in several scenarios for KeyStoreTrustEngine,[sec] Exceptions not thrown is several scenarios for KeyStoreTrustEngine
2008-03-11 15:54:37 EDT,mwflaher@us.ibm.com,Target Milestone,3.4 M6,---
2008-03-11 16:14:17 EDT,tjwatson@us.ibm.com,CC,tjwatson@us.ibm.com,
2008-03-11 16:14:17 EDT,tjwatson@us.ibm.com,Status,RESOLVED,NEW
2008-03-11 16:14:17 EDT,tjwatson@us.ibm.com,Resolution,FIXED,---
