When, Who, What, Added, Removed
2008-03-11 20:51:23 EDT,dlwhiteman@us.ibm.com,Target Milestone,i11,---
2008-06-24 17:09:38 EDT,dlwhiteman@us.ibm.com,Target Milestone,---,i11
2008-08-20 10:44:33 EDT,dlwhiteman@us.ibm.com,Target Milestone,1.0i14,---
2008-10-07 10:31:46 EDT,dlwhiteman@us.ibm.com,CC,,amehrega@ca.ibm.com
2008-10-07 10:31:46 EDT,dlwhiteman@us.ibm.com,Assignee,pokra01@ca.com,stjerman@cisco.com
2008-10-07 10:32:02 EDT,dlwhiteman@us.ibm.com,Status,ASSIGNED,NEW
2008-10-13 09:17:01 EDT,pokra01@ca.com,Attachment #114947                Flags,review?,
2008-10-13 09:31:45 EDT,pokra01@ca.com,CC,tirna02@ca.com, pokra01@ca.com, John.Devine@ca.com, dlwhiteman@us.ibm.com,
2008-10-24 16:25:52 EDT,dlwhiteman@us.ibm.com,CC,,dlwhiteman@us.ibm.com
2008-10-24 16:25:52 EDT,dlwhiteman@us.ibm.com,Status,RESOLVED,ASSIGNED
2008-10-24 16:25:52 EDT,dlwhiteman@us.ibm.com,Resolution,FIXED,---
2008-10-24 17:17:49 EDT,dlwhiteman@us.ibm.com,Attachment #114947                Flags,review+, iplog+,review?
2008-11-05 14:59:44 EST,dlwhiteman@us.ibm.com,Status,CLOSED,RESOLVED
2012-01-03 13:46:58 EST,webmaster@eclipse.org,Component,Cosmos,ResourceModeling
2012-01-03 13:46:58 EST,webmaster@eclipse.org,Version,unspecified,1.0
2012-01-03 13:46:58 EST,webmaster@eclipse.org,Product,z_Archived,Cosmos
2012-01-03 13:46:58 EST,webmaster@eclipse.org,Target Milestone,---,1.0i14
