When, Who, What, Added, Removed
2008-03-18 15:20:48 EDT,matt.macivor@oracle.com,CC,matt.macivor@oracle.com,
2008-03-18 15:20:48 EDT,matt.macivor@oracle.com,Status,ASSIGNED,NEW
2008-03-18 15:21:12 EDT,matt.macivor@oracle.com,Assignee,matt.macivor@oracle.com,eclipselink.oxm-inbox@eclipse.org
2008-03-18 15:21:12 EDT,matt.macivor@oracle.com,Status,NEW,ASSIGNED
2008-03-18 15:21:32 EDT,matt.macivor@oracle.com,Status,ASSIGNED,NEW
2008-03-20 13:54:56 EDT,matt.macivor@oracle.com,Status,RESOLVED,ASSIGNED
2008-03-20 13:54:56 EDT,matt.macivor@oracle.com,Resolution,FIXED,---
2008-04-08 16:16:27 EDT,peter.krogh@oracle.com,Target Milestone,1.0M6,---
2009-09-15 10:59:49 EDT,douglas.clarke@oracle.com,Target Milestone,1.0,1.0M6
2009-09-15 10:59:49 EDT,douglas.clarke@oracle.com,Whiteboard,Fixed in 1.0M6,
