When, Who, What, Added, Removed
2008-03-11 12:12:55 EDT,karenfbutzke@gmail.com,Assignee,karen.moore@oracle.com,dali.general-inbox@eclipse.org
2008-03-11 12:13:02 EDT,karenfbutzke@gmail.com,Status,ASSIGNED,NEW
2008-04-11 09:16:51 EDT,karenfbutzke@gmail.com,Target Milestone,2.0 M7,---
2008-04-23 13:15:29 EDT,karenfbutzke@gmail.com,CC,neil.hauge@oracle.com,
2008-04-23 16:50:46 EDT,karenfbutzke@gmail.com,Status,RESOLVED,ASSIGNED
2008-04-23 16:50:46 EDT,karenfbutzke@gmail.com,Resolution,FIXED,---
2008-05-02 15:48:44 EDT,neil.hauge@oracle.com,Status,CLOSED,RESOLVED
