When, Who, What, Added, Removed
2008-03-11 15:04:25 EDT,snorthov@ca.ibm.com,CC,steve_northover@ca.ibm.com,
2008-03-11 15:04:25 EDT,snorthov@ca.ibm.com,Assignee,steve_northover@ca.ibm.com,platform-swt-inbox@eclipse.org
2008-03-11 15:05:33 EDT,snorthov@ca.ibm.com,CC,felipe_heidrich@ca.ibm.com,
2008-03-12 05:08:00 EDT,benno.baumgartner@comerge.net,CC,benno_baumgartner@ch.ibm.com,
2008-03-12 06:38:52 EDT,markus_keller@ch.ibm.com,CC,markus_keller@ch.ibm.com,
2008-03-13 10:34:52 EDT,eclipse.felipe@gmail.com,CC,gheorghe@ca.ibm.com, krbarnes@ca.ibm.com,
2008-03-14 13:02:12 EDT,daniel_megert@ch.ibm.com,Summary,Table events screwed up if asyncExec happens on focus lost / out,Events screwed up if asyncExec happens on focus lost / out
2008-03-19 04:22:02 EDT,daniel_megert@ch.ibm.com,Severity,normal,critical
2008-03-19 10:14:04 EDT,snorthov@ca.ibm.com,Status,RESOLVED,NEW
2008-03-19 10:14:04 EDT,snorthov@ca.ibm.com,Resolution,FIXED,---
2008-03-20 16:50:14 EDT,daniel_megert@ch.ibm.com,Status,VERIFIED,RESOLVED
2008-03-26 14:33:48 EDT,grant_gayed@ca.ibm.com,Target Milestone,3.4 M6,---
