When, Who, What, Added, Removed
2008-03-18 08:19:53 EDT,daniel_megert@ch.ibm.com,Priority,P2,P3
2008-03-18 08:19:53 EDT,daniel_megert@ch.ibm.com,Target Milestone,3.4,---
2008-03-18 11:51:50 EDT,benno.baumgartner@comerge.net,Summary,[navigation] Should keep link style presentation when going to link list,[navigation] Should leave link style presentation when going to link list
2008-03-18 11:53:00 EDT,benno.baumgartner@comerge.net,Summary,[navigation] Should leave link style presentation when going to link list,[navigation] Should keep link style presentation when going to link list
2008-03-19 09:41:23 EDT,daniel_megert@ch.ibm.com,Target Milestone,3.3 M6,3.4
2008-03-19 09:43:12 EDT,daniel_megert@ch.ibm.com,Status,RESOLVED,NEW
2008-03-19 09:43:12 EDT,daniel_megert@ch.ibm.com,Resolution,FIXED,---
2008-03-19 09:43:12 EDT,daniel_megert@ch.ibm.com,Target Milestone,3.4 M6,3.3 M6
