When, Who, What, Added, Removed
2008-03-11 07:49:28 EDT,paules@ca.ibm.com,Priority,P1,P3
2008-03-11 07:49:28 EDT,paules@ca.ibm.com,Target Milestone,4.5i8,---
2008-05-14 15:56:17 EDT,jkubasta@ca.ibm.com,CC,jcayne@ca.ibm.com, jkubasta@ca.ibm.com,
2008-05-14 15:56:17 EDT,jkubasta@ca.ibm.com,Assignee,jbowles@ca.ibm.com,paules@ca.ibm.com
2008-05-14 15:56:17 EDT,jkubasta@ca.ibm.com,Status,NEW,ASSIGNED
2008-05-26 13:08:15 EDT,jbowles@ca.ibm.com,Attachment #101570                Attachment is obsolete,1,0
2008-05-26 13:08:15 EDT,jbowles@ca.ibm.com,Attachment #102009                Flags,review?,
2008-05-26 13:27:29 EDT,jbowles@ca.ibm.com,Attachment #102009                Flags,,review?
2008-05-26 13:59:48 EDT,jbowles@ca.ibm.com,Status,ASSIGNED,NEW
2008-05-26 13:59:48 EDT,jbowles@ca.ibm.com,Flags,review?(paules@ca.ibm.com),
2008-05-26 15:08:27 EDT,paules@ca.ibm.com,Flags,review+,review?(paules@ca.ibm.com)
2008-05-27 13:32:56 EDT,jcayne@ca.ibm.com,Status,RESOLVED,ASSIGNED
2008-05-27 13:32:56 EDT,jcayne@ca.ibm.com,Resolution,FIXED,---
2008-06-10 12:13:45 EDT,paules@ca.ibm.com,Status,CLOSED,RESOLVED
