When, Who, What, Added, Removed
2008-03-20 14:31:49 EDT,nitind@us.ibm.com,Assignee,nitind@us.ibm.com,jst.jsp-inbox@eclipse.org
2008-03-20 14:31:49 EDT,nitind@us.ibm.com,Keywords,helpwanted,
2008-03-20 14:31:49 EDT,nitind@us.ibm.com,Target Milestone,Future,---
2008-11-20 18:06:25 EST,nitind@us.ibm.com,Target Milestone,3.1 M4,Future
2008-12-10 20:42:24 EST,nitind@us.ibm.com,Status,RESOLVED,NEW
2008-12-10 20:42:24 EST,nitind@us.ibm.com,Resolution,FIXED,---
2008-12-11 13:41:20 EST,nitind@us.ibm.com,Target Milestone,3.1 M5,3.1 M4
2009-02-05 16:03:25 EST,nsandona@us.ibm.com,CC,nsandona@us.ibm.com,
2009-02-05 16:03:25 EST,nsandona@us.ibm.com,Status,VERIFIED,RESOLVED
