When, Who, What, Added, Removed
2008-03-28 16:02:41 EDT,neil.hauge@oracle.com,CC,neil.hauge@oracle.com,
2008-03-28 16:02:41 EDT,neil.hauge@oracle.com,Assignee,pascal.filion@oracle.com,dali.general-inbox@eclipse.org
2008-03-28 16:02:41 EDT,neil.hauge@oracle.com,Target Milestone,2.0 M7,---
2008-04-15 14:08:10 EDT,pascal.filion@oracle.com,Attachment #95357                Attachment is obsolete,1,0
2008-04-15 16:27:26 EDT,karenfbutzke@gmail.com,Status,RESOLVED,NEW
2008-04-15 16:27:26 EDT,karenfbutzke@gmail.com,Resolution,FIXED,---
2008-05-02 15:46:29 EDT,neil.hauge@oracle.com,Status,VERIFIED,RESOLVED
