When, Who, What, Added, Removed
2008-03-12 10:01:33 EDT,tom.schindl@bestsolution.at,CC,tom.schindl@bestsolution.at,
2008-03-12 11:23:33 EDT,caniszczyk@gmail.com,CC,zx@us.ibm.com,
2008-03-12 12:03:21 EDT,gordon.hirsch@sas.com,CC,gordon.hirsch@sas.com,
2009-01-16 19:40:11 EST,smcduff@hotmail.com,CC,smcduff@hotmail.com,
2009-01-18 15:53:00 EST,tom.schindl@bestsolution.at,Assignee,tom.schindl@bestsolution.at,chris.gross@us.ibm.com
2009-04-24 07:04:05 EDT,te@eichstaedt.net,CC,te@eichstaedt.net,
2009-04-24 07:50:46 EDT,tom.schindl@bestsolution.at,CC,chris.gross@us.ibm.com,
2009-05-05 18:39:15 EDT,tom.schindl@bestsolution.at,Priority,P1,P3
2009-06-06 07:12:39 EDT,tom.schindl@bestsolution.at,Attachment #133276                Flags,iplog+,
2009-06-06 07:15:24 EDT,tom.schindl@bestsolution.at,Status,RESOLVED,NEW
2009-06-06 07:15:24 EDT,tom.schindl@bestsolution.at,Resolution,FIXED,---
2009-09-09 16:10:15 EDT,elias@eclipsesource.com,Status,REOPENED,RESOLVED
2009-09-09 16:10:15 EDT,elias@eclipsesource.com,CC,elias@eclipsesource.com,
2009-09-09 16:10:15 EDT,elias@eclipsesource.com,Resolution,---,FIXED
2009-09-14 13:44:00 EDT,elias@eclipsesource.com,Status,RESOLVED,REOPENED
2009-09-14 13:44:00 EDT,elias@eclipsesource.com,Resolution,FIXED,---
2009-11-04 14:03:02 EST,balarkrishnan@yahoo.com,CC,balarkrishnan@yahoo.com,
2012-09-05 10:51:37 EDT,wayne@eclipse.org,Attachment #146805                Attachment is obsolete,1,0
2012-09-05 10:56:49 EDT,wayne@eclipse.org,Attachment #92206                Flags,iplog+,
