When, Who, What, Added, Removed
2008-03-12 07:05:30 EDT,jamesblackburn+eclipse@gmail.com,Attachment #92201                Attachment is obsolete,1,0
2008-03-25 17:21:43 EDT,darin.eclipse@gmail.com,CC,Darin_Wright@ca.ibm.com,
2008-03-26 10:57:13 EDT,darin.eclipse@gmail.com,Status,ASSIGNED,NEW
2008-03-26 10:57:13 EDT,darin.eclipse@gmail.com,Target Milestone,3.4 M7,---
2008-03-31 12:35:00 EDT,darin.eclipse@gmail.com,Assignee,cwindatt@ca.ibm.com,platform-debug-inbox@eclipse.org
2008-03-31 12:35:00 EDT,darin.eclipse@gmail.com,Status,NEW,ASSIGNED
2008-03-31 12:35:20 EDT,darin.eclipse@gmail.com,Status,RESOLVED,NEW
2008-03-31 12:35:20 EDT,darin.eclipse@gmail.com,Resolution,FIXED,---
2008-04-07 11:53:38 EDT,cwindatt@ca.ibm.com,Status,VERIFIED,RESOLVED
