When, Who, What, Added, Removed
2008-03-18 05:12:29 EDT,frederic_fusier@fr.ibm.com,Summary,[search] ZipException while searching if linked jar doesn't exist any longer,ZipException while searching if linked jar doesn't exist any longer
2008-03-18 05:12:29 EDT,frederic_fusier@fr.ibm.com,Target Milestone,3.4 M7,---
2008-05-02 04:45:43 EDT,jerome_lanneluc@fr.ibm.com,Target Milestone,3.4 RC1,3.4 M7
2008-05-07 10:58:54 EDT,frederic_fusier@fr.ibm.com,Attachment #98878                Attachment is obsolete,1,0
2008-05-07 10:59:43 EDT,frederic_fusier@fr.ibm.com,Status,ASSIGNED,NEW
2008-05-07 10:59:43 EDT,frederic_fusier@fr.ibm.com,Flags,review?(jerome_lanneluc@fr.ibm.com),
2008-05-07 12:22:00 EDT,jerome_lanneluc@fr.ibm.com,Flags,review+,review?(jerome_lanneluc@fr.ibm.com)
2008-05-07 13:59:20 EDT,frederic_fusier@fr.ibm.com,Status,RESOLVED,ASSIGNED
2008-05-07 13:59:20 EDT,frederic_fusier@fr.ibm.com,Resolution,FIXED,---
2008-05-13 10:19:10 EDT,eric_jodet@fr.ibm.com,CC,eric_jodet@fr.ibm.com,
2008-05-13 10:19:10 EDT,eric_jodet@fr.ibm.com,Status,VERIFIED,RESOLVED
