When, Who, What, Added, Removed
2008-03-11 16:50:36 EDT,neil.hauge@oracle.com,CC,neil.hauge@oracle.com,
2008-03-11 16:50:36 EDT,neil.hauge@oracle.com,Assignee,les.davis@oracle.com,eclipselink.utils-inbox@eclipse.org
2008-03-11 16:50:36 EDT,neil.hauge@oracle.com,Target Milestone,1.0M6,---
2008-03-11 18:21:48 EDT,les.davis@oracle.com,Status,RESOLVED,NEW
2008-03-11 18:21:48 EDT,les.davis@oracle.com,Resolution,FIXED,---
2009-09-15 10:59:44 EDT,douglas.clarke@oracle.com,Target Milestone,1.0,1.0M6
2009-09-15 10:59:44 EDT,douglas.clarke@oracle.com,Whiteboard,Fixed in 1.0M6,
