When, Who, What, Added, Removed
2008-03-28 16:01:57 EDT,neil.hauge@oracle.com,CC,neil.hauge@oracle.com,
2008-03-28 16:01:57 EDT,neil.hauge@oracle.com,Assignee,pascal.filion@oracle.com,dali.general-inbox@eclipse.org
2008-03-28 16:01:57 EDT,neil.hauge@oracle.com,Target Milestone,2.0 M7,---
2008-04-10 13:06:59 EDT,karenfbutzke@gmail.com,Status,RESOLVED,NEW
2008-04-10 13:06:59 EDT,karenfbutzke@gmail.com,Resolution,FIXED,---
2008-04-24 00:49:04 EDT,david_williams@us.ibm.com,Keywords,contributed,
2008-05-02 15:45:22 EDT,neil.hauge@oracle.com,Status,VERIFIED,RESOLVED
2008-10-21 18:01:39 EDT,neil.hauge@oracle.com,Attachment #95514                Flags,iplog+,
