When, Who, What, Added, Removed
2008-05-09 12:58:49 EDT,rick.sapir@oracle.com,CC,rick.sapir@oracle.com,
2008-05-09 12:58:49 EDT,rick.sapir@oracle.com,Assignee,liza.rekadze@oracle.com,eclipselink.documentation-inbox@eclipse.org
2008-06-03 09:45:29 EDT,peter.krogh@oracle.com,Target Milestone,Future,---
2008-06-03 10:18:59 EDT,peter.krogh@oracle.com,Target Milestone,---,Future
2008-06-04 14:48:17 EDT,liza.rekadze@oracle.com,Target Milestone,1.0,---
2008-06-09 13:01:43 EDT,liza.rekadze@oracle.com,Status,ASSIGNED,NEW
2008-06-09 20:31:32 EDT,mlists@juma.me.uk,CC,mlists@juma.me.uk,
2008-06-10 13:27:36 EDT,liza.rekadze@oracle.com,CC,,rick.sapir@oracle.com
2008-06-10 13:27:36 EDT,liza.rekadze@oracle.com,Status,RESOLVED,ASSIGNED
2008-06-10 13:27:36 EDT,liza.rekadze@oracle.com,Resolution,FIXED,---
2008-08-25 11:07:22 EDT,liza.rekadze@oracle.com,Status,CLOSED,RESOLVED
