When, Who, What, Added, Removed
2008-03-11 10:01:25 EDT,bjorn.freeman-benson@eclipse.org,Component,website,Portal
2008-03-11 10:01:25 EDT,bjorn.freeman-benson@eclipse.org,Product,SOA,Community
2008-03-11 10:02:47 EDT,djalma.saraiva@projeler.com.br,Component,Website,website
2008-03-11 10:02:47 EDT,djalma.saraiva@projeler.com.br,Product,Community,SOA
2008-03-11 10:34:50 EDT,denis.roy@eclipse.org,Assignee,ohurley@iona.com,portal-inbox@eclipse.org
2008-03-11 10:34:50 EDT,denis.roy@eclipse.org,Component,website,Website
2008-03-11 10:34:50 EDT,denis.roy@eclipse.org,Product,SOA,Community
2008-03-11 10:34:50 EDT,denis.roy@eclipse.org,QA Contact,ohurley@iona.com,
2008-05-13 06:37:46 EDT,antoine@lunar-ocean.com,CC,antoine@lunar-ocean.com,
2008-05-13 06:37:46 EDT,antoine@lunar-ocean.com,Assignee,antoine@lunar-ocean.com,ohurley@iona.com
2008-05-13 06:41:31 EDT,antoine@lunar-ocean.com,Status,RESOLVED,NEW
2008-05-13 06:41:31 EDT,antoine@lunar-ocean.com,Resolution,FIXED,---
2012-09-21 14:41:27 EDT,webmaster@eclipse.org,Component,STP,website
2012-09-21 14:41:27 EDT,webmaster@eclipse.org,Product,z_Archived,SOA
