When, Who, What, Added, Removed
2008-03-31 12:12:29 EDT,ewchan@ca.ibm.com,Status,RESOLVED,NEW
2008-03-31 12:12:29 EDT,ewchan@ca.ibm.com,Resolution,FIXED,---
2008-03-31 12:12:29 EDT,ewchan@ca.ibm.com,Target Milestone,4.5i6,---
2009-06-30 12:16:16 EDT,paules@ca.ibm.com,Status,CLOSED,RESOLVED
2009-06-30 12:16:16 EDT,paules@ca.ibm.com,Whiteboard,closed460,
2009-06-30 21:30:25 EDT,paules@ca.ibm.com,Whiteboard,housecleaned460 closed460,closed460
2009-07-01 15:50:37 EDT,paules@ca.ibm.com,Whiteboard,closed460,housecleaned460 closed460
