When, Who, What, Added, Removed
2008-04-09 16:23:42 EDT,remy.suen@gmail.com,CC,remy.suen@gmail.com,
2008-04-09 16:59:29 EDT,slewis@composent.com,CC,slewis@composent.com,
2008-05-18 20:06:20 EDT,slewis@composent.com,Assignee,remy.suen@gmail.com,ecf.core-inbox@eclipse.org
2008-05-18 20:06:20 EDT,slewis@composent.com,Target Milestone,2.0.1,---
2008-05-23 14:46:36 EDT,slewis@composent.com,Summary,[ui] The height of the irc/collaboration chat input field is lower,The height of the irc/collaboration chat input field is lower
2008-05-23 14:47:59 EDT,slewis@composent.com,Summary,[collab][ui] The height of the irc/collaboration chat input field is lower,[ui] The height of the irc/collaboration chat input field is lower
2008-07-11 19:22:55 EDT,remy.suen@gmail.com,Attachment #95669                Attachment is obsolete,1,0
2008-07-11 19:22:55 EDT,remy.suen@gmail.com,Attachment #95670                Attachment is obsolete,1,0
2008-07-11 19:50:17 EDT,remy.suen@gmail.com,CC,eddie@grassybrook.com,
2008-07-12 07:43:50 EDT,remy.suen@gmail.com,Status,RESOLVED,NEW
2008-07-12 07:43:50 EDT,remy.suen@gmail.com,Resolution,FIXED,---
2008-07-12 07:43:50 EDT,remy.suen@gmail.com,Version,2.0.0,unspecified
2008-07-22 16:03:46 EDT,remy.suen@gmail.com,Attachment #95669                Flags,iplog+,
2008-07-22 16:03:52 EDT,remy.suen@gmail.com,Attachment #95670                Flags,iplog+,
2008-12-04 20:33:41 EST,slewis@composent.com,Flags,iplog+,
2008-12-04 20:34:48 EST,slewis@composent.com,Attachment #107248                Flags,iplog+,
