When, Who, What, Added, Removed
2008-03-11 09:18:45 EDT,martin.oberhuber@windriver.com,Assignee,eugene.tarassov@windriver.com,dsdp.tm.tcf-inbox@eclipse.org
2008-03-11 09:18:45 EDT,martin.oberhuber@windriver.com,Summary,[tcf] Dependency beetwen Breakpoint and Symbol services,Dependency beetwen Breakpoint and Symbol services
2008-03-11 09:38:28 EDT,renan.le-padellec@windriver.com,CC,renan.le-padellec@windriver.com,
2008-03-12 16:33:13 EDT,eugene.tarassov@xilinx.com,Status,RESOLVED,NEW
2008-03-12 16:33:13 EDT,eugene.tarassov@xilinx.com,Resolution,FIXED,---
2008-08-05 09:58:49 EDT,martin.oberhuber@windriver.com,Target Milestone,3.0,---
2011-05-17 10:48:29 EDT,dschaefer@qnx.com,CC,doug.schaefer@windriver.com,
2011-05-17 10:48:29 EDT,dschaefer@qnx.com,Component,Core,TCF
2011-05-17 10:48:29 EDT,dschaefer@qnx.com,Version,unspecified,3.0
2011-05-17 10:48:29 EDT,dschaefer@qnx.com,Product,TCF,Target Management
2011-05-17 10:48:29 EDT,dschaefer@qnx.com,Target Milestone,---,3.0
2013-06-05 06:35:44 EDT,martin.oberhuber@windriver.com,Target Milestone,0.3,---
2013-06-05 08:05:16 EDT,martin.oberhuber@windriver.com,Target Milestone,0.1,0.3
