When, Who, What, Added, Removed
2008-03-11 13:42:40 EDT,martin.oberhuber@windriver.com,CC,uwe.stieber@windriver.com, tobias.schwarz@windriver.com,
2008-03-11 13:42:40 EDT,martin.oberhuber@windriver.com,Assignee,david_dykstal@us.ibm.com,dsdp.tm.rse-inbox@eclipse.org
2008-03-11 13:42:40 EDT,martin.oberhuber@windriver.com,OS,All,Mac OS X
2008-03-11 13:42:40 EDT,martin.oberhuber@windriver.com,Target Milestone,3.0 M6,---
2008-03-11 15:57:22 EDT,ddykstal.eclipse@gmail.com,CC,dmcknigh@ca.ibm.com,
2008-03-11 15:57:22 EDT,ddykstal.eclipse@gmail.com,Status,ASSIGNED,NEW
2008-03-12 12:41:11 EDT,ddykstal.eclipse@gmail.com,Summary,[api][breaking] Clean up interfaces in org.eclipse.rse.core.filters,[api][breaking] Clean up ISystemFilter and ISystemFilterPool interfaces.
2008-03-12 12:52:26 EDT,ddykstal.eclipse@gmail.com,Attachment #92227                Attachment is obsolete,1,0
2008-03-12 22:41:36 EDT,ddykstal.eclipse@gmail.com,Status,RESOLVED,ASSIGNED
2008-03-12 22:41:36 EDT,ddykstal.eclipse@gmail.com,Resolution,FIXED,---
2008-03-13 05:55:27 EDT,martin.oberhuber@windriver.com,Status,REOPENED,RESOLVED
2008-03-13 05:55:27 EDT,martin.oberhuber@windriver.com,Resolution,---,FIXED
2008-03-13 11:29:41 EDT,ddykstal.eclipse@gmail.com,Status,ASSIGNED,REOPENED
2008-03-14 17:09:19 EDT,ddykstal.eclipse@gmail.com,Status,RESOLVED,ASSIGNED
2008-03-14 17:09:19 EDT,ddykstal.eclipse@gmail.com,Resolution,FIXED,---
2008-03-14 17:56:27 EDT,martin.oberhuber@windriver.com,Status,REOPENED,RESOLVED
2008-03-14 17:56:27 EDT,martin.oberhuber@windriver.com,Resolution,---,FIXED
2008-03-14 20:54:11 EDT,ddykstal.eclipse@gmail.com,Status,RESOLVED,REOPENED
2008-03-14 20:54:11 EDT,ddykstal.eclipse@gmail.com,Resolution,FIXED,---
2009-06-17 14:45:13 EDT,martin.oberhuber@windriver.com,Keywords,api,
