When, Who, What, Added, Removed
2008-03-11 14:33:54 EDT,qualidafial@gmail.com,CC,Boris_Bokowski@ca.ibm.com,
2008-03-11 14:33:54 EDT,qualidafial@gmail.com,Assignee,matthall@woodcraftmill.com,Platform-UI-Inbox@eclipse.org
2008-03-11 14:36:42 EDT,qualidafial@gmail.com,CC,haeber@de.ibm.com,
2008-07-03 16:38:00 EDT,qualidafial@gmail.com,Target Milestone,3.5 M1,---
2008-07-20 04:30:25 EDT,mallo.ovidio@gmail.com,CC,mallo.ovidio@gmail.com,
2008-07-21 13:39:01 EDT,qualidafial@gmail.com,Summary,[DataBinding] MultiList,[DataBinding] Observable list that is a combination of other observable lists
2008-07-21 14:02:47 EDT,bokowski@google.com,CC,rancidfishbreath@gmail.com,
2008-09-01 17:59:44 EDT,qualidafial@gmail.com,Target Milestone,3.5 M2,3.5 M1
2008-09-05 17:38:19 EDT,qualidafial@gmail.com,Status,RESOLVED,NEW
2008-09-05 17:38:19 EDT,qualidafial@gmail.com,Resolution,FIXED,---
2008-12-10 00:57:32 EST,qualidafial@gmail.com,Status,VERIFIED,RESOLVED
