When, Who, What, Added, Removed
2008-03-19 12:39:32 EDT,jerome_lanneluc@fr.ibm.com,Assignee,jerome_lanneluc@fr.ibm.com,jdt-core-inbox@eclipse.org
2008-03-19 12:39:32 EDT,jerome_lanneluc@fr.ibm.com,Component,Text,Core
2008-03-19 13:15:53 EDT,jerome_lanneluc@fr.ibm.com,Component,Core,Text
2008-03-20 10:03:27 EDT,jerome_lanneluc@fr.ibm.com,Status,RESOLVED,NEW
2008-03-20 10:03:27 EDT,jerome_lanneluc@fr.ibm.com,Resolution,FIXED,---
2008-03-20 10:03:27 EDT,jerome_lanneluc@fr.ibm.com,Target Milestone,3.4 M6,---
2008-03-26 05:45:14 EDT,david_audel@fr.ibm.com,CC,david_audel@fr.ibm.com,
2008-03-26 05:45:14 EDT,david_audel@fr.ibm.com,Status,VERIFIED,RESOLVED
