When, Who, What, Added, Removed
2008-03-12 08:01:27 EDT,pwebster@ca.ibm.com,Assignee,platform-update-inbox@eclipse.org,platform-ide-inbox@eclipse.org
2008-03-12 08:01:27 EDT,pwebster@ca.ibm.com,Component,Update,IDE
2008-03-12 10:00:18 EDT,john_arthorne@ca.ibm.com,Target Milestone,3.4,---
2008-03-13 15:41:23 EDT,dejan@ca.ibm.com,CC,dejan@ca.ibm.com,
2008-03-13 15:41:23 EDT,dejan@ca.ibm.com,Status,RESOLVED,NEW
2008-03-13 15:41:23 EDT,dejan@ca.ibm.com,Resolution,FIXED,---
2008-03-18 10:15:46 EDT,john_arthorne@ca.ibm.com,Target Milestone,3.4 M6,3.4
