When, Who, What, Added, Removed
2008-03-12 09:16:27 EDT,eclipse@pookzilla.net,Assignee,Tod_Creasey@ca.ibm.com,Platform-UI-Inbox@eclipse.org
2008-03-12 09:16:27 EDT,eclipse@pookzilla.net,Summary,[Markers] Problems view no longer shows selected description in status bar,Problems view no longer shows selected description in status bar
2008-03-12 09:29:24 EDT,Tod_Creasey@ca.ibm.com,Target Milestone,3.4,---
2008-03-13 11:25:20 EDT,Tod_Creasey@ca.ibm.com,Status,RESOLVED,NEW
2008-03-13 11:25:20 EDT,Tod_Creasey@ca.ibm.com,Resolution,FIXED,---
2008-03-13 11:25:20 EDT,Tod_Creasey@ca.ibm.com,Target Milestone,3.4 M6,3.4
2008-03-26 16:24:16 EDT,Tod_Creasey@ca.ibm.com,Status,VERIFIED,RESOLVED
