When, Who, What, Added, Removed
2008-03-11 18:33:51 EDT,pwebster@ca.ibm.com,Severity,major,normal
2008-03-11 19:00:59 EDT,susan@rapicorp.com,CC,susan_franklin@us.ibm.com, john_arthorne@ca.ibm.com,
2008-03-11 19:00:59 EDT,susan@rapicorp.com,Status,RESOLVED,NEW
2008-03-11 19:00:59 EDT,susan@rapicorp.com,Resolution,FIXED,---
2008-03-11 19:00:59 EDT,susan@rapicorp.com,Target Milestone,3.4 M6,---
2008-03-12 09:02:10 EDT,pascal@rapicorp.com,CC,markus_keller@ch.ibm.com,
2008-03-17 11:25:15 EDT,susan@rapicorp.com,Summary,[ui] NPE trying to open Help>Software Updates...,NPE trying to open Help>Software Updates...
