When, Who, What, Added, Removed
2008-03-11 21:04:27 EDT,dlwhiteman@us.ibm.com,Severity,minor,major
2008-03-11 21:04:27 EDT,dlwhiteman@us.ibm.com,Status,RESOLVED,NEW
2008-03-11 21:04:27 EDT,dlwhiteman@us.ibm.com,Priority,P1,P3
2008-03-11 21:04:27 EDT,dlwhiteman@us.ibm.com,Resolution,FIXED,---
2008-03-11 21:04:27 EDT,dlwhiteman@us.ibm.com,Target Milestone,i10,---
2008-04-30 18:12:05 EDT,dlwhiteman@us.ibm.com,Status,CLOSED,RESOLVED
2012-01-03 13:54:01 EST,webmaster@eclipse.org,Component,Cosmos,DataCollection
2012-01-03 13:54:01 EST,webmaster@eclipse.org,Version,unspecified,1.0
2012-01-03 13:54:01 EST,webmaster@eclipse.org,Product,z_Archived,Cosmos
2012-01-03 13:54:01 EST,webmaster@eclipse.org,Target Milestone,---,i10
