When, Who, What, Added, Removed
2008-03-12 11:38:37 EDT,aclement@pivotal.io,CC,andrew.clement@gmail.com,
2008-03-12 11:38:37 EDT,aclement@pivotal.io,Priority,P2,P3
2008-03-12 11:38:37 EDT,aclement@pivotal.io,Target Milestone,1.6.0 RC1,---
2008-03-13 17:03:53 EDT,aclement@pivotal.io,CC,rbrown3@bluebottle.com,
2008-03-14 05:04:55 EDT,liutc@cn.ibm.com,CC,liutc@cn.ibm.com,
2008-03-16 15:16:45 EDT,aclement@pivotal.io,Severity,major,critical
2008-03-25 13:05:28 EDT,aclement@pivotal.io,Target Milestone,1.6.1,1.6.0 RC1
2008-06-17 17:07:20 EDT,aclement@pivotal.io,Severity,normal,major
2008-06-17 17:07:20 EDT,aclement@pivotal.io,Priority,P3,P2
2008-06-17 17:07:20 EDT,aclement@pivotal.io,Target Milestone,---,1.6.1
2008-12-16 16:04:02 EST,aclement@pivotal.io,Status,RESOLVED,NEW
2008-12-16 16:04:02 EST,aclement@pivotal.io,Resolution,FIXED,---
2008-12-16 16:04:02 EST,aclement@pivotal.io,Target Milestone,1.6.3,---
