When, Who, What, Added, Removed
2008-03-12 15:38:57 EDT,bfitzpat@redhat.com,CC,brianf@sybase.com,
2008-03-12 15:38:57 EDT,bfitzpat@redhat.com,Assignee,brianf@sybase.com,dtp.connectivity-inbox@eclipse.org
2008-03-12 15:38:57 EDT,bfitzpat@redhat.com,Target Milestone,1.6M7(RC0),---
2008-03-13 12:53:00 EDT,lj@us.ibm.com,CC,lj@us.ibm.com,
2008-03-13 12:53:00 EDT,lj@us.ibm.com,Assignee,lj@us.ibm.com,brianf@sybase.com
2008-03-13 13:30:32 EDT,lj@us.ibm.com,Status,ASSIGNED,NEW
2008-03-13 16:04:04 EDT,lj@us.ibm.com,Status,RESOLVED,ASSIGNED
2008-03-13 16:04:04 EDT,lj@us.ibm.com,Resolution,FIXED,---
2008-07-01 17:43:06 EDT,bfitzpat@redhat.com,Status,CLOSED,RESOLVED
