When, Who, What, Added, Removed
2008-03-12 06:19:40 EDT,martin.oberhuber@windriver.com,Depends on,197167,
2008-03-12 06:19:40 EDT,martin.oberhuber@windriver.com,Assignee,david_dykstal@us.ibm.com,dsdp.tm.rse-inbox@eclipse.org
2008-03-12 06:19:40 EDT,martin.oberhuber@windriver.com,Priority,P2,P3
2008-03-12 06:19:40 EDT,martin.oberhuber@windriver.com,Summary,[regression] NPE when starting eclipse with rse,NPE when starting eclipse with rse
2008-03-12 06:19:40 EDT,martin.oberhuber@windriver.com,Target Milestone,3.0 M6,---
2008-03-12 06:19:40 EDT,martin.oberhuber@windriver.com,Version,3.0,unspecified
2008-03-12 06:45:45 EDT,martin.oberhuber@windriver.com,CC,wb-rel@gmx.net,
2008-03-12 14:36:14 EDT,ddykstal.eclipse@gmail.com,Status,ASSIGNED,NEW
2008-03-12 17:24:09 EDT,ddykstal.eclipse@gmail.com,Status,RESOLVED,ASSIGNED
2008-03-12 17:24:09 EDT,ddykstal.eclipse@gmail.com,Resolution,FIXED,---
2008-03-12 17:26:00 EDT,ddykstal.eclipse@gmail.com,CC,martin.oberhuber@windriver.com,
