When, Who, What, Added, Removed
2008-03-11 17:14:30 EDT,jhkauf@us.ibm.com,Assignee,kaufman@almaden.ibm.com,ohf.stem-inbox@eclipse.org
2008-03-11 17:16:15 EDT,jhkauf@us.ibm.com,Status,RESOLVED,NEW
2008-03-11 17:16:15 EDT,jhkauf@us.ibm.com,Resolution,FIXED,---
2009-10-29 14:01:06 EDT,webdaford@fordcochrane.com,Attachment #92231                Flags,iplog+,
2010-06-02 20:31:38 EDT,jhkauf@us.ibm.com,Status,CLOSED,RESOLVED
2010-06-02 20:31:38 EDT,jhkauf@us.ibm.com,Summary,sNeed Documentation for use of CSV Logger,Need Documentation for use of CSV Logger
