When, Who, What, Added, Removed
2008-03-22 14:48:19 EDT,mike.milinkovich@eclipse.org,CC,mike.milinkovich@eclipse.org,
2008-04-04 13:31:38 EDT,tjwatson@us.ibm.com,CC,tjwatson@us.ibm.com,
2008-04-04 16:00:58 EDT,denis.roy@eclipse.org,CC,jeff-bugs@code9.com,
2008-04-05 14:18:45 EDT,gunnar@wagenknecht.org,CC,gunnar@wagenknecht.org,
2008-04-09 20:11:51 EDT,pombredanne@nexb.com,CC,pombredanne@nexb.com,
2008-04-09 20:13:31 EDT,remy.suen@gmail.com,CC,remy.suen@gmail.com,
2008-04-14 17:42:35 EDT,bjorn.freeman-benson@eclipse.org,Assignee,bjorn.freeman-benson@eclipse.org,phoenix.ui-inbox@eclipse.org
2008-04-14 19:02:17 EDT,bjorn.freeman-benson@eclipse.org,Status,RESOLVED,NEW
2008-04-14 19:02:17 EDT,bjorn.freeman-benson@eclipse.org,Resolution,FIXED,---
2008-04-15 19:21:32 EDT,bjorn.freeman-benson@eclipse.org,Status,CLOSED,RESOLVED
2008-04-21 02:31:18 EDT,david_williams@us.ibm.com,CC,david_williams@us.ibm.com,
2008-04-21 12:22:13 EDT,bjorn.freeman-benson@eclipse.org,Status,REOPENED,CLOSED
2008-04-21 12:22:13 EDT,bjorn.freeman-benson@eclipse.org,Resolution,---,FIXED
2008-04-29 18:48:26 EDT,bjorn.freeman-benson@eclipse.org,Status,RESOLVED,REOPENED
2008-04-29 18:48:26 EDT,bjorn.freeman-benson@eclipse.org,Resolution,FIXED,---
2008-04-30 10:26:49 EDT,bjorn.freeman-benson@eclipse.org,Status,CLOSED,RESOLVED
2008-04-30 10:26:49 EDT,bjorn.freeman-benson@eclipse.org,Keywords,noteworthy,
2008-04-30 10:30:30 EDT,bjorn.freeman-benson@eclipse.org,Summary,[Manage Committers] "Committer Emeritus" status,"Committer Emeritus" status
