When, Who, What, Added, Removed
2008-03-12 09:26:28 EDT,aeschli@gmail.com,CC,martin_aeschlimann@ch.ibm.com,
2008-03-12 09:26:28 EDT,aeschli@gmail.com,Assignee,martin_aeschlimann@ch.ibm.com,jdt-ui-inbox@eclipse.org
2008-03-12 09:26:28 EDT,aeschli@gmail.com,Summary,[refactoring] Image leak in CreateTextFilePreviewer.setText(),Image leak in CreateTextFilePreviewer.setText()
2008-03-12 09:26:28 EDT,aeschli@gmail.com,Target Milestone,3.4 M6,---
2008-03-12 09:27:25 EDT,aeschli@gmail.com,Status,RESOLVED,NEW
2008-03-12 09:27:25 EDT,aeschli@gmail.com,Resolution,FIXED,---
