When, Who, What, Added, Removed
2008-03-11 18:56:40 EDT,pwebster@ca.ibm.com,Severity,critical,blocker
2008-03-11 20:22:49 EDT,pascal@rapicorp.com,CC,pascal_rapicault@ca.ibm.com,
2008-03-11 20:22:49 EDT,pascal@rapicorp.com,Assignee,pde-ui-inbox@eclipse.org,equinox.p2-inbox@eclipse.org
2008-03-11 20:22:49 EDT,pascal@rapicorp.com,Component,UI,p2
2008-03-11 20:22:49 EDT,pascal@rapicorp.com,Product,PDE,Equinox
2008-03-11 20:22:49 EDT,pascal@rapicorp.com,Version,3.4,unspecified
2008-03-11 22:38:51 EDT,caniszczyk@gmail.com,CC,zx@us.ibm.com,
2008-03-11 22:53:38 EDT,john_arthorne@ca.ibm.com,CC,john_arthorne@ca.ibm.com,
2008-03-11 23:51:58 EDT,caniszczyk@gmail.com,CC,cwindatt@ca.ibm.com,
2008-03-11 23:51:58 EDT,caniszczyk@gmail.com,Assignee,zx@us.ibm.com,pde-ui-inbox@eclipse.org
2008-03-11 23:51:58 EDT,caniszczyk@gmail.com,Target Milestone,3.4 M6,---
2008-03-11 23:55:04 EDT,caniszczyk@gmail.com,Status,RESOLVED,NEW
2008-03-11 23:55:04 EDT,caniszczyk@gmail.com,Resolution,FIXED,---
