When, Who, What, Added, Removed
2008-03-11 19:26:14 EDT,pwebster@ca.ibm.com,Assignee,pwebster@ca.ibm.com,Platform-UI-Inbox@eclipse.org
2008-03-11 19:26:14 EDT,pwebster@ca.ibm.com,Summary,[Commands] commandImages update for org.eclipse.ui,commandImages update for org.eclipse.ui
2008-03-11 19:26:14 EDT,pwebster@ca.ibm.com,Target Milestone,3.4 M7,---
2008-04-18 15:29:23 EDT,pwebster@ca.ibm.com,Status,ASSIGNED,NEW
2008-04-19 13:51:40 EDT,pwebster@ca.ibm.com,Status,RESOLVED,ASSIGNED
2008-04-19 13:51:40 EDT,pwebster@ca.ibm.com,Resolution,FIXED,---
2008-05-01 10:11:19 EDT,pwebster@ca.ibm.com,Status,VERIFIED,RESOLVED
