When, Who, What, Added, Removed
2008-03-12 06:13:53 EDT,martin.oberhuber@windriver.com,Assignee,eugene.tarassov@windriver.com,dsdp.tm.tcf-inbox@eclipse.org
2008-03-12 06:13:53 EDT,martin.oberhuber@windriver.com,Priority,P2,P3
2008-03-12 06:13:53 EDT,martin.oberhuber@windriver.com,Summary,[tcf] Initial implementation of value-add,Initial implementation of value-add
2008-03-12 14:56:50 EDT,eugene.tarassov@xilinx.com,Status,RESOLVED,NEW
2008-03-12 14:56:50 EDT,eugene.tarassov@xilinx.com,Resolution,FIXED,---
2008-03-13 05:12:09 EDT,martin.oberhuber@windriver.com,Status,REOPENED,RESOLVED
2008-03-13 05:12:09 EDT,martin.oberhuber@windriver.com,Resolution,---,FIXED
2008-03-14 13:23:19 EDT,eugene.tarassov@xilinx.com,Keywords,contributed,
2008-03-24 17:44:34 EDT,eugene.tarassov@xilinx.com,Status,RESOLVED,REOPENED
2008-03-24 17:44:34 EDT,eugene.tarassov@xilinx.com,Resolution,FIXED,---
2008-04-16 15:46:49 EDT,martin.oberhuber@windriver.com,Assignee,felix.burton@windriver.com,eugene.tarassov@windriver.com
2008-08-05 09:58:48 EDT,martin.oberhuber@windriver.com,Target Milestone,3.0,---
2008-10-07 05:39:31 EDT,martin.oberhuber@windriver.com,Attachment #92276                Flags,iplog+,
2008-10-07 05:39:49 EDT,martin.oberhuber@windriver.com,Attachment #92417                Flags,iplog+,
2011-05-17 10:50:19 EDT,dschaefer@qnx.com,CC,doug.schaefer@windriver.com,
2011-05-17 10:50:19 EDT,dschaefer@qnx.com,Component,Core,TCF
2011-05-17 10:50:19 EDT,dschaefer@qnx.com,Version,unspecified,3.0
2011-05-17 10:50:19 EDT,dschaefer@qnx.com,Product,TCF,Target Management
2011-05-17 10:50:19 EDT,dschaefer@qnx.com,Target Milestone,---,3.0
2013-06-05 06:35:57 EDT,martin.oberhuber@windriver.com,Target Milestone,0.3,---
2013-06-05 08:05:19 EDT,martin.oberhuber@windriver.com,Target Milestone,0.1,0.3
