When, Who, What, Added, Removed
2008-03-12 10:26:10 EDT,benno.baumgartner@comerge.net,Assignee,benno_baumgartner@ch.ibm.com,jdt-ui-inbox@eclipse.org
2008-03-12 10:26:10 EDT,benno.baumgartner@comerge.net,Status,ASSIGNED,NEW
2008-03-12 10:27:56 EDT,benno.baumgartner@comerge.net,Status,RESOLVED,ASSIGNED
2008-03-12 10:27:56 EDT,benno.baumgartner@comerge.net,Resolution,FIXED,---
2008-03-12 10:27:56 EDT,benno.baumgartner@comerge.net,Target Milestone,3.4 M6,---
2008-03-14 09:10:12 EDT,benno.baumgartner@comerge.net,CC,pebl@octoshape.com,
