When, Who, What, Added, Removed
2008-03-12 07:33:37 EDT,krzysztof.daniel@gmail.com,CC,krzysztof_daniel@pl.ibm.com,
2008-03-12 07:43:47 EDT,daniel_megert@ch.ibm.com,Assignee,krzysztof_daniel@pl.ibm.com,Platform-UI-Inbox@eclipse.org
2008-03-12 07:53:54 EDT,krzysztof.daniel@gmail.com,Status,ASSIGNED,NEW
2008-03-12 07:53:54 EDT,krzysztof.daniel@gmail.com,Target Milestone,3.4 M7,---
2008-03-12 07:56:38 EDT,daniel_megert@ch.ibm.com,CC,Szymon.Brandys@pl.ibm.com,
2008-03-12 08:01:40 EDT,krzysztof.daniel@gmail.com,Target Milestone,3.4 M6,3.4 M7
2008-03-19 17:10:56 EDT,krzysztof.daniel@gmail.com,Summary,[StatusHandling] Error dialog flickers on opening and very strange temporary button visible,Error dialog flickers on opening and very strange temporary button visible
2008-03-19 17:56:58 EDT,krzysztof.daniel@gmail.com,Attachment #92960                Attachment is obsolete,1,0
2008-03-20 16:13:36 EDT,krzysztof.daniel@gmail.com,Attachment #92968                Attachment is obsolete,1,0
2008-03-25 14:48:20 EDT,Szymon.Brandys@pl.ibm.com,Attachment #93066                Attachment is obsolete,1,0
2008-03-25 14:52:31 EDT,Szymon.Brandys@pl.ibm.com,Flags,review?(Tod_Creasey@ca.ibm.com),
2008-03-25 14:59:38 EDT,Tod_Creasey@ca.ibm.com,CC,Tod_Creasey@ca.ibm.com,
2008-03-25 14:59:38 EDT,Tod_Creasey@ca.ibm.com,Assignee,Tod_Creasey@ca.ibm.com,krzysztof_daniel@pl.ibm.com
2008-03-25 14:59:38 EDT,Tod_Creasey@ca.ibm.com,Status,NEW,ASSIGNED
2008-03-25 16:12:23 EDT,Tod_Creasey@ca.ibm.com,Flags,review-,review?(Tod_Creasey@ca.ibm.com)
2008-03-25 16:13:48 EDT,Tod_Creasey@ca.ibm.com,Assignee,Szymon.Brandys@pl.ibm.com,Tod_Creasey@ca.ibm.com
2008-03-25 16:13:48 EDT,Tod_Creasey@ca.ibm.com,Flags,review?(Szymon.Brandys@pl.ibm.com),review-
2008-03-26 07:42:04 EDT,Szymon.Brandys@pl.ibm.com,Flags,review+,review?(Szymon.Brandys@pl.ibm.com)
2008-03-28 06:58:36 EDT,daniel_megert@ch.ibm.com,Status,RESOLVED,NEW
2008-03-28 06:58:36 EDT,daniel_megert@ch.ibm.com,Resolution,FIXED,---
2008-03-28 06:59:21 EDT,daniel_megert@ch.ibm.com,Status,VERIFIED,RESOLVED
