When, Who, What, Added, Removed
2008-03-11 17:22:17 EDT,steffen.pingel@tasktop.com,CC,,steffen.pingel@tasktop.com
2008-03-11 17:22:17 EDT,steffen.pingel@tasktop.com,Status,RESOLVED,NEW
2008-03-11 17:22:17 EDT,steffen.pingel@tasktop.com,Resolution,FIXED,---
2008-03-11 17:22:17 EDT,steffen.pingel@tasktop.com,Target Milestone,2.3,---
2008-03-12 02:28:34 EDT,steffen.pingel@tasktop.com,Status,REOPENED,RESOLVED
2008-03-12 02:28:34 EDT,steffen.pingel@tasktop.com,Priority,P1,P3
2008-03-12 02:28:34 EDT,steffen.pingel@tasktop.com,Resolution,---,FIXED
2008-03-12 11:39:49 EDT,shawn.minto@tasktop.com,Summary,[patch][m2.3.1] fix subtask support for local tasks,[m2.3.1] fix subtask support for local tasks
2008-03-12 13:59:13 EDT,steffen.pingel@tasktop.com,Status,RESOLVED,REOPENED
2008-03-12 13:59:13 EDT,steffen.pingel@tasktop.com,Resolution,FIXED,---
2008-03-12 13:59:13 EDT,steffen.pingel@tasktop.com,Summary,[m2.3.1] fix subtask support for local tasks,[patch][m2.3.1] fix subtask support for local tasks
