When, Who, What, Added, Removed
2008-03-12 03:10:31 EDT,yulin.wang@actuate.com,Assignee,yulin.wang@actuate.com,Birt-Chart-inbox@eclipse.org
2008-03-12 03:10:31 EDT,yulin.wang@actuate.com,Target Milestone,2.3.0 M6,---
2008-03-12 06:10:35 EDT,yulin.wang@actuate.com,Status,RESOLVED,NEW
2008-03-12 06:10:35 EDT,yulin.wang@actuate.com,Resolution,FIXED,---
2008-03-13 07:00:40 EDT,lshen@actuate.com,Status,CLOSED,RESOLVED
2009-07-23 07:10:26 EDT,bluesoldier@gmail.com,Whiteboard,Autoed,
2010-03-25 02:29:44 EDT,bluesoldier@gmail.com,CC,xgu@actuate.com,
2010-03-25 02:29:44 EDT,bluesoldier@gmail.com,Whiteboard,Autoed,G,Autoed
