When, Who, What, Added, Removed
2008-03-11 21:52:23 EDT,pascal@rapicorp.com,Assignee,pascal_rapicault@ca.ibm.com,equinox.p2-inbox@eclipse.org
2008-03-11 23:23:13 EDT,susan@rapicorp.com,CC,susan_franklin@us.ibm.com,
2008-03-11 23:24:13 EDT,john_arthorne@ca.ibm.com,Blocks,208021,
2008-03-11 23:24:51 EDT,john_arthorne@ca.ibm.com,CC,john_arthorne@ca.ibm.com,
2008-03-12 10:06:49 EDT,pascal@rapicorp.com,Severity,blocker,critical
2008-03-12 10:06:49 EDT,pascal@rapicorp.com,Status,RESOLVED,NEW
2008-03-12 10:06:49 EDT,pascal@rapicorp.com,Resolution,FIXED,---
2008-03-12 10:06:49 EDT,pascal@rapicorp.com,Target Milestone,3.4 M6,---
2008-03-12 10:50:43 EDT,pascal@rapicorp.com,CC,daniel_megert@ch.ibm.com,
