When, Who, What, Added, Removed
2008-03-12 09:51:47 EDT,neil.hauge@oracle.com,CC,neil.hauge@oracle.com,
2008-03-12 09:51:47 EDT,neil.hauge@oracle.com,Assignee,neil.hauge@oracle.com,dali.website-inbox@eclipse.org
2008-03-12 09:51:47 EDT,neil.hauge@oracle.com,Severity,normal,major
2008-03-12 09:51:47 EDT,neil.hauge@oracle.com,Component,Doc,Website
2008-03-12 09:51:47 EDT,neil.hauge@oracle.com,Priority,P2,P3
2008-03-12 09:51:47 EDT,neil.hauge@oracle.com,Target Milestone,2.0 M6,---
2008-04-02 14:31:06 EDT,neil.hauge@oracle.com,Target Milestone,2.0 M7,2.0 M6
2008-04-22 16:54:21 EDT,neil.hauge@oracle.com,Status,RESOLVED,NEW
2008-04-22 16:54:21 EDT,neil.hauge@oracle.com,Resolution,FIXED,---
2008-05-02 16:36:13 EDT,neil.hauge@oracle.com,Status,VERIFIED,RESOLVED
