When, Who, What, Added, Removed
2008-03-11 16:50:36 EDT,pascal@rapicorp.com,Assignee,dstevens@us.ibm.com,equinox.p2-inbox@eclipse.org
2008-03-11 22:05:26 EDT,john_arthorne@ca.ibm.com,CC,john_arthorne@ca.ibm.com,
2008-03-27 20:06:16 EDT,pascal@rapicorp.com,Target Milestone,3.4 M7,---
2008-04-01 13:57:36 EDT,dstevens@us.ibm.com,Status,ASSIGNED,NEW
2008-04-17 23:04:41 EDT,pascal@rapicorp.com,CC,ajtarter@gmail.com,
2008-04-30 18:44:35 EDT,pascal@rapicorp.com,Target Milestone,3.4 RC1,3.4 M7
2008-05-08 01:51:13 EDT,dstevens@us.ibm.com,Attachment #99221                Flags,review?,
2008-05-08 01:52:54 EDT,dstevens@us.ibm.com,Flags,review?(pascal_rapicault@ca.ibm.com),
2008-05-08 20:43:49 EDT,dstevens@us.ibm.com,Attachment #99221                Flags,,review?
2008-05-08 20:43:49 EDT,dstevens@us.ibm.com,Attachment #99221                Attachment is obsolete,1,0
2008-05-08 20:57:52 EDT,pascal@rapicorp.com,Flags,review?(susan_franklin@us.ibm.com),
2008-05-08 21:24:24 EDT,pascal@rapicorp.com,Flags,review+,review?(pascal_rapicault@ca.ibm.com)
2008-05-09 13:04:32 EDT,susan@rapicorp.com,CC,susan_franklin@us.ibm.com,
2008-05-09 13:04:32 EDT,susan@rapicorp.com,Flags,review+,review?(susan_franklin@us.ibm.com)
2008-05-13 15:40:57 EDT,dstevens@us.ibm.com,Attachment #99406                Attachment is obsolete,1,0
2008-05-14 12:27:19 EDT,susan@rapicorp.com,CC,Kevin_McGuire@ca.ibm.com,
2008-05-14 15:54:02 EDT,dstevens@us.ibm.com,Status,RESOLVED,ASSIGNED
2008-05-14 15:54:02 EDT,dstevens@us.ibm.com,Resolution,FIXED,---
