When, Who, What, Added, Removed
2008-03-12 06:16:06 EDT,benjamin@eclipse.org,CC,benjamin.cabe@anyware-tech.com,
2008-03-12 08:31:10 EDT,eclipse@pookzilla.net,Assignee,Tod_Creasey@ca.ibm.com,Platform-UI-Inbox@eclipse.org
2008-03-12 08:31:10 EDT,eclipse@pookzilla.net,Summary,[Markers] copy markers from markers view should 'pretty print',copy markers from markers view should 'pretty print'
2008-03-12 08:41:48 EDT,Tod_Creasey@ca.ibm.com,Keywords,helpwanted,
2008-03-12 09:46:49 EDT,Tod_Creasey@ca.ibm.com,Keywords,bugday,
2008-03-12 09:46:49 EDT,Tod_Creasey@ca.ibm.com,Target Milestone,3.4,---
2008-03-12 15:15:10 EDT,Tod_Creasey@ca.ibm.com,Status,RESOLVED,NEW
2008-03-12 15:15:10 EDT,Tod_Creasey@ca.ibm.com,Keywords,contributed,bugday, helpwanted
2008-03-12 15:15:10 EDT,Tod_Creasey@ca.ibm.com,Resolution,FIXED,---
2008-03-12 15:15:10 EDT,Tod_Creasey@ca.ibm.com,Target Milestone,3.4 M6,3.4
2008-03-26 16:18:17 EDT,Tod_Creasey@ca.ibm.com,Status,VERIFIED,RESOLVED
