When, Who, What, Added, Removed
2008-03-13 04:16:38 EDT,markus.schorn@windriver.com,Assignee,egraf@hsr.ch,cdt-core-inbox@eclipse.org
2008-03-13 04:16:38 EDT,markus.schorn@windriver.com,Target Milestone,5.0 M6,---
2008-03-13 04:28:09 EDT,markus.schorn@windriver.com,Status,RESOLVED,NEW
2008-03-13 04:28:09 EDT,markus.schorn@windriver.com,Keywords,contributed,
2008-03-13 04:28:09 EDT,markus.schorn@windriver.com,Resolution,FIXED,---
2008-06-22 03:52:24 EDT,bjorn.freeman-benson@eclipse.org,Attachment #92400                Flags,iplog+,
