When, Who, What, Added, Removed
2008-03-12 05:46:07 EDT,daniel_megert@ch.ibm.com,Severity,trivial,normal
2008-03-12 05:46:07 EDT,daniel_megert@ch.ibm.com,Component,Text,Team
2008-03-12 05:46:07 EDT,daniel_megert@ch.ibm.com,Target Milestone,3.4 M6,---
2008-03-12 05:56:07 EDT,benno.baumgartner@comerge.net,Summary,[navigation]  better (shorter) name for NLS hyperlink,[navigation]  better (shorter) name for NLS hover
2008-03-12 11:44:24 EDT,benno.baumgartner@comerge.net,Status,RESOLVED,NEW
2008-03-12 11:44:24 EDT,benno.baumgartner@comerge.net,Resolution,FIXED,---
