When, Who, What, Added, Removed
2008-03-11 18:39:54 EDT,cbridgha@us.ibm.com,CC,nitind@us.ibm.com,
2008-03-11 18:39:54 EDT,cbridgha@us.ibm.com,Flags,review?(nitind@us.ibm.com),
2008-03-12 17:19:45 EDT,nitind@us.ibm.com,Status,RESOLVED,NEW
2008-03-12 17:19:45 EDT,nitind@us.ibm.com,Resolution,FIXED,---
2008-03-12 17:19:45 EDT,nitind@us.ibm.com,Flags,review+,review?(nitind@us.ibm.com)
2008-03-12 18:41:58 EDT,nitind@us.ibm.com,Target Milestone,3.0 M6,---
2008-03-17 15:38:11 EDT,ccc@us.ibm.com,CC,trungha@ca.ibm.com,
2008-04-24 00:43:33 EDT,david_williams@us.ibm.com,Keywords,contributed,
2008-10-29 10:12:36 EDT,bjorn.freeman-benson@eclipse.org,Attachment #92242                Flags,iplog+,
2008-10-29 10:12:36 EDT,bjorn.freeman-benson@eclipse.org,Attachment #92245                Flags,iplog+,
2008-10-29 10:12:36 EDT,bjorn.freeman-benson@eclipse.org,Attachment #92728                Flags,iplog+,
2008-10-29 10:12:36 EDT,bjorn.freeman-benson@eclipse.org,Attachment #92729                Flags,iplog+,
