When, Who, What, Added, Removed
2008-03-12 08:25:39 EDT,denis.roy@eclipse.org,OS,All,Windows Vista
2008-03-12 08:25:39 EDT,denis.roy@eclipse.org,Hardware,All,PC
2008-03-12 08:25:39 EDT,denis.roy@eclipse.org,Summary,[meta-data] CVS data won't save [was: Cannot edit project meta data],Cannot edit project meta data
2008-03-12 12:55:17 EDT,gabe.obrien@eclipse.org,CC,gabe.obrien@eclipse.org,
2008-03-12 18:49:45 EDT,gabe.obrien@eclipse.org,Assignee,karl.matthias@eclipse.org,portal-inbox@eclipse.org
2008-03-12 18:49:45 EDT,gabe.obrien@eclipse.org,Priority,P1,P3
2008-03-13 08:54:43 EDT,denis.roy@eclipse.org,CC,denis.roy@eclipse.org,
2008-03-13 17:19:34 EDT,karl.matthias@eclipse.org,Status,RESOLVED,NEW
2008-03-13 17:19:34 EDT,karl.matthias@eclipse.org,Resolution,FIXED,---
2008-03-13 18:10:21 EDT,karl.matthias@eclipse.org,Status,CLOSED,RESOLVED
