When, Who, What, Added, Removed
2008-03-11 17:01:06 EDT,guy.pelletier@oracle.com,Summary,IdClass with static, transient or abstract causes invalid primary key class specification exception.,IdClass causes invalid primary key class specification exception.
2008-03-12 09:29:33 EDT,guy.pelletier@oracle.com,Status,RESOLVED,NEW
2008-03-12 09:29:33 EDT,guy.pelletier@oracle.com,Resolution,FIXED,---
2008-03-12 09:29:33 EDT,guy.pelletier@oracle.com,Target Milestone,1.0M6,---
2009-09-15 10:59:56 EDT,douglas.clarke@oracle.com,Target Milestone,1.0,1.0M6
2009-09-15 10:59:56 EDT,douglas.clarke@oracle.com,Whiteboard,Fixed in 1.0M6,
