When, Who, What, Added, Removed
2008-03-11 23:15:59 EDT,susan@rapicorp.com,CC,susan_franklin@us.ibm.com,
2008-03-11 23:15:59 EDT,susan@rapicorp.com,Status,RESOLVED,NEW
2008-03-11 23:15:59 EDT,susan@rapicorp.com,Resolution,DUPLICATE,---
2008-03-12 18:12:01 EDT,susan@rapicorp.com,Status,REOPENED,RESOLVED
2008-03-12 18:12:01 EDT,susan@rapicorp.com,Resolution,---,DUPLICATE
2008-03-12 18:12:01 EDT,susan@rapicorp.com,Target Milestone,3.4 M6,---
2008-03-13 17:32:13 EDT,susan@rapicorp.com,Status,ASSIGNED,REOPENED
2008-03-13 17:32:13 EDT,susan@rapicorp.com,Target Milestone,3.4,3.4 M6
2008-03-17 11:57:10 EDT,susan@rapicorp.com,Target Milestone,3.4 M7,3.4
2008-04-01 15:54:41 EDT,susan@rapicorp.com,Status,RESOLVED,ASSIGNED
2008-04-01 15:54:41 EDT,susan@rapicorp.com,Resolution,FIXED,---
2008-04-01 15:54:41 EDT,susan@rapicorp.com,Target Milestone,3.4 M6,3.4 M7
