When, Who, What, Added, Removed
2008-03-12 08:17:00 EDT,mathias.stuempert@iwr.fzk.de,Status,RESOLVED,NEW
2008-03-12 08:17:00 EDT,mathias.stuempert@iwr.fzk.de,Resolution,FIXED,---
2008-03-12 08:17:18 EDT,mathias.stuempert@iwr.fzk.de,Status,CLOSED,RESOLVED
2014-01-09 16:14:21 EST,webmaster@eclipse.org,Component,Geclipse,Core
2014-01-09 16:14:21 EST,webmaster@eclipse.org,Version,unspecified,1.0.0
2014-01-09 16:14:21 EST,webmaster@eclipse.org,Product,z_Archived,gEclipse
2014-01-09 16:14:21 EST,webmaster@eclipse.org,Target Milestone,---,1.0.0 M4
