When, Who, What, Added, Removed
2008-03-11 18:09:33 EDT,karenfbutzke@gmail.com,Target Milestone,2.0,---
2008-03-28 16:05:00 EDT,neil.hauge@oracle.com,CC,neil.hauge@oracle.com,
2008-03-28 16:05:00 EDT,neil.hauge@oracle.com,Assignee,pascal.filion@oracle.com,dali.general-inbox@eclipse.org
2008-03-28 16:05:00 EDT,neil.hauge@oracle.com,Target Milestone,2.0 M7,2.0
2008-04-15 16:36:48 EDT,karenfbutzke@gmail.com,Status,RESOLVED,NEW
2008-04-15 16:36:48 EDT,karenfbutzke@gmail.com,Resolution,FIXED,---
2008-05-02 15:52:50 EDT,neil.hauge@oracle.com,Status,VERIFIED,RESOLVED
