When, Who, What, Added, Removed
2008-03-12 03:50:33 EDT,mathias.stuempert@iwr.fzk.de,Blocks,222064,
2008-06-03 07:20:33 EDT,uranium@man.poznan.pl,Status,RESOLVED,NEW
2008-06-03 07:20:33 EDT,uranium@man.poznan.pl,Resolution,FIXED,---
2014-01-09 16:14:49 EST,webmaster@eclipse.org,Component,Geclipse,Core
2014-01-09 16:14:49 EST,webmaster@eclipse.org,Version,unspecified,1.0.0
2014-01-09 16:14:49 EST,webmaster@eclipse.org,Product,z_Archived,gEclipse
2014-01-09 16:14:49 EST,webmaster@eclipse.org,Target Milestone,---,1.0.0 M4
