When, Who, What, Added, Removed
2008-03-12 09:23:38 EDT,Olivier_Thomann@ca.ibm.com,CC,Olivier_Thomann@ca.ibm.com,
2008-03-12 10:04:31 EDT,frederic_fusier@fr.ibm.com,Keywords,performance, test,
2008-03-12 10:27:32 EDT,jerome_lanneluc@fr.ibm.com,Assignee,jerome_lanneluc@fr.ibm.com,jdt-core-inbox@eclipse.org
2008-03-17 06:47:55 EDT,jerome_lanneluc@fr.ibm.com,Status,RESOLVED,NEW
2008-03-17 06:47:55 EDT,jerome_lanneluc@fr.ibm.com,Resolution,FIXED,---
2008-03-17 06:47:55 EDT,jerome_lanneluc@fr.ibm.com,Target Milestone,3.4 M6,---
2008-03-26 06:36:04 EDT,david_audel@fr.ibm.com,CC,david_audel@fr.ibm.com,
2008-03-26 06:36:04 EDT,david_audel@fr.ibm.com,Status,VERIFIED,RESOLVED
