When, Who, What, Added, Removed
2008-03-12 10:40:31 EDT,cgold@us.ibm.com,CC,cgold@us.ibm.com,
2008-03-12 10:40:31 EDT,cgold@us.ibm.com,Component,Update,User Assistance
2008-03-12 15:07:05 EDT,cgold@us.ibm.com,Assignee,platform-update-inbox@eclipse.org,platform-ua-inbox@eclipse.org
2008-03-12 16:19:59 EDT,john_arthorne@ca.ibm.com,Assignee,equinox.p2-inbox@eclipse.org,platform-update-inbox@eclipse.org
2008-03-12 16:19:59 EDT,john_arthorne@ca.ibm.com,Component,p2,Update
2008-03-12 16:19:59 EDT,john_arthorne@ca.ibm.com,Product,Equinox,Platform
2008-03-13 12:15:31 EDT,john_arthorne@ca.ibm.com,CC,susan_franklin@us.ibm.com,
2008-03-13 12:15:31 EDT,john_arthorne@ca.ibm.com,Assignee,timothym@ca.ibm.com,equinox.p2-inbox@eclipse.org
2008-03-13 12:15:31 EDT,john_arthorne@ca.ibm.com,Summary,Welcome page links to classic update,"Help/Software Updates" not populated / not used
2008-03-14 13:25:53 EDT,timothym@ca.ibm.com,Status,ASSIGNED,NEW
2008-03-14 15:37:40 EDT,timothym@ca.ibm.com,Flags,review?(john_arthorne@ca.ibm.com),
2008-03-17 14:31:59 EDT,timothym@ca.ibm.com,Attachment #92593                Attachment is obsolete,1,0
2008-03-17 15:11:53 EDT,timothym@ca.ibm.com,Attachment #92730                Attachment is obsolete,1,0
2008-03-17 16:21:41 EDT,john_arthorne@ca.ibm.com,Severity,normal,major
2008-03-17 16:21:41 EDT,john_arthorne@ca.ibm.com,Status,RESOLVED,ASSIGNED
2008-03-17 16:21:41 EDT,john_arthorne@ca.ibm.com,Resolution,FIXED,---
2008-03-17 16:21:41 EDT,john_arthorne@ca.ibm.com,Target Milestone,3.4 M6,---
2008-03-17 16:21:41 EDT,john_arthorne@ca.ibm.com,Flags,review+,review?(john_arthorne@ca.ibm.com)
