When, Who, What, Added, Removed
2008-03-12 08:16:27 EDT,aeschli@gmail.com,Severity,critical,normal
2008-03-12 08:16:27 EDT,aeschli@gmail.com,Summary,[nls] NLS wizard broken for editing translated strings,[nls] NLS wizard broken when editing translated strings
2008-03-12 08:59:02 EDT,daniel_megert@ch.ibm.com,CC,daniel_megert@ch.ibm.com,
2008-03-12 08:59:02 EDT,daniel_megert@ch.ibm.com,Assignee,benno_baumgartner@ch.ibm.com,jdt-text-inbox@eclipse.org
2008-03-12 08:59:02 EDT,daniel_megert@ch.ibm.com,Severity,normal,critical
2008-03-12 08:59:02 EDT,daniel_megert@ch.ibm.com,Summary,[nls] NLS wizard broken when editing translated strings,[nls] NLS wizard broken for editing translated strings
2008-03-12 08:59:55 EDT,daniel_megert@ch.ibm.com,Severity,critical,normal
2008-03-12 09:28:06 EDT,benno.baumgartner@comerge.net,Target Milestone,3.4 M6,---
2008-03-17 07:32:21 EDT,benno.baumgartner@comerge.net,Status,RESOLVED,NEW
2008-03-17 07:32:21 EDT,benno.baumgartner@comerge.net,Resolution,FIXED,---
2008-03-25 12:23:23 EDT,daniel_megert@ch.ibm.com,Status,VERIFIED,RESOLVED
