When, Who, What, Added, Removed
2008-03-12 10:17:35 EDT,edwin.tang@oracle.com,Assignee,edwin.tang@oracle.com,eclipselink.foundation-inbox@eclipse.org
2008-03-12 10:17:35 EDT,edwin.tang@oracle.com,Status,ASSIGNED,NEW
2008-03-12 13:44:06 EDT,edwin.tang@oracle.com,Attachment #92316                Attachment is obsolete,1,0
2008-03-12 14:26:54 EDT,edwin.tang@oracle.com,Attachment #92344                Attachment is obsolete,1,0
2008-03-12 15:11:20 EDT,edwin.tang@oracle.com,Status,RESOLVED,ASSIGNED
2008-03-12 15:11:20 EDT,edwin.tang@oracle.com,Resolution,FIXED,---
2008-04-08 16:16:26 EDT,peter.krogh@oracle.com,Target Milestone,1.0M6,---
2009-09-15 10:59:54 EDT,douglas.clarke@oracle.com,Target Milestone,1.0,1.0M6
2009-09-15 10:59:54 EDT,douglas.clarke@oracle.com,Whiteboard,Fixed in 1.0M6,
