When, Who, What, Added, Removed
2008-03-12 02:18:51 EDT,wyan@actuate.com,CC,wyan@actuate.com,
2008-03-12 02:18:51 EDT,wyan@actuate.com,Assignee,yChen@actuate.com,Birt-ReportEngine-inbox@eclipse.org
2008-03-12 02:18:51 EDT,wyan@actuate.com,Target Milestone,2.3.0 M6,---
2008-03-12 03:33:27 EDT,xwang@actuate.com,CC,qaobsolete@gmail.com,
2008-03-12 03:53:15 EDT,wlin@actuate.com,Severity,critical,normal
2008-03-12 23:08:46 EDT,yChen@actuate.com,Status,RESOLVED,NEW
2008-03-12 23:08:46 EDT,yChen@actuate.com,Resolution,FIXED,---
2008-03-13 04:16:17 EDT,wlin@actuate.com,Status,CLOSED,RESOLVED
