When, Who, What, Added, Removed
2008-03-11 23:22:53 EDT,yulin.wang@actuate.com,CC,yulin.wang@actuate.com,
2008-03-11 23:22:53 EDT,yulin.wang@actuate.com,Assignee,xiong.zhang@actuate.com,Birt-Chart-inbox@eclipse.org
2008-03-11 23:22:53 EDT,yulin.wang@actuate.com,Component,Report Designer,Chart
2008-03-11 23:22:53 EDT,yulin.wang@actuate.com,Target Milestone,2.3.0 M6,---
2008-03-12 04:34:48 EDT,xiong.zhang@actuate.com,Status,RESOLVED,NEW
2008-03-12 04:34:48 EDT,xiong.zhang@actuate.com,Resolution,FIXED,---
2008-03-13 06:43:34 EDT,lshen@actuate.com,Status,REOPENED,RESOLVED
2008-03-13 06:43:34 EDT,lshen@actuate.com,Resolution,---,FIXED
2008-03-13 22:07:43 EDT,lshen@actuate.com,Status,RESOLVED,REOPENED
2008-03-13 22:07:43 EDT,lshen@actuate.com,Resolution,FIXED,---
2008-03-13 22:08:02 EDT,lshen@actuate.com,Status,CLOSED,RESOLVED
