When, Who, What, Added, Removed
2008-03-12 05:49:40 EDT,markus_keller@ch.ibm.com,CC,daniel_megert@ch.ibm.com,
2008-03-12 07:07:15 EDT,benno.baumgartner@comerge.net,CC,benno_baumgartner@ch.ibm.com,
2008-03-12 09:16:53 EDT,dj_houghton@ca.ibm.com,Target Milestone,3.4 M6,---
2008-03-12 09:56:32 EDT,simon_kaegi@ca.ibm.com,CC,simon_kaegi@ca.ibm.com,
2008-03-12 10:52:01 EDT,pascal@rapicorp.com,CC,pascal_rapicault@ca.ibm.com,
2008-03-12 10:52:01 EDT,pascal@rapicorp.com,Status,RESOLVED,NEW
2008-03-12 10:52:01 EDT,pascal@rapicorp.com,Resolution,FIXED,---
2008-03-12 18:08:21 EDT,simon_kaegi@ca.ibm.com,Status,REOPENED,RESOLVED
2008-03-12 18:08:21 EDT,simon_kaegi@ca.ibm.com,Resolution,---,FIXED
2008-03-12 21:23:29 EDT,simon_kaegi@ca.ibm.com,Depends on,222505,
2008-03-12 22:16:15 EDT,pascal@rapicorp.com,Flags,review?(dj_houghton@ca.ibm.com),
2008-03-12 22:44:53 EDT,simon_kaegi@ca.ibm.com,Status,RESOLVED,REOPENED
2008-03-12 22:44:53 EDT,simon_kaegi@ca.ibm.com,Resolution,FIXED,---
2008-03-15 05:55:27 EDT,daniel_megert@ch.ibm.com,Status,REOPENED,RESOLVED
2008-03-15 05:55:27 EDT,daniel_megert@ch.ibm.com,Resolution,---,FIXED
2008-03-15 19:59:09 EDT,pascal@rapicorp.com,Severity,normal,major
2008-03-17 04:27:16 EDT,daniel_megert@ch.ibm.com,Severity,major,normal
2008-03-17 16:03:06 EDT,dj_houghton@ca.ibm.com,Status,RESOLVED,REOPENED
2008-03-17 16:03:06 EDT,dj_houghton@ca.ibm.com,Resolution,FIXED,---
