When, Who, What, Added, Removed
2008-03-11 17:04:27 EDT,sleeloy@ca.ibm.com,Assignee,jagmits@ca.ibm.com,bsubram@us.ibm.com
2008-03-12 08:18:00 EDT,jagmits@ca.ibm.com,Status,ASSIGNED,NEW
2008-03-12 11:52:53 EDT,hkyleung@ca.ibm.com,Severity,critical,normal
2008-03-12 11:52:53 EDT,hkyleung@ca.ibm.com,Target Milestone,i10,---
2008-03-12 11:52:53 EDT,hkyleung@ca.ibm.com,Version,1.0,unspecified
2008-03-12 21:46:51 EDT,jagmits@ca.ibm.com,Status,RESOLVED,ASSIGNED
2008-03-12 21:46:51 EDT,jagmits@ca.ibm.com,Resolution,FIXED,---
2008-05-01 11:38:03 EDT,sleeloy@ca.ibm.com,Status,VERIFIED,RESOLVED
2009-06-30 09:31:28 EDT,paules@ca.ibm.com,Status,CLOSED,VERIFIED
2009-06-30 09:31:28 EDT,paules@ca.ibm.com,Whiteboard,closed460,
2009-06-30 09:54:48 EDT,paules@ca.ibm.com,Whiteboard,,closed460
2012-01-03 13:46:37 EST,webmaster@eclipse.org,Component,Cosmos,cosmos.build
2012-01-03 13:46:37 EST,webmaster@eclipse.org,Version,unspecified,1.0
2012-01-03 13:46:37 EST,webmaster@eclipse.org,Product,z_Archived,Cosmos
2012-01-03 13:46:37 EST,webmaster@eclipse.org,Target Milestone,---,i10
