When, Who, What, Added, Removed
2008-03-11 18:36:54 EDT,pwebster@ca.ibm.com,Assignee,jdt-core-inbox@eclipse.org,platform-ide-inbox@eclipse.org
2008-03-11 18:36:54 EDT,pwebster@ca.ibm.com,Component,Core,IDE
2008-03-11 18:36:54 EDT,pwebster@ca.ibm.com,Product,JDT,Platform
2008-03-11 19:02:59 EDT,Olivier_Thomann@ca.ibm.com,CC,Olivier_Thomann@ca.ibm.com,
2008-03-11 19:02:59 EDT,Olivier_Thomann@ca.ibm.com,Assignee,philippe_mulet@fr.ibm.com,jdt-core-inbox@eclipse.org
2008-03-17 00:04:34 EDT,philippe_mulet@fr.ibm.com,CC,philippe_mulet@fr.ibm.com,
2008-03-17 00:04:34 EDT,philippe_mulet@fr.ibm.com,Assignee,kent_johnson@ca.ibm.com,philippe_mulet@fr.ibm.com
2008-03-17 00:05:30 EDT,philippe_mulet@fr.ibm.com,Summary,[1.5][compiler] NullPointerException during: "Compute launch button tooltip".,NullPointerException during: "Compute launch button tooltip".
2008-03-28 14:29:28 EDT,kent_johnson@ca.ibm.com,Keywords,needinfo,
2008-03-28 14:29:28 EDT,kent_johnson@ca.ibm.com,Priority,P5,P3
2008-03-31 12:05:00 EDT,kent_johnson@ca.ibm.com,Priority,P3,P5
2008-04-17 11:26:57 EDT,kent_johnson@ca.ibm.com,Status,RESOLVED,NEW
2008-04-17 11:26:57 EDT,kent_johnson@ca.ibm.com,Resolution,FIXED,---
2008-04-17 11:26:57 EDT,kent_johnson@ca.ibm.com,Target Milestone,3.4 M7,---
2008-04-21 13:40:18 EDT,kent_johnson@ca.ibm.com,Keywords,,needinfo
2008-04-22 14:39:54 EDT,kent_johnson@ca.ibm.com,CC,steffen.kloessel@gmx.de,
2008-04-28 11:11:51 EDT,david_audel@fr.ibm.com,CC,david_audel@fr.ibm.com,
2008-04-28 11:11:51 EDT,david_audel@fr.ibm.com,Status,VERIFIED,RESOLVED
