When, Who, What, Added, Removed
2008-03-12 18:01:36 EDT,ptrevithick@gmail.com,CC,bwalker@parityinc.net,
2008-03-12 18:01:36 EDT,ptrevithick@gmail.com,Assignee,jjacob@parityinc.net,paul@socialphysics.org
2008-03-12 18:01:36 EDT,ptrevithick@gmail.com,Target Milestone,1.1M1,1.0
2008-03-12 18:01:48 EDT,ptrevithick@gmail.com,CC,paul@socialphysics.org,
2008-03-12 18:01:48 EDT,ptrevithick@gmail.com,Status,ASSIGNED,NEW
2008-03-13 10:36:35 EDT,buzoverya@aquasoft.dp.ua,Status,RESOLVED,ASSIGNED
2008-03-13 10:36:35 EDT,buzoverya@aquasoft.dp.ua,Resolution,FIXED,---
