When, Who, What, Added, Removed
2008-03-12 15:57:13 EDT,pascal@rapicorp.com,CC,pascal_rapicault@ca.ibm.com,
2008-03-12 15:57:13 EDT,pascal@rapicorp.com,Assignee,platform-releng-inbox@eclipse.org,equinox.p2-inbox@eclipse.org
2008-03-12 15:57:13 EDT,pascal@rapicorp.com,Component,Releng,p2
2008-03-12 15:57:13 EDT,pascal@rapicorp.com,OS,All,Mac OS X
2008-03-12 15:57:13 EDT,pascal@rapicorp.com,Product,Platform,Equinox
2008-03-12 15:57:13 EDT,pascal@rapicorp.com,Version,3.4,unspecified
2008-03-12 17:35:08 EDT,kim.moir@gmail.com,CC,kmoir@ca.ibm.com,
2008-03-12 17:35:08 EDT,kim.moir@gmail.com,Assignee,kmoir@ca.ibm.com,platform-releng-inbox@eclipse.org
2008-03-14 22:21:01 EDT,dj_houghton@ca.ibm.com,CC,dj_houghton@ca.ibm.com,
2008-03-14 22:21:01 EDT,dj_houghton@ca.ibm.com,Target Milestone,3.4 M6,---
2008-05-01 17:55:37 EDT,kim.moir@gmail.com,Status,RESOLVED,NEW
2008-05-01 17:55:37 EDT,kim.moir@gmail.com,Resolution,FIXED,---
2008-05-01 17:55:37 EDT,kim.moir@gmail.com,Target Milestone,3.4 M7,3.4 M6
