When, Who, What, Added, Removed
2008-03-13 05:23:33 EDT,Szymon.Brandys@pl.ibm.com,CC,Szymon.Brandys@pl.ibm.com,
2008-03-13 12:35:28 EDT,caniszczyk@gmail.com,URL,http://mea-bloga.blogspot.com/2008/02/cooking-in-pde-kitchen.html,
2008-03-13 18:20:29 EDT,john_arthorne@ca.ibm.com,Status,RESOLVED,NEW
2008-03-13 18:20:29 EDT,john_arthorne@ca.ibm.com,Resolution,FIXED,---
2008-03-13 18:20:29 EDT,john_arthorne@ca.ibm.com,Target Milestone,3.4 M6,---
2008-03-30 08:42:22 EDT,Szymon.Brandys@pl.ibm.com,Status,VERIFIED,RESOLVED
