When, Who, What, Added, Removed
2008-03-12 22:02:54 EDT,Olivier_Thomann@ca.ibm.com,Assignee,Olivier_Thomann@ca.ibm.com,pde-apitools-inbox@eclipse.org
2008-03-12 22:02:54 EDT,Olivier_Thomann@ca.ibm.com,Target Milestone,3.4 M6,---
2008-03-13 12:25:26 EDT,Olivier_Thomann@ca.ibm.com,CC,Darin_Wright@ca.ibm.com,
2008-03-13 12:25:26 EDT,Olivier_Thomann@ca.ibm.com,Status,RESOLVED,NEW
2008-03-13 12:25:26 EDT,Olivier_Thomann@ca.ibm.com,Resolution,FIXED,---
2008-04-09 20:33:27 EDT,Olivier_Thomann@ca.ibm.com,Status,VERIFIED,RESOLVED
