When, Who, What, Added, Removed
2008-03-12 11:03:33 EDT,caniszczyk@gmail.com,Assignee,cwindatt@ca.ibm.com,pde-ui-inbox@eclipse.org
2008-03-12 11:03:33 EDT,caniszczyk@gmail.com,Priority,P1,P3
2008-03-12 11:03:33 EDT,caniszczyk@gmail.com,Target Milestone,3.4 M6,---
2008-03-19 17:11:09 EDT,caniszczyk@gmail.com,Assignee,zx@us.ibm.com,cwindatt@ca.ibm.com
2008-03-19 17:11:40 EDT,caniszczyk@gmail.com,Status,RESOLVED,NEW
2008-03-19 17:11:40 EDT,caniszczyk@gmail.com,Resolution,FIXED,---
2008-03-19 19:09:09 EDT,cwindatt@ca.ibm.com,CC,cwindatt@ca.ibm.com,
