When, Who, What, Added, Removed
2008-03-12 23:09:35 EDT,zqian@actuate.com,CC,zqian@actuate.com,
2008-03-12 23:09:35 EDT,zqian@actuate.com,Assignee,xiong.zhang@actuate.com,Birt-ReportDesigner-inbox@eclipse.org
2008-03-12 23:09:35 EDT,zqian@actuate.com,Target Milestone,2.3.0 M6,---
2008-03-13 03:40:59 EDT,zqian@actuate.com,Assignee,cchen@actuate.com,xiong.zhang@actuate.com
2008-03-17 00:34:48 EDT,cchen@actuate.com,Status,RESOLVED,NEW
2008-03-17 00:34:48 EDT,cchen@actuate.com,Resolution,FIXED,---
