When, Who, What, Added, Removed
2008-03-12 11:01:03 EDT,jagmits@ca.ibm.com,Status,ASSIGNED,NEW
2008-03-14 09:34:37 EDT,jagmits@ca.ibm.com,Status,RESOLVED,ASSIGNED
2008-03-14 09:34:37 EDT,jagmits@ca.ibm.com,Resolution,FIXED,---
2008-06-24 16:51:07 EDT,amehrega@ca.ibm.com,Status,VERIFIED,RESOLVED
2008-06-24 16:51:15 EDT,amehrega@ca.ibm.com,Status,CLOSED,VERIFIED
2012-01-03 13:54:08 EST,webmaster@eclipse.org,Component,Cosmos,cosmos.build
2012-01-03 13:54:08 EST,webmaster@eclipse.org,Product,z_Archived,Cosmos
