When, Who, What, Added, Removed
2008-05-22 11:36:59 EDT,schmeeky@gmail.com,CC,schmeeky@gmail.com,
2008-12-09 04:08:02 EST,andy-eclipsebugs@splashground.de,CC,andy-eclipsebugs@splashground.de,
2009-04-24 09:02:26 EDT,tom.schindl@bestsolution.at,Priority,P5,P3
2009-06-25 09:28:31 EDT,schmeeky@gmail.com,Attachment #140094                Attachment is patch,1,0
2009-06-25 09:29:13 EDT,schmeeky@gmail.com,Attachment #140093                Attachment is patch,1,0
2009-06-25 09:37:27 EDT,blutkind99@gmail.com,CC,blutkind99@gmail.com,
2009-06-25 10:07:30 EDT,schmeeky@gmail.com,Attachment #140093                Attachment is obsolete,1,0
2010-06-04 04:40:43 EDT,mbr-eclipse@p2r.se,CC,mbr-eclipse@p2r.se,
2010-06-21 07:00:47 EDT,thha@fernbach.com,CC,thha@fernbach.com,
2010-09-18 16:49:33 EDT,tom.schindl@bestsolution.at,Assignee,tom.schindl@bestsolution.at,cgross@elementriver.com
2011-07-12 16:56:24 EDT,patrick@modumind.com,CC,patrick@modumind.com,
2012-05-02 12:34:03 EDT,cvgaviao@gmail.com,CC,cvgaviao@gmail.com,
2012-09-18 07:15:01 EDT,anton.leherbauer@windriver.com,CC,anton.leherbauer@windriver.com,
2014-05-06 09:05:57 EDT,wim.jongman@remainsoftware.com,CC,wim.jongman@remainsoftware.com,
2014-05-06 09:05:57 EDT,wim.jongman@remainsoftware.com,Assignee,nebula-inbox@eclipse.org,tom.schindl@bestsolution.at
2014-05-06 09:06:47 EDT,wim.jongman@remainsoftware.com,Assignee,caosmpz@yahoo.it,nebula-inbox@eclipse.org
2014-05-06 09:18:01 EDT,caosmpz@yahoo.it,Status,RESOLVED,NEW
2014-05-06 09:18:01 EDT,caosmpz@yahoo.it,Resolution,FIXED,---
2014-09-10 06:50:33 EDT,wim.jongman@remainsoftware.com,Attachment #140094                Flags,iplog-,
2014-09-10 06:50:53 EDT,wim.jongman@remainsoftware.com,Attachment #140098                Flags,iplog-,
2014-09-10 06:51:06 EDT,wim.jongman@remainsoftware.com,Attachment #208597                Flags,iplog-,
2014-09-10 06:51:49 EDT,wim.jongman@remainsoftware.com,Attachment #210037                Flags,iplog-,
