When, Who, What, Added, Removed
2008-03-13 06:53:04 EDT,jerome_lanneluc@fr.ibm.com,Assignee,jerome_lanneluc@fr.ibm.com,jdt-core-inbox@eclipse.org
2008-03-13 06:55:27 EDT,jerome_lanneluc@fr.ibm.com,Status,RESOLVED,NEW
2008-03-13 06:55:27 EDT,jerome_lanneluc@fr.ibm.com,Resolution,FIXED,---
2008-03-13 06:55:27 EDT,jerome_lanneluc@fr.ibm.com,Target Milestone,3.4 M6,---
2008-03-25 12:47:09 EDT,david_audel@fr.ibm.com,CC,david_audel@fr.ibm.com,
2008-03-25 12:47:09 EDT,david_audel@fr.ibm.com,Status,VERIFIED,RESOLVED
