When, Who, What, Added, Removed
2008-03-17 10:38:56 EDT,Tod_Creasey@ca.ibm.com,Assignee,pwebster@ca.ibm.com,Platform-UI-Inbox@eclipse.org
2008-03-17 10:38:56 EDT,Tod_Creasey@ca.ibm.com,Summary,[KeyBindings] WARNING messages generated for incorrect message content in plugin org.eclipse.ui.workbench,WARNING messages generated for incorrect message content in plugin org.eclipse.ui.workbench
2008-07-15 08:56:50 EDT,pwebster@ca.ibm.com,Status,ASSIGNED,NEW
2008-07-15 08:56:50 EDT,pwebster@ca.ibm.com,Target Milestone,3.4.1,---
2008-07-29 12:53:25 EDT,pwebster@ca.ibm.com,Status,RESOLVED,ASSIGNED
2008-07-29 12:53:25 EDT,pwebster@ca.ibm.com,Resolution,FIXED,---
2008-07-29 12:53:51 EDT,pwebster@ca.ibm.com,Blocks,242421,
2008-08-28 12:14:15 EDT,pwebster@ca.ibm.com,Status,VERIFIED,RESOLVED
