When, Who, What, Added, Removed
2008-05-15 11:26:48 EDT,tkoecker@gmx.net,Status,RESOLVED,NEW
2008-05-15 11:26:48 EDT,tkoecker@gmx.net,Resolution,FIXED,---
2008-05-15 11:26:58 EDT,tkoecker@gmx.net,Status,CLOSED,RESOLVED
2014-01-09 16:14:40 EST,webmaster@eclipse.org,Component,Geclipse,Core
2014-01-09 16:14:40 EST,webmaster@eclipse.org,Version,unspecified,1.0.0
2014-01-09 16:14:40 EST,webmaster@eclipse.org,Product,z_Archived,gEclipse
2014-01-09 16:14:40 EST,webmaster@eclipse.org,Target Milestone,---,1.0.0 M4
