When, Who, What, Added, Removed
2009-02-20 22:13:13 EST,pascal@rapicorp.com,Assignee,mpiggott@ca.ibm.com,equinox.p2-inbox@eclipse.org
2009-02-20 22:13:13 EST,pascal@rapicorp.com,Severity,enhancement,normal
2009-02-20 22:13:13 EST,pascal@rapicorp.com,Keywords,polish,
2009-02-20 22:13:13 EST,pascal@rapicorp.com,Target Milestone,3.5,---
2009-03-27 16:11:36 EDT,pascal@rapicorp.com,Target Milestone,3.5 M7,3.5
2009-03-30 11:14:25 EDT,mpiggott@sonatype.com,Attachment #129754                Attachment is obsolete,1,0
2009-04-06 23:54:31 EDT,pascal@rapicorp.com,Assignee,susan_franklin@us.ibm.com,mpiggott@ca.ibm.com
2009-04-13 14:34:47 EDT,susan@rapicorp.com,CC,mpiggott@ca.ibm.com,
2009-04-13 14:34:47 EDT,susan@rapicorp.com,Status,RESOLVED,NEW
2009-04-13 14:34:47 EDT,susan@rapicorp.com,Resolution,FIXED,---
2009-04-13 14:46:27 EDT,susan@rapicorp.com,Attachment #130253                Flags,iplog+,
2009-04-22 13:56:29 EDT,susan@rapicorp.com,Status,REOPENED,RESOLVED
2009-04-22 13:56:29 EDT,susan@rapicorp.com,Resolution,---,FIXED
2009-04-22 18:36:12 EDT,susan@rapicorp.com,Attachment #130253                Attachment is obsolete,1,0
2009-04-22 18:39:58 EDT,susan@rapicorp.com,CC,simon_kaegi@ca.ibm.com, dj_houghton@ca.ibm.com,
2009-04-22 18:39:58 EDT,susan@rapicorp.com,Status,RESOLVED,REOPENED
2009-04-22 18:39:58 EDT,susan@rapicorp.com,Resolution,FIXED,---
