When, Who, What, Added, Removed
2008-03-12 10:00:41 EDT,aeschli@gmail.com,CC,martin_aeschlimann@ch.ibm.com,
2008-03-12 10:00:41 EDT,aeschli@gmail.com,Assignee,jdt-text-inbox@eclipse.org,jdt-ui-inbox@eclipse.org
2008-03-12 10:00:41 EDT,aeschli@gmail.com,Component,Text,UI
2008-03-13 05:46:04 EDT,daniel_megert@ch.ibm.com,CC,daniel_megert@ch.ibm.com,
2008-03-13 05:46:04 EDT,daniel_megert@ch.ibm.com,Assignee,benno_baumgartner@ch.ibm.com,jdt-text-inbox@eclipse.org
2008-03-13 05:46:04 EDT,daniel_megert@ch.ibm.com,Target Milestone,3.4 M6,---
2008-03-13 07:04:03 EDT,benno.baumgartner@comerge.net,Status,RESOLVED,NEW
2008-03-13 07:04:03 EDT,benno.baumgartner@comerge.net,Resolution,FIXED,---
