When, Who, What, Added, Removed
2008-03-12 12:54:16 EDT,eclipse.sprigogin@gmail.com,CC,eclipse.sprigogin@gmail.com,
2008-04-16 06:26:42 EDT,andrew.ferguson@symbian.com,Assignee,andrew.ferguson@symbian.com,cdt-core-inbox@eclipse.org
2008-04-16 06:26:42 EDT,andrew.ferguson@symbian.com,Status,ASSIGNED,NEW
2008-04-16 12:32:40 EDT,andrew.ferguson@symbian.com,Status,RESOLVED,ASSIGNED
2008-04-16 12:32:40 EDT,andrew.ferguson@symbian.com,Resolution,FIXED,---
2008-04-16 12:32:40 EDT,andrew.ferguson@symbian.com,Target Milestone,5.0 M7,---
2014-01-29 21:08:16 EST,dschaefer@qnx.com,Attachment #96234                Flags,iplog-,
2014-01-29 21:08:16 EST,dschaefer@qnx.com,CC,dschaefer@qnx.com,
