When, Who, What, Added, Removed
2008-03-12 13:21:14 EDT,ptrevithick@gmail.com,Assignee,vkokhan@aquasoft.dp.ua,paul@socialphysics.org
2008-03-12 13:21:14 EDT,ptrevithick@gmail.com,Component,HBX,I-Card Provider
2008-03-12 13:21:53 EDT,ptrevithick@gmail.com,CC,paul@socialphysics.org, bwalker@parityinc.net,
2008-03-12 13:21:53 EDT,ptrevithick@gmail.com,Status,ASSIGNED,NEW
2008-03-12 13:21:53 EDT,ptrevithick@gmail.com,Target Milestone,1.0.1,1.0
2008-03-12 13:37:39 EDT,ptrevithick@gmail.com,Severity,normal,critical
2008-03-19 08:07:16 EDT,mkopeyka@parityinc.net,CC,mkopeyka@parityinc.net,
2008-03-19 08:07:16 EDT,mkopeyka@parityinc.net,Assignee,mkopeyka@parityinc.net,vkokhan@aquasoft.dp.ua
2008-03-19 08:07:16 EDT,mkopeyka@parityinc.net,Status,NEW,ASSIGNED
2008-03-19 17:34:42 EDT,mkopeyka@parityinc.net,Status,RESOLVED,NEW
2008-03-19 17:34:42 EDT,mkopeyka@parityinc.net,Resolution,FIXED,---
2008-03-20 17:06:39 EDT,vkokhan@aquasoft.dp.ua,CC,vkokhan@aquasoft.dp.ua,
2008-03-20 17:06:39 EDT,vkokhan@aquasoft.dp.ua,Status,REOPENED,RESOLVED
2008-03-20 17:06:39 EDT,vkokhan@aquasoft.dp.ua,Resolution,---,FIXED
2008-03-20 17:39:35 EDT,mkopeyka@parityinc.net,Status,RESOLVED,REOPENED
2008-03-20 17:39:35 EDT,mkopeyka@parityinc.net,Resolution,FIXED,---
