When, Who, What, Added, Removed
2008-03-12 17:30:21 EDT,karl.matthias@eclipse.org,CC,karl.matthias@eclipse.org,
2008-03-12 17:30:21 EDT,karl.matthias@eclipse.org,Assignee,webmaster@eclipse.org,portal-inbox@eclipse.org
2008-03-12 17:30:21 EDT,karl.matthias@eclipse.org,Component,CVS,Portal
2008-03-12 17:30:21 EDT,karl.matthias@eclipse.org,Summary,Request for shell access,Not possible to request shell access
2008-03-13 14:17:49 EDT,denis.roy@eclipse.org,Status,RESOLVED,NEW
2008-03-13 14:17:49 EDT,denis.roy@eclipse.org,Resolution,FIXED,---
2008-03-13 14:20:52 EDT,kaloyan.r@zend.com,Status,CLOSED,RESOLVED
