When, Who, What, Added, Removed
2008-03-12 22:11:30 EDT,Olivier_Thomann@ca.ibm.com,CC,Olivier_Thomann@ca.ibm.com,
2008-03-22 22:33:35 EDT,david_williams@us.ibm.com,CC,david_williams@us.ibm.com,
2008-03-31 01:28:09 EDT,igor.alelekov@intel.com,CC,igor.alelekov@intel.com,
2008-04-14 16:32:34 EDT,pascal@rapicorp.com,CC,pascal_rapicault@ca.ibm.com,
2008-04-14 16:32:34 EDT,pascal@rapicorp.com,Assignee,dj_houghton@ca.ibm.com,equinox.p2-inbox@eclipse.org
2008-04-14 16:32:34 EDT,pascal@rapicorp.com,Target Milestone,3.4,---
2008-04-14 17:09:34 EDT,jcayne@ca.ibm.com,CC,jcayne@ca.ibm.com,
2008-04-15 09:13:45 EDT,overholt@gmail.com,CC,overholt@redhat.com,
2008-04-16 18:34:25 EDT,dj_houghton@ca.ibm.com,Target Milestone,3.4 M7,3.4
2008-04-30 12:03:55 EDT,dj_houghton@ca.ibm.com,Status,RESOLVED,NEW
2008-04-30 12:03:55 EDT,dj_houghton@ca.ibm.com,Resolution,FIXED,---
2008-04-30 14:30:21 EDT,jcayne@ca.ibm.com,Status,REOPENED,RESOLVED
2008-04-30 14:30:21 EDT,jcayne@ca.ibm.com,Resolution,---,FIXED
2008-04-30 18:44:10 EDT,pascal@rapicorp.com,Target Milestone,3.4 RC1,3.4 M7
2008-05-15 12:38:38 EDT,samuelwu@ca.ibm.com,CC,samuelwu@ca.ibm.com,
2008-05-15 17:27:58 EDT,dj_houghton@ca.ibm.com,Target Milestone,3.4 RC2,3.4 RC1
2008-05-19 13:25:30 EDT,susan@rapicorp.com,CC,susan_franklin@us.ibm.com, wmitsuda@gmail.com,
2008-05-26 10:16:18 EDT,dj_houghton@ca.ibm.com,Target Milestone,3.4 RC3,3.4 RC2
2008-05-28 17:51:38 EDT,clin@us.ibm.com,CC,clin@us.ibm.com,
2008-05-28 19:05:26 EDT,dj_houghton@ca.ibm.com,Attachment #102261                Attachment is obsolete,1,0
2008-05-28 19:11:49 EDT,dj_houghton@ca.ibm.com,CC,john_arthorne@ca.ibm.com, simon_kaegi@ca.ibm.com,
2008-05-28 19:11:49 EDT,dj_houghton@ca.ibm.com,Flags,review?(john_arthorne@ca.ibm.com), review?(simon_kaegi@ca.ibm.com),
2008-05-29 11:19:55 EDT,simon_kaegi@ca.ibm.com,Flags,review+,review?(simon_kaegi@ca.ibm.com)
2008-05-29 11:34:14 EDT,john_arthorne@ca.ibm.com,Flags,review+,review?(john_arthorne@ca.ibm.com)
2008-05-29 11:50:18 EDT,dj_houghton@ca.ibm.com,Status,RESOLVED,REOPENED
2008-05-29 11:50:18 EDT,dj_houghton@ca.ibm.com,Resolution,FIXED,---
2008-06-05 18:00:23 EDT,martin.oberhuber@windriver.com,Blocks,235941,
