When, Who, What, Added, Removed
2008-03-26 10:38:19 EDT,aeschli@gmail.com,CC,martin_aeschlimann@ch.ibm.com,
2008-03-26 10:38:19 EDT,aeschli@gmail.com,Assignee,martin_aeschlimann@ch.ibm.com,jdt-ui-inbox@eclipse.org
2008-03-26 10:38:19 EDT,aeschli@gmail.com,Target Milestone,3.4 M7,---
2008-04-01 07:03:54 EDT,daniel_megert@ch.ibm.com,Attachment #92335                Flags,review-,
2008-04-01 07:04:25 EDT,daniel_megert@ch.ibm.com,CC,daniel_megert@ch.ibm.com,
2008-04-01 07:04:25 EDT,daniel_megert@ch.ibm.com,Assignee,daniel_megert@ch.ibm.com,martin_aeschlimann@ch.ibm.com
2008-04-01 08:36:49 EDT,daniel_megert@ch.ibm.com,Status,RESOLVED,NEW
2008-04-01 08:36:49 EDT,daniel_megert@ch.ibm.com,Resolution,FIXED,---
