When, Who, What, Added, Removed
2008-03-12 16:07:39 EDT,xuanchen@ca.ibm.com,CC,dmcknigh@ca.ibm.com,
2008-03-12 16:08:24 EDT,xuanchen@ca.ibm.com,CC,david_dykstal@us.ibm.com,
2008-03-12 16:08:43 EDT,xuanchen@ca.ibm.com,Assignee,xuanchen@ca.ibm.com,dsdp.tm.rse-inbox@eclipse.org
2008-03-12 16:10:08 EDT,xuanchen@ca.ibm.com,Severity,major,normal
2008-03-12 16:10:08 EDT,xuanchen@ca.ibm.com,Priority,P2,P3
2008-03-12 16:10:08 EDT,xuanchen@ca.ibm.com,Target Milestone,3.0 M6,---
2008-03-14 00:24:09 EDT,xuanchen@ca.ibm.com,Summary,Enable default compile command and user actions in org.eclipse.rse.useractions plugin,Adding User Defined Actions support to DStore file subsystem
2008-03-14 00:24:51 EDT,xuanchen@ca.ibm.com,Status,RESOLVED,NEW
2008-03-14 00:24:51 EDT,xuanchen@ca.ibm.com,Resolution,FIXED,---
2010-11-26 11:00:24 EST,xuanchen@ca.ibm.com,Status,CLOSED,RESOLVED
