When, Who, What, Added, Removed
2008-03-12 11:35:13 EDT,caniszczyk@gmail.com,CC,zx@us.ibm.com,
2008-03-12 11:35:13 EDT,caniszczyk@gmail.com,Keywords,bugday,
2008-03-14 10:23:34 EDT,caniszczyk@gmail.com,Assignee,blazej.kroll@pl.ibm.com,pde-ui-inbox@eclipse.org
2008-03-14 10:23:34 EDT,caniszczyk@gmail.com,Keywords,contributed,
2008-03-14 10:23:34 EDT,caniszczyk@gmail.com,Target Milestone,3.4 M6,---
2008-03-14 10:58:40 EDT,caniszczyk@gmail.com,Status,RESOLVED,NEW
2008-03-14 10:58:40 EDT,caniszczyk@gmail.com,Resolution,FIXED,---
2008-04-09 09:57:36 EDT,kitlo@us.ibm.com,Status,VERIFIED,RESOLVED
2008-04-09 09:57:48 EDT,kitlo@us.ibm.com,Status,CLOSED,VERIFIED
