When, Who, What, Added, Removed
2008-03-13 11:23:45 EDT,caniszczyk@gmail.com,Attachment #92359                Attachment is obsolete,1,0
2008-03-13 12:17:19 EDT,caniszczyk@gmail.com,Depends on,222600,
2008-05-21 07:59:07 EDT,tomasz.zarna@tasktop.com,Assignee,Tomasz.Zarna@pl.ibm.com,platform-compare-inbox@eclipse.org
2008-05-21 09:57:16 EDT,tomasz.zarna@tasktop.com,Attachment #92453                Attachment is obsolete,1,0
2008-05-21 09:59:25 EDT,tomasz.zarna@tasktop.com,CC,Szymon.Brandys@pl.ibm.com,
2008-05-21 09:59:25 EDT,tomasz.zarna@tasktop.com,Status,ASSIGNED,NEW
2008-05-21 09:59:25 EDT,tomasz.zarna@tasktop.com,Target Milestone,3.4,---
2008-05-21 09:59:25 EDT,tomasz.zarna@tasktop.com,Flags,review+,
2008-05-21 10:02:11 EDT,tomasz.zarna@tasktop.com,Flags,review?(Szymon.Brandys@pl.ibm.com),
2008-05-23 06:41:10 EDT,Szymon.Brandys@pl.ibm.com,Target Milestone,3.3 RC3,3.4
2008-05-23 07:37:00 EDT,Szymon.Brandys@pl.ibm.com,Target Milestone,3.4 RC3,3.3 RC3
2008-05-23 11:20:09 EDT,tomasz.zarna@tasktop.com,Attachment #101256                Attachment is obsolete,1,0
2008-05-23 11:20:36 EDT,tomasz.zarna@tasktop.com,Depends on,,222600
2008-05-23 11:26:29 EDT,Szymon.Brandys@pl.ibm.com,Flags,review+,review?(Szymon.Brandys@pl.ibm.com)
2008-05-23 11:31:02 EDT,tomasz.zarna@tasktop.com,Status,RESOLVED,ASSIGNED
2008-05-23 11:31:02 EDT,tomasz.zarna@tasktop.com,Resolution,FIXED,---
2008-05-23 11:31:02 EDT,tomasz.zarna@tasktop.com,Target Milestone,3.4,3.4 RC3
2008-05-23 11:35:55 EDT,tomasz.zarna@tasktop.com,Target Milestone,3.4 RC3,3.4
2008-06-03 04:36:51 EDT,tomasz.zarna@tasktop.com,Status,VERIFIED,RESOLVED
