When, Who, What, Added, Removed
2008-03-12 10:20:53 EDT,gadi@zend.com,Priority,P1,P3
2008-03-22 11:31:02 EDT,assaf.almaz@zend.com,CC,assaf.almaz@zend.com,
2008-03-22 11:31:02 EDT,assaf.almaz@zend.com,Assignee,roy@zend.com,php.ui-inbox@eclipse.org
2008-03-22 11:31:02 EDT,assaf.almaz@zend.com,Priority,P2,P1
2008-03-22 11:31:02 EDT,assaf.almaz@zend.com,Target Milestone,1.0.4,---
2008-03-22 18:14:05 EDT,assaf.almaz@zend.com,Status,ASSIGNED,NEW
2008-09-01 03:28:17 EDT,ganoro@gmail.com,Status,NEW,ASSIGNED
2008-09-04 03:47:14 EDT,ganoro@gmail.com,Status,ASSIGNED,NEW
2008-09-04 04:00:58 EDT,ganoro@gmail.com,Assignee,eden@zend.com,roy@zend.com
2008-09-04 04:00:58 EDT,ganoro@gmail.com,Status,NEW,ASSIGNED
2008-09-04 07:45:11 EDT,eden@zend.com,Status,RESOLVED,NEW
2008-09-04 07:45:11 EDT,eden@zend.com,Resolution,FIXED,---
2008-10-05 09:35:44 EDT,gadi@zend.com,Status,CLOSED,RESOLVED
