When, Who, What, Added, Removed
2008-03-12 16:32:27 EDT,kathy@ca.ibm.com,Target Milestone,3.0 M6,---
2008-03-12 16:35:12 EDT,kathy@ca.ibm.com,Blocks,220371,
2008-03-24 12:28:55 EDT,kathy@ca.ibm.com,Assignee,makandre@ca.ibm.com,ericdp@ca.ibm.com
2008-03-25 20:07:43 EDT,makandre@ca.ibm.com,Status,ASSIGNED,NEW
2008-03-26 13:23:30 EDT,kathy@ca.ibm.com,Status,RESOLVED,ASSIGNED
2008-03-26 13:23:30 EDT,kathy@ca.ibm.com,Resolution,FIXED,---
2008-04-24 00:44:32 EDT,david_williams@us.ibm.com,Keywords,contributed,
2008-04-25 15:09:58 EDT,kathy@ca.ibm.com,Status,CLOSED,RESOLVED
2008-10-29 10:12:36 EDT,bjorn.freeman-benson@eclipse.org,Attachment #93495                Flags,iplog+,
