When, Who, What, Added, Removed
2009-04-06 10:39:07 EDT,webmaster@eclipse.org,Component,Photran.Managed Make,Managed Make
2009-04-06 10:39:07 EDT,webmaster@eclipse.org,Product,PTP,Photran
2009-04-06 10:39:07 EDT,webmaster@eclipse.org,Version,4.0,4.0-beta3
2009-05-28 14:38:28 EDT,jeffreyoverbey@acm.org,Assignee,tyuvash2@illinois.edu,photran-inbox@eclipse.org
2009-05-29 10:13:59 EDT,jeffreyoverbey@acm.org,Priority,P2,P3
2009-06-17 15:19:09 EDT,tyuvash2@illinois.edu,CC,m.r.hadian@gmail.com,
2009-06-17 17:31:12 EDT,jeffreyoverbey@acm.org,Status,RESOLVED,NEW
2009-06-17 17:31:12 EDT,jeffreyoverbey@acm.org,Resolution,FIXED,---
2009-06-17 17:31:12 EDT,jeffreyoverbey@acm.org,Flags,iplog+,
2011-01-31 07:52:46 EST,g.watson@computer.org,Attachment #139470                Flags,iplog+,
2011-01-31 07:52:52 EST,g.watson@computer.org,CC,g.watson@computer.org,
2011-01-31 07:52:52 EST,g.watson@computer.org,Flags,,iplog+
