When, Who, What, Added, Removed
2008-03-12 12:59:57 EDT,Michael_Rennie@ca.ibm.com,Assignee,Michael_Rennie@ca.ibm.com,pde-apitools-inbox@eclipse.org
2008-03-12 12:59:57 EDT,Michael_Rennie@ca.ibm.com,Target Milestone,3.4 M6,---
2008-03-12 13:00:06 EDT,Michael_Rennie@ca.ibm.com,Status,ASSIGNED,NEW
2008-03-14 12:40:56 EDT,Michael_Rennie@ca.ibm.com,Assignee,Olivier_Thomann@ca.ibm.com,Michael_Rennie@ca.ibm.com
2008-03-14 12:40:56 EDT,Michael_Rennie@ca.ibm.com,Status,NEW,ASSIGNED
2008-03-14 12:41:12 EDT,Michael_Rennie@ca.ibm.com,Status,RESOLVED,NEW
2008-03-14 12:41:12 EDT,Michael_Rennie@ca.ibm.com,Resolution,FIXED,---
2008-04-09 20:40:11 EDT,Olivier_Thomann@ca.ibm.com,Status,VERIFIED,RESOLVED
