When, Who, What, Added, Removed
2008-03-13 04:36:38 EDT,assaf.almaz@zend.com,Priority,P1,P3
2008-03-21 06:21:14 EDT,assaf.almaz@zend.com,Target Milestone,1.0.4,---
2008-03-22 17:22:14 EDT,assaf.almaz@zend.com,Status,ASSIGNED,NEW
2008-04-01 11:01:28 EDT,ganoro@gmail.com,Status,RESOLVED,ASSIGNED
2008-04-01 11:01:28 EDT,ganoro@gmail.com,Resolution,FIXED,---
2008-04-01 11:07:34 EDT,ganoro@gmail.com,Status,REOPENED,RESOLVED
2008-04-01 11:07:34 EDT,ganoro@gmail.com,Resolution,---,FIXED
2008-04-07 10:15:55 EDT,ganoro@gmail.com,Status,RESOLVED,REOPENED
2008-04-07 10:15:55 EDT,ganoro@gmail.com,Resolution,FIXED,---
2008-04-29 08:58:34 EDT,assaf.almaz@zend.com,Status,CLOSED,RESOLVED
