When, Who, What, Added, Removed
2008-03-12 11:02:02 EDT,ewchan@ca.ibm.com,Severity,blocker,normal
2008-03-12 11:02:02 EDT,ewchan@ca.ibm.com,Priority,P1,P3
2008-03-12 11:02:02 EDT,ewchan@ca.ibm.com,Target Milestone,4.5i6,---
2008-03-12 11:37:41 EDT,analexee@gmail.com,CC,stanislav.v.polevic@intel.com, igor.alelekov@intel.com, alexander.n.alexeev@intel.com, kiryl.kazakevich@intel.com,
2008-03-12 13:36:03 EDT,analexee@gmail.com,Component,Build,Platform.Agents.JVMTI
2008-03-12 13:36:03 EDT,analexee@gmail.com,Product,TPTP Release Engineering,TPTP Profiling
2008-03-12 13:36:27 EDT,analexee@gmail.com,Assignee,kiryl.kazakevich@intel.com,alexander.n.alexeev@intel.com
2008-03-12 13:39:30 EDT,kiryl.kazakevich@intel.com,Status,RESOLVED,NEW
2008-03-12 13:39:30 EDT,kiryl.kazakevich@intel.com,Resolution,FIXED,---
2009-02-24 17:09:25 EST,ewchan@ca.ibm.com,Status,CLOSED,RESOLVED
