When, Who, What, Added, Removed
2009-10-15 11:23:32 EDT,markus.schorn@windriver.com,Attachment #149650                Flags,iplog-,
2009-10-15 11:23:32 EDT,markus.schorn@windriver.com,Status,ASSIGNED,NEW
2009-10-15 11:23:32 EDT,markus.schorn@windriver.com,Assignee,markus.schorn@windriver.com,cdt-core-inbox@eclipse.org
2009-10-15 11:24:29 EDT,markus.schorn@windriver.com,Status,RESOLVED,ASSIGNED
2009-10-15 11:24:29 EDT,markus.schorn@windriver.com,Component,cdt-parser,cdt-core
2009-10-15 11:24:29 EDT,markus.schorn@windriver.com,Resolution,FIXED,---
2009-10-15 11:24:29 EDT,markus.schorn@windriver.com,Target Milestone,6.1,---
2010-01-14 08:05:42 EST,markus.schorn@windriver.com,Target Milestone,7.0,6.1
