When, Who, What, Added, Removed
2008-03-12 12:51:15 EDT,aclement@pivotal.io,CC,rob.harrop@springsource.com,
2008-03-12 13:53:03 EDT,aclement@pivotal.io,Component,Compiler,Core
2008-03-12 13:53:03 EDT,aclement@pivotal.io,Product,AspectJ,AJDT
2008-03-12 13:53:03 EDT,aclement@pivotal.io,Target Milestone,1.6.0 RC1,---
2008-03-12 13:53:03 EDT,aclement@pivotal.io,Version,DEVELOPMENT,unspecified
2008-03-12 14:08:58 EDT,aclement@pivotal.io,Status,RESOLVED,NEW
2008-03-12 14:08:58 EDT,aclement@pivotal.io,Resolution,FIXED,---
