When, Who, What, Added, Removed
2008-03-12 14:45:54 EDT,pawel.1.piech@gmail.com,CC,pawel.piech@windriver.com,
2008-03-13 11:54:11 EDT,pawel.1.piech@gmail.com,Assignee,marc.khouzam@ericsson.com,dd.general-inbox@eclipse.org
2008-03-13 11:58:27 EDT,pawel.1.piech@gmail.com,Assignee,frederic.riss@st.com,marc.khouzam@ericsson.com
2008-03-13 12:00:00 EDT,pawel.1.piech@gmail.com,Status,RESOLVED,NEW
2008-03-13 12:00:00 EDT,pawel.1.piech@gmail.com,Resolution,FIXED,---
2008-03-13 12:00:00 EDT,pawel.1.piech@gmail.com,Target Milestone,1.0 M6,---
2008-03-14 08:30:41 EDT,frederic.riss@st.com,Status,VERIFIED,RESOLVED
2008-08-13 13:04:27 EDT,pawel.1.piech@gmail.com,Status,CLOSED,VERIFIED
2009-01-07 17:13:59 EST,pawel.1.piech@gmail.com,Component,cdt-debug-dsf-gdb,MI
2009-01-07 17:13:59 EST,pawel.1.piech@gmail.com,Product,CDT,DD
2009-01-07 17:13:59 EST,pawel.1.piech@gmail.com,Target Milestone,DD 1.0,1.0 M6
2009-01-07 17:13:59 EST,pawel.1.piech@gmail.com,Version,DD 1.0,1.0
2014-01-29 21:08:07 EST,dschaefer@qnx.com,Attachment #92331                Flags,iplog-,
2014-01-29 21:08:07 EST,dschaefer@qnx.com,CC,dschaefer@qnx.com,
