When, Who, What, Added, Removed
2008-03-13 08:14:15 EDT,jerome_lanneluc@fr.ibm.com,Assignee,jerome_lanneluc@fr.ibm.com,jdt-core-inbox@eclipse.org
2008-03-13 11:04:09 EDT,jerome_lanneluc@fr.ibm.com,Attachment #92445                Attachment is obsolete,1,0
2008-03-14 12:44:11 EDT,jerome_lanneluc@fr.ibm.com,Status,RESOLVED,NEW
2008-03-14 12:44:11 EDT,jerome_lanneluc@fr.ibm.com,Resolution,FIXED,---
2008-03-14 12:44:11 EDT,jerome_lanneluc@fr.ibm.com,Target Milestone,3.4 M6,---
2008-03-26 05:42:34 EDT,david_audel@fr.ibm.com,CC,david_audel@fr.ibm.com,
2008-03-26 05:42:34 EDT,david_audel@fr.ibm.com,Status,VERIFIED,RESOLVED
