When, Who, What, Added, Removed
2008-04-03 08:07:40 EDT,aog-ecl@photoscapes.de,Target Milestone,1.0.0 M5,1.0.0 M4
2008-04-03 09:58:16 EDT,tkoecker@gmx.net,Status,RESOLVED,NEW
2008-04-03 09:58:16 EDT,tkoecker@gmx.net,Resolution,FIXED,---
2008-04-03 09:58:27 EDT,tkoecker@gmx.net,Status,CLOSED,RESOLVED
2014-01-09 16:14:11 EST,webmaster@eclipse.org,Component,Geclipse,middleware
2014-01-09 16:14:11 EST,webmaster@eclipse.org,Version,unspecified,1.0.0
2014-01-09 16:14:11 EST,webmaster@eclipse.org,Product,z_Archived,gEclipse
2014-01-09 16:14:11 EST,webmaster@eclipse.org,Target Milestone,---,1.0.0 M5
