When, Who, What, Added, Removed
2008-03-20 09:18:04 EDT,jcayne@ca.ibm.com,Target Milestone,4.5i7,---
2008-03-24 10:48:29 EDT,kiryl.kazakevich@intel.com,CC,kiryl.kazakevich@intel.com,
2008-05-14 17:23:10 EDT,jcayne@ca.ibm.com,Target Milestone,future,4.5i7
2008-10-14 10:49:54 EDT,jcayne@ca.ibm.com,Assignee,jbowles@ca.ibm.com,jcayne@ca.ibm.com
2008-10-15 15:17:46 EDT,jbowles@ca.ibm.com,Flags,review?,
2008-10-15 15:18:16 EDT,jbowles@ca.ibm.com,Flags,review?(jcayne@ca.ibm.com),review?
2008-10-29 12:12:36 EDT,jbowles@ca.ibm.com,Attachment #115181                Attachment is obsolete,1,0
2008-11-03 08:34:04 EST,jkubasta@ca.ibm.com,Target Milestone,4.5.2,future
2008-11-03 15:35:34 EST,jbowles@ca.ibm.com,Attachment #116438                Attachment is obsolete,1,0
2008-11-03 16:29:40 EST,jbowles@ca.ibm.com,Attachment #116860                Attachment is obsolete,1,0
2008-11-03 17:20:20 EST,jcayne@ca.ibm.com,Flags,review+,review?(jcayne@ca.ibm.com)
2008-11-04 09:57:09 EST,jkubasta@ca.ibm.com,Status,RESOLVED,NEW
2008-11-04 09:57:09 EST,jkubasta@ca.ibm.com,Resolution,FIXED,---
2008-11-04 11:42:45 EST,jbowles@ca.ibm.com,Status,REOPENED,RESOLVED
2008-11-04 11:42:45 EST,jbowles@ca.ibm.com,Resolution,---,FIXED
2008-11-05 13:27:41 EST,jbowles@ca.ibm.com,Attachment #117013                Attachment is obsolete,1,0
2008-11-05 15:30:15 EST,jcayne@ca.ibm.com,Status,RESOLVED,REOPENED
2008-11-05 15:30:15 EST,jcayne@ca.ibm.com,Resolution,FIXED,---
2008-12-30 13:11:38 EST,jcayne@ca.ibm.com,Status,CLOSED,RESOLVED
