When, Who, What, Added, Removed
2008-03-12 09:05:29 EDT,harleyli@vanceinfo.com,CC,harleyli@vanceinfo.com,
2008-03-12 10:55:09 EDT,valentinbaciu@hotmail.com,Assignee,wuamy@ca.ibm.com,wst.wsdl-inbox@eclipse.org
2008-04-07 16:09:12 EDT,for.work.things@gmail.com,Status,RESOLVED,NEW
2008-04-07 16:09:12 EDT,for.work.things@gmail.com,Resolution,FIXED,---
2008-04-07 16:09:12 EDT,for.work.things@gmail.com,Target Milestone,3.0 M6,---
2008-06-09 17:54:12 EDT,for.work.things@gmail.com,Status,CLOSED,RESOLVED
