When, Who, What, Added, Removed
2008-03-12 10:46:10 EDT,daniel_megert@ch.ibm.com,CC,daniel_megert@ch.ibm.com,
2008-03-13 04:04:18 EDT,daniel_megert@ch.ibm.com,Status,RESOLVED,NEW
2008-03-13 04:04:18 EDT,daniel_megert@ch.ibm.com,Resolution,WORKSFORME,---
2008-03-13 04:08:17 EDT,daniel_megert@ch.ibm.com,Resolution,DUPLICATE,WORKSFORME
2008-03-13 04:29:36 EDT,adelinor@free.fr,Resolution,FIXED,DUPLICATE
2008-05-06 06:56:30 EDT,daniel_megert@ch.ibm.com,CC,jfrantzius@web.de,
2008-05-08 11:06:54 EDT,aeschli@gmail.com,CC,martin_aeschlimann@ch.ibm.com,
2008-05-08 11:06:54 EDT,aeschli@gmail.com,Status,REOPENED,RESOLVED
2008-05-08 11:06:54 EDT,aeschli@gmail.com,Resolution,---,FIXED
2008-05-08 11:09:57 EDT,aeschli@gmail.com,Summary,[code assist] no proposals after uninstalling Mylyn,Ganymede M5: autocomplete of code does not work on Leopard (Mac OS)
2008-05-08 11:13:15 EDT,daniel_megert@ch.ibm.com,CC,alx@acm.org,
2008-05-08 11:46:43 EDT,aeschli@gmail.com,Attachment #99306                Attachment is obsolete,1,0
2008-05-09 06:12:44 EDT,daniel_megert@ch.ibm.com,Status,RESOLVED,REOPENED
2008-05-09 06:12:44 EDT,daniel_megert@ch.ibm.com,Resolution,FIXED,---
2008-05-09 06:12:44 EDT,daniel_megert@ch.ibm.com,Target Milestone,3.4 RC1,---
2008-05-09 06:12:44 EDT,daniel_megert@ch.ibm.com,Flags,review+,
2008-05-21 10:31:03 EDT,benno.baumgartner@comerge.net,CC,benno_baumgartner@ch.ibm.com,
2008-05-21 10:31:03 EDT,benno.baumgartner@comerge.net,Status,REOPENED,RESOLVED
2008-05-21 10:31:03 EDT,benno.baumgartner@comerge.net,Resolution,---,FIXED
2008-05-21 10:53:51 EDT,daniel_megert@ch.ibm.com,Status,ASSIGNED,REOPENED
2008-05-21 10:53:51 EDT,daniel_megert@ch.ibm.com,Target Milestone,3.4 RC2,3.4 RC1
2008-05-22 05:47:30 EDT,daniel_megert@ch.ibm.com,Flags,review?(martin_aeschlimann@ch.ibm.com),
2008-05-22 05:51:26 EDT,daniel_megert@ch.ibm.com,Flags,review?(benno_baumgartner@ch.ibm.com),
2008-05-22 10:35:46 EDT,benno.baumgartner@comerge.net,Flags,review+,review?(benno_baumgartner@ch.ibm.com)
2008-05-22 10:55:07 EDT,daniel_megert@ch.ibm.com,Attachment #101457                Attachment is obsolete,1,0
2008-05-22 11:05:59 EDT,aeschli@gmail.com,Flags,review+,review?(martin_aeschlimann@ch.ibm.com)
2008-05-22 11:26:40 EDT,daniel_megert@ch.ibm.com,Status,RESOLVED,ASSIGNED
2008-05-22 11:26:40 EDT,daniel_megert@ch.ibm.com,Resolution,FIXED,---
2008-05-26 04:41:26 EDT,benno.baumgartner@comerge.net,Status,VERIFIED,RESOLVED
2008-05-29 03:07:40 EDT,daniel_megert@ch.ibm.com,CC,francisu@ieee.org,
