When, Who, What, Added, Removed
2008-03-12 10:13:20 EDT,remy.suen@gmail.com,CC,remy.suen@gmail.com,
2008-03-12 10:18:15 EDT,eclipse@pookzilla.net,CC,kim_horne@ca.ibm.com,
2008-03-12 11:03:02 EDT,eclipse@pookzilla.net,Assignee,kim_horne@ca.ibm.com,Platform-UI-Inbox@eclipse.org
2008-03-12 11:03:02 EDT,eclipse@pookzilla.net,Summary,[Dialogs] SaveAsDialog displays OS string file path, whereas it should display the workspace-style path instead.,SaveAsDialog displays OS string file path, whereas it should display the workspace-style path instead.
2008-03-12 11:03:02 EDT,eclipse@pookzilla.net,Target Milestone,3.4 M6,---
2008-03-12 11:22:10 EDT,eclipse@pookzilla.net,Status,ASSIGNED,NEW
2008-03-12 11:25:57 EDT,eclipse@pookzilla.net,Status,RESOLVED,ASSIGNED
2008-03-12 11:25:57 EDT,eclipse@pookzilla.net,Resolution,FIXED,---
2008-03-25 13:56:17 EDT,eclipse@pookzilla.net,Status,VERIFIED,RESOLVED
