When, Who, What, Added, Removed
2008-03-13 03:20:58 EDT,daniel_megert@ch.ibm.com,CC,daniel_megert@ch.ibm.com,
2008-03-13 05:32:19 EDT,aeschli@gmail.com,CC,martin_aeschlimann@ch.ibm.com,
2008-03-13 05:32:19 EDT,aeschli@gmail.com,Assignee,martin_aeschlimann@ch.ibm.com,jdt-ui-inbox@eclipse.org
2008-03-13 05:32:19 EDT,aeschli@gmail.com,Summary,[render] JavaElementLabelProvider should support colored labels,JavaElementLabelProvider should support colored labels
2008-03-13 05:32:19 EDT,aeschli@gmail.com,Target Milestone,3.4 M6,---
2008-03-13 05:33:27 EDT,aeschli@gmail.com,Status,RESOLVED,NEW
2008-03-13 05:33:27 EDT,aeschli@gmail.com,Resolution,FIXED,---
