When, Who, What, Added, Removed
2008-03-12 18:28:54 EDT,bfitzpat@redhat.com,CC,brianf@sybase.com,
2008-03-12 18:28:54 EDT,bfitzpat@redhat.com,Assignee,dtp.sqldevtools-inbox@eclipse.org,dtp.connectivity-inbox@eclipse.org
2008-03-12 18:28:54 EDT,bfitzpat@redhat.com,Component,SQLDevTools,Connectivity
2008-03-12 18:47:14 EDT,ledunnel@us.ibm.com,CC,ledunnel@us.ibm.com,
2008-03-12 18:47:35 EDT,ledunnel@us.ibm.com,Assignee,neilwang@us.ibm.com,dtp.sqldevtools-inbox@eclipse.org
2008-03-12 18:47:50 EDT,ledunnel@us.ibm.com,Target Milestone,1.6M6,---
2008-03-14 22:40:15 EDT,neilwang@us.ibm.com,Attachment #92377                Attachment is obsolete,1,0
2008-03-14 22:40:37 EDT,neilwang@us.ibm.com,Attachment #92611                Attachment is obsolete,1,0
2008-03-26 14:45:47 EDT,ledunnel@us.ibm.com,Flags,review?(brianf@sybase.com),
2008-03-26 15:26:50 EDT,bfitzpat@redhat.com,Flags,review+,review?(brianf@sybase.com)
2008-03-27 14:32:54 EDT,neilwang@us.ibm.com,Attachment #92613                Attachment is obsolete,1,0
2008-03-27 15:06:43 EDT,bfitzpat@redhat.com,Target Milestone,1.6M7(RC0),1.6M6
2008-03-27 15:18:26 EDT,ledunnel@us.ibm.com,Status,RESOLVED,NEW
2008-03-27 15:18:26 EDT,ledunnel@us.ibm.com,Resolution,FIXED,---
2008-03-27 15:18:26 EDT,ledunnel@us.ibm.com,Target Milestone,1.6M6,1.6M7(RC0)
2008-07-01 17:43:08 EDT,bfitzpat@redhat.com,Status,CLOSED,RESOLVED
