When, Who, What, Added, Removed
2008-05-16 13:47:53 EDT,tkoecker@gmx.net,Status,RESOLVED,NEW
2008-05-16 13:47:53 EDT,tkoecker@gmx.net,Resolution,FIXED,---
2008-06-10 05:45:27 EDT,tkoecker@gmx.net,Status,CLOSED,RESOLVED
2014-01-09 16:14:12 EST,webmaster@eclipse.org,Component,Geclipse,Core
2014-01-09 16:14:12 EST,webmaster@eclipse.org,Version,unspecified,1.0.0
2014-01-09 16:14:12 EST,webmaster@eclipse.org,Product,z_Archived,gEclipse
2014-01-09 16:14:12 EST,webmaster@eclipse.org,Target Milestone,---,1.0.0 M4
