When, Who, What, Added, Removed
2008-03-19 09:52:56 EDT,simon_kaegi@ca.ibm.com,Blocks,223106,
2008-03-26 00:58:07 EDT,simon_kaegi@ca.ibm.com,Assignee,simon_kaegi@ca.ibm.com,equinox.p2-inbox@eclipse.org
2008-03-26 00:58:07 EDT,simon_kaegi@ca.ibm.com,Target Milestone,3.4 M7,---
2008-04-09 17:05:27 EDT,simon_kaegi@ca.ibm.com,Attachment #93139                Attachment is obsolete,1,0
2008-04-11 17:56:25 EDT,simon_kaegi@ca.ibm.com,Status,RESOLVED,NEW
2008-04-11 17:56:25 EDT,simon_kaegi@ca.ibm.com,Resolution,FIXED,---
