When, Who, What, Added, Removed
2008-05-22 09:04:31 EDT,oisin.hurley@gmail.com,Assignee,ohurley@iona.com,Adrian.skehill@iona.com
2008-06-11 22:52:58 EDT,oisin.hurley@gmail.com,Status,ASSIGNED,NEW
2008-06-11 23:07:47 EDT,oisin.hurley@gmail.com,Priority,P1,P3
2008-12-01 08:37:50 EST,oisin.hurley@gmail.com,Status,RESOLVED,ASSIGNED
2008-12-01 08:37:50 EST,oisin.hurley@gmail.com,Resolution,FIXED,---
2012-09-21 14:41:02 EDT,webmaster@eclipse.org,Component,STP,download.and.update.site
2012-09-21 14:41:02 EDT,webmaster@eclipse.org,Product,z_Archived,SOA
