When, Who, What, Added, Removed
2008-03-12 23:10:14 EDT,zqian@actuate.com,CC,zqian@actuate.com,
2008-03-12 23:10:14 EDT,zqian@actuate.com,Assignee,Birt-Data-inbox@eclipse.org,Birt-ReportDesigner-inbox@eclipse.org
2008-03-12 23:10:14 EDT,zqian@actuate.com,Component,Data,Report Designer
2008-03-13 01:26:27 EDT,lzhu@actuate.com,CC,lzhu@actuate.com,
2008-03-13 01:26:27 EDT,lzhu@actuate.com,Assignee,mwu@actuate.com,Birt-Data-inbox@eclipse.org
2008-03-13 01:26:27 EDT,lzhu@actuate.com,Target Milestone,2.3.0 M6,---
2008-03-13 02:01:33 EDT,mwu@actuate.com,Status,RESOLVED,NEW
2008-03-13 02:01:33 EDT,mwu@actuate.com,Resolution,FIXED,---
2008-04-22 23:01:52 EDT,xiaofeng.zhang@actuate.com,CC,frederic.schaer@cea.fr,
2008-05-04 03:04:42 EDT,xiaofeng.zhang@actuate.com,CC,rjaouani@ca.ibm.com,
2009-02-11 01:41:47 EST,mwu@actuate.com,CC,andrescontilde@gmail.com,
