When, Who, What, Added, Removed
2008-03-12 19:03:30 EDT,andre.bossert@siemens.com,CC,andre.bossert@siemens.com,
2008-04-04 04:18:42 EDT,andre.bossert@siemens.com,Severity,enhancement,normal
2008-05-27 14:16:35 EDT,eclipse.sprigogin@gmail.com,CC,eclipse.sprigogin@gmail.com,
2009-01-09 16:29:33 EST,dschaefer@qnx.com,Component,cdt-core,deprecated7
2009-03-25 12:33:12 EDT,kamre@ngs.ru,Attachment #129538                Attachment is obsolete,1,0
2009-03-25 12:39:41 EDT,kamre@ngs.ru,CC,kamre@ngs.ru,
2009-04-08 07:49:29 EDT,kamre@ngs.ru,Attachment #129857                Attachment is obsolete,1,0
2009-05-29 18:11:57 EDT,kamre@ngs.ru,Attachment #131268                Attachment is obsolete,1,0
2009-05-30 06:45:18 EDT,kamre@ngs.ru,Attachment #137720                Attachment is obsolete,1,0
2009-05-30 22:24:03 EDT,eclipse.sprigogin@gmail.com,Flags,iplog+,
2009-05-31 06:49:39 EDT,kamre@ngs.ru,Attachment #137746                Attachment is obsolete,1,0
2009-06-03 04:08:08 EDT,anton.leherbauer@windriver.com,CC,anton.leherbauer@windriver.com,
2009-06-06 08:16:15 EDT,kamre@ngs.ru,Attachment #137781                Attachment is obsolete,1,0
2009-06-06 15:14:53 EDT,kamre@ngs.ru,Attachment #138475                Attachment is obsolete,1,0
2009-06-06 19:47:16 EDT,eclipse.sprigogin@gmail.com,Attachment #138487                Flags,iplog+,
2009-06-06 19:47:40 EDT,eclipse.sprigogin@gmail.com,Flags,,iplog+
2009-06-24 14:25:33 EDT,eclipse.sprigogin@gmail.com,Assignee,eclipse.sprigogin@gmail.com,cdt-core-inbox@eclipse.org
2009-06-25 12:56:36 EDT,kamre@ngs.ru,Attachment #138487                Attachment is obsolete,1,0
2009-06-27 17:32:33 EDT,eclipse.sprigogin@gmail.com,Attachment #138487                Flags,,iplog+
2009-06-27 17:32:57 EDT,eclipse.sprigogin@gmail.com,Attachment #140130                Flags,iplog+,
2009-06-27 19:26:36 EDT,eclipse.sprigogin@gmail.com,Status,RESOLVED,NEW
2009-06-27 19:26:36 EDT,eclipse.sprigogin@gmail.com,Resolution,FIXED,---
2009-06-27 19:26:36 EDT,eclipse.sprigogin@gmail.com,Target Milestone,6.0.1,---
2009-09-28 13:44:17 EDT,andre.bossert@siemens.com,Status,VERIFIED,RESOLVED
