When, Who, What, Added, Removed
2008-03-17 10:59:30 EDT,Tod_Creasey@ca.ibm.com,Assignee,platform-swt-inbox@eclipse.org,Platform-UI-Inbox@eclipse.org
2008-03-17 10:59:30 EDT,Tod_Creasey@ca.ibm.com,Component,SWT,UI
2008-03-18 18:32:06 EDT,eclipse.felipe@gmail.com,CC,felipe_heidrich@ca.ibm.com,
2008-04-01 06:48:03 EDT,hhelena@il.ibm.com,CC,wajnberg@il.ibm.com,
2008-04-01 12:16:52 EDT,eclipse.felipe@gmail.com,Assignee,Platform-UI-Inbox@eclipse.org,platform-swt-inbox@eclipse.org
2008-04-01 12:16:52 EDT,eclipse.felipe@gmail.com,Component,UI,SWT
2008-04-08 10:41:26 EDT,emoffatt@ca.ibm.com,CC,Tod_Creasey@ca.ibm.com, emoffatt@ca.ibm.com,
2008-04-16 14:47:19 EDT,emoffatt@ca.ibm.com,Assignee,platform-swt-inbox@eclipse.org,Platform-UI-Inbox@eclipse.org
2008-04-16 14:47:19 EDT,emoffatt@ca.ibm.com,Component,SWT,UI
2008-04-21 11:52:37 EDT,snorthov@ca.ibm.com,CC,steve_northover@ca.ibm.com,
2008-04-21 11:52:37 EDT,snorthov@ca.ibm.com,Assignee,felipe_heidrich@ca.ibm.com,platform-swt-inbox@eclipse.org
2008-04-22 10:23:18 EDT,tomerm@il.ibm.com,CC,tomerm@il.ibm.com,
2008-04-22 10:54:20 EDT,pwebster@ca.ibm.com,CC,pwebster@ca.ibm.com, Mike_Wilson@ca.ibm.com,
2008-04-22 16:19:02 EDT,eclipse.felipe@gmail.com,Status,RESOLVED,NEW
2008-04-22 16:19:02 EDT,eclipse.felipe@gmail.com,Resolution,FIXED,---
2008-04-25 14:51:44 EDT,grant_gayed@ca.ibm.com,Target Milestone,3.4 M7,---
2008-04-29 08:30:21 EDT,hhelena@il.ibm.com,Status,REOPENED,RESOLVED
2008-04-29 08:30:21 EDT,hhelena@il.ibm.com,Resolution,---,FIXED
2008-04-29 18:23:47 EDT,snorthov@ca.ibm.com,Status,RESOLVED,REOPENED
2008-04-29 18:23:47 EDT,snorthov@ca.ibm.com,Resolution,FIXED,---
2008-05-04 03:55:42 EDT,hhelena@il.ibm.com,Status,CLOSED,RESOLVED
