When, Who, What, Added, Removed
2008-03-13 23:27:49 EDT,wyan@actuate.com,CC,wyan@actuate.com,
2008-03-13 23:27:49 EDT,wyan@actuate.com,Assignee,hchu@actuate.com,Birt-ReportEngine-inbox@eclipse.org
2008-03-13 23:27:49 EDT,wyan@actuate.com,Target Milestone,2.3.0 M6,---
2008-03-14 05:28:21 EDT,hchu@actuate.com,Assignee,jouyang@actuate.com,hchu@actuate.com
2008-03-19 07:19:07 EDT,jouyang@actuate.com,Status,RESOLVED,NEW
2008-03-19 07:19:07 EDT,jouyang@actuate.com,Resolution,FIXED,---
2008-03-24 02:45:21 EDT,bluesoldier@gmail.com,Status,CLOSED,RESOLVED
2008-04-07 22:16:27 EDT,xwang@actuate.com,CC,qaobsolete@gmail.com,
