When, Who, What, Added, Removed
2008-03-13 11:42:53 EDT,daniel_megert@ch.ibm.com,Assignee,benno_baumgartner@ch.ibm.com,platform-text-inbox@eclipse.org
2008-03-18 07:55:15 EDT,markus_keller@ch.ibm.com,CC,markus_keller@ch.ibm.com,
2008-03-18 09:12:30 EDT,daniel_megert@ch.ibm.com,Target Milestone,3.4,---
2008-04-11 11:23:18 EDT,daniel_megert@ch.ibm.com,Priority,P2,P3
2008-04-24 05:17:00 EDT,daniel_megert@ch.ibm.com,Target Milestone,3.4 M7,3.4
2008-04-24 08:53:41 EDT,benno.baumgartner@comerge.net,Status,RESOLVED,NEW
2008-04-24 08:53:41 EDT,benno.baumgartner@comerge.net,Resolution,FIXED,---
2008-04-28 04:09:49 EDT,daniel_megert@ch.ibm.com,Status,VERIFIED,RESOLVED
