When, Who, What, Added, Removed
2008-03-13 05:39:28 EDT,markus.schorn@windriver.com,Assignee,markus.schorn@windriver.com,cdt-core-inbox@eclipse.org
2008-03-13 05:39:28 EDT,markus.schorn@windriver.com,Target Milestone,5.0 M6,---
2008-03-13 05:50:07 EDT,markus.schorn@windriver.com,Status,RESOLVED,NEW
2008-03-13 05:50:07 EDT,markus.schorn@windriver.com,Keywords,contributed,
2008-03-13 05:50:07 EDT,markus.schorn@windriver.com,Resolution,FIXED,---
2008-06-22 03:52:28 EDT,bjorn.freeman-benson@eclipse.org,Attachment #92407                Flags,iplog+,
