When, Who, What, Added, Removed
2008-03-17 10:55:21 EDT,Tod_Creasey@ca.ibm.com,Assignee,pwebster@ca.ibm.com,Platform-UI-Inbox@eclipse.org
2008-03-17 10:55:21 EDT,Tod_Creasey@ca.ibm.com,Summary,[Perspectives] BIDI3.4:HCG Wrong caption alignment in Customize Perspecitve dialog  with Hebrew translation,BIDI3.4:HCG Wrong caption alignment in Shortcuts view with Hebrew translation
2008-04-22 08:57:20 EDT,pwebster@ca.ibm.com,CC,Tod_Creasey@ca.ibm.com,
2008-04-23 08:55:16 EDT,pwebster@ca.ibm.com,Status,ASSIGNED,NEW
2008-04-23 10:17:32 EDT,pwebster@ca.ibm.com,CC,pwebster@ca.ibm.com, felipe_heidrich@ca.ibm.com,
2008-04-23 10:17:32 EDT,pwebster@ca.ibm.com,Assignee,platform-swt-inbox@eclipse.org,pwebster@ca.ibm.com
2008-04-23 10:17:32 EDT,pwebster@ca.ibm.com,Status,NEW,ASSIGNED
2008-04-23 10:17:32 EDT,pwebster@ca.ibm.com,Component,SWT,UI
2008-04-23 11:16:48 EDT,eclipse.felipe@gmail.com,CC,steve_northover@ca.ibm.com,
2008-04-23 11:17:36 EDT,eclipse.felipe@gmail.com,CC,gheorghe@ca.ibm.com,
2008-04-23 11:55:56 EDT,Szymon.Brandys@pl.ibm.com,Blocks,226830,
2008-04-23 11:56:03 EDT,Szymon.Brandys@pl.ibm.com,Blocks,226831,
2008-04-23 12:03:04 EDT,snorthov@ca.ibm.com,Assignee,felipe_heidrich@ca.ibm.com,platform-swt-inbox@eclipse.org
2008-04-23 12:03:56 EDT,Szymon.Brandys@pl.ibm.com,CC,Szymon.Brandys@pl.ibm.com,
2008-04-23 12:25:51 EDT,eclipse.felipe@gmail.com,Blocks,,226831
2008-04-23 13:07:00 EDT,Tod_Creasey@ca.ibm.com,CC,,Tod_Creasey@ca.ibm.com
2008-05-04 04:18:12 EDT,tomerm@il.ibm.com,CC,tomerm@il.ibm.com,
2008-05-05 12:37:46 EDT,eclipse.felipe@gmail.com,Flags,review?(gheorghe@ca.ibm.com),
2008-05-05 12:38:22 EDT,gheorghe@ca.ibm.com,Target Milestone,3.4 RC1,---
2008-05-05 12:38:22 EDT,gheorghe@ca.ibm.com,Flags,review+,review?(gheorghe@ca.ibm.com)
2008-05-05 12:53:15 EDT,eclipse.felipe@gmail.com,Status,RESOLVED,NEW
2008-05-05 12:53:15 EDT,eclipse.felipe@gmail.com,Resolution,FIXED,---
2008-05-20 05:34:46 EDT,hhelena@il.ibm.com,Status,REOPENED,RESOLVED
2008-05-20 05:34:46 EDT,hhelena@il.ibm.com,Resolution,---,FIXED
2008-05-20 14:49:41 EDT,gheorghe@ca.ibm.com,Status,RESOLVED,REOPENED
2008-05-20 14:49:41 EDT,gheorghe@ca.ibm.com,Resolution,FIXED,---
2008-05-21 04:01:40 EDT,hhelena@il.ibm.com,Status,CLOSED,RESOLVED
