When, Who, What, Added, Removed
2008-03-13 11:55:16 EDT,susan@rapicorp.com,CC,susan_franklin@us.ibm.com,
2008-03-13 11:55:16 EDT,susan@rapicorp.com,Status,ASSIGNED,NEW
2008-03-13 11:55:16 EDT,susan@rapicorp.com,Target Milestone,3.4,---
2008-03-17 11:57:11 EDT,susan@rapicorp.com,Target Milestone,3.4 M7,3.4
2008-03-27 19:07:33 EDT,susan@rapicorp.com,Assignee,susan_franklin@us.ibm.com,equinox.p2-inbox@eclipse.org
2008-03-27 19:07:33 EDT,susan@rapicorp.com,Status,NEW,ASSIGNED
2008-03-27 19:07:33 EDT,susan@rapicorp.com,Target Milestone,3.4 M6,3.4 M7
2008-03-28 00:18:34 EDT,susan@rapicorp.com,CC,john_arthorne@ca.ibm.com,
2008-03-28 00:18:34 EDT,susan@rapicorp.com,Flags,review?(john_arthorne@ca.ibm.com),
2008-03-28 00:21:50 EDT,susan@rapicorp.com,Attachment #93932                Flags,review?,
2008-03-28 14:06:19 EDT,john_arthorne@ca.ibm.com,Status,RESOLVED,NEW
2008-03-28 14:06:19 EDT,john_arthorne@ca.ibm.com,Resolution,FIXED,---
2008-03-28 14:06:19 EDT,john_arthorne@ca.ibm.com,Flags,review+,review?(john_arthorne@ca.ibm.com)
