When, Who, What, Added, Removed
2008-04-15 09:01:13 EDT,pascal@rapicorp.com,CC,pascal_rapicault@ca.ibm.com,
2008-04-15 09:01:13 EDT,pascal@rapicorp.com,Assignee,dj_houghton@ca.ibm.com,equinox.p2-inbox@eclipse.org
2008-04-15 09:41:32 EDT,dj_houghton@ca.ibm.com,CC,dstevens@us.ibm.com,
2008-04-15 09:41:32 EDT,dj_houghton@ca.ibm.com,Summary,Site policy filtering code needs to move to the extension location repositories,Site filtering code needs to move to the extension location repositories
2008-04-15 09:41:32 EDT,dj_houghton@ca.ibm.com,Target Milestone,3.4,---
2008-04-16 08:55:23 EDT,dj_houghton@ca.ibm.com,CC,simon_kaegi@ca.ibm.com,
2008-04-22 15:31:46 EDT,dj_houghton@ca.ibm.com,Target Milestone,3.4 M7,3.4
2008-04-23 17:05:59 EDT,dj_houghton@ca.ibm.com,Status,RESOLVED,NEW
2008-04-23 17:05:59 EDT,dj_houghton@ca.ibm.com,Resolution,FIXED,---
