When, Who, What, Added, Removed
2008-03-12 23:14:05 EDT,zqian@actuate.com,CC,zqian@actuate.com,
2008-03-12 23:14:05 EDT,zqian@actuate.com,Assignee,Birt-Report-inbox@eclipse.org,Birt-ReportDesigner-inbox@eclipse.org
2008-03-12 23:14:05 EDT,zqian@actuate.com,Component,Report,Report Designer
2008-03-13 01:35:50 EDT,rlu@actuate.com,CC,rlu@actuate.com,
2008-03-13 01:35:50 EDT,rlu@actuate.com,Assignee,rlu@actuate.com,Birt-Report-inbox@eclipse.org
2008-03-13 23:36:55 EDT,rlu@actuate.com,Status,RESOLVED,NEW
2008-03-13 23:36:55 EDT,rlu@actuate.com,Resolution,FIXED,---
2008-03-13 23:36:55 EDT,rlu@actuate.com,Target Milestone,2.3.0 M6,---
2008-03-17 05:58:57 EDT,lchen@actuate.com,Status,CLOSED,RESOLVED
