When, Who, What, Added, Removed
2008-03-13 16:10:04 EDT,pascal@rapicorp.com,Assignee,pascal_rapicault@ca.ibm.com,orbit.bundles-inbox@eclipse.org
2008-03-26 21:17:36 EDT,jeffmcaffer@gmail.com,CC,jeff-bugs@code9.com,
2009-03-07 16:22:42 EST,david_williams@us.ibm.com,CC,david_williams@us.ibm.com,
2009-03-07 16:22:42 EST,david_williams@us.ibm.com,Assignee,david_williams@us.ibm.com,pascal_rapicault@ca.ibm.com
2009-03-07 16:23:05 EST,david_williams@us.ibm.com,Status,RESOLVED,NEW
2009-03-07 16:23:05 EST,david_williams@us.ibm.com,Resolution,FIXED,---
2009-03-09 10:01:41 EDT,Mike_Wilson@ca.ibm.com,CC,Mike_Wilson@ca.ibm.com,
