When, Who, What, Added, Removed
2008-03-13 11:52:36 EDT,raji@us.ibm.com,CC,pforeman@us.ibm.com,
2008-03-13 12:01:44 EDT,susan@rapicorp.com,CC,susan_franklin@us.ibm.com,
2008-03-13 12:01:44 EDT,susan@rapicorp.com,Summary,[ui] Automatic Updates Panel hour combo box is not wide enough,Automatic Updates Panel hour combo box is not wide enough
2008-03-13 12:01:44 EDT,susan@rapicorp.com,Target Milestone,3.4,---
2008-04-04 15:00:53 EDT,john_arthorne@ca.ibm.com,Status,RESOLVED,NEW
2008-04-04 15:00:53 EDT,john_arthorne@ca.ibm.com,Resolution,FIXED,---
2008-04-04 15:00:53 EDT,john_arthorne@ca.ibm.com,Target Milestone,3.4 M7,3.4
