When, Who, What, Added, Removed
2008-03-13 08:48:43 EDT,Tod_Creasey@ca.ibm.com,Assignee,jason_brennan@ca.ibm.com,Platform-UI-Inbox@eclipse.org
2008-03-13 08:53:54 EDT,tom.schindl@bestsolution.at,CC,tom.schindl@bestsolution.at,
2008-04-07 16:31:52 EDT,jason_brennan@ca.ibm.com,Attachment #95064                Attachment is obsolete,1,0
2008-04-08 09:32:32 EDT,eclipse@pookzilla.net,Attachment #95115                Attachment is obsolete,1,0
2008-05-07 16:57:54 EDT,bokowski@google.com,CC,jason_brennan@ca.ibm.com,
2008-05-07 16:57:54 EDT,bokowski@google.com,Assignee,Boris_Bokowski@ca.ibm.com,jason_brennan@ca.ibm.com
2008-05-07 16:57:54 EDT,bokowski@google.com,Target Milestone,3.4 RC1,---
2008-05-29 17:19:11 EDT,bokowski@google.com,Target Milestone,3.4.1,3.4 RC1
2008-08-25 22:52:06 EDT,bokowski@google.com,Target Milestone,3.5,3.4.1
2009-03-06 19:36:10 EST,bokowski@google.com,Assignee,obesedin@ca.ibm.com,Boris_Bokowski@ca.ibm.com
2009-03-06 19:36:10 EST,bokowski@google.com,QA Contact,Boris_Bokowski@ca.ibm.com,
2009-03-11 13:40:30 EDT,ob1.eclipse@gmail.com,Attachment #95197                Attachment is obsolete,1,0
2009-03-11 16:51:57 EDT,ob1.eclipse@gmail.com,Attachment #128406                Attachment is obsolete,1,0
2009-04-23 14:58:34 EDT,bokowski@google.com,CC,emoffatt@ca.ibm.com,
2009-04-23 14:58:34 EDT,bokowski@google.com,Status,RESOLVED,NEW
2009-04-23 14:58:34 EDT,bokowski@google.com,Resolution,FIXED,---
2009-04-23 14:58:45 EDT,bokowski@google.com,Target Milestone,3.5 M7,3.5
2009-04-28 15:24:35 EDT,ob1.eclipse@gmail.com,Status,VERIFIED,RESOLVED
