When, Who, What, Added, Removed
2008-03-17 13:07:01 EDT,sleeloy@ca.ibm.com,Target Milestone,future,---
2008-03-20 10:26:51 EDT,sleeloy@ca.ibm.com,CC,dlwhiteman@us.ibm.com,
2008-03-25 22:45:25 EDT,sleeloy@ca.ibm.com,Target Milestone,i10,future
2008-03-28 10:20:31 EDT,amehrega@ca.ibm.com,CC,amehrega@ca.ibm.com,
2008-03-28 10:58:13 EDT,sleeloy@ca.ibm.com,Depends on,221901,
2008-04-15 14:05:08 EDT,sleeloy@ca.ibm.com,Target Milestone,future,i10
2008-04-29 14:43:56 EDT,sleeloy@ca.ibm.com,Whiteboard,new_tooling,
2008-05-05 11:28:56 EDT,sleeloy@ca.ibm.com,Target Milestone,i11,future
2008-05-28 10:32:12 EDT,sleeloy@ca.ibm.com,Target Milestone,future,i11
2008-06-05 16:46:57 EDT,sleeloy@ca.ibm.com,Status,RESOLVED,NEW
2008-06-05 16:46:57 EDT,sleeloy@ca.ibm.com,Resolution,FIXED,---
2008-06-05 16:46:57 EDT,sleeloy@ca.ibm.com,Target Milestone,i11,future
2008-06-06 12:23:40 EDT,william.muldoon@ca.com,Status,VERIFIED,RESOLVED
2008-07-28 13:10:56 EDT,sleeloy@ca.ibm.com,Status,CLOSED,VERIFIED
2008-11-05 14:37:57 EST,dlwhiteman@us.ibm.com,CC,,amehrega@ca.ibm.com
2012-01-03 13:47:41 EST,webmaster@eclipse.org,Component,Cosmos,DataReporting
2012-01-03 13:47:41 EST,webmaster@eclipse.org,Version,unspecified,1.0
2012-01-03 13:47:41 EST,webmaster@eclipse.org,Product,z_Archived,Cosmos
2012-01-03 13:47:41 EST,webmaster@eclipse.org,Target Milestone,---,i11
