When, Who, What, Added, Removed
2008-03-13 03:06:19 EDT,cyfgod@gmail.com,CC,ycheng@actuate.com,
2008-03-13 03:06:19 EDT,cyfgod@gmail.com,Assignee,jouyang@actuate.com,Birt-ReportViewer-inbox@eclipse.org
2008-03-13 03:06:19 EDT,cyfgod@gmail.com,Component,Report Engine,Report Viewer
2008-03-13 03:22:35 EDT,jouyang@actuate.com,Assignee,Birt-ReportViewer-inbox@eclipse.org,jouyang@actuate.com
2008-03-13 03:22:35 EDT,jouyang@actuate.com,Component,Report Viewer,Report Engine
2008-03-13 04:10:36 EDT,cyfgod@gmail.com,Target Milestone,2.3.0 M6,---
2008-03-13 04:14:06 EDT,cyfgod@gmail.com,Assignee,doshiro@actuate.com,Birt-ReportViewer-inbox@eclipse.org
2008-03-13 16:43:03 EDT,doshiro@actuate.com,Status,RESOLVED,NEW
2008-03-13 16:43:03 EDT,doshiro@actuate.com,Resolution,FIXED,---
2008-03-18 02:38:57 EDT,lchen@actuate.com,CC,qaobsolete@gmail.com,
2008-03-18 02:38:57 EDT,lchen@actuate.com,Status,CLOSED,RESOLVED
