When, Who, What, Added, Removed
2008-03-13 05:01:54 EDT,gadi@zend.com,Version,1.0.2,1.0.4
2008-05-29 11:09:09 EDT,guy.g@zend.com,Target Milestone,1.1,---
2008-09-04 03:47:17 EDT,ganoro@gmail.com,Status,ASSIGNED,NEW
2008-09-04 07:20:27 EDT,ganoro@gmail.com,Assignee,alon@zend.com,php.ui-inbox@eclipse.org
2008-09-04 07:20:27 EDT,ganoro@gmail.com,Status,NEW,ASSIGNED
2008-12-03 10:11:39 EST,gadi@zend.com,QA Contact,silviya@zend.com,
2008-12-03 10:11:55 EST,gadi@zend.com,Version,2.0.0,1.0.2
2009-03-22 02:21:05 EDT,zhaozhongwei@eclipseworld.org,CC,zhaozhongwei@eclipseworld.org,
2009-03-22 02:22:20 EDT,ganoro@gmail.com,CC,roy@zend.com, spektom@gmail.com,
2009-03-22 05:34:16 EDT,zhaozhongwei@eclipseworld.org,Attachment #129511                Attachment is obsolete,1,0
2010-01-04 04:07:26 EST,vadim.p@zend.com,CC,vadim.p@zend.com,
2010-01-04 04:07:26 EST,vadim.p@zend.com,Target Milestone,2.2.0RC1,1.1
2010-01-16 04:31:13 EST,zhaozhongwei@eclipseworld.org,Attachment #129536                Attachment is obsolete,1,0
2010-01-17 07:33:07 EST,vadim.p@zend.com,Attachment #156308                Attachment is obsolete,1,0
2010-01-17 07:49:09 EST,vadim.p@zend.com,Status,RESOLVED,NEW
2010-01-17 07:49:09 EST,vadim.p@zend.com,Resolution,FIXED,---
2010-01-25 06:51:40 EST,gadi@zend.com,Status,CLOSED,RESOLVED
