When, Who, What, Added, Removed
2008-03-12 22:32:32 EDT,yulin.wang@actuate.com,Assignee,yulin.wang@actuate.com,Birt-Chart-inbox@eclipse.org
2008-03-12 22:32:32 EDT,yulin.wang@actuate.com,Target Milestone,2.3.0 M6,---
2008-03-14 03:12:15 EDT,yulin.wang@actuate.com,Depends on,222707,
2008-03-17 04:34:49 EDT,yulin.wang@actuate.com,Depends on,222925,
2008-03-21 03:42:03 EDT,yulin.wang@actuate.com,Assignee,Birt-ReportDesigner-inbox@eclipse.org,yulin.wang@actuate.com
2008-03-21 03:42:03 EDT,yulin.wang@actuate.com,Component,Report Designer,Chart
2008-03-21 04:35:58 EDT,zqian@actuate.com,CC,zqian@actuate.com,
2008-03-21 04:35:58 EDT,zqian@actuate.com,Assignee,zqian@actuate.com,Birt-ReportDesigner-inbox@eclipse.org
2008-03-21 04:43:55 EDT,zqian@actuate.com,Status,RESOLVED,NEW
2008-03-21 04:43:55 EDT,zqian@actuate.com,Resolution,FIXED,---
2008-03-25 23:27:59 EDT,lshen@actuate.com,Status,CLOSED,RESOLVED
2008-03-26 01:38:29 EDT,lshen@actuate.com,CC,qaautoed@gmail.com,
2009-09-08 01:36:06 EDT,bluesoldier@gmail.com,CC,xgu@actuate.com,
2009-09-08 01:36:06 EDT,bluesoldier@gmail.com,Whiteboard,Non-Auto,
2009-09-08 01:55:07 EDT,bluesoldier@gmail.com,Whiteboard,Obsolete,Non-Auto
