When, Who, What, Added, Removed
2008-03-12 23:09:30 EDT,lchan@actuate.com,Status,ASSIGNED,NEW
2008-03-12 23:09:30 EDT,lchan@actuate.com,Summary,Support ODA Designer UI client to collect interim design state from a Data Set Design Session,Support ODA Designer client to collect interim design state from a Data Set Design Session
2008-03-12 23:09:30 EDT,lchan@actuate.com,Target Milestone,1.6M6,---
2008-03-12 23:35:03 EDT,lchan@actuate.com,Status,RESOLVED,ASSIGNED
2008-03-12 23:35:03 EDT,lchan@actuate.com,Resolution,FIXED,---
2008-07-01 17:43:09 EDT,bfitzpat@redhat.com,Status,CLOSED,RESOLVED
