When, Who, What, Added, Removed
2008-03-13 14:02:32 EDT,give.a.damus@gmail.com,Assignee,adolfosbh@opencanarias.com,mdt-ocl-inbox@eclipse.org
2008-03-13 14:02:32 EDT,give.a.damus@gmail.com,Priority,P2,P3
2008-03-13 14:02:32 EDT,give.a.damus@gmail.com,Target Milestone,M6,---
2008-03-13 14:03:15 EDT,give.a.damus@gmail.com,CC,cdamus@ca.ibm.com,
2008-03-13 14:03:15 EDT,give.a.damus@gmail.com,Status,RESOLVED,NEW
2008-03-13 14:03:15 EDT,give.a.damus@gmail.com,Resolution,FIXED,---
2008-03-13 14:03:29 EDT,give.a.damus@gmail.com,Keywords,contributed,
2008-03-19 19:07:14 EDT,give.a.damus@gmail.com,Status,VERIFIED,RESOLVED
2011-05-27 02:39:09 EDT,ed@willink.me.uk,Status,CLOSED,VERIFIED
2013-05-17 15:28:46 EDT,wayne@eclipse.org,Attachment #92440                Flags,iplog+,
