When, Who, What, Added, Removed
2008-03-13 05:11:38 EDT,manderse@redhat.com,CC,max.andersen@jboss.com,
2008-03-13 05:16:56 EDT,rob.stryker@jboss.com,Severity,blocker,normal
2008-03-13 12:55:56 EDT,rfrost@bea.com,CC,rfrost@bea.com,
2008-03-13 14:21:39 EDT,rfrost@bea.com,CC,ccc@us.ibm.com,
2008-03-13 14:23:28 EDT,rfrost@bea.com,CC,cbridgha@us.ibm.com,
2008-03-13 21:59:09 EDT,rob.stryker@jboss.com,CC,gercan@acm.org,
2008-03-13 21:59:48 EDT,rob.stryker@jboss.com,CC,deboer@ca.ibm.com,
2008-03-15 11:15:32 EDT,emmanuel.carjat@atriumnetwork.com,CC,emmanuel.carjat@atriumnetwork.com,
2008-03-17 08:25:36 EDT,donatas.ciuksys@maf.vu.lt,CC,donatas.ciuksys@maf.vu.lt,
2008-03-17 10:33:54 EDT,ppetras@gmail.com,CC,ppetras@gmail.com,
2008-03-17 18:26:11 EDT,david_williams@us.ibm.com,CC,david_williams@us.ibm.com,
2008-03-17 19:14:25 EDT,rob.stryker@jboss.com,Attachment #92408                Attachment is obsolete,1,0
2008-03-20 14:37:12 EDT,ccc@us.ibm.com,Assignee,ccc@us.ibm.com,jst.j2ee-inbox@eclipse.org
2008-03-20 14:37:12 EDT,ccc@us.ibm.com,Target Milestone,3.0,---
2008-03-22 13:46:34 EDT,ziphyre@gmail.com,CC,ziphyre@gmail.com,
2008-03-25 03:47:26 EDT,david_williams@us.ibm.com,Status,ASSIGNED,NEW
2008-04-03 15:03:25 EDT,david_williams@us.ibm.com,Status,RESOLVED,ASSIGNED
2008-04-03 15:03:25 EDT,david_williams@us.ibm.com,Resolution,FIXED,---
2008-04-10 19:08:40 EDT,rob.stryker@jboss.com,Status,REOPENED,RESOLVED
2008-04-10 19:08:40 EDT,rob.stryker@jboss.com,Resolution,---,FIXED
2008-04-10 19:35:04 EDT,rob.stryker@jboss.com,Attachment #92742                Attachment is obsolete,1,0
2008-04-10 19:35:04 EDT,rob.stryker@jboss.com,Attachment #92958                Attachment is obsolete,1,0
2008-04-10 19:35:04 EDT,rob.stryker@jboss.com,Attachment #94271                Attachment is obsolete,1,0
2008-04-11 07:30:09 EDT,svadu@hotmail.com,CC,svadu@hotmail.com,
2008-04-23 11:15:28 EDT,rob.stryker@jboss.com,Summary,[hotbug_request] Regression (?) between wtp 2.0.1 and 2.0.2 in J2EEFlexProjDeployable,Regression (?) between wtp 2.0.1 and 2.0.2 in J2EEFlexProjDeployable
2008-04-23 18:32:04 EDT,rob.stryker@jboss.com,Severity,minor,blocker
2008-04-23 18:32:04 EDT,rob.stryker@jboss.com,Summary,Regression (?) between wtp 2.0.1 and 2.0.2 in J2EEFlexProjDeployable,[hotbug_request] Regression (?) between wtp 2.0.1 and 2.0.2 in J2EEFlexProjDeployable
2008-05-01 00:05:47 EDT,david_williams@us.ibm.com,Status,RESOLVED,REOPENED
2008-05-01 00:05:47 EDT,david_williams@us.ibm.com,Resolution,FIXED,---
2008-05-01 11:18:59 EDT,david_williams@us.ibm.com,Keywords,contributed,
2008-05-06 11:25:58 EDT,raghunathan.srinivasan@oracle.com,CC,raghunathan.srinivasan@oracle.com,
2008-10-29 10:12:36 EDT,bjorn.freeman-benson@eclipse.org,Attachment #92841                Flags,iplog+,
