When, Who, What, Added, Removed
2008-03-13 10:07:56 EDT,oleg.krasilnikov@intel.com,Assignee,oleg.krasilnikov@intel.com,cdt-build-inbox@eclipse.org
2008-03-13 10:07:56 EDT,oleg.krasilnikov@intel.com,Target Milestone,5.0,---
2008-03-13 13:30:35 EDT,oleg.krasilnikov@intel.com,Status,RESOLVED,NEW
2008-03-13 13:30:35 EDT,oleg.krasilnikov@intel.com,Resolution,FIXED,---
2008-04-16 16:02:33 EDT,vivkong@ca.ibm.com,Keywords,contributed,
2008-06-22 03:23:53 EDT,bjorn.freeman-benson@eclipse.org,Attachment #92490                Flags,iplog+,
