When, Who, What, Added, Removed
2008-03-13 11:49:00 EDT,pawel.1.piech@gmail.com,CC,pawel.piech@windriver.com,
2008-03-14 16:57:31 EDT,pawel.1.piech@gmail.com,Assignee,frederic.riss@st.com,dd.general-inbox@eclipse.org
2008-03-14 16:59:00 EDT,pawel.1.piech@gmail.com,Status,RESOLVED,NEW
2008-03-14 16:59:00 EDT,pawel.1.piech@gmail.com,Resolution,FIXED,---
2008-03-14 16:59:00 EDT,pawel.1.piech@gmail.com,Target Milestone,1.0 M6,---
2008-04-01 09:24:31 EDT,frederic.riss@st.com,Status,VERIFIED,RESOLVED
2008-08-13 13:05:13 EDT,pawel.1.piech@gmail.com,Status,CLOSED,VERIFIED
2009-01-07 17:16:30 EST,pawel.1.piech@gmail.com,Component,cdt-debug-dsf-gdb,MI
2009-01-07 17:16:30 EST,pawel.1.piech@gmail.com,Product,CDT,DD
2009-01-07 17:16:30 EST,pawel.1.piech@gmail.com,Target Milestone,DD 1.0,1.0 M6
2009-01-07 17:16:30 EST,pawel.1.piech@gmail.com,Version,DD 1.0,1.0
2011-12-22 15:46:21 EST,mathiaskunter@gmail.com,Blocks,367456,
2014-01-29 21:08:25 EST,dschaefer@qnx.com,Attachment #92428                Flags,iplog+,
2014-01-29 21:08:25 EST,dschaefer@qnx.com,CC,dschaefer@qnx.com,
