When, Who, What, Added, Removed
2008-03-14 03:27:06 EDT,epfister@hsr.ch,CC,epfister@hsr.ch,
2008-10-30 16:58:24 EDT,berkland@us.ibm.com,Status,RESOLVED,NEW
2008-10-30 16:58:24 EDT,berkland@us.ibm.com,Resolution,FIXED,---
2010-03-03 11:15:58 EST,webmaster@eclipse.org,Component,General,wst.jsdt
2010-03-03 11:15:58 EST,webmaster@eclipse.org,Version,3.0,unspecified
2010-03-03 11:15:58 EST,webmaster@eclipse.org,Product,JSDT,WTP Source Editing
2010-03-03 11:15:58 EST,webmaster@eclipse.org,Target Milestone,3.0 RC2,---
2010-03-18 12:04:25 EDT,webmaster@eclipse.org,Target Milestone,---,3.0 RC2
2010-03-18 12:04:25 EDT,webmaster@eclipse.org,Version,unspecified,3.0
