When, Who, What, Added, Removed
2008-03-17 11:02:48 EDT,Tod_Creasey@ca.ibm.com,Assignee,kim_horne@ca.ibm.com,Platform-UI-Inbox@eclipse.org
2008-03-17 11:02:48 EDT,Tod_Creasey@ca.ibm.com,Summary,[WorkingSets] BIDI3.4:HCG Wrong alignment of labels in "Resource Working Set" view,BIDI3.4:HCG Wrong alignment of labels in "Resource Working Set" view
2009-07-09 19:58:07 EDT,susan@rapicorp.com,Assignee,platform-ui-triaged@eclipse.org,eclipse@pookzilla.net
2009-07-09 19:58:07 EDT,susan@rapicorp.com,QA Contact,hsoliwal@in.ibm.com,
2010-02-02 07:33:54 EST,hhelena@il.ibm.com,Status,CLOSED,NEW
2010-02-02 07:33:54 EST,hhelena@il.ibm.com,Resolution,FIXED,---
