When, Who, What, Added, Removed
2008-03-13 12:07:21 EDT,rkanna@actuate.com,Assignee,yulin.wang@actuate.com,Birt-Chart-inbox@eclipse.org
2008-03-13 12:07:21 EDT,rkanna@actuate.com,Target Milestone,2.3.0 M6,---
2008-03-14 03:32:04 EDT,yulin.wang@actuate.com,Status,RESOLVED,NEW
2008-03-14 03:32:04 EDT,yulin.wang@actuate.com,Resolution,FIXED,---
2008-03-18 23:20:49 EDT,lshen@actuate.com,CC,qaobsolete@gmail.com,
2008-03-18 23:20:49 EDT,lshen@actuate.com,Status,CLOSED,RESOLVED
2009-09-08 01:29:22 EDT,bluesoldier@gmail.com,CC,xgu@actuate.com,
2009-09-08 01:29:22 EDT,bluesoldier@gmail.com,Whiteboard,Need-Auto,
2009-09-23 05:35:39 EDT,bluesoldier@gmail.com,Whiteboard,Autoed,Need-Auto
2010-03-25 02:30:04 EDT,bluesoldier@gmail.com,Whiteboard,Autoed,G,Autoed
