When, Who, What, Added, Removed
2008-03-17 10:44:20 EDT,Tod_Creasey@ca.ibm.com,Assignee,platform-swt-inbox@eclipse.org,Platform-UI-Inbox@eclipse.org
2008-03-17 10:44:20 EDT,Tod_Creasey@ca.ibm.com,Component,SWT,UI
2008-03-19 17:38:36 EDT,eclipse.felipe@gmail.com,CC,felipe_heidrich@ca.ibm.com,
2008-03-20 07:39:54 EDT,fira@il.ibm.com,CC,fira@il.ibm.com,
2008-03-20 16:34:34 EDT,eclipse.felipe@gmail.com,Assignee,equinox.framework-inbox@eclipse.org,platform-swt-inbox@eclipse.org
2008-03-20 16:34:34 EDT,eclipse.felipe@gmail.com,Component,Framework,SWT
2008-03-20 16:34:34 EDT,eclipse.felipe@gmail.com,Product,Equinox,Platform
2008-03-21 11:48:08 EDT,tjwatson@us.ibm.com,CC,tjwatson@us.ibm.com,
2008-03-24 14:49:02 EDT,jdmiles@us.ibm.com,CC,jdmiles@us.ibm.com,
2008-04-30 14:35:14 EDT,Mike_Wilson@ca.ibm.com,CC,kim_horne@ca.ibm.com, Mike_Wilson@ca.ibm.com,
2008-05-05 09:40:37 EDT,eclipse@pookzilla.net,CC,aniefer@ca.ibm.com,
2008-05-06 13:10:50 EDT,john_arthorne@ca.ibm.com,CC,john_arthorne@ca.ibm.com,
2008-05-08 13:52:30 EDT,aniefer@ca.ibm.com,Target Milestone,3.4 RC1,---
2008-05-08 13:52:30 EDT,aniefer@ca.ibm.com,Flags,review?(kim_horne@ca.ibm.com),
2008-05-08 13:55:27 EDT,eclipse@pookzilla.net,Flags,review+,review?(kim_horne@ca.ibm.com)
2008-05-09 16:09:03 EDT,aniefer@ca.ibm.com,Status,RESOLVED,NEW
2008-05-09 16:09:03 EDT,aniefer@ca.ibm.com,Resolution,FIXED,---
2008-05-20 08:52:03 EDT,tomerm@il.ibm.com,Status,CLOSED,RESOLVED
