When, Who, What, Added, Removed
2008-03-13 08:34:45 EDT,Olivier_Thomann@ca.ibm.com,CC,Olivier_Thomann@ca.ibm.com,
2008-03-13 08:34:45 EDT,Olivier_Thomann@ca.ibm.com,Assignee,philippe_mulet@fr.ibm.com,jdt-core-inbox@eclipse.org
2008-03-21 01:09:29 EDT,philippe_mulet@fr.ibm.com,Summary,[compiler] wrong field hides field warning for private fields,wrong field hides field warning for private fields
2008-03-26 13:26:49 EDT,philippe_mulet@fr.ibm.com,Status,RESOLVED,NEW
2008-03-26 13:26:49 EDT,philippe_mulet@fr.ibm.com,Resolution,FIXED,---
2008-03-26 13:26:49 EDT,philippe_mulet@fr.ibm.com,Target Milestone,3.4 M6,---
2008-03-27 05:37:34 EDT,eric_jodet@fr.ibm.com,CC,eric_jodet@fr.ibm.com,
2008-03-27 05:37:34 EDT,eric_jodet@fr.ibm.com,Status,VERIFIED,RESOLVED
