When, Who, What, Added, Removed
2008-03-13 06:50:35 EDT,christian.campo@compeople.de,CC,christian.campo@compeople.de,
2008-03-13 13:29:03 EDT,simon_kaegi@ca.ibm.com,CC,simon_kaegi@ca.ibm.com,
2008-03-13 13:29:03 EDT,simon_kaegi@ca.ibm.com,Summary,[server] BridgeServlet keeps instance if init fails,BridgeServlet keeps instance if init fails
2008-03-25 13:29:37 EDT,christian.campo@compeople.de,Attachment #93448                Attachment mime type,text/plain,application/octet-stream
2008-03-25 13:29:37 EDT,christian.campo@compeople.de,Attachment #93448                Attachment is patch,1,0
2008-04-15 14:24:33 EDT,simon_kaegi@ca.ibm.com,Assignee,simon_kaegi@ca.ibm.com,equinox.bundles-inbox@eclipse.org
2008-04-15 14:24:33 EDT,simon_kaegi@ca.ibm.com,Target Milestone,3.4 M7,---
2008-04-15 23:53:38 EDT,simon_kaegi@ca.ibm.com,Status,RESOLVED,NEW
2008-04-15 23:53:38 EDT,simon_kaegi@ca.ibm.com,Resolution,FIXED,---
