When, Who, What, Added, Removed
2008-07-15 07:05:40 EDT,yi.y.zhang@intel.com,CC,yi.y.zhang@intel.com,
2008-07-15 07:23:31 EDT,phil_fj12@yahoo.fr,Attachment #92446                Attachment is obsolete,1,0
2008-07-17 08:57:44 EDT,mikhail.sennikovskiy@gmail.com,CC,Mikhail.Sennikovsky@intel.com,
2008-07-17 08:57:44 EDT,mikhail.sennikovskiy@gmail.com,Assignee,yi.y.zhang@intel.com,cdt-build-inbox@eclipse.org
2008-07-17 13:46:03 EDT,mikhail.sennikovskiy@gmail.com,Status,RESOLVED,NEW
2008-07-17 13:46:03 EDT,mikhail.sennikovskiy@gmail.com,Resolution,FIXED,---
2008-07-17 13:46:03 EDT,mikhail.sennikovskiy@gmail.com,Target Milestone,5.0.1,---
2009-05-26 19:58:51 EDT,dschaefer@qnx.com,CC,cdtdoug@gmail.com,
2009-05-26 19:58:51 EDT,dschaefer@qnx.com,Flags,iplog+,
2009-06-03 16:22:11 EDT,dschaefer@qnx.com,Attachment #107718                Flags,iplog+,
2010-05-28 13:17:06 EDT,dschaefer@qnx.com,Flags,,iplog+
