When, Who, What, Added, Removed
2008-03-13 11:44:22 EDT,rkanna@actuate.com,Assignee,yulin.wang@actuate.com,Birt-Chart-inbox@eclipse.org
2008-03-13 11:44:22 EDT,rkanna@actuate.com,Target Milestone,2.3.0 M6,---
2008-03-14 02:57:22 EDT,yulin.wang@actuate.com,Assignee,xzhu@actuate.com,yulin.wang@actuate.com
2008-03-26 01:35:32 EDT,xzhu@actuate.com,Status,RESOLVED,NEW
2008-03-26 01:35:32 EDT,xzhu@actuate.com,Resolution,FIXED,---
2008-03-27 22:46:47 EDT,lshen@actuate.com,Status,CLOSED,RESOLVED
2009-07-09 04:08:20 EDT,bluesoldier@gmail.com,Whiteboard,Non-Auto,
