When, Who, What, Added, Removed
2008-03-13 11:24:32 EDT,webdaford@fordcochrane.com,CC,mesika@il.ibm.com,
2008-03-13 11:24:32 EDT,webdaford@fordcochrane.com,Status,ASSIGNED,NEW
2008-04-30 12:48:48 EDT,webdaford@fordcochrane.com,Assignee,kaufman@almaden.ibm.com,daford@almaden.ibm.com
2008-04-30 12:48:48 EDT,webdaford@fordcochrane.com,Status,NEW,ASSIGNED
2008-04-30 16:34:23 EDT,webdaford@fordcochrane.com,Status,ASSIGNED,NEW
2009-12-01 16:39:44 EST,webdaford@fordcochrane.com,Assignee,stem.internal-inbox@eclipse.org,kaufman@almaden.ibm.com
2010-08-16 13:12:11 EDT,jhkauf@us.ibm.com,Assignee,kaufman@almaden.ibm.com,stem.internal-inbox@eclipse.org
2010-08-17 00:28:08 EDT,jhkauf@us.ibm.com,Status,RESOLVED,ASSIGNED
2010-08-17 00:28:08 EDT,jhkauf@us.ibm.com,Resolution,FIXED,---
2010-08-17 00:28:19 EDT,jhkauf@us.ibm.com,Status,CLOSED,RESOLVED
