When, Who, What, Added, Removed
2008-03-13 11:58:06 EDT,susan@rapicorp.com,CC,susan_franklin@us.ibm.com,
2008-04-04 14:16:50 EDT,john_arthorne@ca.ibm.com,Target Milestone,3.4 M7,---
2008-04-27 20:48:41 EDT,pascal@rapicorp.com,CC,pascal_rapicault@ca.ibm.com,
2008-04-27 20:48:41 EDT,pascal@rapicorp.com,Target Milestone,3.4,3.4 M7
2008-04-30 21:32:15 EDT,pascal@rapicorp.com,Status,RESOLVED,NEW
2008-04-30 21:32:15 EDT,pascal@rapicorp.com,Resolution,FIXED,---
2008-04-30 21:32:15 EDT,pascal@rapicorp.com,Target Milestone,3.4 M7,3.4
