When, Who, What, Added, Removed
2008-08-05 14:40:14 EDT,martin.oberhuber@windriver.com,Summary,[testing] FileServiceArchiveTest leaves temporary files and folders behind in TEMP dir,FileServiceArchiveTest leaves temporary files and folders behind in TEMP dir
2008-08-05 14:40:14 EDT,martin.oberhuber@windriver.com,Target Milestone,3.1,---
2009-06-17 13:29:26 EDT,xuanchen@ca.ibm.com,Target Milestone,3.2,3.1
2010-05-26 14:07:51 EDT,martin.oberhuber@windriver.com,Target Milestone,3.2 RC3,3.2
2010-05-31 06:51:25 EDT,martin.oberhuber@windriver.com,Target Milestone,3.2.1,3.2 RC3
2010-09-07 11:38:12 EDT,martin.oberhuber@windriver.com,Hardware,All,PC
2010-09-07 11:38:12 EDT,martin.oberhuber@windriver.com,OS,All,Windows XP
2011-01-12 15:42:45 EST,martin.oberhuber@windriver.com,Target Milestone,3.3,3.2.1
2011-02-01 04:10:38 EST,martin.oberhuber@windriver.com,Target Milestone,3.3 M5,3.3
2011-02-01 14:43:10 EST,xuanchen@ca.ibm.com,Status,RESOLVED,NEW
2011-02-01 14:43:10 EST,xuanchen@ca.ibm.com,Resolution,FIXED,---
