When, Who, What, Added, Removed
2008-03-12 22:46:29 EDT,pascal@rapicorp.com,Assignee,timothym@ca.ibm.com,equinox.p2-inbox@eclipse.org
2008-03-13 16:03:28 EDT,timothym@ca.ibm.com,Status,ASSIGNED,NEW
2008-03-13 16:03:28 EDT,timothym@ca.ibm.com,Flags,review?(john_arthorne@ca.ibm.com),
2008-03-13 17:57:10 EDT,john_arthorne@ca.ibm.com,Status,RESOLVED,ASSIGNED
2008-03-13 17:57:10 EDT,john_arthorne@ca.ibm.com,Resolution,FIXED,---
2008-03-13 17:57:10 EDT,john_arthorne@ca.ibm.com,Target Milestone,3.4 M6,---
2008-03-13 17:57:10 EDT,john_arthorne@ca.ibm.com,Flags,review+,review?(john_arthorne@ca.ibm.com)
