When, Who, What, Added, Removed
2008-03-12 23:34:21 EDT,wyan@actuate.com,CC,wyan@actuate.com,
2008-03-12 23:34:21 EDT,wyan@actuate.com,Assignee,jouyang@actuate.com,Birt-ReportEngine-inbox@eclipse.org
2008-03-12 23:34:21 EDT,wyan@actuate.com,Target Milestone,2.3.0 M5,---
2008-03-12 23:36:20 EDT,wyan@actuate.com,Target Milestone,2.3.0 M6,2.3.0 M5
2008-03-13 22:38:19 EDT,jouyang@actuate.com,Status,RESOLVED,NEW
2008-03-13 22:38:19 EDT,jouyang@actuate.com,Resolution,FIXED,---
2008-03-17 03:05:06 EDT,xwang@actuate.com,CC,qaautoed@gmail.com,
2008-03-25 22:42:10 EDT,lshen@actuate.com,Status,CLOSED,RESOLVED
2009-07-23 07:10:41 EDT,bluesoldier@gmail.com,Whiteboard,Autoed,
2010-03-25 02:29:54 EDT,bluesoldier@gmail.com,CC,xgu@actuate.com,
2010-03-25 02:29:54 EDT,bluesoldier@gmail.com,Whiteboard,Autoed,G-text,Autoed
