When, Who, What, Added, Removed
2008-03-18 07:57:00 EDT,markus_keller@ch.ibm.com,CC,markus_keller@ch.ibm.com,
2008-03-18 07:57:00 EDT,markus_keller@ch.ibm.com,Summary,[navigation] Multi-hyperlink shell dismissed too fast with link on line below,[navigation] Multi-hyperlink shell dismissed too fast
2008-03-18 08:18:25 EDT,daniel_megert@ch.ibm.com,Priority,P2,P3
2008-03-18 08:18:25 EDT,daniel_megert@ch.ibm.com,Target Milestone,3.4 M6,---
2008-03-19 09:40:40 EDT,daniel_megert@ch.ibm.com,Status,RESOLVED,NEW
2008-03-19 09:40:40 EDT,daniel_megert@ch.ibm.com,Resolution,FIXED,---
2008-03-19 09:40:40 EDT,daniel_megert@ch.ibm.com,Flags,review+,
