When, Who, What, Added, Removed
2008-03-13 11:50:20 EDT,andre.bossert@siemens.com,CC,andre.bossert@siemens.com,
2008-03-14 04:22:25 EDT,markus.schorn@windriver.com,Assignee,markus.schorn@windriver.com,cdt-core-inbox@eclipse.org
2008-03-14 04:22:25 EDT,markus.schorn@windriver.com,Target Milestone,5.0 M6,---
2008-03-14 09:07:47 EDT,markus.schorn@windriver.com,Status,RESOLVED,NEW
2008-03-14 09:07:47 EDT,markus.schorn@windriver.com,Resolution,FIXED,---
2009-01-09 17:06:17 EST,dschaefer@qnx.com,Component,cdt-core,deprecated7
