When, Who, What, Added, Removed
2008-03-13 21:53:14 EDT,lzhu@actuate.com,CC,lzhu@actuate.com,
2008-03-13 21:53:14 EDT,lzhu@actuate.com,Assignee,Birt-ReportDesigner-inbox@eclipse.org,Birt-Data-inbox@eclipse.org
2008-03-13 21:53:14 EDT,lzhu@actuate.com,Component,Report Designer,Data
2008-03-13 23:49:29 EDT,zqian@actuate.com,CC,zqian@actuate.com,
2008-03-13 23:49:29 EDT,zqian@actuate.com,Assignee,yuejie.chen@actuate.com,Birt-ReportDesigner-inbox@eclipse.org
2008-03-13 23:49:29 EDT,zqian@actuate.com,Target Milestone,2.3.0 M6,---
2008-03-14 03:17:18 EDT,yuejie.chen@actuate.com,Assignee,Birt-ReportDesigner-inbox@eclipse.org,yuejie.chen@actuate.com
2008-03-14 03:17:35 EDT,yuejie.chen@actuate.com,Status,RESOLVED,NEW
2008-03-14 03:17:35 EDT,yuejie.chen@actuate.com,Resolution,FIXED,---
2008-03-25 22:36:25 EDT,lshen@actuate.com,Status,REOPENED,RESOLVED
2008-03-25 22:36:25 EDT,lshen@actuate.com,Resolution,---,FIXED
2008-03-25 22:40:24 EDT,zqian@actuate.com,Status,RESOLVED,REOPENED
2008-03-25 22:40:24 EDT,zqian@actuate.com,Resolution,FIXED,---
2008-03-26 01:33:10 EDT,lshen@actuate.com,Status,CLOSED,RESOLVED
