When, Who, What, Added, Removed
2008-03-26 12:16:12 EDT,aeschli@gmail.com,CC,martin_aeschlimann@ch.ibm.com,
2008-03-26 12:16:12 EDT,aeschli@gmail.com,Summary,[encapsulate field] SelfEncapsulateFieldRefactoring should use templates, respect extra dimensions etc...,SelfEncapsulateFieldRefactoring should use templates, respect extra dimensions etc...
2008-03-26 12:16:12 EDT,aeschli@gmail.com,Target Milestone,3.4 M7,---
2008-04-24 09:52:14 EDT,aeschli@gmail.com,Assignee,martin_aeschlimann@ch.ibm.com,jdt-ui-inbox@eclipse.org
2008-04-24 10:06:14 EDT,aeschli@gmail.com,Status,RESOLVED,NEW
2008-04-24 10:06:14 EDT,aeschli@gmail.com,Resolution,FIXED,---
