When, Who, What, Added, Removed
2008-03-13 23:22:51 EDT,wyan@actuate.com,CC,wyan@actuate.com,
2008-03-13 23:22:51 EDT,wyan@actuate.com,Assignee,Birt-Data-inbox@eclipse.org,Birt-ReportEngine-inbox@eclipse.org
2008-03-13 23:22:51 EDT,wyan@actuate.com,Component,Data,Report Engine
2008-03-14 02:13:07 EDT,lzhu@actuate.com,CC,lzhu@actuate.com,
2008-03-14 02:13:07 EDT,lzhu@actuate.com,Assignee,mwu@actuate.com,Birt-Data-inbox@eclipse.org
2008-03-14 02:13:07 EDT,lzhu@actuate.com,Target Milestone,2.3.0 M6,---
2008-03-26 04:23:01 EDT,mwu@actuate.com,Status,RESOLVED,NEW
2008-03-26 04:23:01 EDT,mwu@actuate.com,Resolution,FIXED,---
2008-03-31 22:30:10 EDT,tzhang@actuate.com,CC,qaautoed@gmail.com,
