When, Who, What, Added, Removed
2008-05-21 07:58:26 EDT,tomasz.zarna@tasktop.com,Assignee,Tomasz.Zarna@pl.ibm.com,platform-team-inbox@eclipse.org
2008-05-21 08:12:18 EDT,tomasz.zarna@tasktop.com,Status,ASSIGNED,NEW
2008-05-21 08:12:18 EDT,tomasz.zarna@tasktop.com,Target Milestone,3.4,---
2008-05-21 08:12:18 EDT,tomasz.zarna@tasktop.com,Flags,review?(Tomasz.Zarna@pl.ibm.com),
2008-05-21 08:13:18 EDT,tomasz.zarna@tasktop.com,CC,Szymon.Brandys@pl.ibm.com,
2008-05-21 08:13:18 EDT,tomasz.zarna@tasktop.com,Flags,review+, review?(Szymon.Brandys@pl.ibm.com),review?(Tomasz.Zarna@pl.ibm.com)
2008-05-23 07:36:50 EDT,Szymon.Brandys@pl.ibm.com,Target Milestone,3.4 RC3,3.4
2008-05-23 12:22:37 EDT,Szymon.Brandys@pl.ibm.com,Flags,review+, review?(Michael_Valenta@ca.ibm.com),review?(Szymon.Brandys@pl.ibm.com)
2008-05-26 08:55:00 EDT,Michael_Valenta@ca.ibm.com,CC,Michael_Valenta@ca.ibm.com,
2008-05-26 08:55:00 EDT,Michael_Valenta@ca.ibm.com,Flags,review+,review?(Michael_Valenta@ca.ibm.com)
2008-05-26 10:24:07 EDT,tomasz.zarna@tasktop.com,Status,RESOLVED,ASSIGNED
2008-05-26 10:24:07 EDT,tomasz.zarna@tasktop.com,Resolution,FIXED,---
2008-06-02 11:13:28 EDT,tomasz.zarna@tasktop.com,Status,VERIFIED,RESOLVED
