When, Who, What, Added, Removed
2008-03-18 13:16:29 EDT,alexander.gurov@polarion.com,Status,RESOLVED,NEW
2008-03-18 13:16:29 EDT,alexander.gurov@polarion.com,Resolution,FIXED,---
2008-04-18 09:49:21 EDT,alexander.gurov@polarion.com,Status,REOPENED,RESOLVED
2008-04-18 09:49:21 EDT,alexander.gurov@polarion.com,Resolution,---,FIXED
2008-04-18 09:50:46 EDT,alexander.gurov@polarion.com,Status,RESOLVED,REOPENED
2008-04-18 09:50:46 EDT,alexander.gurov@polarion.com,Resolution,DUPLICATE,---
2008-04-22 04:12:03 EDT,alexander.gurov@polarion.com,Status,REOPENED,RESOLVED
2008-04-22 04:12:03 EDT,alexander.gurov@polarion.com,Resolution,---,DUPLICATE
2008-04-22 04:25:08 EDT,alexander.gurov@polarion.com,Status,RESOLVED,REOPENED
2008-04-22 04:25:08 EDT,alexander.gurov@polarion.com,Resolution,FIXED,---
