When, Who, What, Added, Removed
2008-03-13 23:50:16 EDT,zqian@actuate.com,CC,zqian@actuate.com,
2008-03-13 23:50:16 EDT,zqian@actuate.com,Assignee,Birt-Data-inbox@eclipse.org,Birt-ReportDesigner-inbox@eclipse.org
2008-03-13 23:50:16 EDT,zqian@actuate.com,Component,Data,Report Designer
2008-03-16 22:15:58 EDT,lzhu@actuate.com,CC,lzhu@actuate.com,
2008-03-16 22:15:58 EDT,lzhu@actuate.com,Assignee,xiaofeng.zhang@actuate.com,Birt-Data-inbox@eclipse.org
2008-03-16 22:15:58 EDT,lzhu@actuate.com,Target Milestone,2.3.0 M6,---
2008-03-17 23:38:47 EDT,xiaofeng.zhang@actuate.com,Status,RESOLVED,NEW
2008-03-17 23:38:47 EDT,xiaofeng.zhang@actuate.com,Resolution,FIXED,---
2009-06-05 01:34:35 EDT,bluesoldier@gmail.com,QA Contact,mindan.xu@actuate.com,
2009-06-07 22:13:33 EDT,mindan.xu@actuate.com,Status,VERIFIED,RESOLVED
2009-07-09 04:08:40 EDT,bluesoldier@gmail.com,Whiteboard,Non-Auto,
