When, Who, What, Added, Removed
2008-03-13 17:43:51 EDT,ian.trimble@oracle.com,Severity,major,normal
2008-03-13 18:08:43 EDT,cameron.bateman@oracle.com,CC,david_williams@us.ibm.com, cameron.bateman@oracle.com,
2008-03-13 19:14:52 EDT,david_williams@us.ibm.com,CC,deboer@ca.ibm.com,
2008-03-13 22:46:12 EDT,nitind@us.ibm.com,CC,nitind@us.ibm.com,
2008-03-14 00:56:17 EDT,david_williams@us.ibm.com,Status,RESOLVED,NEW
2008-03-14 00:56:17 EDT,david_williams@us.ibm.com,Resolution,FIXED,---
2008-03-14 14:51:23 EDT,ian.trimble@oracle.com,Status,REOPENED,RESOLVED
2008-03-14 14:51:23 EDT,ian.trimble@oracle.com,Resolution,---,FIXED
2008-03-14 14:52:09 EDT,ian.trimble@oracle.com,CC,raghunathan.srinivasan@oracle.com,
2008-04-01 15:50:30 EDT,raghunathan.srinivasan@oracle.com,Assignee,raghunathan.srinivasan@oracle.com,jsf.ui-inbox@eclipse.org
2008-04-01 15:50:30 EDT,raghunathan.srinivasan@oracle.com,Status,NEW,REOPENED
2008-04-01 15:50:30 EDT,raghunathan.srinivasan@oracle.com,Target Milestone,3.0 M7,---
2008-05-05 16:09:46 EDT,raghunathan.srinivasan@oracle.com,Target Milestone,3.0 RC1,3.0 M7
2008-07-23 23:14:05 EDT,david_williams@us.ibm.com,Target Milestone,---,3.0 RC1
2009-01-22 14:13:20 EST,raghunathan.srinivasan@oracle.com,Severity,normal,major
2010-02-17 16:16:27 EST,raghunathan.srinivasan@oracle.com,Status,RESOLVED,NEW
2010-02-17 16:16:27 EST,raghunathan.srinivasan@oracle.com,Resolution,FIXED,---
2010-02-17 16:16:27 EST,raghunathan.srinivasan@oracle.com,Target Milestone,3.1.2,---
