When, Who, What, Added, Removed
2008-03-26 21:28:44 EDT,jeffmcaffer@gmail.com,CC,jeff-bugs@code9.com,
2008-04-01 17:19:43 EDT,aniefer@ca.ibm.com,CC,aniefer@ca.ibm.com,
2008-04-04 17:12:40 EDT,aniefer@ca.ibm.com,CC,simon_kaegi@ca.ibm.com,
2008-04-14 11:57:14 EDT,aniefer@ca.ibm.com,Blocks,223319,
2008-04-14 16:29:42 EDT,pascal@rapicorp.com,Summary,Metadata generation for chmod and ln actions,Support chmod and ln on a plug-in
2008-04-16 14:59:38 EDT,aniefer@ca.ibm.com,Target Milestone,3.4 M7,---
2008-04-21 14:35:14 EDT,aniefer@ca.ibm.com,Assignee,aniefer@ca.ibm.com,equinox.p2-inbox@eclipse.org
2008-04-21 16:56:35 EDT,john_arthorne@ca.ibm.com,CC,john_arthorne@ca.ibm.com,
2008-05-12 16:58:55 EDT,aniefer@ca.ibm.com,Status,RESOLVED,NEW
2008-05-12 16:58:55 EDT,aniefer@ca.ibm.com,Resolution,FIXED,---
