When, Who, What, Added, Removed
2008-03-13 22:33:58 EDT,wyan@actuate.com,CC,wyan@actuate.com,
2008-03-13 22:33:58 EDT,wyan@actuate.com,Assignee,Birt-ReportViewer-inbox@eclipse.org,Birt-ReportEngine-inbox@eclipse.org
2008-03-13 22:33:58 EDT,wyan@actuate.com,Component,Report Viewer,Report Engine
2008-03-14 02:14:20 EDT,cyfgod@gmail.com,CC,ycheng@actuate.com,
2008-03-14 02:14:20 EDT,cyfgod@gmail.com,Assignee,ycheng@actuate.com,Birt-ReportViewer-inbox@eclipse.org
2008-03-14 02:14:20 EDT,cyfgod@gmail.com,Target Milestone,2.3.0 M6,---
2008-03-17 01:44:50 EDT,cyfgod@gmail.com,Assignee,jouyang@actuate.com,ycheng@actuate.com
2008-03-17 01:44:50 EDT,cyfgod@gmail.com,Component,Report Engine,Report Viewer
2008-03-17 02:13:06 EDT,jouyang@actuate.com,Status,RESOLVED,NEW
2008-03-17 02:13:06 EDT,jouyang@actuate.com,Resolution,FIXED,---
2008-03-18 22:39:37 EDT,xwang@actuate.com,CC,xwang@actuate.com, qaobsolete@gmail.com,
2009-09-09 04:07:36 EDT,bluesoldier@gmail.com,CC,xgu@actuate.com,
2009-09-09 04:07:36 EDT,bluesoldier@gmail.com,Whiteboard,Non-Auto,
