When, Who, What, Added, Removed
2008-03-25 14:23:21 EDT,crevells@ca.ibm.com,CC,crevells@ca.ibm.com,
2008-03-25 14:23:21 EDT,crevells@ca.ibm.com,Assignee,wdiu@ca.ibm.com,gmf.runtime.diagram-inbox@eclipse.org
2008-03-25 14:23:21 EDT,crevells@ca.ibm.com,Target Milestone,2.1 M6,---
2008-03-25 14:34:51 EDT,crevells@ca.ibm.com,Status,RESOLVED,NEW
2008-03-25 14:34:51 EDT,crevells@ca.ibm.com,Keywords,contributed,
2008-03-25 14:34:51 EDT,crevells@ca.ibm.com,Resolution,FIXED,---
2008-08-13 13:09:11 EDT,richard.gronback@borland.com,Target Milestone,2.1,2.1 M6
