When, Who, What, Added, Removed
2008-03-13 15:10:50 EDT,paules@ca.ibm.com,Priority,P2,P3
2008-03-13 15:10:50 EDT,paules@ca.ibm.com,Target Milestone,future,---
2008-07-07 08:40:47 EDT,paules@ca.ibm.com,Assignee,paules@ca.ibm.com,dmorris@us.ibm.com
2008-07-07 08:40:47 EDT,paules@ca.ibm.com,Status,NEW,ASSIGNED
2008-07-07 08:44:12 EDT,paules@ca.ibm.com,Status,ASSIGNED,NEW
2009-02-26 20:58:39 EST,paules@ca.ibm.com,Status,RESOLVED,ASSIGNED
2009-02-26 20:58:39 EST,paules@ca.ibm.com,Resolution,FIXED,---
2009-02-26 20:58:39 EST,paules@ca.ibm.com,Target Milestone,4.5.3,future
2009-03-02 09:11:58 EST,paules@ca.ibm.com,Status,CLOSED,RESOLVED
2009-03-05 08:01:22 EST,paules@ca.ibm.com,Target Milestone,4.6,4.5.3
