When, Who, What, Added, Removed
2008-03-13 14:54:35 EDT,david_williams@us.ibm.com,CC,david_williams@us.ibm.com,
2008-03-13 14:58:54 EDT,john_arthorne@ca.ibm.com,CC,john_arthorne@ca.ibm.com,
2008-03-13 15:00:09 EDT,martin.oberhuber@windriver.com,CC,martin.oberhuber@windriver.com,
2008-03-13 16:46:38 EDT,bjorn.freeman-benson@eclipse.org,CC,bjorn.freeman-benson@eclipse.org,
2008-03-13 16:46:38 EDT,bjorn.freeman-benson@eclipse.org,Assignee,bjorn.freeman-benson@eclipse.org,cross-project.inbox@eclipse.org
2008-03-14 16:16:44 EDT,bjorn.freeman-benson@eclipse.org,Status,RESOLVED,NEW
2008-03-14 16:16:44 EDT,bjorn.freeman-benson@eclipse.org,Resolution,FIXED,---
