When, Who, What, Added, Removed
2008-03-13 12:47:06 EDT,daniel_megert@ch.ibm.com,Summary,PDE Hyperlinks don't respect preference,PDE Hyperlinks don't respect enablement preference
2008-03-13 15:11:36 EDT,caniszczyk@gmail.com,CC,zx@us.ibm.com,
2008-03-13 15:11:36 EDT,caniszczyk@gmail.com,Assignee,zx@us.ibm.com,pde-ui-inbox@eclipse.org
2008-03-13 15:11:36 EDT,caniszczyk@gmail.com,Target Milestone,3.4 M6,---
2008-03-13 15:13:42 EDT,caniszczyk@gmail.com,Status,RESOLVED,NEW
2008-03-13 15:13:42 EDT,caniszczyk@gmail.com,Resolution,FIXED,---
2008-03-28 07:12:33 EDT,daniel_megert@ch.ibm.com,Status,VERIFIED,RESOLVED
