When, Who, What, Added, Removed
2008-03-14 17:02:13 EDT,deboer@ca.ibm.com,Assignee,deboer@ca.ibm.com,jst.server-inbox@eclipse.org
2008-03-17 04:53:11 EDT,nitind@us.ibm.com,Summary,Can't download and install server to folder with spaces in path,Can't download and install server to folder with spaces
2008-03-24 18:58:04 EDT,deboer@ca.ibm.com,Summary,Poor feedback on background runtime installation,Can't download and install server to folder with spaces in path
2008-04-13 01:37:15 EDT,deboer@ca.ibm.com,CC,raccah@dev.java.net,
2009-08-27 12:41:34 EDT,Larry.Isaacs@sas.com,Depends on,274201,
2009-08-27 12:57:49 EDT,Larry.Isaacs@sas.com,CC,Larry.Isaacs@sas.com,
2010-04-06 15:07:31 EDT,Larry.Isaacs@sas.com,CC,,Larry.Isaacs@sas.com
2010-04-06 15:07:31 EDT,Larry.Isaacs@sas.com,Assignee,Larry.Isaacs@sas.com,deboer@ca.ibm.com
2010-04-06 15:17:57 EDT,Larry.Isaacs@sas.com,Status,RESOLVED,NEW
2010-04-06 15:17:57 EDT,Larry.Isaacs@sas.com,Resolution,FIXED,---
2010-04-06 15:17:57 EDT,Larry.Isaacs@sas.com,Target Milestone,3.2 M7,---
2011-10-11 10:43:30 EDT,Larry.Isaacs@sas.com,Status,CLOSED,RESOLVED
