When, Who, What, Added, Removed
2008-03-13 15:20:48 EDT,Olivier_Thomann@ca.ibm.com,Status,RESOLVED,NEW
2008-03-13 15:20:48 EDT,Olivier_Thomann@ca.ibm.com,Resolution,FIXED,---
2008-03-13 15:20:48 EDT,Olivier_Thomann@ca.ibm.com,Target Milestone,3.4 M6,---
2008-03-17 17:59:32 EDT,Michael_Rennie@ca.ibm.com,Status,REOPENED,RESOLVED
2008-03-17 17:59:32 EDT,Michael_Rennie@ca.ibm.com,Resolution,---,FIXED
2008-03-17 18:19:26 EDT,Michael_Rennie@ca.ibm.com,Status,RESOLVED,REOPENED
2008-03-17 18:19:26 EDT,Michael_Rennie@ca.ibm.com,Resolution,FIXED,---
2008-04-05 13:12:41 EDT,Olivier_Thomann@ca.ibm.com,Status,VERIFIED,RESOLVED
