When, Who, What, Added, Removed
2008-03-13 15:32:19 EDT,konstantin.komissarchik@oracle.com,Assignee,kosta@bea.com,wst.common-inbox@eclipse.org
2008-03-13 15:32:19 EDT,konstantin.komissarchik@oracle.com,Target Milestone,3.0 M6,---
2008-03-13 16:01:42 EDT,konstantin.komissarchik@oracle.com,Status,RESOLVED,NEW
2008-03-13 16:01:42 EDT,konstantin.komissarchik@oracle.com,Resolution,FIXED,---
2008-03-13 16:01:42 EDT,konstantin.komissarchik@oracle.com,Summary,NPE while using WTP project wizard shortcuts,Cannot create Java EE project
2008-03-14 07:10:51 EDT,kaloyan.r@zend.com,Status,VERIFIED,RESOLVED
2008-05-29 12:56:26 EDT,kaloyan.r@zend.com,Status,CLOSED,VERIFIED
