When, Who, What, Added, Removed
2008-03-17 11:08:02 EDT,Tod_Creasey@ca.ibm.com,CC,Tod_Creasey@ca.ibm.com,
2008-03-17 11:08:02 EDT,Tod_Creasey@ca.ibm.com,Assignee,mdelder@us.ibm.com,Platform-UI-Inbox@eclipse.org
2008-03-17 11:08:02 EDT,Tod_Creasey@ca.ibm.com,Summary,[CommonNavigator] adopt schema identifier from PDE,[navigator] adopt schema identifier from PDE
2008-04-29 09:25:56 EDT,benjamin@eclipse.org,CC,benjamin.cabe@anyware-tech.com,
2008-08-13 17:06:47 EDT,francisu@ieee.org,Assignee,francisu@ieee.org,mdelder@us.ibm.com
2009-01-13 10:52:13 EST,francisu@ieee.org,Target Milestone,3.5 M5,---
2009-01-15 03:21:50 EST,francisu@ieee.org,Status,RESOLVED,NEW
2009-01-15 03:21:50 EST,francisu@ieee.org,Resolution,FIXED,---
2009-01-15 03:21:50 EST,francisu@ieee.org,Flags,iplog+,
2009-01-27 03:14:30 EST,daniel_megert@ch.ibm.com,CC,daniel_megert@ch.ibm.com,
2009-01-27 03:14:30 EST,daniel_megert@ch.ibm.com,Status,REOPENED,RESOLVED
2009-01-27 03:14:30 EST,daniel_megert@ch.ibm.com,Resolution,---,FIXED
2009-01-27 10:52:43 EST,francisu@ieee.org,Status,RESOLVED,REOPENED
2009-01-27 10:52:43 EST,francisu@ieee.org,Resolution,FIXED,---
2009-01-27 10:59:02 EST,daniel_megert@ch.ibm.com,Status,REOPENED,RESOLVED
2009-01-27 10:59:02 EST,daniel_megert@ch.ibm.com,Resolution,---,FIXED
2009-01-27 12:18:40 EST,francisu@ieee.org,Status,RESOLVED,REOPENED
2009-01-27 12:18:40 EST,francisu@ieee.org,Resolution,FIXED,---
2009-01-28 04:25:20 EST,daniel_megert@ch.ibm.com,Status,REOPENED,RESOLVED
2009-01-28 04:25:20 EST,daniel_megert@ch.ibm.com,Resolution,---,FIXED
2009-01-28 11:41:37 EST,francisu@ieee.org,Status,RESOLVED,REOPENED
2009-01-28 11:41:37 EST,francisu@ieee.org,Resolution,FIXED,---
2009-01-29 03:27:42 EST,daniel_megert@ch.ibm.com,Status,REOPENED,RESOLVED
2009-01-29 03:27:42 EST,daniel_megert@ch.ibm.com,Resolution,---,FIXED
2009-01-29 03:41:50 EST,francisu@ieee.org,Target Milestone,3.5 M6,3.5 M5
2009-01-29 03:52:30 EST,francisu@ieee.org,Target Milestone,3.5 M5,3.5 M6
2009-01-29 03:57:50 EST,daniel_megert@ch.ibm.com,Assignee,daniel_megert@ch.ibm.com,francisu@ieee.org
2009-01-29 03:57:50 EST,daniel_megert@ch.ibm.com,Status,NEW,REOPENED
2009-01-29 06:21:14 EST,daniel_megert@ch.ibm.com,Status,RESOLVED,NEW
2009-01-29 06:21:14 EST,daniel_megert@ch.ibm.com,OS,All,Windows XP
2009-01-29 06:21:14 EST,daniel_megert@ch.ibm.com,Hardware,All,PC
2009-01-29 06:21:14 EST,daniel_megert@ch.ibm.com,Resolution,FIXED,---
2009-01-30 02:19:32 EST,daniel_megert@ch.ibm.com,Status,VERIFIED,RESOLVED
2009-06-01 08:51:10 EDT,john_arthorne@ca.ibm.com,CC,john_arthorne@ca.ibm.com,
2009-06-01 08:51:10 EDT,john_arthorne@ca.ibm.com,Flags,,iplog+
