When, Who, What, Added, Removed
2008-03-13 14:18:47 EDT,Stephane.Drapeau@obeo.fr,Status,ASSIGNED,NEW
2008-03-13 14:28:54 EDT,Stephane.Drapeau@obeo.fr,Status,RESOLVED,ASSIGNED
2008-03-13 14:28:54 EDT,Stephane.Drapeau@obeo.fr,Resolution,FIXED,---
2008-11-04 11:41:59 EST,Stephane.Drapeau@obeo.fr,Component,editors,org.eclipse.stp.sca
2008-11-04 11:41:59 EST,Stephane.Drapeau@obeo.fr,Product,SCA,SOA
2008-11-04 11:41:59 EST,Stephane.Drapeau@obeo.fr,Version,unspecified,0.8
2011-03-25 08:20:55 EDT,vincent.zurczak@petalslink.com,Status,CLOSED,RESOLVED
2011-03-25 08:20:55 EDT,vincent.zurczak@petalslink.com,CC,vincent.zurczak@petalslink.com,
