When, Who, What, Added, Removed
2008-03-13 13:31:10 EDT,antoine@lunar-ocean.com,CC,antoine@lunar-ocean.com,
2008-03-13 13:31:10 EDT,antoine@lunar-ocean.com,Assignee,antoine@lunar-ocean.com,hmalphettes@intalio.com
2008-05-22 03:52:34 EDT,antoine@lunar-ocean.com,Status,RESOLVED,NEW
2008-05-22 03:52:34 EDT,antoine@lunar-ocean.com,Resolution,FIXED,---
2008-11-04 08:46:07 EST,antoine@lunar-ocean.com,CC,stp.bpmnmodeler-inbox@eclipse.org,
2008-11-04 08:46:07 EST,antoine@lunar-ocean.com,Component,diagram,org.eclipse.stp.bpmn
2008-11-04 08:46:07 EST,antoine@lunar-ocean.com,Product,BPMN,SOA
2010-06-09 15:07:56 EDT,antoine@lunar-ocean.com,Attachment #92482                Flags,iplog+,
2012-01-06 13:57:43 EST,webmaster@eclipse.org,Component,BPMN,diagram
2012-01-06 13:57:43 EST,webmaster@eclipse.org,Product,z_Archived,BPMN
