When, Who, What, Added, Removed
2008-03-13 13:04:59 EDT,cgold@us.ibm.com,CC,cgold@us.ibm.com,
2008-03-13 13:04:59 EDT,cgold@us.ibm.com,Target Milestone,4.0,---
2008-04-02 18:33:38 EDT,cgold@us.ibm.com,Target Milestone,3.5,4.0
2008-07-01 13:51:53 EDT,cgold@us.ibm.com,Assignee,cgold@us.ibm.com,platform-ua-inbox@eclipse.org
2008-07-01 13:51:53 EDT,cgold@us.ibm.com,Status,ASSIGNED,NEW
2008-07-01 14:01:22 EDT,cgold@us.ibm.com,Status,RESOLVED,ASSIGNED
2008-07-01 14:01:22 EDT,cgold@us.ibm.com,Resolution,FIXED,---
2008-07-01 14:01:22 EDT,cgold@us.ibm.com,Target Milestone,3.5 M1,3.5
