When, Who, What, Added, Removed
2008-03-14 14:42:31 EDT,raghunathan.srinivasan@oracle.com,CC,raghunathan.srinivasan@oracle.com,
2008-03-14 14:42:31 EDT,raghunathan.srinivasan@oracle.com,Assignee,ian.trimble@oracle.com,jsf.ui-inbox@eclipse.org
2008-03-14 14:42:31 EDT,raghunathan.srinivasan@oracle.com,Target Milestone,3.0,---
2008-04-16 15:02:56 EDT,raghunathan.srinivasan@oracle.com,CC,gerry.kessler@oracle.com,
2008-04-16 15:02:56 EDT,raghunathan.srinivasan@oracle.com,Target Milestone,Future,3.0
2010-03-16 20:48:45 EDT,raghunathan.srinivasan@oracle.com,Status,RESOLVED,NEW
2010-03-16 20:48:45 EDT,raghunathan.srinivasan@oracle.com,Resolution,FIXED,---
