When, Who, What, Added, Removed
2008-03-13 19:22:56 EDT,kchong@ca.ibm.com,CC,kchong@ca.ibm.com, nitind@us.ibm.com,
2008-03-13 21:20:05 EDT,nitind@us.ibm.com,Assignee,wst.xml-inbox@eclipse.org,jsf.ui-inbox@eclipse.org
2008-03-13 21:20:05 EDT,nitind@us.ibm.com,Component,wst.xml,UI
2008-03-13 21:20:05 EDT,nitind@us.ibm.com,Product,Web Tools,Java Server Faces
2008-03-13 21:20:05 EDT,nitind@us.ibm.com,QA Contact,nitind@us.ibm.com,
2008-03-13 21:20:05 EDT,nitind@us.ibm.com,Target Milestone,3.0 M6,---
2008-03-13 21:20:30 EDT,nitind@us.ibm.com,Assignee,nitind@us.ibm.com,wst.xml-inbox@eclipse.org
2008-03-13 21:25:39 EDT,nitind@us.ibm.com,Severity,major,normal
2008-03-13 21:25:39 EDT,nitind@us.ibm.com,Status,ASSIGNED,NEW
2008-03-13 22:42:51 EDT,nitind@us.ibm.com,Status,RESOLVED,ASSIGNED
2008-03-13 22:42:51 EDT,nitind@us.ibm.com,Resolution,FIXED,---
2008-03-13 22:45:41 EDT,nitind@us.ibm.com,Summary,UnsupportedOperationException when deactivating Design page,[WPE] UnsupportedOperationException when deactivating Design page
2008-03-14 07:17:55 EDT,kaloyan.r@zend.com,CC,kaloyan.raev@sap.com,
2008-03-14 13:29:48 EDT,ian.trimble@oracle.com,Status,VERIFIED,RESOLVED
