When, Who, What, Added, Removed
2008-03-14 13:06:17 EDT,alexander.gurov@polarion.com,Status,RESOLVED,NEW
2008-03-14 13:06:17 EDT,alexander.gurov@polarion.com,Resolution,FIXED,---
2008-03-24 17:42:15 EDT,mike@machadolab.com,Status,REOPENED,RESOLVED
2008-03-24 17:42:15 EDT,mike@machadolab.com,Resolution,---,FIXED
2008-03-26 12:51:41 EDT,alexander.gurov@polarion.com,Status,RESOLVED,REOPENED
2008-03-26 12:51:41 EDT,alexander.gurov@polarion.com,Resolution,FIXED,---
2011-05-18 06:46:16 EDT,igor.vinnykov@polarion.com,Attachment #93489                Flags,iplog+,
