When, Who, What, Added, Removed
2008-03-14 07:19:33 EDT,aeschli@gmail.com,CC,martin_aeschlimann@ch.ibm.com,
2008-03-14 07:19:33 EDT,aeschli@gmail.com,Assignee,platform-ant-inbox@eclipse.org,jdt-ui-inbox@eclipse.org
2008-03-14 07:19:33 EDT,aeschli@gmail.com,Component,Ant,UI
2008-03-14 07:19:33 EDT,aeschli@gmail.com,Product,Platform,JDT
2008-03-14 08:57:54 EDT,neale@nealeupstone.com,Attachment #92560                Flags,review?,
2008-03-17 15:29:09 EDT,haihappen@nurfuerspam.de,CC,richard.hoefter@web.de,
2008-05-06 19:31:09 EDT,Darin_Swanson@us.ibm.com,CC,Darin_Swanson@us.ibm.com,
2008-05-06 19:31:09 EDT,Darin_Swanson@us.ibm.com,Assignee,Darin_Swanson@us.ibm.com,platform-ant-inbox@eclipse.org
2008-05-06 19:31:23 EDT,Darin_Swanson@us.ibm.com,Status,ASSIGNED,NEW
2008-08-05 12:08:57 EDT,aeschli@gmail.com,CC,markus_keller@ch.ibm.com,
2009-03-09 07:28:21 EDT,markus_keller@ch.ibm.com,Depends on,243294,
2009-03-21 06:47:19 EDT,haihappen@nurfuerspam.de,Attachment #109324                Attachment is obsolete,1,0
2009-04-13 10:18:38 EDT,Michael_Rennie@ca.ibm.com,Attachment #92560                Flags,,review?
2009-04-13 10:18:38 EDT,Michael_Rennie@ca.ibm.com,Attachment #92560                Attachment is obsolete,1,0
2009-04-13 10:18:38 EDT,Michael_Rennie@ca.ibm.com,Attachment #92561                Attachment is obsolete,1,0
2009-04-13 10:18:38 EDT,Michael_Rennie@ca.ibm.com,Attachment #129512                Attachment is obsolete,1,0
2009-04-13 10:18:38 EDT,Michael_Rennie@ca.ibm.com,Assignee,Michael_Rennie@ca.ibm.com,Darin_Swanson@us.ibm.com
2009-04-13 10:21:18 EDT,Michael_Rennie@ca.ibm.com,Status,RESOLVED,ASSIGNED
2009-04-13 10:21:18 EDT,Michael_Rennie@ca.ibm.com,Resolution,FIXED,---
2009-04-13 10:21:18 EDT,Michael_Rennie@ca.ibm.com,Target Milestone,3.5 M7,---
2009-04-13 14:31:24 EDT,Michael_Rennie@ca.ibm.com,Status,VERIFIED,RESOLVED
