When, Who, What, Added, Removed
2008-03-13 21:42:43 EDT,vpetry@actuate.com,CC,vpetry@actuate.com,
2008-03-16 21:54:26 EDT,cyfgod@gmail.com,CC,ycheng@actuate.com,
2008-03-16 21:54:26 EDT,cyfgod@gmail.com,Assignee,Birt-Documentation-inbox@eclipse.org,Birt-ReportViewer-inbox@eclipse.org
2008-03-16 21:54:26 EDT,cyfgod@gmail.com,Component,Documentation,Report Viewer
2008-05-09 23:32:45 EDT,jasonweathersby@windstream.net,CC,jweathersby@actuate.com,
2008-05-12 16:29:42 EDT,jtatchell@actuate.com,CC,jtatchell@actuate.com,
2008-05-12 16:29:42 EDT,jtatchell@actuate.com,Assignee,jweathersby@actuate.com,Birt-Documentation-inbox@eclipse.org
2008-05-13 11:19:36 EDT,jasonweathersby@windstream.net,Status,RESOLVED,NEW
2008-05-13 11:19:36 EDT,jasonweathersby@windstream.net,Resolution,FIXED,---
