When, Who, What, Added, Removed
2008-03-14 02:14:45 EDT,lzhu@actuate.com,CC,lzhu@actuate.com,
2008-03-14 02:14:45 EDT,lzhu@actuate.com,Assignee,xwu@actuate.com,Birt-Data-inbox@eclipse.org
2008-03-14 02:14:45 EDT,lzhu@actuate.com,Target Milestone,2.3.0 M6,---
2008-03-18 02:35:14 EDT,xwu@actuate.com,Status,RESOLVED,NEW
2008-03-18 02:35:14 EDT,xwu@actuate.com,Resolution,FIXED,---
2008-03-25 20:26:48 EDT,tzhang@actuate.com,Status,CLOSED,RESOLVED
2008-03-31 22:36:12 EDT,tzhang@actuate.com,CC,qaobsolete@gmail.com,
2009-09-09 04:07:51 EDT,bluesoldier@gmail.com,CC,xgu@actuate.com,
2009-09-09 04:07:51 EDT,bluesoldier@gmail.com,Whiteboard,Non-Auto,
