When, Who, What, Added, Removed
2008-03-13 14:09:16 EDT,eclipse@pookzilla.net,Assignee,kim_horne@ca.ibm.com,Platform-UI-Inbox@eclipse.org
2008-03-13 14:09:16 EDT,eclipse@pookzilla.net,Summary,[ActivityMgmt] Stack overflow after hooking in property tester to activities,Stack overflow after hooking in property tester to activities
2008-03-13 14:09:16 EDT,eclipse@pookzilla.net,Target Milestone,3.4 M6,---
2008-03-13 14:24:51 EDT,gordon.hirsch@sas.com,CC,gordon.hirsch@sas.com,
2008-03-13 17:29:15 EDT,bokowski@google.com,CC,Boris_Bokowski@ca.ibm.com,
2008-03-18 14:54:16 EDT,eclipse@pookzilla.net,CC,cvogt@ca.ibm.com,
2008-03-18 15:14:08 EDT,eclipse@pookzilla.net,Status,ASSIGNED,NEW
2008-03-18 16:43:41 EDT,jan.diederich@gmx.de,CC,j-h.diederich@fh-wolfenbuettel.de,
2008-03-25 13:26:36 EDT,eclipse@pookzilla.net,Status,RESOLVED,ASSIGNED
2008-03-25 13:26:36 EDT,eclipse@pookzilla.net,Resolution,FIXED,---
2008-03-27 09:10:24 EDT,eclipse@pookzilla.net,Status,VERIFIED,RESOLVED
2008-03-28 12:44:55 EDT,eclipse@pookzilla.net,Blocks,224674,
