When, Who, What, Added, Removed
2008-03-13 13:40:42 EDT,fmunafo@kion.it,Version,2.0.2,unspecified
2008-03-14 07:36:45 EDT,david_williams@us.ibm.com,CC,david_williams@us.ibm.com,
2008-03-14 07:36:45 EDT,david_williams@us.ibm.com,Assignee,webtools.releng-inbox@eclipse.org,wst-inbox@eclipse.org
2008-03-14 07:36:45 EDT,david_williams@us.ibm.com,Component,releng,Web Standard Tools
2008-03-14 07:37:13 EDT,david_williams@us.ibm.com,Assignee,wst.server-inbox@eclipse.org,webtools.releng-inbox@eclipse.org
2008-03-14 07:37:13 EDT,david_williams@us.ibm.com,Component,wst.server,releng
2008-03-14 07:37:13 EDT,david_williams@us.ibm.com,QA Contact,deboer@ca.ibm.com,david_williams@us.ibm.com
2008-03-14 16:59:31 EDT,deboer@ca.ibm.com,Assignee,Larry.Isaacs@sas.com,wst.server-inbox@eclipse.org
2008-03-14 16:59:31 EDT,deboer@ca.ibm.com,Severity,enhancement,normal
2008-03-14 16:59:31 EDT,deboer@ca.ibm.com,Component,jst.server,wst.server
2008-03-28 14:56:42 EDT,Larry.Isaacs@sas.com,Severity,normal,enhancement
2008-03-28 14:56:42 EDT,Larry.Isaacs@sas.com,Target Milestone,3.0,---
2008-04-24 13:22:01 EDT,Larry.Isaacs@sas.com,Status,RESOLVED,NEW
2008-04-24 13:22:01 EDT,Larry.Isaacs@sas.com,Resolution,FIXED,---
2008-04-24 13:22:01 EDT,Larry.Isaacs@sas.com,Target Milestone,3.0 M7,3.0
2008-08-21 14:23:16 EDT,deboer@ca.ibm.com,Status,CLOSED,RESOLVED
2008-08-21 16:02:39 EDT,fmunafo@kion.it,CC,fmunafo@kion.it,
