When, Who, What, Added, Removed
2008-03-13 16:42:44 EDT,kitlo@us.ibm.com,CC,kitlo@us.ibm.com,
2008-03-13 16:42:44 EDT,kitlo@us.ibm.com,Assignee,denis.roy@eclipse.org,babel.core-inbox@eclipse.org
2008-04-04 09:08:46 EDT,denis.roy@eclipse.org,Assignee,babel.server-inbox@eclipse.org,denis.roy@eclipse.org
2008-04-04 09:08:46 EDT,denis.roy@eclipse.org,Component,Server,Core
2008-04-08 11:51:34 EDT,denis.roy@eclipse.org,Status,RESOLVED,NEW
2008-04-08 11:51:34 EDT,denis.roy@eclipse.org,Resolution,FIXED,---
2008-04-15 09:53:07 EDT,pkontek@wp.pl,Status,REOPENED,RESOLVED
2008-04-15 09:53:07 EDT,pkontek@wp.pl,Resolution,---,FIXED
2008-04-21 15:45:38 EDT,bjorn.freeman-benson@eclipse.org,CC,daniel.stein@debeka.de,
2008-06-02 08:45:51 EDT,denis.roy@eclipse.org,Priority,P1,P3
2008-06-02 10:58:03 EDT,remy.suen@gmail.com,CC,remy.suen@gmail.com,
2008-06-02 12:39:28 EDT,denis.roy@eclipse.org,CC,mori-m@mxa.nes.nec.co.jp,
2008-06-03 14:14:38 EDT,kitlo@us.ibm.com,CC,denis.roy@eclipse.org,
2008-06-03 15:21:00 EDT,denis.roy@eclipse.org,Status,RESOLVED,REOPENED
2008-06-03 15:21:00 EDT,denis.roy@eclipse.org,Resolution,FIXED,---
2008-06-03 16:51:12 EDT,denis.roy@eclipse.org,CC,emilhugo@gmx.net,
