When, Who, What, Added, Removed
2008-03-14 10:00:26 EDT,michael.f.obrien@eclipselink.org,Target Milestone,1.0M6,---
2008-03-19 17:13:22 EDT,michael.f.obrien@eclipselink.org,Assignee,michael.obrien@oracle.com,eclipselink.foundation-inbox@eclipse.org
2008-03-19 17:47:36 EDT,michael.f.obrien@eclipselink.org,Status,RESOLVED,NEW
2008-03-19 17:47:36 EDT,michael.f.obrien@eclipselink.org,Resolution,FIXED,---
2008-04-09 16:51:53 EDT,michael.f.obrien@eclipselink.org,Status,CLOSED,RESOLVED
2009-09-15 10:59:43 EDT,douglas.clarke@oracle.com,Target Milestone,1.0,1.0M6
2009-09-15 10:59:43 EDT,douglas.clarke@oracle.com,Whiteboard,Fixed in 1.0M6,
