When, Who, What, Added, Removed
2008-03-13 12:47:19 EDT,caniszczyk@gmail.com,URL,http://mea-bloga.blogspot.com/2008/02/cooking-in-pde-kitchen.html,
2008-03-17 11:10:25 EDT,Tod_Creasey@ca.ibm.com,Assignee,platform-text-inbox@eclipse.org,Platform-UI-Inbox@eclipse.org
2008-03-17 11:10:25 EDT,Tod_Creasey@ca.ibm.com,Component,Text,UI
2008-03-18 03:05:58 EDT,daniel_megert@ch.ibm.com,Status,ASSIGNED,NEW
2008-03-18 03:05:58 EDT,daniel_megert@ch.ibm.com,Summary,[misc] adopt schema identifier from PDE,[workbench texteditor] adopt schema identifier from PDE
2008-03-18 03:05:58 EDT,daniel_megert@ch.ibm.com,Target Milestone,3.4 M7,---
2008-03-18 03:06:10 EDT,daniel_megert@ch.ibm.com,Priority,P2,P3
2008-03-31 10:58:00 EDT,daniel_megert@ch.ibm.com,CC,daniel_megert@ch.ibm.com,
2008-04-01 05:14:05 EDT,daniel_megert@ch.ibm.com,Attachment #92477                Flags,review-,
2008-04-01 05:14:05 EDT,daniel_megert@ch.ibm.com,Attachment #92477                Attachment is obsolete,1,0
2008-04-01 06:36:51 EDT,daniel_megert@ch.ibm.com,Status,RESOLVED,ASSIGNED
2008-04-01 06:36:51 EDT,daniel_megert@ch.ibm.com,Resolution,FIXED,---
2008-04-01 11:14:48 EDT,daniel_megert@ch.ibm.com,Blocks,222600,
