When, Who, What, Added, Removed
2008-03-13 15:49:52 EDT,kaloyan.r@zend.com,Assignee,stefan.dimov@sap.com,jst.j2ee-inbox@eclipse.org
2008-03-13 15:49:52 EDT,kaloyan.r@zend.com,Severity,major,normal
2008-03-13 15:49:52 EDT,kaloyan.r@zend.com,Target Milestone,3.0 M6,---
2008-03-13 19:04:04 EDT,stefan.dimov@sap.com,Status,ASSIGNED,NEW
2008-03-24 06:43:00 EDT,kaloyan.r@zend.com,Status,RESOLVED,ASSIGNED
2008-03-24 06:43:00 EDT,kaloyan.r@zend.com,Resolution,FIXED,---
2008-04-07 07:05:57 EDT,kaloyan.r@zend.com,Status,VERIFIED,RESOLVED
2008-04-24 00:44:28 EDT,david_williams@us.ibm.com,Keywords,contributed,
2008-05-29 12:56:44 EDT,kaloyan.r@zend.com,Status,CLOSED,VERIFIED
2008-10-29 10:12:36 EDT,bjorn.freeman-benson@eclipse.org,Attachment #92525                Flags,iplog+,
