When, Who, What, Added, Removed
2008-03-13 12:16:58 EDT,eclipse@pookzilla.net,CC,kim_horne@ca.ibm.com,
2008-03-13 12:17:19 EDT,caniszczyk@gmail.com,Blocks,222468,
2008-03-13 13:25:32 EDT,ob1.eclipse@gmail.com,CC,jeff-bugs@code9.com, obesedin@ca.ibm.com,
2008-03-14 04:01:30 EDT,nitind@us.ibm.com,CC,nitind@us.ibm.com,
2008-03-27 03:25:04 EDT,tomasz.zarna@tasktop.com,CC,Tomasz.Zarna@pl.ibm.com,
2008-04-01 11:04:44 EDT,daniel_megert@ch.ibm.com,CC,daniel_megert@ch.ibm.com,
2008-04-01 11:14:48 EDT,daniel_megert@ch.ibm.com,Depends on,222609,
2008-04-02 11:43:56 EDT,john_arthorne@ca.ibm.com,CC,Szymon.Brandys@pl.ibm.com,
2008-04-02 11:44:53 EDT,caniszczyk@gmail.com,Target Milestone,3.5,---
2008-04-02 12:43:38 EDT,Szymon.Brandys@pl.ibm.com,Assignee,Szymon.Brandys@pl.ibm.com,platform-runtime-inbox@eclipse.org
2008-05-23 11:11:29 EDT,tomasz.zarna@tasktop.com,Blocks,233691,
2008-05-23 11:20:36 EDT,tomasz.zarna@tasktop.com,Blocks,,222468
2008-07-03 08:06:10 EDT,Szymon.Brandys@pl.ibm.com,Status,RESOLVED,NEW
2008-07-03 08:06:10 EDT,Szymon.Brandys@pl.ibm.com,Resolution,FIXED,---
2008-07-31 13:24:11 EDT,caniszczyk@gmail.com,Blocks,242761,
