When, Who, What, Added, Removed
2008-03-13 21:03:03 EDT,ledunnel@us.ibm.com,Assignee,ledunnel@us.ibm.com,dtp.connectivity-inbox@eclipse.org
2008-03-13 21:03:03 EDT,ledunnel@us.ibm.com,Target Milestone,1.6M6,---
2008-03-13 21:03:23 EDT,ledunnel@us.ibm.com,CC,brianf@sybase.com,
2008-03-13 21:06:28 EDT,ledunnel@us.ibm.com,Flags,review?(brianf@sybase.com),
2008-03-13 21:14:16 EDT,ledunnel@us.ibm.com,Attachment #92529                Attachment is obsolete,1,0
2008-03-13 21:14:44 EDT,ledunnel@us.ibm.com,Attachment #92530                Attachment is obsolete,1,0
2008-03-14 11:28:53 EDT,bfitzpat@redhat.com,Flags,review+,review?(brianf@sybase.com)
2008-03-14 13:24:21 EDT,ledunnel@us.ibm.com,Status,RESOLVED,NEW
2008-03-14 13:24:21 EDT,ledunnel@us.ibm.com,Resolution,FIXED,---
2008-07-01 17:43:10 EDT,bfitzpat@redhat.com,Status,CLOSED,RESOLVED
