When, Who, What, Added, Removed
2008-03-14 04:16:08 EDT,mariusz.wojtysiak@man.poznan.pl,Status,ASSIGNED,NEW
2008-03-14 04:42:54 EDT,mariusz.wojtysiak@man.poznan.pl,Status,RESOLVED,ASSIGNED
2008-03-14 04:42:54 EDT,mariusz.wojtysiak@man.poznan.pl,Resolution,FIXED,---
2014-01-09 16:14:31 EST,webmaster@eclipse.org,Component,Geclipse,middleware
2014-01-09 16:14:31 EST,webmaster@eclipse.org,Version,unspecified,1.0.0
2014-01-09 16:14:31 EST,webmaster@eclipse.org,Product,z_Archived,gEclipse
2014-01-09 16:14:31 EST,webmaster@eclipse.org,Target Milestone,---,1.0.0 M4
