When, Who, What, Added, Removed
2008-03-13 14:52:29 EDT,susan@rapicorp.com,Target Milestone,3.4,---
2008-04-21 21:04:19 EDT,pascal@rapicorp.com,CC,pascal_rapicault@ca.ibm.com,
2008-04-22 11:45:37 EDT,susan@rapicorp.com,CC,john_arthorne@ca.ibm.com,
2008-04-24 01:10:50 EDT,susan@rapicorp.com,Summary,[ui] - implementation of "drag bundle into eclipse",[ui] - alternate implementation of "drag bundle into eclipse"
2008-04-24 01:16:17 EDT,susan@rapicorp.com,Severity,major,normal
2008-04-29 16:48:31 EDT,susan@rapicorp.com,Target Milestone,3.4 RC1,3.4
2008-05-05 12:32:16 EDT,susan@rapicorp.com,Attachment #98667                Flags,review?,
2008-05-05 12:33:06 EDT,susan@rapicorp.com,CC,simon_kaegi@ca.ibm.com,
2008-05-05 12:33:06 EDT,susan@rapicorp.com,Flags,review?(simon_kaegi@ca.ibm.com),
2008-05-05 15:03:44 EDT,susan@rapicorp.com,Flags,review?(john_arthorne@ca.ibm.com),review?(simon_kaegi@ca.ibm.com)
2008-05-05 15:30:54 EDT,john_arthorne@ca.ibm.com,Flags,review+,review?(john_arthorne@ca.ibm.com)
2008-05-05 16:11:59 EDT,susan@rapicorp.com,Status,RESOLVED,NEW
2008-05-05 16:11:59 EDT,susan@rapicorp.com,Resolution,FIXED,---
