When, Who, What, Added, Removed
2008-03-13 19:43:28 EDT,gabe.obrien@eclipse.org,CC,gabe.obrien@eclipse.org,
2008-03-14 12:49:01 EDT,scottr@innoventsolutions.com,CC,scottr@innoventsolutions.com,
2012-03-23 09:10:01 EDT,denis.roy@eclipse.org,Assignee,anne.jacko@eclipse.org,portal-inbox@eclipse.org
2012-03-23 09:11:05 EDT,denis.roy@eclipse.org,CC,chris.guindon@eclipse.org, nathan@eclipse.org,
2013-03-18 09:45:00 EDT,chris.guindon@eclipse.org,Status,CLOSED,NEW
2013-03-18 09:45:00 EDT,chris.guindon@eclipse.org,Resolution,FIXED,---
