When, Who, What, Added, Removed
2008-03-14 02:22:09 EDT,aeschli@gmail.com,CC,martin_aeschlimann@ch.ibm.com,
2008-03-14 02:22:09 EDT,aeschli@gmail.com,Assignee,jdt-core-inbox@eclipse.org,jdt-ui-inbox@eclipse.org
2008-03-14 02:22:09 EDT,aeschli@gmail.com,Component,Core,UI
2008-03-14 08:20:15 EDT,Olivier_Thomann@ca.ibm.com,CC,Olivier_Thomann@ca.ibm.com,
2008-03-14 08:20:15 EDT,Olivier_Thomann@ca.ibm.com,Assignee,jerome_lanneluc@fr.ibm.com,jdt-core-inbox@eclipse.org
2008-04-08 10:46:50 EDT,jerome_lanneluc@fr.ibm.com,Keywords,needinfo,
2008-04-14 17:54:07 EDT,jerome_lanneluc@fr.ibm.com,Keywords,,needinfo
2008-05-20 06:19:10 EDT,jerome_lanneluc@fr.ibm.com,Target Milestone,3.5,---
2008-06-23 09:15:22 EDT,jerome_lanneluc@fr.ibm.com,Target Milestone,3.4.1,3.5
2008-06-24 10:08:06 EDT,jerome_lanneluc@fr.ibm.com,Status,RESOLVED,NEW
2008-06-24 10:08:06 EDT,jerome_lanneluc@fr.ibm.com,Resolution,FIXED,---
2008-08-06 12:29:11 EDT,Olivier_Thomann@ca.ibm.com,Status,VERIFIED,RESOLVED
2008-08-06 13:29:58 EDT,Olivier_Thomann@ca.ibm.com,Status,REOPENED,VERIFIED
2008-08-06 13:29:58 EDT,Olivier_Thomann@ca.ibm.com,Resolution,---,FIXED
2008-08-06 13:30:25 EDT,Olivier_Thomann@ca.ibm.com,Status,RESOLVED,REOPENED
2008-08-06 13:30:25 EDT,Olivier_Thomann@ca.ibm.com,Resolution,FIXED,---
2008-08-28 12:17:20 EDT,frederic_fusier@fr.ibm.com,Status,VERIFIED,RESOLVED
