When, Who, What, Added, Removed
2008-03-13 16:04:00 EDT,Michael_Rennie@ca.ibm.com,Target Milestone,3.4 M6,---
2008-03-13 16:20:59 EDT,Michael_Rennie@ca.ibm.com,Assignee,Olivier_Thomann@ca.ibm.com,Michael_Rennie@ca.ibm.com
2008-03-13 16:20:59 EDT,Michael_Rennie@ca.ibm.com,Status,NEW,ASSIGNED
2008-03-13 16:22:29 EDT,Michael_Rennie@ca.ibm.com,Status,RESOLVED,NEW
2008-03-13 16:22:29 EDT,Michael_Rennie@ca.ibm.com,Resolution,FIXED,---
2008-04-05 13:12:57 EDT,Olivier_Thomann@ca.ibm.com,Status,VERIFIED,RESOLVED
