When, Who, What, Added, Removed
2008-03-17 13:12:21 EDT,sleeloy@ca.ibm.com,CC,hkyleung@ca.ibm.com, sleeloy@ca.ibm.com,
2008-03-17 13:12:21 EDT,sleeloy@ca.ibm.com,Assignee,jagmits@ca.ibm.com,sleeloy@ca.ibm.com
2008-03-17 13:12:21 EDT,sleeloy@ca.ibm.com,Component,cosmos.build,DataReporting
2008-03-28 15:50:41 EDT,John.Devine@ca.com,CC,John.Devine@ca.com,
2008-04-01 17:41:49 EDT,sleeloy@ca.ibm.com,Severity,blocker,critical
2008-04-02 10:37:12 EDT,ruthdaly@ca.ibm.com,Target Milestone,i10,---
2008-04-02 11:29:20 EDT,John.Devine@ca.com,CC,todjo06@ca.com,
2008-04-03 13:27:43 EDT,jagmits@ca.ibm.com,Status,ASSIGNED,NEW
2008-04-03 13:28:20 EDT,jagmits@ca.ibm.com,Status,RESOLVED,ASSIGNED
2008-04-03 13:28:20 EDT,jagmits@ca.ibm.com,Resolution,FIXED,---
2009-06-30 09:37:35 EDT,paules@ca.ibm.com,Status,CLOSED,RESOLVED
2009-06-30 09:37:35 EDT,paules@ca.ibm.com,Whiteboard,closed460,
2009-06-30 09:54:34 EDT,paules@ca.ibm.com,Whiteboard,,closed460
2012-01-03 13:47:32 EST,webmaster@eclipse.org,Component,Cosmos,cosmos.build
2012-01-03 13:47:32 EST,webmaster@eclipse.org,Version,unspecified,1.0
2012-01-03 13:47:32 EST,webmaster@eclipse.org,Product,z_Archived,Cosmos
2012-01-03 13:47:32 EST,webmaster@eclipse.org,Target Milestone,---,i10
