When, Who, What, Added, Removed
2008-03-13 19:33:42 EDT,jhkauf@us.ibm.com,Assignee,kaufman@almaden.ibm.com,ohf.stem-inbox@eclipse.org
2008-03-14 09:05:11 EDT,webdaford@fordcochrane.com,Status,ASSIGNED,NEW
2008-07-17 12:17:59 EDT,jhkauf@us.ibm.com,Status,RESOLVED,ASSIGNED
2008-07-17 12:17:59 EDT,jhkauf@us.ibm.com,Resolution,FIXED,---
2008-07-19 00:08:46 EDT,webdaford@fordcochrane.com,Status,CLOSED,RESOLVED
2012-01-05 13:32:19 EST,webmaster@eclipse.org,Component,OHF,STEM
2012-01-05 13:32:19 EST,webmaster@eclipse.org,Product,z_Archived,OHF
