When, Who, What, Added, Removed
2008-03-28 12:17:03 EDT,sleeloy@ca.ibm.com,Target Milestone,i10,---
2008-04-02 11:29:19 EDT,sleeloy@ca.ibm.com,Priority,P1,P3
2008-04-10 11:27:17 EDT,sleeloy@ca.ibm.com,Status,RESOLVED,NEW
2008-04-10 11:27:17 EDT,sleeloy@ca.ibm.com,Resolution,FIXED,---
2008-05-07 14:06:55 EDT,sleeloy@ca.ibm.com,Status,VERIFIED,RESOLVED
2008-07-28 13:10:07 EDT,sleeloy@ca.ibm.com,Status,CLOSED,VERIFIED
2008-10-15 16:13:00 EDT,sleeloy@ca.ibm.com,Attachment #94010                Flags,iplog+,
2008-10-15 17:10:37 EDT,sleeloy@ca.ibm.com,Attachment #94010                Flags,,iplog+
2012-01-03 13:46:15 EST,webmaster@eclipse.org,Component,Cosmos,DataReporting
2012-01-03 13:46:15 EST,webmaster@eclipse.org,Version,unspecified,1.0
2012-01-03 13:46:15 EST,webmaster@eclipse.org,Product,z_Archived,Cosmos
2012-01-03 13:46:15 EST,webmaster@eclipse.org,Target Milestone,---,i10
