When, Who, What, Added, Removed
2008-03-13 13:53:00 EDT,douglas.clarke@oracle.com,Status,ASSIGNED,NEW
2008-03-13 13:53:22 EDT,douglas.clarke@oracle.com,CC,eclipselink.orm-inbox@eclipse.org,
2008-03-13 13:53:22 EDT,douglas.clarke@oracle.com,Assignee,douglas.clarke@oracle.com,eclipselink.orm-inbox@eclipse.org
2008-03-13 13:53:22 EDT,douglas.clarke@oracle.com,Status,NEW,ASSIGNED
2008-03-13 13:53:46 EDT,douglas.clarke@oracle.com,Status,ASSIGNED,NEW
2008-03-13 15:09:46 EDT,douglas.clarke@oracle.com,Status,RESOLVED,ASSIGNED
2008-03-13 15:09:46 EDT,douglas.clarke@oracle.com,Resolution,FIXED,---
2008-04-08 16:16:14 EDT,peter.krogh@oracle.com,Target Milestone,1.0M6,---
2009-09-15 10:59:35 EDT,douglas.clarke@oracle.com,Target Milestone,1.0,1.0M6
2009-09-15 10:59:35 EDT,douglas.clarke@oracle.com,Whiteboard,Fixed in 1.0M6,
