When, Who, What, Added, Removed
2008-03-14 10:00:10 EDT,michael.f.obrien@eclipselink.org,Target Milestone,1.0M6,---
2008-03-17 11:40:44 EDT,michael.f.obrien@eclipselink.org,Assignee,michael.obrien@oracle.com,eclipselink.foundation-inbox@eclipse.org
2008-03-17 14:44:25 EDT,michael.f.obrien@eclipselink.org,Attachment #92710                Attachment is obsolete,1,0
2008-03-19 14:27:02 EDT,michael.f.obrien@eclipselink.org,Status,RESOLVED,NEW
2008-03-19 14:27:02 EDT,michael.f.obrien@eclipselink.org,Resolution,FIXED,---
2008-03-25 11:21:54 EDT,michael.f.obrien@eclipselink.org,Status,REOPENED,RESOLVED
2008-03-25 11:21:54 EDT,michael.f.obrien@eclipselink.org,Resolution,---,FIXED
2008-03-25 11:49:46 EDT,michael.f.obrien@eclipselink.org,Attachment #93399                Attachment is obsolete,1,0
2008-03-25 11:51:52 EDT,michael.f.obrien@eclipselink.org,Attachment #93409                Attachment is patch,1,0
2008-03-25 16:11:00 EDT,michael.f.obrien@eclipselink.org,Attachment #93409                Attachment is obsolete,1,0
2008-03-26 13:33:58 EDT,michael.f.obrien@eclipselink.org,Status,RESOLVED,REOPENED
2008-03-26 13:33:58 EDT,michael.f.obrien@eclipselink.org,Resolution,FIXED,---
2009-09-15 10:59:52 EDT,douglas.clarke@oracle.com,Target Milestone,1.0,1.0M6
2009-09-15 10:59:52 EDT,douglas.clarke@oracle.com,Whiteboard,Fixed in 1.0M6,
