When, Who, What, Added, Removed
2008-03-14 08:20:43 EDT,Olivier_Thomann@ca.ibm.com,CC,Olivier_Thomann@ca.ibm.com,
2008-03-14 08:20:43 EDT,Olivier_Thomann@ca.ibm.com,Assignee,frederic_fusier@fr.ibm.com,jdt-core-inbox@eclipse.org
2008-03-14 08:51:29 EDT,karenfbutzke@gmail.com,CC,karen.moore@oracle.com,
2008-03-14 12:18:57 EDT,eclipse@cafewalter.com,CC,wharley@bea.com,
2008-03-18 10:43:50 EDT,karenfbutzke@gmail.com,CC,brian.vosburgh@oracle.com,
2008-04-21 11:41:53 EDT,Olivier_Thomann@ca.ibm.com,Assignee,Olivier_Thomann@ca.ibm.com,frederic_fusier@fr.ibm.com
2008-04-21 11:41:53 EDT,Olivier_Thomann@ca.ibm.com,Status,ASSIGNED,NEW
2008-04-21 12:23:29 EDT,Olivier_Thomann@ca.ibm.com,Attachment #96876                Attachment is obsolete,1,0
2008-04-22 02:29:13 EDT,eclipse@cafewalter.com,Attachment #96890                Attachment is obsolete,1,0
2008-04-22 10:27:10 EDT,Olivier_Thomann@ca.ibm.com,Status,RESOLVED,ASSIGNED
2008-04-22 10:27:10 EDT,Olivier_Thomann@ca.ibm.com,Resolution,FIXED,---
2008-04-22 10:27:10 EDT,Olivier_Thomann@ca.ibm.com,Target Milestone,3.4 M7,---
2008-04-29 10:48:09 EDT,kent_johnson@ca.ibm.com,Status,VERIFIED,RESOLVED
