When, Who, What, Added, Removed
2008-03-17 11:36:26 EDT,sgirtel@gup.jku.at,Status,RESOLVED,NEW
2008-03-17 11:36:26 EDT,sgirtel@gup.jku.at,Resolution,FIXED,---
2008-10-27 08:57:54 EDT,sgirtel@gup.jku.at,Status,CLOSED,RESOLVED
2014-01-09 16:14:09 EST,webmaster@eclipse.org,Component,Geclipse,middleware
2014-01-09 16:14:09 EST,webmaster@eclipse.org,Version,unspecified,1.0.0
2014-01-09 16:14:09 EST,webmaster@eclipse.org,Product,z_Archived,gEclipse
2014-01-09 16:14:09 EST,webmaster@eclipse.org,Target Milestone,---,1.0.0 M4
