When, Who, What, Added, Removed
2008-03-14 04:19:25 EDT,martin.simmonds@ca.com,Severity,critical,normal
2008-03-14 09:56:51 EDT,John.Devine@ca.com,CC,John.Devine@ca.com,
2008-03-14 14:02:35 EDT,sleeloy@ca.ibm.com,Status,RESOLVED,NEW
2008-03-14 14:02:35 EDT,sleeloy@ca.ibm.com,Resolution,FIXED,---
2008-03-14 14:02:35 EDT,sleeloy@ca.ibm.com,Target Milestone,i10,---
2008-05-08 05:15:53 EDT,martin.simmonds@ca.com,Status,VERIFIED,RESOLVED
2008-07-28 13:10:21 EDT,sleeloy@ca.ibm.com,Status,CLOSED,VERIFIED
2012-01-03 13:54:08 EST,webmaster@eclipse.org,Component,Cosmos,DataReporting
2012-01-03 13:54:08 EST,webmaster@eclipse.org,Product,z_Archived,Cosmos
2012-01-03 13:54:08 EST,webmaster@eclipse.org,Target Milestone,---,i10
