When, Who, What, Added, Removed
2008-03-18 18:34:27 EDT,eclipse.felipe@gmail.com,Assignee,krbarnes@ca.ibm.com,platform-swt-inbox@eclipse.org
2008-03-24 20:04:01 EDT,mwp1@cornell.edu,CC,mwp1@cornell.edu,
2008-12-18 14:29:55 EST,cocoakevin@gmail.com,Assignee,grant_gayed@ca.ibm.com,krbarnes@ca.ibm.com
2008-12-18 14:30:34 EST,cocoakevin@gmail.com,CC,krbarnes@ca.ibm.com,
2008-12-18 14:30:34 EST,cocoakevin@gmail.com,Status,RESOLVED,NEW
2008-12-18 14:30:34 EST,cocoakevin@gmail.com,Resolution,FIXED,---
2008-12-18 14:30:34 EST,cocoakevin@gmail.com,Target Milestone,3.5 M1,---
