When, Who, What, Added, Removed
2008-03-14 03:12:37 EDT,yulin.wang@actuate.com,Target Milestone,2.3.0 M6,---
2008-03-14 03:20:58 EDT,yulin.wang@actuate.com,Severity,enhancement,normal
2008-03-14 03:20:58 EDT,yulin.wang@actuate.com,Priority,P2,P3
2008-03-14 03:50:54 EDT,xiong.zhang@actuate.com,Severity,normal,enhancement
2008-03-14 03:50:54 EDT,xiong.zhang@actuate.com,Status,RESOLVED,NEW
2008-03-14 03:50:54 EDT,xiong.zhang@actuate.com,Priority,P3,P2
2008-03-14 03:50:54 EDT,xiong.zhang@actuate.com,Resolution,FIXED,---
2008-04-07 22:31:28 EDT,ysun@actuate.com,CC,qaobsolete@gmail.com,
