When, Who, What, Added, Removed
2008-03-27 13:58:45 EDT,andrew.ferguson@symbian.com,Assignee,andrew.ferguson@symbian.com,cdt-core-inbox@eclipse.org
2008-03-27 13:58:45 EDT,andrew.ferguson@symbian.com,Target Milestone,5.0 M6,---
2008-03-27 14:32:48 EDT,andrew.ferguson@symbian.com,Status,RESOLVED,NEW
2008-03-27 14:32:48 EDT,andrew.ferguson@symbian.com,Resolution,FIXED,---
2014-01-29 21:08:37 EST,dschaefer@qnx.com,Attachment #93627                Flags,iplog-,
2014-01-29 21:08:37 EST,dschaefer@qnx.com,CC,dschaefer@qnx.com,
