When, Who, What, Added, Removed
2008-03-14 11:55:52 EDT,amehrega@ca.ibm.com,Target Milestone,i10,---
2008-04-02 20:35:40 EDT,amehrega@ca.ibm.com,Status,RESOLVED,NEW
2008-04-02 20:35:40 EDT,amehrega@ca.ibm.com,Resolution,FIXED,---
2008-06-24 16:42:52 EDT,amehrega@ca.ibm.com,Status,VERIFIED,RESOLVED
2008-06-24 16:42:59 EDT,amehrega@ca.ibm.com,Status,CLOSED,VERIFIED
2012-01-03 13:47:00 EST,webmaster@eclipse.org,Component,Cosmos,DataCollection
2012-01-03 13:47:00 EST,webmaster@eclipse.org,Product,z_Archived,Cosmos
2012-01-03 13:47:00 EST,webmaster@eclipse.org,Target Milestone,---,i10
