When, Who, What, Added, Removed
2008-03-14 02:12:13 EDT,lzhu@actuate.com,CC,lzhu@actuate.com,
2008-03-14 02:12:13 EDT,lzhu@actuate.com,Assignee,jianchao.li@actuate.com,Birt-Data-inbox@eclipse.org
2008-03-14 02:12:13 EDT,lzhu@actuate.com,Target Milestone,2.3.0 M6,---
2008-03-14 02:59:04 EDT,wlin@actuate.com,CC,wlin@actuate.com,
2008-03-17 03:14:02 EDT,lshen@actuate.com,Status,RESOLVED,NEW
2008-03-17 03:14:02 EDT,lshen@actuate.com,Resolution,FIXED,---
2008-03-17 03:14:14 EDT,lshen@actuate.com,Status,CLOSED,RESOLVED
2008-03-17 03:25:52 EDT,lshen@actuate.com,CC,qaautoed@gmail.com,
