When, Who, What, Added, Removed
2008-03-14 09:55:39 EDT,John.Devine@ca.com,CC,John.Devine@ca.com,
2008-03-14 14:02:34 EDT,sleeloy@ca.ibm.com,Status,RESOLVED,NEW
2008-03-14 14:02:34 EDT,sleeloy@ca.ibm.com,Resolution,FIXED,---
2008-03-14 14:02:34 EDT,sleeloy@ca.ibm.com,Target Milestone,i10,---
2008-05-08 05:16:55 EDT,martin.simmonds@ca.com,Status,VERIFIED,RESOLVED
2008-07-28 13:10:23 EDT,sleeloy@ca.ibm.com,Status,CLOSED,VERIFIED
2012-01-03 13:46:51 EST,webmaster@eclipse.org,Component,Cosmos,DataReporting
2012-01-03 13:46:51 EST,webmaster@eclipse.org,Product,z_Archived,Cosmos
2012-01-03 13:46:51 EST,webmaster@eclipse.org,Target Milestone,---,i10
