When, Who, What, Added, Removed
2008-03-17 01:23:29 EDT,lzhu@actuate.com,CC,lzhu@actuate.com,
2008-03-17 01:23:29 EDT,lzhu@actuate.com,Assignee,xiaofeng.zhang@actuate.com,Birt-DataAccess-inbox@eclipse.org
2008-03-17 01:23:29 EDT,lzhu@actuate.com,Target Milestone,2.3.0 M6,---
2008-03-18 02:41:21 EDT,lchan@actuate.com,CC,lchan@actuate.com,
2008-03-18 02:41:21 EDT,lchan@actuate.com,Component,Open Data Access,Data Access
2008-03-18 02:41:21 EDT,lchan@actuate.com,Product,Data Tools,BIRT
2008-03-18 02:41:21 EDT,lchan@actuate.com,Target Milestone,1.6M6,2.3.0 M6
2008-03-18 02:41:21 EDT,lchan@actuate.com,Version,1.6,2.3.0
2008-03-18 04:25:57 EDT,xiaofeng.zhang@actuate.com,Status,RESOLVED,NEW
2008-03-18 04:25:57 EDT,xiaofeng.zhang@actuate.com,Resolution,FIXED,---
2008-07-01 17:43:11 EDT,bfitzpat@redhat.com,Status,CLOSED,RESOLVED
