When, Who, What, Added, Removed
2008-04-24 13:21:23 EDT,erdillon@cisco.com,CC,erdillon@cisco.com,
2008-04-24 13:21:23 EDT,erdillon@cisco.com,Target Milestone,0.3M1,0.3S2
2008-07-18 17:07:23 EDT,erdillon@cisco.com,Severity,minor,normal
2008-07-18 17:07:23 EDT,erdillon@cisco.com,Target Milestone,0.4M1,0.3M1
2008-07-18 17:07:32 EDT,erdillon@cisco.com,Assignee,rcraddoc@cisco.com,tigerstripe.core-inbox@eclipse.org
2008-07-18 19:27:53 EDT,rcraddoc@cisco.com,Status,RESOLVED,NEW
2008-07-18 19:27:53 EDT,rcraddoc@cisco.com,Resolution,FIXED,---
