When, Who, What, Added, Removed
2008-03-14 12:30:14 EDT,daniel_megert@ch.ibm.com,Depends on,221642,
2008-03-14 12:30:14 EDT,daniel_megert@ch.ibm.com,Keywords,performance,
2008-03-14 12:30:14 EDT,daniel_megert@ch.ibm.com,Target Milestone,3.4 M6,---
2008-03-25 06:21:15 EDT,daniel_megert@ch.ibm.com,Assignee,daniel_megert@ch.ibm.com,martin_aeschlimann@ch.ibm.com
2008-03-25 06:22:27 EDT,daniel_megert@ch.ibm.com,Status,RESOLVED,NEW
2008-03-25 06:22:27 EDT,daniel_megert@ch.ibm.com,Resolution,FIXED,---
2008-03-25 06:22:27 EDT,daniel_megert@ch.ibm.com,Summary,[content assist] Adopt new char array based StyledString.append methods,[content assist] Adopt new char array based StyledStringBuilder.append methods
2008-03-27 10:18:07 EDT,benno.baumgartner@comerge.net,CC,benno_baumgartner@ch.ibm.com,
2008-03-27 10:18:07 EDT,benno.baumgartner@comerge.net,Status,VERIFIED,RESOLVED
