When, Who, What, Added, Removed
2008-03-14 18:06:58 EDT,sandro.boehme@gmx.de,Depends on,222820,
2008-03-14 18:06:58 EDT,sandro.boehme@gmx.de,Status,ASSIGNED,NEW
2008-03-16 12:42:11 EDT,sandro.boehme@gmx.de,Depends on,,222820
2008-03-16 12:42:11 EDT,sandro.boehme@gmx.de,Status,RESOLVED,ASSIGNED
2008-03-16 12:42:11 EDT,sandro.boehme@gmx.de,Resolution,FIXED,---
2013-07-11 15:26:11 EDT,webmaster@eclipse.org,Component,JCRM,JCR Management
2013-07-11 15:26:11 EDT,webmaster@eclipse.org,Product,z_Archived,EMFT
