When, Who, What, Added, Removed
2008-04-24 09:56:53 EDT,katis@man.poznan.pl,Assignee,mael@man.poznan.pl,uranium@man.poznan.pl
2008-04-24 10:06:17 EDT,mael@man.poznan.pl,Status,RESOLVED,NEW
2008-04-24 10:06:17 EDT,mael@man.poznan.pl,Resolution,FIXED,---
2008-12-15 05:40:45 EST,mael@man.poznan.pl,Status,CLOSED,RESOLVED
2014-01-09 16:14:58 EST,webmaster@eclipse.org,Component,Geclipse,middleware
2014-01-09 16:14:58 EST,webmaster@eclipse.org,Version,unspecified,1.0.0
2014-01-09 16:14:58 EST,webmaster@eclipse.org,Product,z_Archived,gEclipse
2014-01-09 16:14:58 EST,webmaster@eclipse.org,Target Milestone,---,1.0.0 M4
