When, Who, What, Added, Removed
2008-03-14 10:30:55 EDT,denis.roy@eclipse.org,CC,denis.roy@eclipse.org,
2008-03-14 10:48:02 EDT,bjorn.freeman-benson@eclipse.org,CC,bjorn.freeman-benson@eclipse.org,
2008-03-14 10:48:02 EDT,bjorn.freeman-benson@eclipse.org,Assignee,bjorn.freeman-benson@eclipse.org,cross-project.inbox@eclipse.org
2008-03-14 10:48:02 EDT,bjorn.freeman-benson@eclipse.org,Severity,major,normal
2008-03-14 10:48:02 EDT,bjorn.freeman-benson@eclipse.org,Priority,P2,P3
2008-03-15 14:07:17 EDT,bjorn.freeman-benson@eclipse.org,Status,RESOLVED,NEW
2008-03-15 14:07:17 EDT,bjorn.freeman-benson@eclipse.org,Resolution,FIXED,---
