When, Who, What, Added, Removed
2008-03-17 11:18:20 EDT,Tod_Creasey@ca.ibm.com,Assignee,Boris_Bokowski@ca.ibm.com,Platform-UI-Inbox@eclipse.org
2008-03-17 11:18:20 EDT,Tod_Creasey@ca.ibm.com,Summary,[ViewMgmt] Placeholder folders are lost when views are dragged,Placeholder folders are lost when views are dragged
2008-04-18 10:08:24 EDT,bokowski@google.com,Keywords,helpwanted,
2008-04-18 10:52:13 EDT,bokowski@google.com,Summary,[ViewMgmt] Placeholder folders are lost when multi-instance views are dragged,[ViewMgmt] Placeholder folders are lost when views are dragged
2008-04-19 21:03:20 EDT,bokowski@google.com,CC,emoffatt@ca.ibm.com,
2008-04-22 15:06:15 EDT,emoffatt@ca.ibm.com,Assignee,emoffatt@ca.ibm.com,Boris_Bokowski@ca.ibm.com
2008-04-23 12:36:36 EDT,emoffatt@ca.ibm.com,Attachment #96715                Attachment is obsolete,1,0
2008-04-23 12:40:19 EDT,emoffatt@ca.ibm.com,Status,RESOLVED,NEW
2008-04-23 12:40:19 EDT,emoffatt@ca.ibm.com,Resolution,FIXED,---
2008-04-23 12:40:19 EDT,emoffatt@ca.ibm.com,Target Milestone,3.4,---
2008-04-29 14:52:42 EDT,emoffatt@ca.ibm.com,Status,VERIFIED,RESOLVED
