When, Who, What, Added, Removed
2008-03-14 04:01:23 EDT,d.nachev@gmail.com,CC,d.nachev@prosyst.bg,
2008-03-14 10:24:27 EDT,tjwatson@us.ibm.com,CC,tjwatson@us.ibm.com,
2008-03-14 10:24:27 EDT,tjwatson@us.ibm.com,Assignee,equinox.p2-inbox@eclipse.org,equinox.framework-inbox@eclipse.org
2008-03-14 10:24:27 EDT,tjwatson@us.ibm.com,Component,p2,Framework
2008-03-14 11:26:34 EDT,pascal@rapicorp.com,CC,pascal_rapicault@ca.ibm.com,
2008-03-14 22:24:55 EDT,dj_houghton@ca.ibm.com,Status,RESOLVED,NEW
2008-03-14 22:24:55 EDT,dj_houghton@ca.ibm.com,Resolution,FIXED,---
2008-03-14 22:24:55 EDT,dj_houghton@ca.ibm.com,Target Milestone,3.4 M6,---
2008-03-15 05:27:40 EDT,daniel_megert@ch.ibm.com,Status,VERIFIED,RESOLVED
