When, Who, What, Added, Removed
2008-03-14 08:32:13 EDT,david_williams@us.ibm.com,CC,david_williams@us.ibm.com,
2008-03-14 08:32:13 EDT,david_williams@us.ibm.com,Assignee,david_williams@us.ibm.com,webtools.releng-inbox@eclipse.org
2008-05-18 21:19:52 EDT,david_williams@us.ibm.com,Priority,P2,P3
2008-07-08 00:59:09 EDT,david_williams@us.ibm.com,Status,RESOLVED,NEW
2008-07-08 00:59:09 EDT,david_williams@us.ibm.com,Resolution,FIXED,---
2008-08-17 23:38:12 EDT,david_williams@us.ibm.com,Status,VERIFIED,RESOLVED
