When, Who, What, Added, Removed
2008-03-24 17:44:59 EDT,darin.eclipse@gmail.com,CC,Darin_Wright@ca.ibm.com,
2008-03-24 17:44:59 EDT,darin.eclipse@gmail.com,Assignee,Olivier_Thomann@ca.ibm.com,pde-apitools-inbox@eclipse.org
2008-03-24 17:44:59 EDT,darin.eclipse@gmail.com,Target Milestone,3.4 M6,---
2008-03-24 17:45:12 EDT,darin.eclipse@gmail.com,Status,RESOLVED,NEW
2008-03-24 17:45:12 EDT,darin.eclipse@gmail.com,Resolution,FIXED,---
2008-04-09 20:57:45 EDT,Olivier_Thomann@ca.ibm.com,Status,VERIFIED,RESOLVED
