When, Who, What, Added, Removed
2008-03-16 21:55:36 EDT,paules@ca.ibm.com,CC,paules@ca.ibm.com,
2008-03-16 21:55:36 EDT,paules@ca.ibm.com,Status,ASSIGNED,NEW
2008-03-16 21:55:36 EDT,paules@ca.ibm.com,Priority,P1,P3
2008-03-16 21:55:36 EDT,paules@ca.ibm.com,Target Milestone,4.5i6,---
2008-03-20 15:45:42 EDT,dmorris@us.ibm.com,Status,RESOLVED,ASSIGNED
2008-03-20 15:45:42 EDT,dmorris@us.ibm.com,Resolution,FIXED,---
2008-06-20 14:39:06 EDT,dmorris@us.ibm.com,Status,VERIFIED,RESOLVED
2008-06-20 14:39:23 EDT,dmorris@us.ibm.com,Status,CLOSED,VERIFIED
