When, Who, What, Added, Removed
2008-04-25 18:11:17 EDT,pawel.1.piech@gmail.com,CC,pawel.piech@windriver.com,
2008-04-25 18:11:17 EDT,pawel.1.piech@gmail.com,Summary,[launch][modules] Variables sysroot and solib-search-path should be used,Variables sysroot and solib-search-path should be used
2008-04-29 09:15:40 EDT,marc.khouzam@ericsson.com,Assignee,pawel.piech@windriver.com,dd.general-inbox@eclipse.org
2008-04-29 09:15:40 EDT,marc.khouzam@ericsson.com,Summary,[launch][modules] Variables solib-search-path should be used,[launch][modules] Variables sysroot and solib-search-path should be used
2008-04-29 09:15:55 EDT,marc.khouzam@ericsson.com,Status,RESOLVED,NEW
2008-04-29 09:15:55 EDT,marc.khouzam@ericsson.com,Resolution,FIXED,---
2008-04-29 09:16:09 EDT,marc.khouzam@ericsson.com,Summary,[launch][modules] Variable solib-search-path should be used,[launch][modules] Variables solib-search-path should be used
2008-04-30 15:24:47 EDT,pawel.1.piech@gmail.com,Status,VERIFIED,RESOLVED
2008-04-30 15:25:58 EDT,pawel.1.piech@gmail.com,Target Milestone,1.0 M7,---
2008-08-13 13:06:02 EDT,pawel.1.piech@gmail.com,Status,CLOSED,VERIFIED
2009-01-07 17:19:23 EST,pawel.1.piech@gmail.com,Component,cdt-debug-dsf-gdb,GDB
2009-01-07 17:19:23 EST,pawel.1.piech@gmail.com,Product,CDT,DD
2009-01-07 17:19:23 EST,pawel.1.piech@gmail.com,Target Milestone,DD 1.0,1.0 M7
2009-01-07 17:19:23 EST,pawel.1.piech@gmail.com,Version,DD 1.0,unspecified
2014-01-29 21:08:59 EST,dschaefer@qnx.com,Attachment #94404                Flags,iplog-,
2014-01-29 21:08:59 EST,dschaefer@qnx.com,CC,dschaefer@qnx.com,
