When, Who, What, Added, Removed
2008-03-20 21:40:15 EDT,zqian@actuate.com,CC,zqian@actuate.com,
2008-03-20 21:40:15 EDT,zqian@actuate.com,Summary,Need an icon for "Add Derived Measure" action,Need an icon for AddComputedSummaryField action
2008-04-14 18:45:36 EDT,rkanguri@actuate.com,Target Milestone,2.3.0 RC0,---
2008-04-23 10:18:25 EDT,rkanguri@actuate.com,Assignee,lifeng.li@actuate.com,rkanguri@actuate.com
2008-04-25 18:14:51 EDT,rkanguri@actuate.com,CC,rkanguri@actuate.com,
2008-04-25 18:14:51 EDT,rkanguri@actuate.com,Status,RESOLVED,NEW
2008-04-25 18:14:51 EDT,rkanguri@actuate.com,Resolution,FIXED,---
2008-04-27 22:02:42 EDT,xiong.zhang@actuate.com,Status,VERIFIED,RESOLVED
2008-04-27 22:44:35 EDT,xiong.zhang@actuate.com,Status,CLOSED,VERIFIED
2009-08-27 01:36:28 EDT,bluesoldier@gmail.com,CC,xgu@actuate.com,
2009-08-27 01:36:28 EDT,bluesoldier@gmail.com,Whiteboard,Obsolete,
