When, Who, What, Added, Removed
2008-03-14 06:44:56 EDT,pawelw@man.poznan.pl,Blocks,222543,
2008-10-01 11:53:31 EDT,mathias.stuempert@iwr.fzk.de,Depends on,249340,
2008-11-19 06:55:31 EST,mathias.stuempert@iwr.fzk.de,Status,RESOLVED,NEW
2008-11-19 06:55:31 EST,mathias.stuempert@iwr.fzk.de,Resolution,FIXED,---
2014-01-09 16:14:27 EST,webmaster@eclipse.org,Component,Geclipse,middleware
2014-01-09 16:14:27 EST,webmaster@eclipse.org,Product,z_Archived,gEclipse
2014-01-09 16:14:27 EST,webmaster@eclipse.org,Target Milestone,---,1.0.0 M4
