When, Who, What, Added, Removed
2008-03-14 07:01:38 EDT,nitind@us.ibm.com,Assignee,vbaciu@ca.ibm.com,wst.xml-inbox@eclipse.org
2008-03-14 10:17:46 EDT,valentinbaciu@hotmail.com,Assignee,gindik@ca.ibm.com,vbaciu@ca.ibm.com
2008-03-31 19:32:03 EDT,valentinbaciu@hotmail.com,CC,vbaciu@ca.ibm.com,
2008-03-31 19:32:03 EDT,valentinbaciu@hotmail.com,Target Milestone,3.0 M6,---
2008-04-01 13:23:30 EDT,gindik@ca.ibm.com,Status,ASSIGNED,NEW
2008-04-01 17:03:15 EDT,valentinbaciu@hotmail.com,Status,RESOLVED,ASSIGNED
2008-04-01 17:03:15 EDT,valentinbaciu@hotmail.com,Resolution,FIXED,---
2008-04-04 16:46:02 EDT,gindik@ca.ibm.com,Status,VERIFIED,RESOLVED
2008-04-24 00:44:58 EDT,david_williams@us.ibm.com,Keywords,contributed,
2008-04-24 17:52:04 EDT,valentinbaciu@hotmail.com,Attachment #94387                Attachment is obsolete,1,0
2008-05-05 15:16:34 EDT,valentinbaciu@hotmail.com,Status,REOPENED,VERIFIED
2008-05-05 15:16:34 EDT,valentinbaciu@hotmail.com,Resolution,---,FIXED
2008-05-05 15:17:13 EDT,valentinbaciu@hotmail.com,Status,RESOLVED,REOPENED
2008-05-05 15:17:13 EDT,valentinbaciu@hotmail.com,Resolution,FIXED,---
2008-05-05 15:17:30 EDT,valentinbaciu@hotmail.com,Status,CLOSED,RESOLVED
2008-10-29 10:12:36 EDT,bjorn.freeman-benson@eclipse.org,Attachment #94389                Flags,iplog+,
