When, Who, What, Added, Removed
2008-03-14 12:10:56 EDT,Michael_Rennie@ca.ibm.com,Assignee,Olivier_Thomann@ca.ibm.com,Michael_Rennie@ca.ibm.com
2008-03-14 12:10:56 EDT,Michael_Rennie@ca.ibm.com,Status,NEW,ASSIGNED
2008-03-14 12:10:56 EDT,Michael_Rennie@ca.ibm.com,Target Milestone,3.4 M6,---
2008-03-14 12:11:11 EDT,Michael_Rennie@ca.ibm.com,Status,RESOLVED,NEW
2008-03-14 12:11:11 EDT,Michael_Rennie@ca.ibm.com,Resolution,FIXED,---
2008-04-09 20:41:55 EDT,Olivier_Thomann@ca.ibm.com,Status,VERIFIED,RESOLVED
