When, Who, What, Added, Removed
2008-03-14 09:56:40 EDT,John.Devine@ca.com,CC,John.Devine@ca.com,
2008-03-19 14:31:15 EDT,sleeloy@ca.ibm.com,Status,RESOLVED,NEW
2008-03-19 14:31:15 EDT,sleeloy@ca.ibm.com,Resolution,INVALID,---
2008-05-06 23:14:26 EDT,sleeloy@ca.ibm.com,Status,REOPENED,RESOLVED
2008-05-06 23:14:26 EDT,sleeloy@ca.ibm.com,Resolution,---,INVALID
2008-05-06 23:14:26 EDT,sleeloy@ca.ibm.com,Whiteboard,useability,
2008-05-06 23:14:26 EDT,sleeloy@ca.ibm.com,Target Milestone,i11,---
2008-05-23 10:32:28 EDT,sleeloy@ca.ibm.com,Target Milestone,future,i11
2008-05-23 11:17:16 EDT,sleeloy@ca.ibm.com,Depends on,233690,
2008-06-16 11:06:07 EDT,sleeloy@ca.ibm.com,Target Milestone,1.0i12,future
2008-07-21 17:10:28 EDT,sleeloy@ca.ibm.com,Target Milestone,1.0i13,1.0i12
2008-08-13 23:37:51 EDT,sleeloy@ca.ibm.com,Status,RESOLVED,REOPENED
2008-08-13 23:37:51 EDT,sleeloy@ca.ibm.com,Resolution,FIXED,---
2008-08-28 13:34:26 EDT,sleeloy@ca.ibm.com,Status,VERIFIED,RESOLVED
2012-01-03 13:48:33 EST,webmaster@eclipse.org,Component,Cosmos,DataReporting
2012-01-03 13:48:33 EST,webmaster@eclipse.org,Product,z_Archived,Cosmos
2012-01-03 13:48:33 EST,webmaster@eclipse.org,Target Milestone,---,1.0i13
