When, Who, What, Added, Removed
2008-03-14 08:19:45 EDT,david.perryman@ipl.com,Attachment #92556                Attachment description,Plugin Project that shows the error,Plugiin Project that shows the error
2008-04-07 04:41:20 EDT,li.longjiang@zte.com.cn,CC,li.longjiang@zte.com.cn,
2008-05-15 09:47:49 EDT,david.perryman@ipl.com,CC,richard.miskin@ipl.com,
2008-09-26 03:03:13 EDT,yi.y.zhang@intel.com,CC,yi.y.zhang@intel.com,
2008-11-06 14:26:15 EST,elaskavaia.cdt@gmail.com,CC,elaskavaia@qnx.com,
2008-11-06 14:26:15 EST,elaskavaia.cdt@gmail.com,Status,RESOLVED,NEW
2008-11-06 14:26:15 EST,elaskavaia.cdt@gmail.com,Resolution,FIXED,---
