When, Who, What, Added, Removed
2008-03-14 11:45:48 EDT,marc.khouzam@ericsson.com,Status,RESOLVED,NEW
2008-03-14 11:45:48 EDT,marc.khouzam@ericsson.com,Resolution,FIXED,---
2008-03-14 17:00:11 EDT,pawel.1.piech@gmail.com,CC,pawel.piech@windriver.com,
2008-03-14 17:00:44 EDT,pawel.1.piech@gmail.com,Status,REOPENED,RESOLVED
2008-03-14 17:00:44 EDT,pawel.1.piech@gmail.com,Resolution,---,FIXED
2008-03-14 17:01:01 EDT,pawel.1.piech@gmail.com,Assignee,pawel.piech@windriver.com,dd.general-inbox@eclipse.org
2008-03-14 17:01:01 EDT,pawel.1.piech@gmail.com,Status,NEW,REOPENED
2008-03-14 17:01:26 EDT,pawel.1.piech@gmail.com,Status,RESOLVED,NEW
2008-03-14 17:01:26 EDT,pawel.1.piech@gmail.com,Resolution,FIXED,---
2008-03-14 17:01:26 EDT,pawel.1.piech@gmail.com,Target Milestone,1.0 M6,---
2008-05-13 17:42:43 EDT,pawel.1.piech@gmail.com,Status,VERIFIED,RESOLVED
2008-05-13 17:42:43 EDT,pawel.1.piech@gmail.com,Summary,[source lookup][breakpoints] Source Lookup needs to use -environment-directory,Source Lookup needs to use -environment-directory
2008-08-13 13:06:48 EDT,pawel.1.piech@gmail.com,Status,CLOSED,VERIFIED
2009-01-07 17:20:34 EST,pawel.1.piech@gmail.com,Component,cdt-debug-dsf-gdb,GDB
2009-01-07 17:20:34 EST,pawel.1.piech@gmail.com,Product,CDT,DD
2009-01-07 17:20:34 EST,pawel.1.piech@gmail.com,Target Milestone,DD 1.0,1.0 M6
2009-01-07 17:20:34 EST,pawel.1.piech@gmail.com,Version,DD 1.0,unspecified
2014-01-29 21:08:49 EST,dschaefer@qnx.com,Attachment #92577                Flags,iplog-,
2014-01-29 21:08:49 EST,dschaefer@qnx.com,CC,dschaefer@qnx.com,
