When, Who, What, Added, Removed
2008-03-14 02:41:31 EDT,cyfgod@gmail.com,CC,ycheng@actuate.com,
2008-03-14 02:41:31 EDT,cyfgod@gmail.com,Assignee,ycheng@actuate.com,Birt-ReportViewer-inbox@eclipse.org
2008-03-14 02:41:31 EDT,cyfgod@gmail.com,Target Milestone,2.3.0 M6,---
2008-03-14 02:44:09 EDT,cyfgod@gmail.com,Status,RESOLVED,NEW
2008-03-14 02:44:09 EDT,cyfgod@gmail.com,Resolution,FIXED,---
2008-03-17 22:30:23 EDT,lchen@actuate.com,CC,qaobsolete@gmail.com,
2008-03-17 22:30:23 EDT,lchen@actuate.com,Status,CLOSED,RESOLVED
2009-09-09 04:08:10 EDT,bluesoldier@gmail.com,CC,xgu@actuate.com,
2009-09-09 04:08:10 EDT,bluesoldier@gmail.com,Whiteboard,222704,
2009-09-09 04:08:54 EDT,bluesoldier@gmail.com,Whiteboard,Non-Auto,222704
