When, Who, What, Added, Removed
2001-10-19 10:32:09 EDT,James_Moody@ca.ibm.com,CC,Kevin_McGuire@oti.com,
2001-10-19 16:36:00 EDT,James_Moody@ca.ibm.com,Status,RESOLVED,ASSIGNED
2001-10-19 16:36:00 EDT,James_Moody@ca.ibm.com,Resolution,FIXED,---
2001-10-25 10:40:50 EDT,James_Moody@ca.ibm.com,Status,VERIFIED,RESOLVED
2006-11-01 16:25:53 EST,bokowski@google.com,CC,Boris_Bokowski@ca.ibm.com,
2006-11-01 16:35:52 EST,john_arthorne@ca.ibm.com,CC,john_arthorne@ca.ibm.com,
2006-11-09 14:01:54 EST,pombredanne@nexb.com,CC,pombredanne@nexb.com,
2006-11-09 14:17:41 EST,john_arthorne@ca.ibm.com,Status,CLOSED,VERIFIED
2007-07-07 06:50:13 EDT,yagnesh@infoworldpune.com,CC,yagnesh@infoworldpune.com,
2007-10-31 04:31:53 EDT,mauromol@tiscali.it,CC,mauromol@tiscali.it,
2008-07-03 16:01:52 EDT,bokowski@google.com,CC,mik.kersten@tasktop.com,
2010-07-08 01:01:19 EDT,hirujung@gmail.com,CC,hirujung@gmail.com,
2011-07-20 05:52:58 EDT,manfredend@yahoo.com.cn,CC,manfredend@yahoo.com.cn,
2011-12-09 14:17:46 EST,denis.roy@eclipse.org,CC,denis.roy@eclipse.org,
2012-02-09 13:17:24 EST,milesparker@gmail.com,Depends on,371034,
2012-02-09 15:57:47 EST,milesparker@gmail.com,Depends on,,371034
2015-05-19 05:30:50 EDT,genie@eclipse.org,See Also,https://git.eclipse.org/r/48136,
2015-05-19 06:41:33 EDT,genie@eclipse.org,See Also,https://git.eclipse.org/c/sirius/org.eclipse.sirius.git/commit/?id=980cf72c9ea237e5f896bc0cc74ec2b2dc05ccf5,
