When, Who, What, Added, Removed
2002-03-13 14:35:02 EST,peter_burka@ca.ibm.com,CC,peter_burka@oti.com,
2002-04-09 14:48:55 EDT,darin.eclipse@gmail.com,Assignee,Darin_Swanson@oti.com,Darin_Wright@oti.com
2002-04-09 14:48:55 EDT,darin.eclipse@gmail.com,Target Milestone,2.0 M6,---
2002-04-09 14:48:55 EDT,darin.eclipse@gmail.com,Version,2.0,1.0
2002-04-09 14:49:30 EDT,darin.eclipse@gmail.com,Status,RESOLVED,NEW
2002-04-09 14:49:30 EDT,darin.eclipse@gmail.com,Resolution,FIXED,---
2002-04-11 11:20:23 EDT,Darin_Swanson@us.ibm.com,Status,REOPENED,RESOLVED
2002-04-11 11:20:23 EDT,Darin_Swanson@us.ibm.com,Resolution,---,FIXED
2002-04-11 11:21:56 EDT,Darin_Swanson@us.ibm.com,Assignee,Darin_Wright@oti.com,Darin_Swanson@oti.com
2002-04-11 11:21:56 EDT,Darin_Swanson@us.ibm.com,Status,NEW,REOPENED
2002-04-30 14:43:08 EDT,darin.eclipse@gmail.com,Status,ASSIGNED,NEW
2002-05-02 11:47:30 EDT,darin.eclipse@gmail.com,Assignee,jared-eclipse@mn.rr.com,Darin_Wright@oti.com
2002-05-02 11:47:30 EDT,darin.eclipse@gmail.com,Status,NEW,ASSIGNED
2002-05-02 11:47:36 EDT,darin.eclipse@gmail.com,Status,ASSIGNED,NEW
2002-05-14 17:18:53 EDT,jared_burns@us.ibm.com,Status,RESOLVED,ASSIGNED
2002-05-14 17:18:53 EDT,jared_burns@us.ibm.com,Resolution,LATER,---
2002-06-26 10:22:42 EDT,Darin_Swanson@us.ibm.com,Assignee,Darin_Wright@oti.com,jared-eclipse@mn.rr.com
2002-06-26 10:22:42 EDT,Darin_Swanson@us.ibm.com,Status,NEW,RESOLVED
2002-06-26 10:22:42 EDT,Darin_Swanson@us.ibm.com,Target Milestone,---,2.0 M6
2002-06-26 11:16:40 EDT,Darin_Swanson@us.ibm.com,Status,RESOLVED,NEW
2002-12-17 11:27:10 EST,darin.eclipse@gmail.com,Status,REOPENED,RESOLVED
2002-12-17 11:27:10 EST,darin.eclipse@gmail.com,Resolution,---,LATER
2002-12-17 11:27:10 EST,darin.eclipse@gmail.com,Target Milestone,2.1 M5,---
2002-12-18 14:45:26 EST,darin.eclipse@gmail.com,Assignee,jared-eclipse@mn.rr.com,Darin_Wright@oti.com
2002-12-18 14:45:26 EST,darin.eclipse@gmail.com,Status,NEW,REOPENED
2002-12-18 14:45:45 EST,darin.eclipse@gmail.com,Status,RESOLVED,NEW
2002-12-18 14:45:45 EST,darin.eclipse@gmail.com,Resolution,FIXED,---
2002-12-20 14:28:53 EST,jared_burns@us.ibm.com,Status,VERIFIED,RESOLVED
