When, Who, What, Added, Removed
2002-02-20 08:50:12 EST,johan.walles@gmail.com,CC,d92-jwa@nada.kth.se,
2002-02-25 13:34:03 EST,turnham@ca.ibm.com,CC,chanskw@ca.ibm.com,
2002-02-27 15:18:09 EST,turnham@ca.ibm.com,Severity,critical,normal
2002-02-27 15:18:09 EST,turnham@ca.ibm.com,Priority,P1,P2
2002-02-27 15:18:09 EST,turnham@ca.ibm.com,Target Milestone,1.0 - Release,---
2002-03-04 09:03:59 EST,turnham@ca.ibm.com,Status,RESOLVED,NEW
2002-03-04 09:03:59 EST,turnham@ca.ibm.com,Resolution,FIXED,---
2002-03-13 16:28:45 EST,turnham@ca.ibm.com,Status,CLOSED,RESOLVED
2009-01-09 14:09:01 EST,dschaefer@qnx.com,Component,cdt-other,deprecated4
