When, Who, What, Added, Removed
2002-02-27 14:55:07 EST,weisz@ca.ibm.com,Assignee,stori@ca.ibm.com,weisz@ca.ibm.com
2002-02-27 14:55:07 EST,weisz@ca.ibm.com,Priority,P4,P3
2002-04-29 10:03:24 EDT,stori@ca.ibm.com,Target Milestone,Future,---
2002-04-29 10:03:24 EDT,KiRe@pandora.be,CC,KiRe@pandora.be,
2002-10-31 06:24:46 EST,johan.walles@gmail.com,Assignee,alain@qnx.com,stori@ca.ibm.com
2002-10-31 06:24:46 EST,johan.walles@gmail.com,Component,UI,LPEX
2002-10-31 06:24:46 EST,johan.walles@gmail.com,Summary,Emacs-like cursor movement,Option to prevent cursor from moving off end of line
2004-06-04 22:04:40 EDT,alain@qnx.com,Status,RESOLVED,NEW
2004-06-04 22:04:40 EDT,alain@qnx.com,Resolution,FIXED,---
2009-01-09 14:51:25 EST,dschaefer@qnx.com,Component,cdt-core,deprecated7
