When, Who, What, Added, Removed
2002-02-25 14:00:04 EST,Mike_Wilson@ca.ibm.com,Assignee,Boris_Shingarov@oti.com,Mike_Wilson@oti.com
2002-02-26 12:45:24 EST,bshingar@ca.ibm.com,Status,RESOLVED,NEW
2002-02-26 12:45:24 EST,bshingar@ca.ibm.com,Resolution,LATER,---
2002-09-10 10:26:01 EDT,veronika_irvine@yahoo.com,Status,REOPENED,RESOLVED
2002-09-10 10:26:01 EDT,veronika_irvine@yahoo.com,Resolution,---,LATER
2002-10-01 16:54:34 EDT,bshingar@ca.ibm.com,Status,RESOLVED,REOPENED
2002-10-01 16:54:34 EDT,bshingar@ca.ibm.com,Resolution,FIXED,---
