When, Who, What, Added, Removed
2002-03-25 06:03:52 EST,erich_gamma@ch.ibm.com,Assignee,Dirk_Baeumer@oti.com,Erich_Gamma@oti.com
2002-03-25 06:03:52 EST,erich_gamma@ch.ibm.com,Summary,Incorrect "Build" popup action enablement,Incorrect "Build" popup action enablement
2002-03-30 07:51:02 EST,erich_gamma@ch.ibm.com,Priority,P2,P4
2002-03-30 07:51:30 EST,erich_gamma@ch.ibm.com,CC,peter_burka@oti.com,
2002-04-18 08:46:58 EDT,dirk_baeumer@ch.ibm.com,Status,RESOLVED,NEW
2002-04-18 08:46:58 EDT,dirk_baeumer@ch.ibm.com,Resolution,FIXED,---
