When, Who, What, Added, Removed
2002-02-21 01:34:15 EST,philippe_mulet@fr.ibm.com,Assignee,Erich_Gamma@oti.com,Philippe_Mulet@oti.com
2002-02-21 01:34:15 EST,philippe_mulet@fr.ibm.com,Component,UI,Core
2002-03-11 10:10:29 EST,erich_gamma@ch.ibm.com,Assignee,Darin_Wright@oti.com,Erich_Gamma@oti.com
2002-03-11 10:10:29 EST,erich_gamma@ch.ibm.com,Component,Debug,UI
2002-03-11 10:39:21 EST,darin.eclipse@gmail.com,Status,RESOLVED,NEW
2002-03-11 10:39:21 EST,darin.eclipse@gmail.com,Resolution,FIXED,---
2002-03-11 10:39:29 EST,darin.eclipse@gmail.com,Status,VERIFIED,RESOLVED
