When, Who, What, Added, Removed
2002-03-11 09:59:52 EST,erich_gamma@ch.ibm.com,Assignee,Darin_Wright@oti.com,Erich_Gamma@oti.com
2002-03-11 09:59:52 EST,erich_gamma@ch.ibm.com,Component,Debug,UI
2002-05-02 17:38:08 EDT,jared_burns@us.ibm.com,Severity,normal,major
2002-05-13 21:46:08 EDT,darin.eclipse@gmail.com,Status,RESOLVED,NEW
2002-05-13 21:46:08 EDT,darin.eclipse@gmail.com,Resolution,DUPLICATE,---
2002-06-03 08:54:22 EDT,kohler@cms.tecmath.de,Status,REOPENED,RESOLVED
2002-06-03 08:54:22 EDT,kohler@cms.tecmath.de,Resolution,---,DUPLICATE
2002-06-03 09:20:02 EDT,darin.eclipse@gmail.com,Status,RESOLVED,REOPENED
2002-06-03 09:20:02 EDT,darin.eclipse@gmail.com,Resolution,LATER,---
2002-08-28 11:01:04 EDT,darin.eclipse@gmail.com,Severity,enhancement,normal
2003-02-14 13:09:43 EST,darin.eclipse@gmail.com,CC,colinml1@exis.com,
2003-03-03 10:00:01 EST,darin.eclipse@gmail.com,CC,Jean-Michel_Lemieux@oti.com,
2003-04-22 03:41:06 EDT,nikolaymetchev@gmail.com,CC,N.Metchev@teamphone.com,
2003-05-07 09:57:46 EDT,darin.eclipse@gmail.com,Status,REOPENED,RESOLVED
2003-05-07 09:57:46 EDT,darin.eclipse@gmail.com,Resolution,---,LATER
2003-05-07 09:57:58 EDT,darin.eclipse@gmail.com,Assignee,jared-eclipse@mn.rr.com,Darin_Wright@ca.ibm.com
2003-05-07 09:57:58 EDT,darin.eclipse@gmail.com,Status,NEW,REOPENED
2003-05-07 09:58:10 EDT,darin.eclipse@gmail.com,Status,ASSIGNED,NEW
2003-05-15 11:01:41 EDT,jared_burns@us.ibm.com,CC,jan@orange-curtains.de,
2003-05-15 16:46:25 EDT,jared_burns@us.ibm.com,CC,olsok@pegasystems.com,
2003-05-15 16:49:19 EDT,jared_burns@us.ibm.com,Target Milestone,3.0,---
2003-05-27 09:34:58 EDT,jared_burns@us.ibm.com,CC,kari.ikonen@stonesoft.com,
2003-06-02 12:43:24 EDT,jared_burns@us.ibm.com,CC,paduffy@cisco.com,
2003-07-21 11:48:54 EDT,eclipse@abstratt.com,CC,rafael_chaves@ca.ibm.com,
2003-08-13 17:52:09 EDT,jared_burns@us.ibm.com,CC,skeet@pobox.com,
2003-08-26 17:02:11 EDT,jared_burns@us.ibm.com,Target Milestone,3.0 M4,3.0
2003-09-05 17:20:39 EDT,jared_burns@us.ibm.com,Target Milestone,3.0,3.0 M4
2003-10-06 18:13:18 EDT,jgossage@magma.ca,CC,jgossage@magma.ca,
2003-10-07 01:48:15 EDT,eric.estievenart@peregrine.com,CC,eric.estievenart@peregrine.com,
2003-10-11 12:16:49 EDT,max@eos.dk,CC,max@eos.dk,
2003-10-28 15:47:06 EST,jared_burns@us.ibm.com,Assignee,Darin_Wright@ca.ibm.com,jaredburns@acm.org
2003-10-28 15:47:06 EST,jared_burns@us.ibm.com,Status,NEW,ASSIGNED
2003-10-28 15:48:30 EST,jared_burns@us.ibm.com,Status,RESOLVED,NEW
2003-10-28 15:48:30 EST,jared_burns@us.ibm.com,Resolution,FIXED,---
2003-10-28 16:57:36 EST,darin.eclipse@gmail.com,Status,VERIFIED,RESOLVED
