When, Who, What, Added, Removed
2002-02-22 12:23:52 EST,dj_houghton@ca.ibm.com,Assignee,Erich_Gamma@oti.com,DJ_Houghton@oti.com
2002-02-22 12:23:52 EST,dj_houghton@ca.ibm.com,Component,UI,Core
2002-02-22 12:23:52 EST,dj_houghton@ca.ibm.com,Product,JDT,Platform
2002-04-14 09:58:40 EDT,erich_gamma@ch.ibm.com,Assignee,Daniel_Megert@oti.com,Erich_Gamma@oti.com
2002-04-15 12:05:58 EDT,daniel_megert@ch.ibm.com,Assignee,Nick_Edgar@oti.com,Daniel_Megert@oti.com
2002-04-15 12:05:58 EDT,daniel_megert@ch.ibm.com,Product,Platform,JDT
2002-04-15 15:35:55 EDT,nick_edgar@ca.ibm.com,Assignee,Tod_Creasey@oti.com,Nick_Edgar@oti.com
2002-04-15 15:57:02 EDT,Tod_Creasey@ca.ibm.com,Status,RESOLVED,NEW
2002-04-15 15:57:02 EDT,Tod_Creasey@ca.ibm.com,Resolution,WORKSFORME,---
2002-05-22 04:07:04 EDT,david.millot@cgii.com,Status,REOPENED,RESOLVED
2002-05-22 04:07:04 EDT,david.millot@cgii.com,Resolution,---,WORKSFORME
2002-05-22 08:23:55 EDT,Tod_Creasey@ca.ibm.com,Status,RESOLVED,REOPENED
2002-05-22 08:23:55 EDT,Tod_Creasey@ca.ibm.com,Resolution,WORKSFORME,---
2002-05-22 12:20:12 EDT,david.millot@cgii.com,Status,REOPENED,RESOLVED
2002-05-22 12:20:12 EDT,david.millot@cgii.com,Resolution,---,WORKSFORME
2002-05-22 12:28:31 EDT,Tod_Creasey@ca.ibm.com,Summary,Inconsistent file structure for export selected directories,PROBLEM WHILE EXPORTING TO A FILE SYSTEM
2002-05-24 15:20:09 EDT,nick_edgar@ca.ibm.com,Severity,major,normal
2002-05-24 15:20:09 EDT,nick_edgar@ca.ibm.com,Priority,P2,P3
2002-05-24 16:09:11 EDT,Tod_Creasey@ca.ibm.com,Status,RESOLVED,REOPENED
2002-05-24 16:09:11 EDT,Tod_Creasey@ca.ibm.com,Resolution,FIXED,---
2005-05-10 14:55:49 EDT,Tod_Creasey@ca.ibm.com,Status,CLOSED,RESOLVED
