When, Who, What, Added, Removed
2002-02-21 08:08:25 EST,rick.goldstein@ieee.org,CC,rgoldstein@transgenomic.com,
2002-03-03 17:54:14 EST,erich_gamma@ch.ibm.com,Assignee,Kai-Uwe_Maetzel@oti.com,Erich_Gamma@oti.com
2002-03-03 17:54:14 EST,matthew.helliwell@drkw.com,CC,matthew.helliwell@drkw.com,
2002-06-05 14:22:37 EDT,kai-uwe_maetzel@ch.ibm.com,Depends on,10149,
2002-06-05 14:22:37 EDT,kai-uwe_maetzel@ch.ibm.com,Severity,major,minor
2002-08-20 11:56:08 EDT,kai-uwe_maetzel@ch.ibm.com,Component,Text,UI
2002-08-20 11:56:08 EDT,kai-uwe_maetzel@ch.ibm.com,Product,Platform,JDT
2002-08-21 09:32:36 EDT,Claude_Knaus@oti.com,Assignee,Mike_Wilson@oti.com,Kai-Uwe_Maetzel@oti.com
2002-08-21 09:32:36 EDT,Claude_Knaus@oti.com,Component,SWT,Text
2002-08-23 14:56:09 EDT,snorthov@ca.ibm.com,Assignee,Knut_Radloff@oti.com,Mike_Wilson@oti.com
2002-08-23 17:26:55 EDT,knut_radloff@us.ibm.com,CC,vladgri@hotmail.com,
2002-08-23 17:26:56 EDT,knut_radloff@us.ibm.com,CC,kai-uwe_maetzel@oti.com,
2002-08-26 04:45:43 EDT,knut_radloff@us.ibm.com,CC,lynne_kues@oti.com,
2002-09-03 12:53:12 EDT,lynne_kues@us.ibm.com,Assignee,Lynne_Kues@oti.com,Knut_Radloff@oti.com
2002-09-03 12:53:12 EDT,lynne_kues@us.ibm.com,Summary,StyledText - Change selection color when changing background color,Change selection color when changing background color
2002-09-03 16:18:55 EDT,lynne_kues@us.ibm.com,Status,ASSIGNED,NEW
2002-09-03 16:18:55 EDT,lynne_kues@us.ibm.com,Priority,P2,P3
2002-09-06 12:19:56 EDT,lynne_kues@us.ibm.com,Status,RESOLVED,ASSIGNED
2002-09-06 12:19:56 EDT,lynne_kues@us.ibm.com,Resolution,FIXED,---
2002-09-06 12:19:56 EDT,lynne_kues@us.ibm.com,Target Milestone,2.1,---
