When, Who, What, Added, Removed
2002-02-25 17:07:54 EST,philippe_mulet@fr.ibm.com,Status,RESOLVED,NEW
2002-02-25 17:07:54 EST,philippe_mulet@fr.ibm.com,Resolution,LATER,---
2002-07-25 06:30:53 EDT,philippe_mulet@fr.ibm.com,Assignee,Olivier_Thomann@oti.com,Philippe_Mulet@oti.com
2002-07-25 06:30:53 EDT,philippe_mulet@fr.ibm.com,Status,NEW,RESOLVED
2002-07-25 06:30:53 EDT,philippe_mulet@fr.ibm.com,Target Milestone,2.1,---
2002-07-25 06:32:42 EDT,philippe_mulet@fr.ibm.com,Resolution,---,LATER
2002-07-25 08:40:01 EDT,Olivier_Thomann@ca.ibm.com,Status,ASSIGNED,NEW
2003-01-15 13:22:49 EST,Olivier_Thomann@ca.ibm.com,Status,RESOLVED,ASSIGNED
2003-01-15 13:22:49 EST,Olivier_Thomann@ca.ibm.com,Resolution,LATER,---
2003-01-31 04:36:30 EST,jerome_lanneluc@fr.ibm.com,Target Milestone,---,2.1
2003-03-20 18:32:33 EST,patnodml@wellsfargo.com,CC,patnodml@wellsfargo.com,
2003-06-12 06:35:33 EDT,philippe_mulet@fr.ibm.com,Target Milestone,3.0,---
2003-06-12 15:56:40 EDT,Olivier_Thomann@ca.ibm.com,Status,ASSIGNED,RESOLVED
2003-06-12 15:58:46 EDT,Olivier_Thomann@ca.ibm.com,Resolution,---,LATER
2003-10-03 09:47:32 EDT,Olivier_Thomann@ca.ibm.com,Status,RESOLVED,ASSIGNED
2003-10-03 09:47:32 EDT,Olivier_Thomann@ca.ibm.com,Resolution,FIXED,---
2003-10-03 09:47:32 EDT,Olivier_Thomann@ca.ibm.com,Target Milestone,3.0 M4,3.0
2003-10-13 09:17:18 EDT,david_audel@fr.ibm.com,Status,VERIFIED,RESOLVED
