When, Who, What, Added, Removed
2002-03-04 13:39:35 EST,crivet@ca.ibm.com,CC,crivet@rational.com,
2002-03-19 14:59:24 EST,Kevin_Haaland@ca.ibm.com,Status,ASSIGNED,NEW
2002-04-15 16:44:44 EDT,Kevin_Haaland@ca.ibm.com,Assignee,Nick_Edgar@oti.com,Kevin_Haaland@oti.com
2002-04-15 16:44:44 EDT,Kevin_Haaland@ca.ibm.com,Status,NEW,ASSIGNED
2002-04-15 16:54:38 EDT,nick_edgar@ca.ibm.com,Status,ASSIGNED,NEW
2002-05-13 22:27:16 EDT,nick_edgar@ca.ibm.com,CC,duongn@rational.com,
2002-05-13 22:27:16 EDT,nick_edgar@ca.ibm.com,Status,RESOLVED,ASSIGNED
2002-05-13 22:27:16 EDT,nick_edgar@ca.ibm.com,Resolution,INVALID,---
2002-05-28 10:00:47 EDT,nick_edgar@ca.ibm.com,Status,REOPENED,RESOLVED
2002-05-28 10:00:47 EDT,nick_edgar@ca.ibm.com,Resolution,---,INVALID
2002-05-28 10:01:47 EDT,nick_edgar@ca.ibm.com,Status,RESOLVED,REOPENED
2002-05-28 10:01:47 EDT,nick_edgar@ca.ibm.com,Resolution,LATER,---
2002-08-09 12:50:53 EDT,Randy_Giffen@oti.com,Status,REOPENED,RESOLVED
2002-08-09 12:50:53 EDT,Randy_Giffen@oti.com,Keywords,investigate,
2002-08-09 12:50:53 EDT,Randy_Giffen@oti.com,Resolution,---,LATER
2002-08-09 12:51:14 EDT,Randy_Giffen@oti.com,Summary,[Action sets] Better enableFor support required,Better enableFor support required
2002-09-03 10:49:54 EDT,Kevin_Haaland@ca.ibm.com,Severity,enhancement,major
2002-09-03 10:49:54 EDT,Kevin_Haaland@ca.ibm.com,Priority,P2,P1
2002-09-03 10:49:54 EDT,Kevin_Haaland@ca.ibm.com,Version,2.0,1.0
2002-09-03 13:49:22 EDT,simon_arsenault@ca.ibm.com,Assignee,Simon_Arsenault@oti.com,Nick_Edgar@oti.com
2002-09-03 13:49:22 EDT,simon_arsenault@ca.ibm.com,Status,NEW,REOPENED
2002-09-03 14:31:08 EDT,simon_arsenault@ca.ibm.com,Status,ASSIGNED,NEW
2002-09-03 14:31:08 EDT,simon_arsenault@ca.ibm.com,Priority,P4,P2
2002-09-05 11:01:50 EDT,simon_arsenault@ca.ibm.com,Summary,[ActionSets] Better enableFor support required,[Action sets] Better enableFor support required
2002-10-16 13:04:29 EDT,nick_edgar@ca.ibm.com,Assignee,Platform-UI-Inbox@eclipse.org,Simon_Arsenault@oti.com
2002-10-16 13:04:29 EDT,nick_edgar@ca.ibm.com,Status,NEW,ASSIGNED
2002-10-16 13:06:16 EDT,nick_edgar@ca.ibm.com,Status,RESOLVED,NEW
2002-10-16 13:06:16 EDT,nick_edgar@ca.ibm.com,Resolution,FIXED,---
