When, Who, What, Added, Removed
2002-02-27 15:18:56 EST,turnham@ca.ibm.com,Severity,enhancement,normal
2002-02-27 15:18:56 EST,turnham@ca.ibm.com,Priority,P2,P3
2002-02-27 15:18:56 EST,turnham@ca.ibm.com,Target Milestone,2.0 - Release,---
2002-02-27 15:18:56 EST,turnham@ca.ibm.com,Version,2.0,1.0
2002-05-28 13:25:09 EDT,turnham@ca.ibm.com,Status,RESOLVED,NEW
2002-05-28 13:25:09 EDT,turnham@ca.ibm.com,Resolution,FIXED,---
2002-05-28 13:25:18 EDT,turnham@ca.ibm.com,Status,CLOSED,RESOLVED
2009-01-09 14:09:06 EST,dschaefer@qnx.com,Component,cdt-other,deprecated4
