When, Who, What, Added, Removed
2002-02-21 14:32:53 EST,mutdosch@us.ibm.com,Summary,Feature: Global enable/disable of breakpoints (and leave breakpoints list untouched),Global enable/disable of breakpoints (and leave breakpoints list untouched)
2002-02-28 13:42:31 EST,darin.eclipse@gmail.com,Status,RESOLVED,NEW
2002-02-28 13:42:31 EST,darin.eclipse@gmail.com,Resolution,LATER,---
2002-06-08 02:51:02 EDT,eclipse@genady.org,CC,genadyb@inter.net.il,
2003-03-18 10:01:37 EST,darin.eclipse@gmail.com,CC,stefan-l@vandenoord.com,
2003-05-12 15:07:50 EDT,darin.eclipse@gmail.com,Status,REOPENED,RESOLVED
2003-05-12 15:07:50 EDT,darin.eclipse@gmail.com,Resolution,---,LATER
2003-05-12 15:07:50 EDT,darin.eclipse@gmail.com,Target Milestone,3.0,---
2003-05-12 15:07:57 EDT,darin.eclipse@gmail.com,Assignee,platform-debug-inbox@eclipse.org,Darin_Wright@ca.ibm.com
2003-05-12 15:07:57 EDT,darin.eclipse@gmail.com,Status,NEW,REOPENED
2004-02-23 17:38:44 EST,jared_burns@us.ibm.com,Assignee,jaredburns@acm.org,platform-debug-inbox@eclipse.org
2004-02-23 17:39:11 EST,jared_burns@us.ibm.com,Status,ASSIGNED,NEW
2004-02-23 17:39:11 EST,jared_burns@us.ibm.com,Target Milestone,3.0 M8,3.0
2004-02-23 20:06:26 EST,jared_burns@us.ibm.com,CC,darin_wright@ca.ibm.com,
2004-02-23 22:18:18 EST,darin.eclipse@gmail.com,CC,jaredburns@acm.org,
2004-02-26 12:23:19 EST,jared_burns@us.ibm.com,Assignee,Darin_Wright@ca.ibm.com,jaredburns@acm.org
2004-02-26 12:23:19 EST,jared_burns@us.ibm.com,Status,NEW,ASSIGNED
2004-02-26 12:27:18 EST,jared_burns@us.ibm.com,Status,RESOLVED,NEW
2004-02-26 12:27:18 EST,jared_burns@us.ibm.com,Resolution,FIXED,---
2004-02-26 22:29:32 EST,darin.eclipse@gmail.com,CC,John_Wiegand@us.ibm.com,
2004-02-26 22:29:32 EST,darin.eclipse@gmail.com,Status,REOPENED,RESOLVED
2004-02-26 22:29:32 EST,darin.eclipse@gmail.com,Resolution,---,FIXED
2004-02-26 22:29:46 EST,darin.eclipse@gmail.com,Assignee,jaredburns@acm.org,Darin_Wright@ca.ibm.com
2004-02-26 22:29:46 EST,darin.eclipse@gmail.com,Status,NEW,REOPENED
2004-02-26 22:29:55 EST,darin.eclipse@gmail.com,Status,ASSIGNED,NEW
2004-03-04 13:29:47 EST,turnham@ca.ibm.com,CC,turnham@ca.ibm.com,
2004-03-09 18:31:38 EST,jared_burns@us.ibm.com,Assignee,Darin_Wright@ca.ibm.com,jaredburns@acm.org
2004-03-09 18:31:38 EST,jared_burns@us.ibm.com,Status,NEW,ASSIGNED
2004-03-09 18:32:19 EST,jared_burns@us.ibm.com,Status,RESOLVED,NEW
2004-03-09 18:32:19 EST,jared_burns@us.ibm.com,Resolution,FIXED,---
2004-03-11 22:43:35 EST,darin.eclipse@gmail.com,Status,REOPENED,RESOLVED
2004-03-11 22:43:35 EST,darin.eclipse@gmail.com,Resolution,---,FIXED
2004-03-11 22:43:51 EST,darin.eclipse@gmail.com,Assignee,jaredburns@acm.org,Darin_Wright@ca.ibm.com
2004-03-11 22:43:51 EST,darin.eclipse@gmail.com,Status,NEW,REOPENED
2004-03-11 22:44:02 EST,darin.eclipse@gmail.com,Status,ASSIGNED,NEW
2004-03-12 09:25:40 EST,darin.eclipse@gmail.com,Status,RESOLVED,ASSIGNED
2004-03-12 09:25:40 EST,darin.eclipse@gmail.com,Resolution,FIXED,---
2004-03-12 09:25:51 EST,darin.eclipse@gmail.com,Status,VERIFIED,RESOLVED
