When, Who, What, Added, Removed
2002-02-21 23:23:35 EST,cagatayk@acm.org,Summary,Structured selection key shortcuts should use SHIFT key,Structured selection key shortcuts should have SHIFT key
2002-03-11 09:42:12 EST,erich_gamma@ch.ibm.com,CC,nick_edgar@oti.com,
2002-03-11 09:42:12 EST,erich_gamma@ch.ibm.com,Assignee,Kevin_Haaland@oti.com,Erich_Gamma@oti.com
2002-03-11 09:42:12 EST,erich_gamma@ch.ibm.com,Product,Platform,JDT
2002-03-11 16:05:48 EST,nick_edgar@ca.ibm.com,Assignee,Erich_Gamma@oti.com,Kevin_Haaland@oti.com
2002-03-11 16:05:48 EST,nick_edgar@ca.ibm.com,Product,JDT,Platform
2002-03-11 16:05:48 EST,akiezun@gmail.com,CC,Adam_Kiezun@oti.com,
2002-04-05 13:07:34 EST,akiezun@gmail.com,CC,Erich_Gamma@oti.com,
2002-04-05 13:08:01 EST,akiezun@gmail.com,Assignee,Adam_Kiezun@oti.com,Erich_Gamma@oti.com
2002-04-05 13:08:01 EST,akiezun@gmail.com,Priority,P2,P3
2002-04-08 08:08:21 EDT,akiezun@gmail.com,Status,RESOLVED,NEW
2002-04-08 08:08:21 EDT,akiezun@gmail.com,Resolution,FIXED,---
2002-04-08 08:08:21 EDT,akiezun@gmail.com,Target Milestone,2.0 M5,---
