When, Who, What, Added, Removed
2002-03-04 17:35:09 EST,khalsted@ca.ibm.com,CC,khalsted@ca.ibm.com,
2002-03-23 23:59:53 EST,birsan@ca.ibm.com,Severity,enhancement,normal
2002-04-09 11:16:35 EDT,birsan@ca.ibm.com,Status,ASSIGNED,NEW
2002-04-19 17:48:23 EDT,konradk@ca.ibm.com,Assignee,konradk@ca.ibm.com,birsan@ca.ibm.com
2002-04-19 17:48:23 EDT,konradk@ca.ibm.com,Status,NEW,ASSIGNED
2002-04-19 17:48:23 EDT,konradk@ca.ibm.com,Target Milestone,2.0 M6,---
2002-04-19 18:23:42 EDT,konradk@ca.ibm.com,Status,RESOLVED,NEW
2002-04-19 18:23:42 EDT,konradk@ca.ibm.com,Resolution,FIXED,---
