When, Who, What, Added, Removed
2002-02-22 19:03:32 EST,cpomeroy@rational.com,Priority,P2,P1
2002-03-24 00:01:02 EST,birsan@ca.ibm.com,Severity,enhancement,major
2002-04-09 11:11:07 EDT,birsan@ca.ibm.com,Status,RESOLVED,NEW
2002-04-09 11:11:07 EDT,birsan@ca.ibm.com,Resolution,LATER,---
2002-07-08 14:31:33 EDT,birsan@ca.ibm.com,Status,REOPENED,RESOLVED
2002-07-08 14:31:33 EDT,birsan@ca.ibm.com,Resolution,---,LATER
2003-04-10 11:56:21 EDT,konradk@ca.ibm.com,Assignee,konradk@ca.ibm.com,birsan@ca.ibm.com
2003-04-10 11:56:21 EDT,konradk@ca.ibm.com,Status,NEW,REOPENED
2003-05-13 17:44:21 EDT,cpomeroy@ca.ibm.com,CC,cpomeroy@ca.ibm.com,
2003-05-29 10:51:00 EDT,konradk@ca.ibm.com,Priority,P3,P2
2003-06-03 10:53:17 EDT,dan.scott@ca.ibm.com,CC,dan.scott@ca.ibm.com,
2004-04-15 14:30:57 EDT,jed.anderson@genuitec.com,CC,jed.anderson@codenovo.com,
2004-10-13 08:34:27 EDT,kowalskilee@gmail.com,CC,kowalski@us.ibm.com,
2005-02-16 07:23:10 EST,mikhail.sennikovskiy@gmail.com,CC,Mikhail.Sennikovsky@intel.com,
2005-03-15 13:15:56 EST,konradk@ca.ibm.com,CC,snay@mvalent.com,
2005-03-16 17:07:00 EST,robert.lauriston@embarcadero.com,CC,robert.lauriston@embarcadero.com,
2005-03-23 10:41:19 EST,sky@ca.ibm.com,CC,sky@ca.ibm.com,
2005-03-28 01:58:03 EST,artyom.kuanbekov@intel.com,CC,artyom.kuanbekov@intel.com,
2005-04-14 14:20:44 EDT,julianj@ca.ibm.com,CC,julianj@ca.ibm.com,
2005-04-15 15:46:58 EDT,ralphe@us.ibm.com,CC,ralphe@us.ibm.com,
2005-04-28 15:31:41 EDT,seagren@ca.ibm.com,CC,seagren@ca.ibm.com,
2005-05-04 17:28:25 EDT,konradk@ca.ibm.com,Priority,P4,P3
2005-06-17 10:24:02 EDT,mlists@juma.me.uk,CC,mlists@juma.me.uk,
2005-07-13 04:26:43 EDT,artyom.kuanbekov@intel.com,CC,Mikhail.Voronin@intel.com,
2005-08-16 12:11:05 EDT,konradk@ca.ibm.com,Assignee,platform-help-inbox@eclipse.org,konradk@ca.ibm.com
2005-08-30 09:34:27 EDT,kiryl.kazakevich@intel.com,Attachment #26635                Attachment description,patch for org.eclipse.help with EPL license,add EPL license
2005-08-30 09:42:41 EDT,kiryl.kazakevich@intel.com,CC,kiryl.kazakevich@intel.com,
2005-11-16 09:55:23 EST,khalsted@ca.ibm.com,CC,khalsted@ca.ibm.com,
2005-11-25 13:38:00 EST,curtispd@ca.ibm.com,Assignee,curtispd@ca.ibm.com,platform-help-inbox@eclipse.org
2005-11-25 13:43:21 EST,curtispd@ca.ibm.com,Status,ASSIGNED,NEW
2005-11-25 13:43:21 EST,curtispd@ca.ibm.com,Priority,P2,P4
2005-11-25 13:43:21 EST,curtispd@ca.ibm.com,Target Milestone,3.2,---
2005-11-25 13:50:48 EST,curtispd@ca.ibm.com,Summary,[Help] Missing Help Index Solution,Missing Help Index Solution
2005-12-07 15:20:04 EST,gwebster@novell.com,CC,gwebster@novell.com,
2005-12-12 08:59:45 EST,kiryl.kazakevich@intel.com,Attachment #31474                Attachment is obsolete,1,0
2006-02-01 11:36:49 EST,curtispd@ca.ibm.com,CC,dejan@ca.ibm.com,
2006-02-09 15:51:36 EST,dan.scott@ca.ibm.com,CC,,dan.scott@ca.ibm.com
2006-02-13 13:02:51 EST,kiryl.kazakevich@intel.com,Attachment #34582                Attachment is obsolete,1,0
2006-03-02 19:43:18 EST,curtispd@ca.ibm.com,Target Milestone,3.2 M6,3.2
2006-03-13 09:28:04 EST,kiryl.kazakevich@intel.com,Attachment #36066                Attachment is obsolete,1,0
2006-03-13 11:56:26 EST,kiryl.kazakevich@intel.com,Attachment #36130                Attachment is obsolete,1,0
2006-03-13 11:56:26 EST,kiryl.kazakevich@intel.com,Attachment #36131                Attachment is obsolete,1,0
2006-03-14 06:06:58 EST,artyom.kuanbekov@intel.com,CC,,artyom.kuanbekov@intel.com
2006-03-19 07:09:39 EST,kiryl.kazakevich@intel.com,Attachment #36487                Attachment is obsolete,1,0
2006-03-21 08:36:51 EST,kiryl.kazakevich@intel.com,Attachment #36566                Attachment is obsolete,1,0
2006-03-21 13:23:38 EST,kiryl.kazakevich@intel.com,Attachment #36657                Attachment is obsolete,1,0
2006-03-28 10:36:12 EST,curtispd@ca.ibm.com,Status,RESOLVED,ASSIGNED
2006-03-28 10:36:12 EST,curtispd@ca.ibm.com,Resolution,FIXED,---
