When, Who, What, Added, Removed
2002-02-25 14:19:43 EST,Mike_Wilson@ca.ibm.com,Assignee,Veronika_Irvine@oti.com,Mike_Wilson@oti.com
2002-02-26 10:56:33 EST,veronika_irvine@yahoo.com,Assignee,Nick_Edgar@oti.com,Veronika_Irvine@oti.com
2002-02-26 10:56:33 EST,veronika_irvine@yahoo.com,Component,UI,SWT
2002-08-07 17:36:02 EDT,eduardo_pereira@ca.ibm.com,Summary,[Cell Editors] CellEditor problem with keyboard,CellEditor problem with keyboard
2002-09-03 12:39:55 EDT,simon_arsenault@ca.ibm.com,Assignee,andrew_irvine@oti.com,Nick_Edgar@oti.com
2002-09-04 15:27:38 EDT,eduardo_pereira@ca.ibm.com,Status,ASSIGNED,NEW
2002-11-13 07:59:35 EST,airvine@ca.ibm.com,Status,RESOLVED,ASSIGNED
2002-11-13 07:59:35 EST,airvine@ca.ibm.com,Component,WebDAV,UI
2002-11-13 07:59:35 EST,airvine@ca.ibm.com,Resolution,FIXED,---
2002-11-13 08:00:11 EST,airvine@ca.ibm.com,Status,CLOSED,RESOLVED
2002-11-13 08:00:11 EST,airvine@ca.ibm.com,Component,UI,WebDAV
