When, Who, What, Added, Removed
2002-02-22 04:54:14 EST,helena.aberg@appeal.se,CC,helena.aberg@appeal.se,
2002-02-26 15:44:15 EST,darin.eclipse@gmail.com,Target Milestone,2.0 M6,---
2002-03-06 11:37:49 EST,Darin_Swanson@us.ibm.com,Assignee,Darin_Swanson@oti.com,Darin_Wright@oti.com
2002-03-06 11:37:57 EST,Darin_Swanson@us.ibm.com,Status,ASSIGNED,NEW
2002-03-06 12:13:18 EST,Darin_Swanson@us.ibm.com,Priority,P1,P3
2002-03-06 12:13:18 EST,Darin_Swanson@us.ibm.com,Target Milestone,2.0 M4,2.0 M6
2002-03-06 13:59:23 EST,Darin_Swanson@us.ibm.com,Assignee,Darin_Wright@oti.com,Darin_Swanson@oti.com
2002-03-06 13:59:23 EST,Darin_Swanson@us.ibm.com,Status,NEW,ASSIGNED
2002-03-06 14:00:05 EST,Darin_Swanson@us.ibm.com,Status,RESOLVED,NEW
2002-03-06 14:00:05 EST,Darin_Swanson@us.ibm.com,Resolution,FIXED,---
2002-03-11 09:29:22 EST,darin.eclipse@gmail.com,Status,VERIFIED,RESOLVED
2002-03-12 12:12:02 EST,Darin_Swanson@us.ibm.com,CC,Jerome_Lanneluc@oti.com,
