When, Who, What, Added, Removed
2002-01-03 16:42:12 EST,James_Moody@ca.ibm.com,Priority,P5,P3
2002-05-06 15:44:10 EDT,Kevin_McGuire@ca.ibm.com,Assignee,Jean-Michel_Lemieux@oti.com,James_Moody@oti.com
2002-05-06 15:44:10 EDT,Kevin_McGuire@ca.ibm.com,Status,NEW,ASSIGNED
2002-05-06 15:44:10 EDT,Kevin_McGuire@ca.ibm.com,Target Milestone,2.0 M6,---
2002-05-08 20:46:10 EDT,jean-michel_lemieux@ca.ibm.com,Status,RESOLVED,NEW
2002-05-08 20:46:10 EDT,jean-michel_lemieux@ca.ibm.com,Resolution,FIXED,---
