When, Who, What, Added, Removed
2002-02-22 12:53:33 EST,turnham@ca.ibm.com,Assignee,eyasser@ca.ibm.com,turnham@ca.ibm.com
2002-02-27 14:31:00 EST,eyasser@ca.ibm.com,Priority,P2,P3
2002-02-27 14:31:00 EST,eyasser@ca.ibm.com,Version,2.0,0.5
2002-02-27 14:35:43 EST,eyasser@ca.ibm.com,Target Milestone,2.0 - Release,---
2002-04-15 14:04:02 EDT,eyasser@ca.ibm.com,Status,RESOLVED,NEW
2002-04-15 14:04:02 EDT,eyasser@ca.ibm.com,Resolution,FIXED,---
2009-01-09 14:10:15 EST,dschaefer@qnx.com,Component,cdt-other,deprecated4
