When, Who, What, Added, Removed
2002-02-22 12:52:30 EST,turnham@ca.ibm.com,Assignee,eyasser@ca.ibm.com,turnham@ca.ibm.com
2002-02-27 14:29:23 EST,eyasser@ca.ibm.com,Priority,P2,P3
2002-02-27 14:29:23 EST,eyasser@ca.ibm.com,Version,1.0,0.5
2002-02-27 14:35:15 EST,eyasser@ca.ibm.com,Target Milestone,1.0 - Release,---
2002-03-07 07:45:36 EST,eyasser@ca.ibm.com,Status,RESOLVED,NEW
2002-03-07 07:45:36 EST,eyasser@ca.ibm.com,Resolution,FIXED,---
2009-01-09 14:10:11 EST,dschaefer@qnx.com,Component,cdt-other,deprecated4
