When, Who, What, Added, Removed
2002-02-22 14:53:37 EST,flyguy@null.net,Summary,Project not build since it was inconsistent,Project not build since it was inconsistant
2002-02-25 05:45:52 EST,philippe_mulet@fr.ibm.com,Assignee,Kent_Johnson@oti.com,Philippe_Mulet@oti.com
2002-02-25 05:45:52 EST,philippe_mulet@fr.ibm.com,Priority,P1,P3
2002-02-25 05:45:52 EST,philippe_mulet@fr.ibm.com,Target Milestone,2.0 M4,---
2002-02-25 11:02:05 EST,kent_johnson@ca.ibm.com,Status,ASSIGNED,NEW
2002-02-26 11:26:57 EST,kent_johnson@ca.ibm.com,Status,RESOLVED,ASSIGNED
2002-02-26 11:26:57 EST,kent_johnson@ca.ibm.com,Resolution,FIXED,---
