When, Who, What, Added, Removed
2002-02-22 14:45:05 EST,Tod_Creasey@ca.ibm.com,CC,John_Wiegand@oti.com Kai-Uwe_Maetzel@oti.com,
2002-07-23 14:13:59 EDT,dean_roberts@ca.ibm.com,Assignee,camle@us.ibm.com,dean_roberts@oti.com
2002-07-29 14:06:58 EDT,Tod_Creasey@ca.ibm.com,Version,1.0,2.0
2002-07-29 14:22:39 EDT,Tod_Creasey@ca.ibm.com,Status,RESOLVED,NEW
2002-07-29 14:22:39 EDT,Tod_Creasey@ca.ibm.com,Resolution,FIXED,---
2002-11-18 16:52:02 EST,camle@us.ibm.com,Status,CLOSED,RESOLVED
2002-11-21 14:23:47 EST,dean_roberts@ca.ibm.com,Version,2.0,1.0
