When, Who, What, Added, Removed
2002-03-20 17:40:40 EST,Kevin_Haaland@ca.ibm.com,Assignee,dean_roberts@oti.com,Kevin_Haaland@oti.com
2002-03-20 17:40:40 EST,Kevin_Haaland@ca.ibm.com,Component,Releng,UI
2002-07-23 14:15:34 EDT,dean_roberts@ca.ibm.com,Assignee,camle@us.ibm.com,dean_roberts@oti.com
2002-07-29 14:38:24 EDT,Tod_Creasey@ca.ibm.com,Status,RESOLVED,NEW
2002-07-29 14:38:24 EDT,Tod_Creasey@ca.ibm.com,Resolution,FIXED,---
2002-11-18 17:04:48 EST,camle@us.ibm.com,Status,CLOSED,RESOLVED
