When, Who, What, Added, Removed
2002-03-11 09:39:26 EST,erich_gamma@ch.ibm.com,Assignee,Kevin_Haaland@oti.com,Erich_Gamma@oti.com
2002-03-11 09:39:26 EST,erich_gamma@ch.ibm.com,Product,Platform,JDT
2002-05-01 17:07:12 EDT,Kevin_Haaland@ca.ibm.com,Status,ASSIGNED,NEW
2002-05-02 10:38:36 EDT,Kevin_Haaland@ca.ibm.com,Status,RESOLVED,ASSIGNED
2002-05-02 10:38:36 EDT,Kevin_Haaland@ca.ibm.com,Resolution,LATER,---
2002-08-09 12:53:25 EDT,Randy_Giffen@oti.com,Status,REOPENED,RESOLVED
2002-08-09 12:53:25 EDT,Randy_Giffen@oti.com,Keywords,investigate,
2002-08-09 12:53:25 EDT,Randy_Giffen@oti.com,Resolution,---,LATER
2002-08-09 12:53:25 EDT,Randy_Giffen@oti.com,Summary,[Tasks] When the compile has errors and new tasks are added, the Task tab should be "auto-selected",When the compile has errors and new tasks are added, the Task tab should be "auto-selected"
2002-09-03 10:23:41 EDT,simon_arsenault@ca.ibm.com,Assignee,Chris_McLaren@oti.com,Kevin_Haaland@oti.com
2002-09-03 10:23:41 EDT,simon_arsenault@ca.ibm.com,Status,NEW,REOPENED
2002-09-05 09:34:42 EDT,csmclaren@andelain.com,Severity,enhancement,normal
2002-09-05 09:34:42 EDT,csmclaren@andelain.com,Status,ASSIGNED,NEW
2002-09-05 09:34:42 EDT,csmclaren@andelain.com,Priority,P3,P2
2003-08-05 14:44:59 EDT,debbie_wilson@ca.ibm.com,Assignee,Platform-UI-Inbox@eclipse.org,chris_mclaren@ca.ibm.com
2003-08-05 14:44:59 EDT,debbie_wilson@ca.ibm.com,Status,NEW,ASSIGNED
2003-08-05 14:56:19 EDT,csmclaren@andelain.com,Status,ASSIGNED,NEW
2004-12-22 20:14:46 EST,dcorbin@ieee.org,Status,RESOLVED,ASSIGNED
2004-12-22 20:14:46 EST,dcorbin@ieee.org,Resolution,FIXED,---
