When, Who, What, Added, Removed
2002-02-27 13:13:35 EST,akiezun@gmail.com,Component,Debug,UI
2002-02-27 13:13:46 EST,akiezun@gmail.com,Assignee,Darin_Wright@oti.com,Erich_Gamma@oti.com
2002-02-27 13:43:19 EST,darin.eclipse@gmail.com,Target Milestone,2.0 M6,---
2002-03-04 11:12:39 EST,darin.eclipse@gmail.com,Status,ASSIGNED,NEW
2002-03-11 16:40:59 EST,darin.eclipse@gmail.com,Assignee,Darin_Swanson@oti.com,Darin_Wright@oti.com
2002-03-11 16:40:59 EST,darin.eclipse@gmail.com,Status,NEW,ASSIGNED
2002-03-11 16:41:14 EST,darin.eclipse@gmail.com,Status,RESOLVED,NEW
2002-03-11 16:41:14 EST,darin.eclipse@gmail.com,Resolution,FIXED,---
2002-03-11 16:51:59 EST,darin.eclipse@gmail.com,CC,Darin_Swanson@oti.com,
2002-03-12 10:18:35 EST,Darin_Swanson@us.ibm.com,Status,VERIFIED,RESOLVED
