When, Who, What, Added, Removed
2002-02-27 11:44:09 EST,akiezun@gmail.com,Status,RESOLVED,NEW
2002-02-27 11:44:09 EST,akiezun@gmail.com,Resolution,WORKSFORME,---
2002-02-27 12:13:09 EST,dcorbin@ieee.org,Status,REOPENED,RESOLVED
2002-02-27 12:13:09 EST,dcorbin@ieee.org,Resolution,---,WORKSFORME
2002-02-27 12:13:09 EST,dcorbin@ieee.org,Summary,Selecting a symbol name should be the same as have the caret on it, with respect to what actions/context menus are available.,Refactoring should not require Outline view
2002-03-11 09:31:46 EST,erich_gamma@ch.ibm.com,Assignee,Philippe_Mulet@oti.com,Erich_Gamma@oti.com
2002-03-11 09:31:46 EST,erich_gamma@ch.ibm.com,Status,NEW,REOPENED
2002-03-11 09:31:46 EST,erich_gamma@ch.ibm.com,Component,Core,UI
2002-03-11 09:31:46 EST,erich_gamma@ch.ibm.com,Priority,P1,P3
2002-03-11 09:33:55 EST,erich_gamma@ch.ibm.com,Summary,Selecting a symbol name should be the same as have the caret on it,Selecting a symbol name should be the same as have the caret on it, with respect to what actions/context menus are available.
2002-03-11 10:46:03 EST,philippe_mulet@fr.ibm.com,Assignee,Erich_Gamma@oti.com,Philippe_Mulet@oti.com
2002-03-11 10:46:03 EST,philippe_mulet@fr.ibm.com,Component,UI,Core
2002-03-11 10:46:03 EST,erich_gamma@ch.ibm.com,CC,claude_knaus@oti.com,
2002-03-21 02:28:33 EST,erich_gamma@ch.ibm.com,Assignee,Adam_Kiezun@oti.com,Erich_Gamma@oti.com
2002-03-21 04:50:09 EST,akiezun@gmail.com,Status,ASSIGNED,NEW
2002-03-21 05:43:49 EST,akiezun@gmail.com,CC,Adam_Kiezun@oti.com,
2002-03-21 05:43:49 EST,akiezun@gmail.com,Assignee,Martin_Aeschlimann@oti.com,Adam_Kiezun@oti.com
2002-03-21 05:43:49 EST,akiezun@gmail.com,Status,NEW,ASSIGNED
2002-03-22 09:05:15 EST,erich_gamma@ch.ibm.com,Assignee,Dirk_Baeumer@oti.com,Martin_Aeschlimann@oti.com
2002-03-25 10:18:34 EST,dirk_baeumer@ch.ibm.com,Status,RESOLVED,NEW
2002-03-25 10:18:34 EST,dirk_baeumer@ch.ibm.com,Resolution,FIXED,---
