When, Who, What, Added, Removed
2002-02-22 22:19:58 EST,rick.goldstein@ieee.org,CC,rgoldstein@transgenomic.com,
2002-05-01 06:51:02 EDT,aeschli@gmail.com,Assignee,Kai-Uwe_Maetzel@oti.com,Erich_Gamma@oti.com
2002-05-09 15:40:38 EDT,erich_gamma@ch.ibm.com,Product,Platform,JDT
2002-05-09 15:40:49 EDT,erich_gamma@ch.ibm.com,Assignee,Mike_Wilson@oti.com,Kai-Uwe_Maetzel@oti.com
2002-05-09 15:40:49 EDT,erich_gamma@ch.ibm.com,Component,SWT,UI
2002-05-09 16:01:12 EDT,Mike_Wilson@ca.ibm.com,Status,RESOLVED,NEW
2002-05-09 16:01:12 EDT,Mike_Wilson@ca.ibm.com,Resolution,LATER,---
2002-09-11 14:01:50 EDT,veronika_irvine@yahoo.com,Assignee,Steve_Northover@oti.com,Mike_Wilson@oti.com
2002-09-11 14:01:50 EDT,veronika_irvine@yahoo.com,Status,NEW,RESOLVED
2002-09-11 14:07:53 EDT,veronika_irvine@yahoo.com,Resolution,---,LATER
2003-01-02 15:42:57 EST,snorthov@ca.ibm.com,Assignee,jdt-ui-inbox@eclipse.org,Steve_Northover@oti.com
2003-01-02 15:42:57 EST,snorthov@ca.ibm.com,Component,UI,SWT
2003-01-02 15:42:57 EST,snorthov@ca.ibm.com,Product,JDT,Platform
2003-01-04 05:33:07 EST,dirk_baeumer@ch.ibm.com,Assignee,jdt-text-inbox@eclipse.org,jdt-ui-inbox@eclipse.org
2003-01-04 05:33:07 EST,dirk_baeumer@ch.ibm.com,Component,Text,UI
2003-08-14 07:50:50 EDT,duraid@unsw.edu.au,CC,duraid@unsw.edu.au,
2003-08-14 07:52:52 EDT,duraid@unsw.edu.au,Depends on,28993,
2003-08-15 07:46:58 EDT,daniel_megert@ch.ibm.com,Status,ASSIGNED,NEW
2003-08-15 07:46:58 EDT,daniel_megert@ch.ibm.com,Keywords,accessibility,
2003-08-15 07:46:58 EDT,daniel_megert@ch.ibm.com,Summary,[preferences] Should be able to set the colors of the Selection.,Should be able to set the colors of the Selection.
2004-03-05 13:07:03 EST,Tod_Creasey@ca.ibm.com,CC,Tod_Creasey@ca.ibm.com,
2004-04-14 10:10:38 EDT,daniel_megert@ch.ibm.com,Status,RESOLVED,ASSIGNED
2004-04-14 10:10:38 EDT,daniel_megert@ch.ibm.com,Resolution,FIXED,---
2004-04-14 10:10:38 EDT,daniel_megert@ch.ibm.com,Target Milestone,3.0 M9,---
2004-05-20 11:01:53 EDT,Tod_Creasey@ca.ibm.com,Status,VERIFIED,RESOLVED
