When, Who, What, Added, Removed
2002-02-24 20:23:23 EST,darin.eclipse@gmail.com,Priority,P1,P3
2002-02-24 20:23:23 EST,darin.eclipse@gmail.com,Target Milestone,2.0 M4,---
2002-02-28 12:48:09 EST,Darin_Swanson@us.ibm.com,Assignee,Darin_Swanson@oti.com,Darin_Wright@oti.com
2002-02-28 12:48:17 EST,Darin_Swanson@us.ibm.com,Status,ASSIGNED,NEW
2002-02-28 16:12:40 EST,Darin_Swanson@us.ibm.com,Assignee,jared-eclipse@mn.rr.com,Darin_Swanson@oti.com
2002-02-28 16:12:40 EST,Darin_Swanson@us.ibm.com,Status,NEW,ASSIGNED
2002-02-28 16:42:19 EST,Darin_Swanson@us.ibm.com,Status,RESOLVED,NEW
2002-02-28 16:42:19 EST,Darin_Swanson@us.ibm.com,Resolution,FIXED,---
2002-03-04 09:29:15 EST,jared_burns@us.ibm.com,Status,VERIFIED,RESOLVED
