When, Who, What, Added, Removed
2002-03-11 18:40:23 EST,erich_gamma@ch.ibm.com,Keywords,api,
2002-04-03 23:55:43 EST,nick_edgar@ca.ibm.com,Assignee,Nick_Edgar@oti.com,Kevin_Haaland@oti.com
2002-04-04 00:07:02 EST,nick_edgar@ca.ibm.com,Blocks,12750,
2002-04-04 00:15:14 EST,nick_edgar@ca.ibm.com,Target Milestone,2.0 M5,---
2002-04-04 00:15:43 EST,nick_edgar@ca.ibm.com,Status,RESOLVED,NEW
2002-04-04 00:15:43 EST,nick_edgar@ca.ibm.com,Resolution,FIXED,---
2002-04-07 20:59:45 EDT,nick_edgar@ca.ibm.com,Status,REOPENED,RESOLVED
2002-04-07 20:59:45 EDT,nick_edgar@ca.ibm.com,Resolution,---,FIXED
2002-04-07 21:00:28 EDT,nick_edgar@ca.ibm.com,Assignee,Erich_Gamma@oti.com,Nick_Edgar@oti.com
2002-04-07 21:00:28 EDT,nick_edgar@ca.ibm.com,Status,NEW,REOPENED
2002-04-07 21:00:28 EDT,nick_edgar@ca.ibm.com,Product,JDT,Platform
2002-04-07 21:00:28 EDT,nick_edgar@ca.ibm.com,Target Milestone,2.0 M6,2.0 M5
2002-04-14 09:56:40 EDT,erich_gamma@ch.ibm.com,Status,ASSIGNED,NEW
2002-04-14 09:56:40 EDT,erich_gamma@ch.ibm.com,Priority,P1,P3
2002-04-23 11:29:29 EDT,erich_gamma@ch.ibm.com,Assignee,Nick_Edgar@oti.com,Erich_Gamma@oti.com
2002-04-23 11:29:29 EDT,erich_gamma@ch.ibm.com,Status,NEW,ASSIGNED
2002-04-23 11:29:29 EDT,erich_gamma@ch.ibm.com,Product,Platform,JDT
2002-04-23 16:39:34 EDT,nick_edgar@ca.ibm.com,Status,RESOLVED,NEW
2002-04-23 16:39:34 EDT,nick_edgar@ca.ibm.com,Resolution,FIXED,---
