When, Who, What, Added, Removed
2002-03-11 09:00:00 EST,erich_gamma@ch.ibm.com,Assignee,Kai-Uwe_Maetzel@oti.com,Erich_Gamma@oti.com
2002-03-11 09:00:00 EST,erich_gamma@ch.ibm.com,Priority,P2,P3
2002-03-12 10:20:46 EST,kai-uwe_maetzel@ch.ibm.com,Status,ASSIGNED,NEW
2002-03-12 10:21:07 EST,kai-uwe_maetzel@ch.ibm.com,Target Milestone,2.0 M4,---
2002-03-12 10:23:14 EST,kai-uwe_maetzel@ch.ibm.com,Status,RESOLVED,ASSIGNED
2002-03-12 10:23:14 EST,kai-uwe_maetzel@ch.ibm.com,Resolution,FIXED,---
2002-03-20 08:27:56 EST,Claude_Knaus@oti.com,Status,REOPENED,RESOLVED
2002-03-20 08:27:56 EST,Claude_Knaus@oti.com,Resolution,---,FIXED
2002-04-08 05:24:10 EDT,kai-uwe_maetzel@ch.ibm.com,Status,RESOLVED,REOPENED
2002-04-08 05:24:10 EDT,kai-uwe_maetzel@ch.ibm.com,Resolution,FIXED,---
