When, Who, What, Added, Removed
2002-05-01 17:26:02 EDT,Kevin_Haaland@ca.ibm.com,Status,ASSIGNED,NEW
2002-05-01 17:26:02 EDT,Kevin_Haaland@ca.ibm.com,Priority,P2,P3
2002-08-13 11:30:40 EDT,eduardo_pereira@ca.ibm.com,Summary,[View Mgmt] No mechanism to determine when a view is showing,No mechanism to determine when a view is showing
2002-09-03 12:33:58 EDT,Kevin_Haaland@ca.ibm.com,Severity,enhancement,normal
2002-09-03 16:38:06 EDT,eduardo_pereira@ca.ibm.com,Priority,P3,P2
2002-09-03 17:11:17 EDT,eduardo_pereira@ca.ibm.com,Assignee,Eduardo_Pereira@oti.com,Kevin_Haaland@oti.com
2002-09-03 17:11:17 EDT,eduardo_pereira@ca.ibm.com,Status,NEW,ASSIGNED
2002-09-05 16:29:09 EDT,eduardo_pereira@ca.ibm.com,Status,ASSIGNED,NEW
2002-09-06 14:43:27 EDT,Kevin_Haaland@ca.ibm.com,Assignee,Platform-UI-Inbox@eclipse.org,Eduardo_Pereira@oti.com
2002-09-06 14:43:27 EDT,Kevin_Haaland@ca.ibm.com,Status,NEW,ASSIGNED
2002-09-06 14:46:53 EDT,Kevin_Haaland@ca.ibm.com,Status,ASSIGNED,NEW
2003-04-11 12:24:59 EDT,eduardo_pereira@ca.ibm.com,Status,RESOLVED,ASSIGNED
2003-04-11 12:24:59 EDT,eduardo_pereira@ca.ibm.com,Resolution,FIXED,---
