When, Who, What, Added, Removed
2002-05-01 17:33:07 EDT,Kevin_Haaland@ca.ibm.com,Assignee,Nick_Edgar@oti.com,Kevin_Haaland@oti.com
2002-05-02 09:46:01 EDT,nick_edgar@ca.ibm.com,Status,RESOLVED,NEW
2002-05-02 09:46:01 EDT,nick_edgar@ca.ibm.com,Resolution,LATER,---
2002-08-09 12:54:45 EDT,Randy_Giffen@oti.com,Status,REOPENED,RESOLVED
2002-08-09 12:54:45 EDT,Randy_Giffen@oti.com,Keywords,investigate,
2002-08-09 12:54:45 EDT,Randy_Giffen@oti.com,Resolution,---,LATER
2002-08-09 12:54:45 EDT,Randy_Giffen@oti.com,Summary,[DND] Consider adopting JDT support classes for Drag and Drop,Consider adopting JDT support classes for Drag and Drop
2002-09-03 16:20:02 EDT,Tod_Creasey@ca.ibm.com,Assignee,Knut_Radloff@oti.com,Nick_Edgar@oti.com
2002-09-03 16:20:02 EDT,Tod_Creasey@ca.ibm.com,Status,NEW,REOPENED
2002-11-14 18:10:04 EST,hudsonr@us.ibm.com,CC,hudsonr@us.ibm.com,
2002-11-19 08:44:02 EST,asahata@jp.ibm.com,CC,asahata@us.ibm.com,
2002-12-09 16:09:32 EST,decandio@us.ibm.com,CC,decandio@us.ibm.com,
2003-04-03 11:58:48 EST,knut_radloff@us.ibm.com,Status,ASSIGNED,NEW
2003-04-03 11:58:48 EST,knut_radloff@us.ibm.com,Priority,P2,P3
2003-04-17 10:27:02 EDT,knut_radloff@us.ibm.com,CC,veronika_irvine@ca.ibm.com,
2003-04-17 12:05:33 EDT,ebordeau@us.ibm.com,CC,ebordeau@us.ibm.com,
2003-04-22 03:05:39 EDT,dirk_baeumer@ch.ibm.com,CC,dirk_baeumer@ch.ibm.com,
2003-09-02 17:13:21 EDT,knut_radloff@us.ibm.com,Assignee,nick_edgar@ca.ibm.com,knut_radloff@us.ibm.com
2003-09-02 17:13:21 EDT,knut_radloff@us.ibm.com,Status,NEW,ASSIGNED
2005-04-28 16:02:41 EDT,nick_edgar@ca.ibm.com,CC,nick_edgar@ca.ibm.com,
2005-04-28 16:02:41 EDT,nick_edgar@ca.ibm.com,Assignee,sxenos@ca.ibm.com,nick_edgar@ca.ibm.com
2005-04-28 17:20:26 EDT,nick_edgar@ca.ibm.com,Status,RESOLVED,NEW
2005-04-28 17:20:26 EDT,nick_edgar@ca.ibm.com,Resolution,FIXED,---
2005-04-28 17:20:26 EDT,nick_edgar@ca.ibm.com,Target Milestone,3.0,---
2005-06-28 05:35:09 EDT,daniel_megert@ch.ibm.com,Blocks,101993,
