When, Who, What, Added, Removed
2002-03-11 08:59:11 EST,erich_gamma@ch.ibm.com,Assignee,Martin_Aeschlimann@oti.com,Erich_Gamma@oti.com
2002-03-11 08:59:11 EST,erich_gamma@ch.ibm.com,Priority,P4,P3
2002-04-02 07:50:14 EST,aeschli@gmail.com,Status,ASSIGNED,NEW
2002-09-18 06:40:51 EDT,aeschli@gmail.com,Severity,enhancement,normal
2005-04-25 10:57:08 EDT,aeschli@gmail.com,Assignee,jdt-text-inbox@eclipse.org,martin_aeschlimann@ch.ibm.com
2005-04-25 10:57:08 EDT,aeschli@gmail.com,Status,NEW,ASSIGNED
2005-04-25 10:57:08 EDT,aeschli@gmail.com,Component,Text,UI
2005-04-25 11:02:02 EDT,daniel_megert@ch.ibm.com,Status,ASSIGNED,NEW
2006-03-14 03:28:35 EST,daniel_megert@ch.ibm.com,Summary,[hovering] Report protection in hover-help,Report protection in hover-help
2008-06-18 06:04:27 EDT,daniel_megert@ch.ibm.com,CC,daniel_megert@ch.ibm.com,
2008-06-18 06:04:27 EDT,daniel_megert@ch.ibm.com,Status,RESOLVED,ASSIGNED
2008-06-18 06:04:27 EDT,daniel_megert@ch.ibm.com,Resolution,FIXED,---
2008-06-18 06:04:27 EDT,daniel_megert@ch.ibm.com,Target Milestone,3.4,---
