When, Who, What, Added, Removed
2002-02-26 15:00:02 EST,darin.eclipse@gmail.com,Status,RESOLVED,NEW
2002-02-26 15:00:02 EST,darin.eclipse@gmail.com,Resolution,FIXED,---
2002-02-28 10:57:27 EST,darin.eclipse@gmail.com,Status,REOPENED,RESOLVED
2002-02-28 10:57:27 EST,darin.eclipse@gmail.com,Resolution,---,FIXED
2002-02-28 10:57:35 EST,darin.eclipse@gmail.com,Assignee,jared-eclipse@mn.rr.com,Darin_Wright@oti.com
2002-02-28 10:57:35 EST,darin.eclipse@gmail.com,Status,NEW,REOPENED
2002-02-28 10:57:40 EST,darin.eclipse@gmail.com,Status,ASSIGNED,NEW
2002-02-28 11:36:39 EST,jared_burns@us.ibm.com,Assignee,Darin_Wright@oti.com,jared-eclipse@mn.rr.com
2002-02-28 11:36:39 EST,jared_burns@us.ibm.com,Status,NEW,ASSIGNED
2002-02-28 11:36:52 EST,jared_burns@us.ibm.com,Status,RESOLVED,NEW
2002-02-28 11:36:52 EST,jared_burns@us.ibm.com,Resolution,FIXED,---
2002-02-28 11:39:25 EST,darin.eclipse@gmail.com,Status,VERIFIED,RESOLVED
