When, Who, What, Added, Removed
2002-02-25 10:00:39 EST,James_Moody@ca.ibm.com,Assignee,James_Moody@oti.com,Kevin_McGuire@oti.com
2002-02-25 19:22:50 EST,James_Moody@ca.ibm.com,Status,ASSIGNED,NEW
2002-03-27 09:07:10 EST,jean-michel_lemieux@ca.ibm.com,Assignee,jeff_brown@oti.com,James_Moody@oti.com
2002-03-27 09:07:10 EST,jean-michel_lemieux@ca.ibm.com,Status,NEW,ASSIGNED
2002-04-01 14:59:49 EST,jeff_brown@oti.com,Status,RESOLVED,NEW
2002-04-01 14:59:49 EST,jeff_brown@oti.com,Resolution,FIXED,---
2002-04-09 13:38:47 EDT,jean-michel_lemieux@ca.ibm.com,Target Milestone,2.0 M5,---
2002-04-09 14:40:05 EDT,James_Moody@ca.ibm.com,Status,VERIFIED,RESOLVED
