When, Who, What, Added, Removed
2002-02-28 08:42:43 EST,akiezun@gmail.com,Assignee,Adam_Kiezun@oti.com,Erich_Gamma@oti.com
2002-02-28 09:11:49 EST,akiezun@gmail.com,Status,RESOLVED,NEW
2002-02-28 09:11:49 EST,akiezun@gmail.com,Resolution,WORKSFORME,---
2002-03-25 13:47:44 EST,James_Moody@ca.ibm.com,Status,REOPENED,RESOLVED
2002-03-25 13:47:44 EST,James_Moody@ca.ibm.com,Resolution,---,WORKSFORME
2002-03-26 04:38:23 EST,akiezun@gmail.com,Status,ASSIGNED,REOPENED
2002-03-26 04:38:23 EST,akiezun@gmail.com,Priority,P2,P3
2002-03-26 04:38:23 EST,akiezun@gmail.com,Version,2.0,1.0
2002-03-26 05:39:36 EST,akiezun@gmail.com,Status,RESOLVED,ASSIGNED
2002-03-26 05:39:36 EST,akiezun@gmail.com,Resolution,FIXED,---
