When, Who, What, Added, Removed
2002-02-25 09:38:23 EST,eyasser@ca.ibm.com,Status,RESOLVED,NEW
2002-02-25 09:38:23 EST,eyasser@ca.ibm.com,Resolution,FIXED,---
2002-02-25 09:38:23 EST,eyasser@ca.ibm.com,Summary,Autoconf: Advanced cretae/upfdate all automake files action is disabled when the project has no sub-directories,Autoconf: Advanced cretae/upfdate all automake files action is disabled when the project has no sub-directories
2002-02-26 10:53:45 EST,eyasser@ca.ibm.com,Summary,Autoconf: Advanced create/update all automake files action is disabled when the project has no sub-directories,Autoconf: Advanced cretae/upfdate all automake files action is disabled when the project has no sub-directories
2002-02-26 11:01:03 EST,turnham@ca.ibm.com,Status,REOPENED,RESOLVED
2002-02-26 11:01:03 EST,turnham@ca.ibm.com,Resolution,---,FIXED
2002-02-26 11:20:15 EST,eyasser@ca.ibm.com,Assignee,eyasser@ca.ibm.com,turnham@ca.ibm.com
2002-02-26 11:20:15 EST,eyasser@ca.ibm.com,Status,NEW,REOPENED
2002-02-26 11:20:34 EST,eyasser@ca.ibm.com,Status,RESOLVED,NEW
2002-02-26 11:20:34 EST,eyasser@ca.ibm.com,Resolution,FIXED,---
2003-09-10 09:04:52 EDT,sebastien@qnx.com,Status,CLOSED,RESOLVED
2009-01-09 14:10:19 EST,dschaefer@qnx.com,Component,cdt-other,deprecated4
