When, Who, What, Added, Removed
2002-03-07 08:56:03 EST,david_audel@fr.ibm.com,CC,John_Arthorne@oti.com,
2002-03-11 08:57:42 EST,erich_gamma@ch.ibm.com,Assignee,Kai-Uwe_Maetzel@oti.com,Erich_Gamma@oti.com
2002-03-11 08:57:42 EST,erich_gamma@ch.ibm.com,Priority,P2,P3
2002-04-29 16:43:15 EDT,aeschli@gmail.com,CC,m.moebius@gmx.de,
2002-05-01 08:15:58 EDT,aeschli@gmail.com,CC,James_Moody@oti.com,
2002-05-01 08:17:03 EDT,aeschli@gmail.com,CC,Daniel_Megert@oti.com,
2002-05-01 08:17:26 EDT,aeschli@gmail.com,CC,Dirk_Baeumer@oti.com,
2002-05-03 05:43:11 EDT,kai-uwe_maetzel@ch.ibm.com,Status,RESOLVED,NEW
2002-05-03 05:43:11 EDT,kai-uwe_maetzel@ch.ibm.com,Resolution,FIXED,---
2002-05-03 05:43:11 EDT,kai-uwe_maetzel@ch.ibm.com,Target Milestone,2.0 M6,---
