When, Who, What, Added, Removed
2002-02-28 08:54:23 EST,akiezun@gmail.com,Assignee,Adam_Kiezun@oti.com,Erich_Gamma@oti.com
2002-02-28 09:09:53 EST,akiezun@gmail.com,Priority,P4,P3
2002-03-21 04:50:44 EST,akiezun@gmail.com,Status,ASSIGNED,NEW
2002-04-04 03:39:24 EST,akiezun@gmail.com,Status,RESOLVED,ASSIGNED
2002-04-04 03:39:24 EST,akiezun@gmail.com,Resolution,LATER,---
2002-04-16 08:01:38 EDT,akiezun@gmail.com,CC,jeff_brown@oti.com,
2002-04-16 09:56:36 EDT,akiezun@gmail.com,CC,Claude_Knaus@oti.com,
2002-04-16 09:56:57 EDT,akiezun@gmail.com,Status,REOPENED,RESOLVED
2002-04-16 09:56:57 EDT,akiezun@gmail.com,Resolution,---,LATER
2002-04-25 13:19:25 EDT,akiezun@gmail.com,Status,RESOLVED,REOPENED
2002-04-25 13:19:25 EDT,akiezun@gmail.com,Resolution,FIXED,---
