When, Who, What, Added, Removed
2002-02-27 11:09:55 EST,darin.eclipse@gmail.com,Target Milestone,2.0 M6,---
2002-03-13 09:53:36 EST,darin.eclipse@gmail.com,Assignee,jared-eclipse@mn.rr.com,Darin_Wright@oti.com
2002-03-13 09:53:42 EST,darin.eclipse@gmail.com,Status,ASSIGNED,NEW
2002-03-18 09:31:33 EST,jared_burns@us.ibm.com,Assignee,Darin_Wright@oti.com,jared-eclipse@mn.rr.com
2002-03-18 09:31:33 EST,jared_burns@us.ibm.com,Status,NEW,ASSIGNED
2002-03-18 09:31:45 EST,jared_burns@us.ibm.com,Status,RESOLVED,NEW
2002-03-18 09:31:45 EST,jared_burns@us.ibm.com,Resolution,FIXED,---
2002-03-18 10:38:45 EST,darin.eclipse@gmail.com,Status,REOPENED,RESOLVED
2002-03-18 10:38:45 EST,darin.eclipse@gmail.com,Resolution,---,FIXED
2002-03-18 10:39:15 EST,darin.eclipse@gmail.com,Assignee,jared-eclipse@mn.rr.com,Darin_Wright@oti.com
2002-03-18 10:39:15 EST,darin.eclipse@gmail.com,Status,NEW,REOPENED
2002-03-18 10:39:26 EST,darin.eclipse@gmail.com,Status,ASSIGNED,NEW
2002-03-18 10:45:18 EST,jared_burns@us.ibm.com,Assignee,Darin_Wright@oti.com,jared-eclipse@mn.rr.com
2002-03-18 10:45:18 EST,jared_burns@us.ibm.com,Status,NEW,ASSIGNED
2002-03-18 10:45:30 EST,jared_burns@us.ibm.com,Status,RESOLVED,NEW
2002-03-18 10:45:30 EST,jared_burns@us.ibm.com,Resolution,FIXED,---
2002-03-18 10:58:57 EST,darin.eclipse@gmail.com,Status,VERIFIED,RESOLVED
