When, Who, What, Added, Removed
2002-02-26 13:18:30 EST,dmcknigh@ca.ibm.com,Assignee,turnham@ca.ibm.com,dmcknigh@ca.ibm.com
2002-02-27 15:19:49 EST,turnham@ca.ibm.com,Target Milestone,1.0 - Release,---
2002-03-19 15:55:59 EST,turnham@ca.ibm.com,Severity,major,normal
2002-03-25 10:40:44 EST,turnham@ca.ibm.com,Status,RESOLVED,NEW
2002-03-25 10:40:44 EST,turnham@ca.ibm.com,Resolution,FIXED,---
2002-03-25 10:40:57 EST,turnham@ca.ibm.com,Status,CLOSED,RESOLVED
2009-01-09 14:09:11 EST,dschaefer@qnx.com,Component,cdt-other,deprecated4
