When, Who, What, Added, Removed
2002-02-28 08:55:12 EST,akiezun@gmail.com,Assignee,Adam_Kiezun@oti.com,Erich_Gamma@oti.com
2002-02-28 09:09:30 EST,akiezun@gmail.com,Priority,P2,P3
2002-03-07 11:00:33 EST,akiezun@gmail.com,Status,ASSIGNED,NEW
2002-03-07 11:00:33 EST,akiezun@gmail.com,Target Milestone,2.0 M5,---
2002-03-12 10:26:12 EST,akiezun@gmail.com,Status,RESOLVED,ASSIGNED
2002-03-12 10:26:12 EST,akiezun@gmail.com,Resolution,FIXED,---
2002-03-12 12:59:42 EST,akiezun@gmail.com,CC,Nick_Edgar@oti.com,
