When, Who, What, Added, Removed
2002-02-26 13:46:22 EST,enriquev@ca.ibm.com,Severity,major,normal
2002-02-27 11:54:34 EST,dmcknigh@ca.ibm.com,Assignee,turnham@ca.ibm.com,dmcknigh@ca.ibm.com
2002-02-27 15:20:04 EST,turnham@ca.ibm.com,Severity,blocker,major
2002-02-27 15:20:04 EST,turnham@ca.ibm.com,Target Milestone,1.0 - Release,---
2002-02-28 15:20:23 EST,turnham@ca.ibm.com,Status,RESOLVED,NEW
2002-02-28 15:20:23 EST,turnham@ca.ibm.com,Resolution,FIXED,---
2002-03-13 16:29:04 EST,turnham@ca.ibm.com,Status,CLOSED,RESOLVED
