When, Who, What, Added, Removed
2002-02-25 14:54:59 EST,Darin_Swanson@us.ibm.com,Status,ASSIGNED,NEW
2002-02-25 15:26:37 EST,Darin_Swanson@us.ibm.com,Assignee,jared-eclipse@mn.rr.com,Darin_Swanson@oti.com
2002-02-25 15:26:37 EST,Darin_Swanson@us.ibm.com,Status,NEW,ASSIGNED
2002-02-25 15:26:49 EST,Darin_Swanson@us.ibm.com,Status,RESOLVED,NEW
2002-02-25 15:26:49 EST,Darin_Swanson@us.ibm.com,Resolution,FIXED,---
2002-02-25 15:46:04 EST,Darin_Swanson@us.ibm.com,CC,Joe_Szurszewski@oti.com,
2002-02-26 17:37:22 EST,jared_burns@us.ibm.com,Status,VERIFIED,RESOLVED
