When, Who, What, Added, Removed
2002-02-28 11:27:41 EST,darin.eclipse@gmail.com,Priority,P2,P3
2002-02-28 11:27:41 EST,darin.eclipse@gmail.com,Target Milestone,2.0 M6,---
2002-03-04 11:08:55 EST,darin.eclipse@gmail.com,Status,ASSIGNED,NEW
2002-03-11 12:48:20 EST,darin.eclipse@gmail.com,Assignee,jared-eclipse@mn.rr.com,Darin_Wright@oti.com
2002-03-11 12:48:20 EST,darin.eclipse@gmail.com,Status,NEW,ASSIGNED
2002-03-11 12:48:27 EST,darin.eclipse@gmail.com,Status,RESOLVED,NEW
2002-03-11 12:48:27 EST,darin.eclipse@gmail.com,Resolution,FIXED,---
2002-03-12 08:40:31 EST,jared_burns@us.ibm.com,Status,VERIFIED,RESOLVED
