When, Who, What, Added, Removed
2002-02-25 17:05:23 EST,philippe_mulet@fr.ibm.com,Assignee,Jerome_Lanneluc@oti.com,Philippe_Mulet@oti.com
2002-02-25 17:32:23 EST,jerome_lanneluc@fr.ibm.com,Status,ASSIGNED,NEW
2002-03-11 12:26:14 EST,jerome_lanneluc@fr.ibm.com,Status,RESOLVED,ASSIGNED
2002-03-11 12:26:14 EST,jerome_lanneluc@fr.ibm.com,Resolution,FIXED,---
2002-03-11 12:26:40 EST,jerome_lanneluc@fr.ibm.com,Target Milestone,2.0 M6,---
2002-03-11 12:26:54 EST,jerome_lanneluc@fr.ibm.com,Target Milestone,2.0 M4,2.0 M6
