When, Who, What, Added, Removed
2002-02-25 16:39:18 EST,john_arthorne@ca.ibm.com,Keywords,accessibility, performance,
2002-03-11 08:57:07 EST,erich_gamma@ch.ibm.com,CC,nick_edgar@oti.com,
2002-03-11 08:57:07 EST,erich_gamma@ch.ibm.com,Assignee,Kevin_Haaland@oti.com,Erich_Gamma@oti.com
2002-03-11 08:57:07 EST,erich_gamma@ch.ibm.com,Product,Platform,JDT
2002-03-11 15:57:15 EST,nick_edgar@ca.ibm.com,Assignee,Eduardo_Pereira@oti.com,Kevin_Haaland@oti.com
2002-03-14 11:54:40 EST,Tod_Creasey@ca.ibm.com,Keywords,usability,accessibility
2002-05-30 17:41:59 EDT,eduardo_pereira@ca.ibm.com,Assignee,Erich_Gamma@oti.com,Eduardo_Pereira@oti.com
2002-05-30 17:41:59 EDT,eduardo_pereira@ca.ibm.com,Product,JDT,Platform
2002-08-05 12:11:39 EDT,dirk_baeumer@ch.ibm.com,Assignee,Kai-Uwe_Maetzel@oti.com,Erich_Gamma@oti.com
2002-08-20 11:49:59 EDT,kai-uwe_maetzel@ch.ibm.com,Component,Text,UI
2002-09-12 05:59:45 EDT,kai-uwe_maetzel@ch.ibm.com,CC,Adam_Kiezun@oti.com,
2002-09-12 13:16:57 EDT,kai-uwe_maetzel@ch.ibm.com,Assignee,jdt-text-inbox@eclipse.org,Kai-Uwe_Maetzel@oti.com
2002-09-12 13:22:23 EDT,kai-uwe_maetzel@ch.ibm.com,Status,ASSIGNED,NEW
2002-12-11 11:06:24 EST,kai-uwe_maetzel@ch.ibm.com,Status,RESOLVED,ASSIGNED
2002-12-11 11:06:24 EST,kai-uwe_maetzel@ch.ibm.com,Resolution,FIXED,---
2002-12-11 11:06:24 EST,kai-uwe_maetzel@ch.ibm.com,Target Milestone,2.1 M4,---
