When, Who, What, Added, Removed
2002-02-25 16:39:10 EST,snorthov@ca.ibm.com,Depends on,6867,
2002-02-27 06:21:25 EST,erich_gamma@ch.ibm.com,Assignee,Philippe_Mulet@oti.com,Erich_Gamma@oti.com
2002-02-27 06:21:25 EST,erich_gamma@ch.ibm.com,Component,Core,UI
2002-02-27 13:51:22 EST,nick_edgar@ca.ibm.com,CC,erich_gamma@oti.com,
2002-02-28 10:29:56 EST,philippe_mulet@fr.ibm.com,Assignee,Erich_Gamma@oti.com,Philippe_Mulet@oti.com
2002-02-28 10:29:56 EST,philippe_mulet@fr.ibm.com,Component,UI,Core
2002-02-28 10:29:56 EST,usc@innuendo.de,CC,usc@innuendo.de,
2002-08-05 12:12:16 EDT,dirk_baeumer@ch.ibm.com,Summary,Filesystem is accessed too often [general issue],Filesystem is accessed too often
2002-09-12 09:31:33 EDT,dirk_baeumer@ch.ibm.com,Assignee,jdt-ui-inbox@eclipse.org,Erich_Gamma@oti.com
2002-09-12 10:10:10 EDT,dirk_baeumer@ch.ibm.com,Status,ASSIGNED,NEW
2003-02-19 05:15:20 EST,erich_gamma@ch.ibm.com,Status,RESOLVED,ASSIGNED
2003-02-19 05:15:20 EST,erich_gamma@ch.ibm.com,Resolution,FIXED,---
2003-07-25 04:44:50 EDT,eclipse@genady.org,CC,eclipse@genady.org,
