When, Who, What, Added, Removed
2002-02-25 16:53:58 EST,darin.eclipse@gmail.com,Priority,P1,P3
2002-02-25 16:53:58 EST,darin.eclipse@gmail.com,Target Milestone,2.0 M4,---
2002-02-26 11:03:46 EST,jared_burns@us.ibm.com,Assignee,jared-eclipse@mn.rr.com,Darin_Wright@oti.com
2002-02-26 11:17:10 EST,jared_burns@us.ibm.com,Assignee,Darin_Wright@oti.com,jared-eclipse@mn.rr.com
2002-02-26 11:18:02 EST,jared_burns@us.ibm.com,Status,RESOLVED,NEW
2002-02-26 11:18:02 EST,jared_burns@us.ibm.com,Resolution,FIXED,---
2002-02-27 14:42:45 EST,darin.eclipse@gmail.com,Status,VERIFIED,RESOLVED
