When, Who, What, Added, Removed
2002-03-02 16:42:56 EST,dmcknigh@ca.ibm.com,Status,RESOLVED,NEW
2002-03-02 16:42:56 EST,dmcknigh@ca.ibm.com,Resolution,FIXED,---
2002-03-26 12:12:25 EST,enriquev@ca.ibm.com,Status,REOPENED,RESOLVED
2002-03-26 12:12:25 EST,enriquev@ca.ibm.com,Priority,P2,P3
2002-03-26 12:12:25 EST,enriquev@ca.ibm.com,Resolution,---,FIXED
2002-03-26 19:20:37 EST,dmcknigh@ca.ibm.com,Status,RESOLVED,REOPENED
2002-03-26 19:20:37 EST,dmcknigh@ca.ibm.com,Resolution,FIXED,---
2002-04-03 17:26:26 EST,enriquev@ca.ibm.com,CC,turnham@ca.ibm.com,
2002-04-03 17:26:26 EST,enriquev@ca.ibm.com,Status,REOPENED,RESOLVED
2002-04-03 17:26:26 EST,enriquev@ca.ibm.com,Resolution,---,FIXED
2002-04-03 17:26:26 EST,enriquev@ca.ibm.com,Version,2.0,1.0
2002-05-14 16:27:17 EDT,dmcknigh@ca.ibm.com,Target Milestone,2.0 - Release,---
2002-05-29 17:17:14 EDT,dmcknigh@ca.ibm.com,Status,RESOLVED,REOPENED
2002-05-29 17:17:14 EDT,dmcknigh@ca.ibm.com,Resolution,FIXED,---
2003-10-16 16:35:16 EDT,khapitas@ca.ibm.com,Target Milestone,---,2.0 - Release
2009-01-09 14:08:06 EST,dschaefer@qnx.com,Component,cdt-other,deprecated4
