When, Who, What, Added, Removed
2002-02-26 09:35:43 EST,jean-michel_lemieux@ca.ibm.com,CC,Jean-Michel_Lemieux@oti.com,
2002-02-26 09:35:43 EST,jean-michel_lemieux@ca.ibm.com,Assignee,Andre_Weinand@oti.com,Kevin_McGuire@oti.com
2002-03-07 11:22:09 EST,andre_weinand@ch.ibm.com,Status,ASSIGNED,NEW
2002-03-07 11:22:09 EST,andre_weinand@ch.ibm.com,Component,Compare,VCM
2002-04-11 02:43:20 EDT,erich_gamma@ch.ibm.com,CC,Philippe_Mulet@oti.com,
2002-05-28 08:07:52 EDT,andre_weinand@ch.ibm.com,CC,Greg_Adams@oti.com,
2002-06-07 12:23:04 EDT,andre_weinand@ch.ibm.com,CC,dean_roberts@oti.com,
2003-02-12 16:23:00 EST,nick_edgar@ca.ibm.com,CC,andre_weinand@ch.ibm.com, Kevin_McGuire@oti.com,
2003-02-12 16:23:00 EST,nick_edgar@ca.ibm.com,Assignee,Simon_Arsenault@oti.com,andre_weinand@ch.ibm.com
2003-02-12 16:23:00 EST,nick_edgar@ca.ibm.com,Status,NEW,ASSIGNED
2003-02-12 16:23:00 EST,nick_edgar@ca.ibm.com,Keywords,usability,
2003-02-12 16:23:00 EST,nick_edgar@ca.ibm.com,Target Milestone,2.1 RC1,---
2003-02-15 18:40:30 EST,andre_weinand@ch.ibm.com,Component,VCM,Compare
2003-02-16 21:38:48 EST,nick_edgar@ca.ibm.com,Component,UI,VCM
2003-02-18 13:29:48 EST,simon_arsenault@ca.ibm.com,Status,ASSIGNED,NEW
2003-02-19 15:40:33 EST,simon_arsenault@ca.ibm.com,Status,RESOLVED,ASSIGNED
2003-02-19 15:40:33 EST,simon_arsenault@ca.ibm.com,Resolution,FIXED,---
2003-10-20 17:27:46 EDT,for.work.things@gmail.com,CC,amywu@us.ibm.com,
