When, Who, What, Added, Removed
2002-02-25 21:09:49 EST,nick_edgar@ca.ibm.com,OS,Windows XP,Windows 2000
2002-02-27 11:54:46 EST,Kevin_McGuire@ca.ibm.com,Assignee,Jean-Michel_Lemieux@oti.com,Kevin_McGuire@oti.com
2002-02-27 11:54:46 EST,Kevin_McGuire@ca.ibm.com,Severity,major,normal
2002-02-27 11:54:46 EST,Kevin_McGuire@ca.ibm.com,Priority,P1,P3
2002-02-27 13:37:35 EST,Kevin_McGuire@ca.ibm.com,Target Milestone,2.0 M4,---
2002-03-05 22:07:55 EST,Kevin_McGuire@ca.ibm.com,Assignee,Michael_Valenta@oti.com,Jean-Michel_Lemieux@oti.com
2002-03-19 17:14:44 EST,Kevin_McGuire@ca.ibm.com,Target Milestone,2.0 M5,2.0 M4
2002-03-27 12:38:16 EST,Michael_Valenta@ca.ibm.com,CC,Michael_Valenta@oti.com,
2002-03-27 12:38:16 EST,Michael_Valenta@ca.ibm.com,Assignee,jeff_brown@oti.com,Michael_Valenta@oti.com
2002-04-01 21:49:18 EST,Michael_Valenta@ca.ibm.com,CC,Lynne_Kues@oti.com,
2002-04-08 16:52:40 EDT,jeff_brown@oti.com,Status,RESOLVED,NEW
2002-04-08 16:52:40 EDT,jeff_brown@oti.com,Resolution,FIXED,---
