When, Who, What, Added, Removed
2002-03-08 06:58:05 EST,erich_gamma@ch.ibm.com,Assignee,Claude_Knaus@oti.com,Erich_Gamma@oti.com
2002-03-08 06:58:05 EST,erich_gamma@ch.ibm.com,Priority,P2,P3
2002-03-08 08:45:08 EST,Claude_Knaus@oti.com,Status,ASSIGNED,NEW
2002-03-19 06:09:55 EST,Claude_Knaus@oti.com,Status,RESOLVED,ASSIGNED
2002-03-19 06:09:55 EST,Claude_Knaus@oti.com,Resolution,FIXED,---
2002-03-19 06:09:55 EST,Claude_Knaus@oti.com,Target Milestone,2.0 M5,---
2002-03-20 09:21:51 EST,aeschli@gmail.com,Status,VERIFIED,RESOLVED
