When, Who, What, Added, Removed
2002-02-27 13:06:32 EST,akiezun@gmail.com,Assignee,Dirk_Baeumer@oti.com,Erich_Gamma@oti.com
2002-02-27 13:06:32 EST,akiezun@gmail.com,Summary,Cannot extract method if message send is used on lhs of assignment,Cannot extract method with a if statement
2002-03-11 11:18:49 EST,dirk_baeumer@ch.ibm.com,Depends on,14217,
2002-05-03 09:10:11 EDT,dirk_baeumer@ch.ibm.com,Status,RESOLVED,NEW
2002-05-03 09:10:11 EDT,dirk_baeumer@ch.ibm.com,Resolution,FIXED,---
2002-05-03 09:10:11 EDT,dirk_baeumer@ch.ibm.com,Target Milestone,2.0 M6,---
