When, Who, What, Added, Removed
2002-02-26 11:28:14 EST,Darin_Swanson@us.ibm.com,Assignee,Darin_Swanson@oti.com,Darin_Wright@oti.com
2002-02-26 11:28:14 EST,Darin_Swanson@us.ibm.com,Priority,P1,P3
2002-02-26 11:28:14 EST,Darin_Swanson@us.ibm.com,Target Milestone,2.0 M4,---
2002-02-26 11:28:23 EST,Darin_Swanson@us.ibm.com,Status,ASSIGNED,NEW
2002-02-26 15:26:15 EST,Darin_Swanson@us.ibm.com,Assignee,jared-eclipse@mn.rr.com,Darin_Swanson@oti.com
2002-02-26 15:26:15 EST,Darin_Swanson@us.ibm.com,Status,NEW,ASSIGNED
2002-02-26 15:26:29 EST,Darin_Swanson@us.ibm.com,Status,RESOLVED,NEW
2002-02-26 15:26:29 EST,Darin_Swanson@us.ibm.com,Resolution,FIXED,---
2002-02-28 10:44:44 EST,jared_burns@us.ibm.com,Status,VERIFIED,RESOLVED
