When, Who, What, Added, Removed
2002-02-27 15:20:16 EST,turnham@ca.ibm.com,Target Milestone,1.0 - 20020308,---
2002-02-28 10:47:54 EST,turnham@ca.ibm.com,Assignee,dmcknigh@ca.ibm.com,turnham@ca.ibm.com
2002-02-28 13:16:36 EST,dmcknigh@ca.ibm.com,Status,RESOLVED,NEW
2002-02-28 13:16:36 EST,dmcknigh@ca.ibm.com,Resolution,FIXED,---
2003-06-25 19:28:41 EDT,sebastien@qnx.com,Status,CLOSED,RESOLVED
2003-06-25 19:28:41 EDT,sebastien@qnx.com,Target Milestone,1.0 - Release,1.0 - 20020308
2009-01-12 09:19:51 EST,dschaefer@qnx.com,Component,cdt-other,deprecated6
