When, Who, What, Added, Removed
2002-02-26 18:54:49 EST,john_arthorne@ca.ibm.com,Status,RESOLVED,NEW
2002-02-26 18:54:49 EST,john_arthorne@ca.ibm.com,Resolution,WONTFIX,---
2002-02-26 18:54:49 EST,paulacox@us.ibm.com,CC,paulacox@us.ibm.com,
2002-03-01 09:22:20 EST,lkeeling@ca.ibm.com,Status,REOPENED,RESOLVED
2002-03-01 09:22:20 EST,lkeeling@ca.ibm.com,Resolution,---,WONTFIX
2002-03-05 10:59:41 EST,manahan@ca.ibm.com,CC,manahan@ca.ibm.com,
2002-03-05 10:59:41 EST,jose@beleta.net,CC,beleta@adbraintage.com,
2002-03-07 11:20:49 EST,john_arthorne@ca.ibm.com,CC,danberg@us.ibm.com,
2002-03-07 14:54:40 EST,mle@neze.de,CC,mle@neze.de,
2002-04-03 04:30:51 EST,akeenley@ca.ibm.com,CC,akeenley@ca.ibm.com,
2002-04-03 04:30:51 EST,gkarasiuk@gmail.com,CC,karasiuk@ca.ibm.com,
2002-04-03 04:30:51 EST,steve.dieke@fiserv.com,CC,steve.dieke@fiserv.com,
2002-06-27 14:03:59 EDT,bob@objfac.com,CC,bob@objfac.com,
2002-06-28 08:23:26 EDT,amanji@ca.ibm.com,CC,amanji@ca.ibm.com,
2002-07-11 10:00:58 EDT,mccull1@us.ibm.com,CC,mccull1@us.ibm.com,
2002-07-11 10:00:58 EDT,kirkd@us.ibm.com,CC,kirkd@us.ibm.com,
2002-07-11 10:00:58 EDT,jon_eschinger@us.ibm.com,CC,jon_eschinger@oti.com,
2002-09-11 17:19:32 EDT,dj_houghton@ca.ibm.com,Assignee,platform-core-inbox@eclipse.org,DJ_Houghton@oti.com
2002-09-11 17:19:32 EDT,dj_houghton@ca.ibm.com,Status,NEW,REOPENED
2002-09-11 17:19:38 EDT,dj_houghton@ca.ibm.com,Status,ASSIGNED,NEW
2002-09-18 10:35:39 EDT,john_arthorne@ca.ibm.com,CC,andreas.krueger@alldata.de,
2002-09-18 11:15:02 EDT,philippe_mulet@fr.ibm.com,CC,philippe_mulet@oti.com,
2002-10-02 05:12:22 EDT,jim_des_rivieres@ca.ibm.com,CC,jim_des_rivieres@oti.com,
2002-10-03 13:09:36 EDT,turnham@ca.ibm.com,CC,turnham@ca.ibm.com,
2003-01-21 17:02:26 EST,dj_houghton@ca.ibm.com,Assignee,jdt-core-inbox@eclipse.org,platform-core-inbox@eclipse.org
2003-01-21 17:02:26 EST,dj_houghton@ca.ibm.com,Status,NEW,ASSIGNED
2003-01-21 17:02:26 EST,dj_houghton@ca.ibm.com,Product,JDT,Platform
2003-01-22 07:22:42 EST,philippe_mulet@fr.ibm.com,Assignee,kent_johnson@ca.ibm.com,jdt-core-inbox@eclipse.org
2003-01-22 07:22:42 EST,philippe_mulet@fr.ibm.com,Target Milestone,2.1 M5,---
2003-01-22 12:38:48 EST,philippe_mulet@fr.ibm.com,Priority,P2,P1
2003-01-28 09:48:40 EST,philippe_mulet@fr.ibm.com,Assignee,platform-core-inbox@eclipse.org,kent_johnson@ca.ibm.com
2003-01-28 09:48:40 EST,philippe_mulet@fr.ibm.com,Product,Platform,JDT
2003-01-29 09:59:50 EST,john_arthorne@ca.ibm.com,Assignee,john_arthorne@ca.ibm.com,platform-core-inbox@eclipse.org
2003-01-29 10:42:58 EST,dj_houghton@ca.ibm.com,CC,dj_houghton@ca.ibm.com,
2003-02-05 15:42:39 EST,john_arthorne@ca.ibm.com,Status,RESOLVED,NEW
2003-02-05 15:42:39 EST,john_arthorne@ca.ibm.com,Resolution,FIXED,---
2003-02-05 15:42:39 EST,john_arthorne@ca.ibm.com,Version,2.1,1.0
