When, Who, What, Added, Removed
2002-02-26 13:09:15 EST,Mike_Wilson@ca.ibm.com,Assignee,Lynne_Kues@oti.com,Mike_Wilson@oti.com
2002-02-26 13:32:13 EST,lynne_kues@us.ibm.com,Assignee,Knut_Radloff@oti.com,Lynne_Kues@oti.com
2002-02-28 15:02:06 EST,Mike_Wilson@ca.ibm.com,CC,Steve_Northover@oti.com,
2002-04-19 16:59:05 EDT,knut_radloff@us.ibm.com,Status,ASSIGNED,NEW
2002-04-22 10:02:04 EDT,knut_radloff@us.ibm.com,CC,lynne_kues@oti.com,
2002-04-22 13:55:47 EDT,lynne_kues@us.ibm.com,Depends on,14350,
2002-05-03 08:14:57 EDT,lynne_kues@us.ibm.com,Status,RESOLVED,ASSIGNED
2002-05-03 08:14:57 EDT,lynne_kues@us.ibm.com,Resolution,FIXED,---
2002-05-03 08:14:57 EDT,lynne_kues@us.ibm.com,Target Milestone,2.0 M6,---
