When, Who, What, Added, Removed
2002-02-27 12:18:17 EST,akiezun@gmail.com,Status,RESOLVED,NEW
2002-02-27 12:18:17 EST,akiezun@gmail.com,Resolution,DUPLICATE,---
2002-03-04 03:41:00 EST,Claude_Knaus@oti.com,Status,REOPENED,RESOLVED
2002-03-04 03:41:00 EST,Claude_Knaus@oti.com,Resolution,---,DUPLICATE
2002-03-11 10:12:56 EST,Claude_Knaus@oti.com,Status,RESOLVED,REOPENED
2002-03-11 10:12:56 EST,Claude_Knaus@oti.com,Resolution,FIXED,---
2002-03-11 10:12:56 EST,Claude_Knaus@oti.com,Target Milestone,2.0 M4,---
2002-03-20 09:50:05 EST,aeschli@gmail.com,Status,REOPENED,RESOLVED
2002-03-20 09:50:05 EST,aeschli@gmail.com,Resolution,---,FIXED
2002-03-20 10:15:35 EST,Claude_Knaus@oti.com,Status,RESOLVED,REOPENED
2002-03-20 10:15:35 EST,Claude_Knaus@oti.com,Resolution,FIXED,---
