When, Who, What, Added, Removed
2002-02-26 12:43:15 EST,turnham@ca.ibm.com,Assignee,dmcknigh@ca.ibm.com,turnham@ca.ibm.com
2002-02-26 13:16:11 EST,dmcknigh@ca.ibm.com,Status,RESOLVED,NEW
2002-02-26 13:16:11 EST,dmcknigh@ca.ibm.com,Resolution,FIXED,---
2002-03-19 16:39:14 EST,chanskw@ca.ibm.com,Status,REOPENED,RESOLVED
2002-03-19 16:39:14 EST,chanskw@ca.ibm.com,Resolution,---,FIXED
2002-03-21 09:58:35 EST,dmcknigh@ca.ibm.com,Status,RESOLVED,REOPENED
2002-03-21 09:58:35 EST,dmcknigh@ca.ibm.com,Resolution,FIXED,---
2009-01-09 14:08:07 EST,dschaefer@qnx.com,Component,cdt-other,deprecated4
