When, Who, What, Added, Removed
2002-02-26 12:49:20 EST,darin.eclipse@gmail.com,Target Milestone,2.0 M6,---
2002-02-26 13:02:54 EST,darin.eclipse@gmail.com,Assignee,Darin_Swanson@oti.com,Darin_Wright@oti.com
2002-02-26 13:02:58 EST,darin.eclipse@gmail.com,Status,ASSIGNED,NEW
2002-02-28 12:52:34 EST,darin.eclipse@gmail.com,CC,Darin_Swanson@oti.com,
2002-03-11 11:27:42 EST,Darin_Swanson@us.ibm.com,Depends on,11116,
2002-04-04 21:53:58 EST,Darin_Swanson@us.ibm.com,Assignee,Darin_Wright@oti.com,Darin_Swanson@oti.com
2002-04-04 21:53:58 EST,Darin_Swanson@us.ibm.com,Status,NEW,ASSIGNED
2002-04-04 21:54:12 EST,Darin_Swanson@us.ibm.com,Status,RESOLVED,NEW
2002-04-04 21:54:12 EST,Darin_Swanson@us.ibm.com,Resolution,FIXED,---
2002-04-08 17:34:03 EDT,darin.eclipse@gmail.com,Status,VERIFIED,RESOLVED
