When, Who, What, Added, Removed
2002-02-27 15:20:31 EST,turnham@ca.ibm.com,Summary,"includes/included by" after a rename,"includes/included by" after a rename
2002-02-27 15:20:31 EST,turnham@ca.ibm.com,Target Milestone,1.0 - Release,---
2002-03-19 15:52:47 EST,turnham@ca.ibm.com,Severity,major,normal
2002-03-25 00:15:50 EST,turnham@ca.ibm.com,Status,RESOLVED,NEW
2002-03-25 00:15:50 EST,turnham@ca.ibm.com,Resolution,FIXED,---
2002-03-25 00:16:02 EST,turnham@ca.ibm.com,Status,CLOSED,RESOLVED
2002-03-26 17:15:49 EST,enriquev@ca.ibm.com,Status,REOPENED,CLOSED
2002-03-26 17:15:49 EST,enriquev@ca.ibm.com,Resolution,---,FIXED
2002-05-01 15:32:49 EDT,turnham@ca.ibm.com,Target Milestone,2.0 - Release,1.0 - Release
2002-05-28 13:18:20 EDT,turnham@ca.ibm.com,Status,RESOLVED,REOPENED
2002-05-28 13:18:20 EDT,turnham@ca.ibm.com,Resolution,FIXED,---
2002-05-28 13:18:31 EDT,turnham@ca.ibm.com,Status,CLOSED,RESOLVED
2009-01-09 14:09:13 EST,dschaefer@qnx.com,Component,cdt-other,deprecated4
