When, Who, What, Added, Removed
2002-03-07 23:06:33 EST,Kevin_Haaland@ca.ibm.com,Assignee,Nick_Edgar@oti.com,Kevin_Haaland@oti.com
2002-03-07 23:06:33 EST,Kevin_Haaland@ca.ibm.com,Severity,normal,enhancement
2002-03-07 23:06:33 EST,Kevin_Haaland@ca.ibm.com,Priority,P2,P3
2002-03-11 15:45:52 EST,nick_edgar@ca.ibm.com,Assignee,Randy_Giffen@oti.com,Nick_Edgar@oti.com
2002-03-11 15:45:52 EST,nick_edgar@ca.ibm.com,Keywords,accessibility,
2002-03-14 13:29:30 EST,Tod_Creasey@ca.ibm.com,Keywords,usability,accessibility
2002-08-08 16:01:25 EDT,eduardo_pereira@ca.ibm.com,Summary,[Properties view] Need a way to tab between property values,Need a way to tab between property values
2002-09-03 12:45:45 EDT,simon_arsenault@ca.ibm.com,Assignee,Chris_McLaren@oti.com,Randy_Giffen@oti.com
2002-09-04 14:25:59 EDT,csmclaren@andelain.com,Status,ASSIGNED,NEW
2002-09-04 16:29:58 EDT,csmclaren@andelain.com,Summary,[PropertiesView] Need a way to tab between property values,[Properties view] Need a way to tab between property values
2002-09-11 17:23:08 EDT,csmclaren@andelain.com,Status,RESOLVED,ASSIGNED
2002-09-11 17:23:08 EDT,csmclaren@andelain.com,Resolution,FIXED,---
