When, Who, What, Added, Removed
2002-02-28 15:24:52 EST,lynne_kues@us.ibm.com,Status,ASSIGNED,NEW
2002-02-28 15:24:52 EST,lynne_kues@us.ibm.com,CC,Nick_edgar@oti.com,
2002-03-01 17:42:43 EST,lynne_kues@us.ibm.com,Depends on,11369,
2002-03-16 22:01:21 EST,nick_edgar@ca.ibm.com,Target Milestone,2.0 M5,---
2002-03-25 08:00:40 EST,simon_arsenault@ca.ibm.com,Blocks,2701,
2002-04-22 11:28:30 EDT,lynne_kues@us.ibm.com,Depends on,14330,11369
2002-06-03 10:52:49 EDT,lynne_kues@us.ibm.com,Depends on,,14330
2002-06-03 10:52:49 EDT,lynne_kues@us.ibm.com,Status,RESOLVED,ASSIGNED
2002-06-03 10:52:49 EDT,lynne_kues@us.ibm.com,Resolution,FIXED,---
2002-06-03 10:52:49 EDT,lynne_kues@us.ibm.com,Target Milestone,2.0 F1,2.0 M5
