When, Who, What, Added, Removed
2002-02-26 13:17:32 EST,chanskw@ca.ibm.com,Component,Cpp-Extensions,Generic-Extensions
2002-02-26 13:41:52 EST,turnham@ca.ibm.com,Assignee,dmcknigh@ca.ibm.com,turnham@ca.ibm.com
2002-02-26 13:41:52 EST,turnham@ca.ibm.com,Component,UI,Cpp-Extensions
2002-05-08 16:28:11 EDT,dmcknigh@ca.ibm.com,CC,turnham@ca.ibm.com,
2002-05-10 14:10:38 EDT,dmcknigh@ca.ibm.com,Status,RESOLVED,NEW
2002-05-10 14:10:38 EDT,dmcknigh@ca.ibm.com,Resolution,FIXED,---
2009-01-09 16:55:48 EST,dschaefer@qnx.com,Component,cdt-core,deprecated7
