When, Who, What, Added, Removed
2002-02-26 16:31:36 EST,James_Moody@ca.ibm.com,Assignee,DJ_Houghton@oti.com,Kevin_McGuire@oti.com
2002-02-26 16:31:36 EST,James_Moody@ca.ibm.com,Component,Core,VCM
2002-04-29 16:41:10 EDT,john_arthorne@ca.ibm.com,Assignee,John_Arthorne@oti.com,DJ_Houghton@oti.com
2002-04-29 16:41:10 EDT,john_arthorne@ca.ibm.com,Target Milestone,2.0 M6,---
2002-04-30 09:59:09 EDT,john_arthorne@ca.ibm.com,Status,RESOLVED,NEW
2002-04-30 09:59:09 EDT,john_arthorne@ca.ibm.com,Resolution,FIXED,---
