When, Who, What, Added, Removed
2002-02-26 15:42:21 EST,darin.eclipse@gmail.com,Status,RESOLVED,NEW
2002-02-26 15:42:21 EST,darin.eclipse@gmail.com,Resolution,LATER,---
2002-02-26 15:42:21 EST,judy_mullins@us.ibm.com,CC,judy_mullins@oti.com,
2002-08-28 13:41:02 EDT,darin.eclipse@gmail.com,Status,REOPENED,RESOLVED
2002-08-28 13:41:02 EDT,darin.eclipse@gmail.com,Resolution,---,LATER
2002-08-28 13:41:17 EDT,darin.eclipse@gmail.com,Status,RESOLVED,REOPENED
2002-08-28 13:41:17 EDT,darin.eclipse@gmail.com,Resolution,WONTFIX,---
2003-06-20 17:50:53 EDT,shanec@ca.ibm.com,CC,shanec@ca.ibm.com,
2004-02-23 17:37:28 EST,jared_burns@us.ibm.com,Status,REOPENED,RESOLVED
2004-02-23 17:37:28 EST,jared_burns@us.ibm.com,Resolution,---,WONTFIX
2004-02-23 17:37:53 EST,jared_burns@us.ibm.com,Assignee,jaredburns@acm.org,Darin_Wright@ca.ibm.com
2004-02-23 17:37:53 EST,jared_burns@us.ibm.com,Severity,enhancement,normal
2004-02-23 17:37:53 EST,jared_burns@us.ibm.com,Status,NEW,REOPENED
2004-02-23 17:37:53 EST,jared_burns@us.ibm.com,OS,All,Windows 2000
2004-02-23 17:38:11 EST,jared_burns@us.ibm.com,Status,ASSIGNED,NEW
2004-02-23 17:38:11 EST,jared_burns@us.ibm.com,Target Milestone,3.0 M8,---
2004-03-10 13:00:43 EST,jared_burns@us.ibm.com,CC,darin_wright@ca.ibm.com,
2004-03-10 18:48:04 EST,jared_burns@us.ibm.com,Assignee,Darin_Wright@ca.ibm.com,jaredburns@acm.org
2004-03-10 18:48:04 EST,jared_burns@us.ibm.com,Status,NEW,ASSIGNED
2004-03-10 18:50:46 EST,jared_burns@us.ibm.com,Status,RESOLVED,NEW
2004-03-10 18:50:46 EST,jared_burns@us.ibm.com,Resolution,FIXED,---
2004-03-10 18:50:46 EST,jared_burns@us.ibm.com,Summary,'Run to Line' stops at breakpoints,'Run to Line' stops at breakpoints.
2004-03-11 22:27:20 EST,darin.eclipse@gmail.com,Status,VERIFIED,RESOLVED
