When, Who, What, Added, Removed
2002-03-08 06:57:11 EST,erich_gamma@ch.ibm.com,Assignee,Kai-Uwe_Maetzel@oti.com,Erich_Gamma@oti.com
2002-05-09 15:43:47 EDT,erich_gamma@ch.ibm.com,Status,RESOLVED,NEW
2002-05-09 15:43:47 EDT,erich_gamma@ch.ibm.com,Resolution,WONTFIX,---
2002-05-09 16:02:05 EDT,jed.anderson@genuitec.com,Status,REOPENED,RESOLVED
2002-05-09 16:02:05 EDT,jed.anderson@genuitec.com,Resolution,---,WONTFIX
2002-06-05 14:02:16 EDT,kai-uwe_maetzel@ch.ibm.com,Status,RESOLVED,REOPENED
2002-06-05 14:02:16 EDT,kai-uwe_maetzel@ch.ibm.com,Resolution,FIXED,---
2002-06-05 14:02:16 EDT,kai-uwe_maetzel@ch.ibm.com,Target Milestone,2.0 F2,---
2002-06-13 10:13:41 EDT,dirk_baeumer@ch.ibm.com,Status,VERIFIED,RESOLVED
