When, Who, What, Added, Removed
2002-05-14 17:05:14 EDT,dmcknigh@ca.ibm.com,Target Milestone,2.0 - Release,---
2002-05-14 17:05:14 EDT,dmcknigh@ca.ibm.com,Version,2.0,1.0
2002-05-15 15:16:39 EDT,dmcknigh@ca.ibm.com,URL,enriquev@ca.ibm.com,
2002-06-06 14:14:06 EDT,enriquev@ca.ibm.com,Status,RESOLVED,NEW
2002-06-06 14:14:06 EDT,enriquev@ca.ibm.com,Resolution,FIXED,---
2003-06-25 19:25:15 EDT,sebastien@qnx.com,Status,CLOSED,RESOLVED
2003-06-25 19:25:15 EDT,sebastien@qnx.com,Component,Core,LPEX
