When, Who, What, Added, Removed
2002-02-27 12:23:13 EST,Mike_Wilson@ca.ibm.com,Assignee,Carolyn_MacLeod@oti.com,Mike_Wilson@oti.com
2002-02-27 12:23:13 EST,stori@ca.ibm.com,CC,stori@ca.ibm.com,
2002-03-10 14:04:12 EST,knut_radloff@us.ibm.com,Assignee,Knut_Radloff@oti.com,Carolyn_MacLeod@oti.com
2002-03-25 11:50:19 EST,knut_radloff@us.ibm.com,Status,RESOLVED,NEW
2002-03-25 11:50:19 EST,knut_radloff@us.ibm.com,Resolution,FIXED,---
2002-03-25 11:50:19 EST,knut_radloff@us.ibm.com,Target Milestone,2.0 M5,---
