When, Who, What, Added, Removed
2001-12-29 16:46:24 EST,darin.eclipse@gmail.com,Blocks,1569,
2002-02-26 18:04:25 EST,darin.eclipse@gmail.com,Blocks,6089,
2002-02-28 11:29:56 EST,darin.eclipse@gmail.com,Blocks,1723,
2002-03-06 06:34:57 EST,philippe_mulet@fr.ibm.com,Assignee,David_Audel@oti.com,Philippe_Mulet@oti.com
2002-03-06 06:34:57 EST,philippe_mulet@fr.ibm.com,Priority,P2,P3
2002-03-07 06:55:02 EST,philippe_mulet@fr.ibm.com,Target Milestone,2.0 M4,---
2002-03-08 05:18:30 EST,david_audel@fr.ibm.com,Status,ASSIGNED,NEW
2002-03-13 12:09:01 EST,david_audel@fr.ibm.com,Target Milestone,2.0 M5,2.0 M4
2002-03-19 08:57:50 EST,david_audel@fr.ibm.com,Status,RESOLVED,ASSIGNED
2002-03-19 08:57:50 EST,david_audel@fr.ibm.com,Resolution,FIXED,---
2002-03-20 14:31:25 EST,philippe_mulet@fr.ibm.com,Target Milestone,2.0 M4,2.0 M5
