When, Who, What, Added, Removed
2002-02-26 22:07:58 EST,thomson@ca.ibm.com,Component,Generic-Extensions,Core
2002-02-27 10:56:15 EST,dmcknigh@ca.ibm.com,Priority,P4,P3
2002-05-14 17:34:52 EDT,dmcknigh@ca.ibm.com,Target Milestone,2.0 - Release,---
2002-05-14 17:34:52 EDT,dmcknigh@ca.ibm.com,Version,2.0,1.0
2002-05-16 12:29:00 EDT,dmcknigh@ca.ibm.com,Status,RESOLVED,NEW
2002-05-16 12:29:00 EDT,dmcknigh@ca.ibm.com,Resolution,FIXED,---
2009-01-12 09:19:51 EST,dschaefer@qnx.com,Component,cdt-other,deprecated6
