When, Who, What, Added, Removed
2002-02-27 23:20:44 EST,chanskw@ca.ibm.com,CC,weisz@ca.ibm.com,
2002-02-27 23:20:44 EST,chanskw@ca.ibm.com,Summary,Debugger detach.,Debugger detach.
2002-02-28 10:12:42 EST,chanskw@ca.ibm.com,Assignee,weisz@ca.ibm.com,chanskw@ca.ibm.com
2002-02-28 10:12:42 EST,chanskw@ca.ibm.com,Priority,P1,P3
2002-02-28 10:12:42 EST,chanskw@ca.ibm.com,Version,2.0,1.0
2002-04-29 09:45:24 EDT,weisz@ca.ibm.com,Target Milestone,2.0 - Release,---
2002-04-30 13:44:59 EDT,weisz@ca.ibm.com,Status,RESOLVED,NEW
2002-04-30 13:44:59 EDT,weisz@ca.ibm.com,Resolution,FIXED,---
