When, Who, What, Added, Removed
2002-02-27 23:19:27 EST,chanskw@ca.ibm.com,Priority,P1,P3
2002-02-27 23:19:27 EST,chanskw@ca.ibm.com,Target Milestone,2.0 - Release,---
2002-02-27 23:19:27 EST,chanskw@ca.ibm.com,Version,2.0,1.0
2002-04-30 11:56:57 EDT,chanskw@ca.ibm.com,Target Milestone,2.0 - 20020508,2.0 - Release
2002-05-01 10:28:27 EDT,chanskw@ca.ibm.com,Status,RESOLVED,NEW
2002-05-01 10:28:27 EDT,chanskw@ca.ibm.com,Resolution,FIXED,---
2003-06-26 20:13:37 EDT,sebastien@qnx.com,Status,CLOSED,RESOLVED
2003-06-26 20:13:37 EDT,sebastien@qnx.com,Target Milestone,2.0 - Release,2.0 - 20020508
