When, Who, What, Added, Removed
2002-02-27 11:05:27 EST,turnham@ca.ibm.com,Component,UI,Cpp-Extensions
2002-02-27 15:25:50 EST,turnham@ca.ibm.com,Priority,P2,P3
2002-02-27 15:25:50 EST,turnham@ca.ibm.com,Target Milestone,2.0 - Release,---
2002-02-27 15:25:50 EST,turnham@ca.ibm.com,Version,2.0,1.0
2002-04-16 13:45:09 EDT,turnham@ca.ibm.com,Target Milestone,Future,2.0 - Release
2002-04-24 12:49:28 EDT,turnham@ca.ibm.com,Assignee,dmcknigh@ca.ibm.com,turnham@ca.ibm.com
2002-04-24 12:53:47 EDT,dmcknigh@ca.ibm.com,Status,RESOLVED,NEW
2002-04-24 12:53:47 EDT,dmcknigh@ca.ibm.com,Resolution,FIXED,---
2009-01-09 16:55:56 EST,dschaefer@qnx.com,Component,cdt-core,deprecated7
