When, Who, What, Added, Removed
2002-02-27 11:13:43 EST,turnham@ca.ibm.com,Priority,P4,P3
2002-02-27 15:27:09 EST,turnham@ca.ibm.com,Version,2.0,1.0
2002-04-16 13:46:55 EDT,turnham@ca.ibm.com,Target Milestone,Future,---
2003-06-25 07:03:28 EDT,sebastien@qnx.com,Assignee,dschaefe@ca.ibm.com,turnham@ca.ibm.com
2003-09-05 10:44:27 EDT,dschaefer@qnx.com,Component,Core,Cpp-Extensions
2003-09-08 08:35:06 EDT,johan.walles@gmail.com,CC,d92-jwa@nada.kth.se,
2003-10-24 09:23:15 EDT,dschaefer@qnx.com,Assignee,jcamelon@ca.ibm.com,dschaefe@ca.ibm.com
2003-10-26 02:45:23 EST,john.camelon@gmail.com,Target Milestone,2.0,Future
2004-02-11 20:16:14 EST,john.camelon@gmail.com,Status,RESOLVED,NEW
2004-02-11 20:16:14 EST,john.camelon@gmail.com,Resolution,LATER,---
2004-02-11 20:16:14 EST,john.camelon@gmail.com,Target Milestone,Future,2.0
2007-06-22 12:56:13 EDT,dschaefer@qnx.com,Status,REOPENED,RESOLVED
2007-06-22 12:56:13 EDT,dschaefer@qnx.com,Resolution,---,LATER
2007-06-22 12:56:13 EDT,dschaefer@qnx.com,Target Milestone,---,Future
2008-02-13 08:06:10 EST,markus.schorn@windriver.com,Status,RESOLVED,REOPENED
2008-02-13 08:06:10 EST,markus.schorn@windriver.com,Resolution,FIXED,---
