When, Who, What, Added, Removed
2002-02-27 23:25:04 EST,chanskw@ca.ibm.com,Priority,P2,P3
2002-02-27 23:25:04 EST,chanskw@ca.ibm.com,Target Milestone,2.0 - Release,---
2002-02-27 23:25:04 EST,chanskw@ca.ibm.com,Version,2.0,1.0
2002-03-18 15:41:34 EST,chanskw@ca.ibm.com,Summary,R2:  Allow running and stepping in Disassembly and Mixed view,Allow running and stepping in Disassembly and Mixed view
2002-05-01 19:13:54 EDT,chanskw@ca.ibm.com,Status,ASSIGNED,NEW
2002-05-06 16:54:14 EDT,chanskw@ca.ibm.com,Status,RESOLVED,ASSIGNED
2002-05-06 16:54:14 EDT,chanskw@ca.ibm.com,Resolution,FIXED,---
