When, Who, What, Added, Removed
2002-02-27 23:25:44 EST,chanskw@ca.ibm.com,Priority,P2,P3
2002-02-27 23:25:44 EST,chanskw@ca.ibm.com,Target Milestone,2.0 - 20020308,---
2002-02-27 23:25:44 EST,chanskw@ca.ibm.com,Version,2.0,1.0
2002-03-20 13:27:42 EST,chanskw@ca.ibm.com,Status,RESOLVED,NEW
2002-03-20 13:27:42 EST,chanskw@ca.ibm.com,Resolution,FIXED,---
2003-06-26 20:13:25 EDT,sebastien@qnx.com,Status,CLOSED,RESOLVED
2003-06-26 20:13:25 EDT,sebastien@qnx.com,Target Milestone,2.0 - Release,2.0 - 20020308
