When, Who, What, Added, Removed
2002-02-27 08:32:37 EST,darin.eclipse@gmail.com,Assignee,Joe_Szurszewski@oti.com,Darin_Wright@oti.com
2002-02-27 08:32:37 EST,darin.eclipse@gmail.com,Severity,critical,normal
2002-02-27 08:32:37 EST,darin.eclipse@gmail.com,Priority,P1,P3
2002-02-27 08:32:37 EST,darin.eclipse@gmail.com,Target Milestone,2.0 M4,---
2002-02-27 08:32:43 EST,darin.eclipse@gmail.com,Status,ASSIGNED,NEW
2002-02-27 08:32:43 EST,rodrigo@peretti.ca,CC,rodrigo_peretti@oti.com,
2002-02-27 10:37:09 EST,eclipse@szurszewski.com,Assignee,Darin_Wright@oti.com,Joe_Szurszewski@oti.com
2002-02-27 10:37:09 EST,eclipse@szurszewski.com,Status,NEW,ASSIGNED
2002-02-27 10:37:28 EST,eclipse@szurszewski.com,Status,RESOLVED,NEW
2002-02-27 10:37:28 EST,eclipse@szurszewski.com,Resolution,FIXED,---
2002-02-27 11:03:09 EST,darin.eclipse@gmail.com,Status,VERIFIED,RESOLVED
2002-02-27 11:42:49 EST,eclipse@szurszewski.com,CC,jeff_brown@oti.com,
2002-02-27 13:08:15 EST,darin.eclipse@gmail.com,CC,Adam_Kiezun@oti.com,
2002-02-28 08:58:49 EST,darin.eclipse@gmail.com,CC,Andre_Weinand@oti.com,
2002-02-28 12:21:41 EST,darin.eclipse@gmail.com,CC,Knut_Radloff@oti.com,
