When, Who, What, Added, Removed
2002-02-28 06:10:33 EST,philippe_mulet@fr.ibm.com,Assignee,Jerome_Lanneluc@oti.com,Philippe_Mulet@oti.com
2002-02-28 06:10:33 EST,philippe_mulet@fr.ibm.com,Priority,P2,P3
2002-02-28 06:10:33 EST,philippe_mulet@fr.ibm.com,Target Milestone,2.0 M4,---
2002-02-28 06:58:16 EST,jerome_lanneluc@fr.ibm.com,Status,ASSIGNED,NEW
2002-02-28 07:08:30 EST,jerome_lanneluc@fr.ibm.com,Status,RESOLVED,ASSIGNED
2002-02-28 07:08:30 EST,jerome_lanneluc@fr.ibm.com,Resolution,FIXED,---
