When, Who, What, Added, Removed
2002-02-27 08:42:04 EST,darin.eclipse@gmail.com,Target Milestone,2.0 M5,---
2002-03-01 11:08:26 EST,Darin_Swanson@us.ibm.com,CC,Darin_Swanson@oti.com,
2002-04-10 20:23:17 EDT,darin.eclipse@gmail.com,Target Milestone,2.0 M6,2.0 M5
2002-04-30 13:47:47 EDT,darin.eclipse@gmail.com,Assignee,Darin_Swanson@oti.com,Darin_Wright@oti.com
2002-04-30 13:47:56 EDT,darin.eclipse@gmail.com,Status,ASSIGNED,NEW
2002-05-30 20:33:07 EDT,Darin_Swanson@us.ibm.com,Assignee,Darin_Wright@oti.com,Darin_Swanson@oti.com
2002-05-30 20:33:07 EDT,Darin_Swanson@us.ibm.com,Status,NEW,ASSIGNED
2002-05-31 17:48:17 EDT,darin.eclipse@gmail.com,Status,RESOLVED,NEW
2002-05-31 17:48:17 EDT,darin.eclipse@gmail.com,Resolution,FIXED,---
2002-05-31 17:48:25 EDT,darin.eclipse@gmail.com,Status,VERIFIED,RESOLVED
