When, Who, What, Added, Removed
2002-02-27 11:37:02 EST,philippe_mulet@fr.ibm.com,Assignee,Jerome_Lanneluc@oti.com,Philippe_Mulet@oti.com
2002-02-27 11:37:02 EST,philippe_mulet@fr.ibm.com,Priority,P1,P3
2002-02-27 11:37:02 EST,philippe_mulet@fr.ibm.com,Target Milestone,2.0 M4,---
2002-02-27 17:25:27 EST,jerome_lanneluc@fr.ibm.com,Status,ASSIGNED,NEW
2002-02-28 07:45:34 EST,jerome_lanneluc@fr.ibm.com,Status,RESOLVED,ASSIGNED
2002-02-28 07:45:34 EST,jerome_lanneluc@fr.ibm.com,Resolution,FIXED,---
2002-03-04 09:53:01 EST,jerome_lanneluc@fr.ibm.com,CC,Rodrigo_Peretti@oti.com,
