When, Who, What, Added, Removed
2002-02-27 11:36:05 EST,philippe_mulet@fr.ibm.com,Assignee,David_Audel@oti.com,Philippe_Mulet@oti.com
2002-02-27 11:36:05 EST,philippe_mulet@fr.ibm.com,Priority,P2,P3
2002-02-28 05:20:42 EST,david_audel@fr.ibm.com,Status,ASSIGNED,NEW
2002-02-28 05:57:15 EST,david_audel@fr.ibm.com,Component,UI,Core
2002-02-28 05:57:47 EST,david_audel@fr.ibm.com,Assignee,Erich_Gamma@oti.com,David_Audel@oti.com
2002-02-28 05:57:47 EST,david_audel@fr.ibm.com,Status,NEW,ASSIGNED
2002-03-03 19:33:36 EST,erich_gamma@ch.ibm.com,Assignee,Martin_Aeschlimann@oti.com,Erich_Gamma@oti.com
2002-03-07 12:04:53 EST,aeschli@gmail.com,Status,RESOLVED,NEW
2002-03-07 12:04:53 EST,aeschli@gmail.com,Resolution,FIXED,---
2002-03-28 04:46:07 EST,aeschli@gmail.com,CC,Veronika_Irvine@oti.com,
