When, Who, What, Added, Removed
2002-02-27 15:04:24 EST,chanskw@ca.ibm.com,Severity,major,normal
2002-02-27 15:28:58 EST,turnham@ca.ibm.com,Assignee,dmcknigh@ca.ibm.com,turnham@ca.ibm.com
2002-02-27 15:45:24 EST,dmcknigh@ca.ibm.com,Status,RESOLVED,NEW
2002-02-27 15:45:24 EST,dmcknigh@ca.ibm.com,Resolution,FIXED,---
2002-02-28 09:57:02 EST,dmcknigh@ca.ibm.com,CC,enriquev@ca.ibm.com,
2003-09-10 08:58:43 EDT,sebastien@qnx.com,Status,CLOSED,RESOLVED
2009-01-09 14:08:10 EST,dschaefer@qnx.com,Component,cdt-other,deprecated4
