When, Who, What, Added, Removed
2002-03-03 19:28:56 EST,erich_gamma@ch.ibm.com,Assignee,Kai-Uwe_Maetzel@oti.com,Erich_Gamma@oti.com
2002-03-04 13:38:27 EST,kai-uwe_maetzel@ch.ibm.com,Status,RESOLVED,NEW
2002-03-04 13:38:27 EST,kai-uwe_maetzel@ch.ibm.com,Resolution,INVALID,---
2002-03-05 04:16:44 EST,dirk_baeumer@ch.ibm.com,Status,REOPENED,RESOLVED
2002-03-05 04:16:44 EST,dirk_baeumer@ch.ibm.com,Resolution,---,INVALID
2002-04-08 05:27:16 EDT,kai-uwe_maetzel@ch.ibm.com,Status,RESOLVED,REOPENED
2002-04-08 05:27:16 EDT,kai-uwe_maetzel@ch.ibm.com,Resolution,FIXED,---
