When, Who, What, Added, Removed
2002-02-27 11:23:46 EST,carolynmacleod4@gmail.com,CC,Daniel_Megert@oti.com,
2002-02-27 12:12:13 EST,akiezun@gmail.com,CC,Adam_Kiezun@oti.com,
2002-02-27 12:12:13 EST,akiezun@gmail.com,Version,2.0,1.0
2002-03-04 18:54:03 EST,erich_gamma@ch.ibm.com,CC,andre_weinand@oti.com,
2002-03-04 18:54:03 EST,erich_gamma@ch.ibm.com,Depends on,8913,
2002-03-04 18:54:03 EST,erich_gamma@ch.ibm.com,Priority,P1,P3
2002-03-08 06:56:05 EST,erich_gamma@ch.ibm.com,Status,ASSIGNED,NEW
2002-05-07 16:52:11 EDT,erich_gamma@ch.ibm.com,Status,RESOLVED,ASSIGNED
2002-05-07 16:52:11 EDT,erich_gamma@ch.ibm.com,Resolution,FIXED,---
