When, Who, What, Added, Removed
2001-10-16 10:22:40 EDT,jean-michel_lemieux@ca.ibm.com,Assignee,Michael_Valenta@oti.com,Jean-Michel_Lemieux@oti.com
2001-10-16 10:22:40 EDT,jean-michel_lemieux@ca.ibm.com,Status,NEW,ASSIGNED
2001-10-18 16:23:06 EDT,Michael_Valenta@ca.ibm.com,Status,RESOLVED,NEW
2001-10-18 16:23:06 EDT,Michael_Valenta@ca.ibm.com,Resolution,FIXED,---
2001-10-25 10:22:16 EDT,James_Moody@ca.ibm.com,Status,REOPENED,RESOLVED
2001-10-25 10:22:16 EDT,James_Moody@ca.ibm.com,Resolution,---,FIXED
2001-10-31 15:27:19 EST,Michael_Valenta@ca.ibm.com,Status,RESOLVED,REOPENED
2001-10-31 15:27:19 EST,Michael_Valenta@ca.ibm.com,Resolution,FIXED,---
2001-11-01 10:26:27 EST,James_Moody@ca.ibm.com,Status,VERIFIED,RESOLVED
