When, Who, What, Added, Removed
2002-02-27 14:05:42 EST,janeli@ca.ibm.com,Severity,major,critical
2002-02-27 14:05:42 EST,janeli@ca.ibm.com,Priority,P2,P1
2002-02-27 14:05:42 EST,paulacox@us.ibm.com,CC,paulacox@us.ibm.com,
2002-03-06 20:18:15 EST,Kevin_Haaland@ca.ibm.com,Status,ASSIGNED,NEW
2002-03-06 20:18:15 EST,Kevin_Haaland@ca.ibm.com,Priority,P1,P2
2002-04-17 15:33:55 EDT,Kevin_Haaland@ca.ibm.com,Status,RESOLVED,ASSIGNED
2002-04-17 15:33:55 EDT,Kevin_Haaland@ca.ibm.com,Resolution,FIXED,---
2002-04-20 18:56:37 EDT,janeli@ca.ibm.com,Severity,critical,major
2002-04-22 11:16:31 EDT,janeli@ca.ibm.com,Status,REOPENED,RESOLVED
2002-04-22 11:16:31 EDT,janeli@ca.ibm.com,Resolution,---,FIXED
2002-04-23 19:45:35 EDT,Kevin_Haaland@ca.ibm.com,Status,ASSIGNED,REOPENED
2002-04-23 20:25:45 EDT,jed.anderson@genuitec.com,CC,jed_anderson@oti.com,
2002-05-22 10:33:32 EDT,Kevin_Haaland@ca.ibm.com,Status,RESOLVED,ASSIGNED
2002-05-22 10:33:32 EDT,Kevin_Haaland@ca.ibm.com,Resolution,FIXED,---
