When, Who, What, Added, Removed
2002-03-05 11:39:07 EST,erich_gamma@ch.ibm.com,Assignee,Martin_Aeschlimann@oti.com,Erich_Gamma@oti.com
2002-03-05 11:39:07 EST,erich_gamma@ch.ibm.com,Priority,P2,P3
2002-03-05 11:54:27 EST,aeschli@gmail.com,Assignee,Philippe_Mulet@oti.com,Martin_Aeschlimann@oti.com
2002-03-05 11:54:27 EST,aeschli@gmail.com,Component,Core,UI
2002-03-05 12:30:36 EST,philippe_mulet@fr.ibm.com,Assignee,Erich_Gamma@oti.com,Philippe_Mulet@oti.com
2002-03-05 12:30:36 EST,philippe_mulet@fr.ibm.com,Component,UI,Core
2002-03-08 06:55:45 EST,erich_gamma@ch.ibm.com,Assignee,Martin_Aeschlimann@oti.com,Erich_Gamma@oti.com
2002-03-08 09:05:04 EST,aeschli@gmail.com,Status,ASSIGNED,NEW
2002-03-29 06:11:02 EST,aeschli@gmail.com,Status,RESOLVED,ASSIGNED
2002-03-29 06:11:02 EST,aeschli@gmail.com,Resolution,FIXED,---
