When, Who, What, Added, Removed
2002-02-28 06:12:07 EST,philippe_mulet@fr.ibm.com,Assignee,Erich_Gamma@oti.com,Philippe_Mulet@oti.com
2002-02-28 06:12:07 EST,philippe_mulet@fr.ibm.com,Component,UI,Core
2002-03-04 18:35:12 EST,erich_gamma@ch.ibm.com,Status,RESOLVED,NEW
2002-03-04 18:35:12 EST,erich_gamma@ch.ibm.com,Keywords,helpwanted,
2002-03-04 18:35:12 EST,erich_gamma@ch.ibm.com,Resolution,LATER,---
2002-03-04 18:35:12 EST,dcorbin@ieee.org,CC,dcorbin@ieee.org,
2002-07-25 06:20:31 EDT,dirk_baeumer@ch.ibm.com,Summary,Implement and delegate to member [refactoring],Implement and delegate to member
2002-09-12 09:39:23 EDT,dirk_baeumer@ch.ibm.com,Assignee,jdt-ui-inbox@eclipse.org,Erich_Gamma@oti.com
2002-09-12 09:39:23 EDT,dirk_baeumer@ch.ibm.com,Status,NEW,RESOLVED
2002-09-12 10:04:35 EDT,dirk_baeumer@ch.ibm.com,Status,ASSIGNED,NEW
2003-02-19 05:16:13 EST,erich_gamma@ch.ibm.com,Status,RESOLVED,ASSIGNED
2003-02-19 05:16:13 EST,erich_gamma@ch.ibm.com,Resolution,FIXED,LATER
