When, Who, What, Added, Removed
2002-03-07 23:03:16 EST,Kevin_Haaland@ca.ibm.com,Assignee,Mike_Wilson@oti.com,Kevin_Haaland@oti.com
2002-03-07 23:03:16 EST,Kevin_Haaland@ca.ibm.com,Component,SWT,UI
2002-03-13 09:06:45 EST,Mike_Wilson@ca.ibm.com,Assignee,Grant_Gayed@oti.com,Mike_Wilson@oti.com
2002-05-31 17:05:55 EDT,grant_gayed@ca.ibm.com,CC,jared-eclipse@mn.rr.com,
2002-09-04 15:14:40 EDT,grant_gayed@ca.ibm.com,Assignee,Nick_Edgar@oti.com,Grant_Gayed@oti.com
2002-09-04 15:14:40 EDT,grant_gayed@ca.ibm.com,Component,UI,SWT
2002-09-04 15:14:40 EDT,grant_gayed@ca.ibm.com,OS,Linux-Motif,Linux
2002-09-04 15:14:40 EDT,grant_gayed@ca.ibm.com,Version,2.0,1.0
2002-09-04 15:33:49 EDT,Tod_Creasey@ca.ibm.com,Assignee,Tod_Creasey@oti.com,Nick_Edgar@oti.com
2002-09-04 15:33:49 EDT,Tod_Creasey@ca.ibm.com,Summary,[Dialogs] Find dialog: initial text not selected,Find dialog: initial text not selected
2002-09-04 15:35:29 EDT,Tod_Creasey@ca.ibm.com,Status,ASSIGNED,NEW
2002-09-09 13:28:40 EDT,Tod_Creasey@ca.ibm.com,Assignee,Kai-Uwe_Maetzel@oti.com,Tod_Creasey@oti.com
2002-09-09 13:28:40 EDT,Tod_Creasey@ca.ibm.com,Status,NEW,ASSIGNED
2002-09-09 13:28:40 EDT,Tod_Creasey@ca.ibm.com,Component,Text,UI
2002-09-12 13:00:03 EDT,kai-uwe_maetzel@ch.ibm.com,Assignee,platform-text-inbox@eclipse.org,Kai-Uwe_Maetzel@oti.com
2002-09-12 13:04:25 EDT,kai-uwe_maetzel@ch.ibm.com,Status,ASSIGNED,NEW
2003-09-23 14:10:16 EDT,daniel_megert@ch.ibm.com,Status,RESOLVED,ASSIGNED
2003-09-23 14:10:16 EDT,daniel_megert@ch.ibm.com,Resolution,FIXED,---
2003-09-23 14:10:16 EDT,daniel_megert@ch.ibm.com,Target Milestone,3.0 M4,---
