When, Who, What, Added, Removed
2002-02-27 16:36:09 EST,john_arthorne@ca.ibm.com,Assignee,Kevin_Haaland@oti.com,DJ_Houghton@oti.com
2002-02-27 16:36:09 EST,john_arthorne@ca.ibm.com,Component,UI,Core
2002-03-07 23:03:54 EST,Kevin_Haaland@ca.ibm.com,Assignee,Kai-Uwe_Maetzel@oti.com,Kevin_Haaland@oti.com
2002-03-12 10:19:07 EST,kai-uwe_maetzel@ch.ibm.com,Status,RESOLVED,NEW
2002-03-12 10:19:07 EST,kai-uwe_maetzel@ch.ibm.com,Resolution,FIXED,---
2002-03-12 10:19:07 EST,kai-uwe_maetzel@ch.ibm.com,Target Milestone,2.0 M4,---
