When, Who, What, Added, Removed
2002-02-08 13:40:38 EST,Kevin_McGuire@ca.ibm.com,Blocks,9324,
2002-02-27 14:13:08 EST,Kevin_McGuire@ca.ibm.com,CC,james_moody@oti.com Michael_Valenta@oti.com,
2002-03-01 15:23:04 EST,Kevin_McGuire@ca.ibm.com,Status,ASSIGNED,NEW
2002-03-01 15:23:04 EST,Kevin_McGuire@ca.ibm.com,Priority,P5,P3
2002-04-01 21:28:59 EST,Michael_Valenta@ca.ibm.com,Assignee,Michael_Valenta@oti.com,Kevin_McGuire@oti.com
2002-04-01 21:28:59 EST,Michael_Valenta@ca.ibm.com,Status,NEW,ASSIGNED
2002-04-01 21:28:59 EST,Michael_Valenta@ca.ibm.com,Target Milestone,2.0 M5,---
2002-04-02 09:55:45 EST,Michael_Valenta@ca.ibm.com,Status,RESOLVED,NEW
2002-04-02 09:55:45 EST,Michael_Valenta@ca.ibm.com,Resolution,FIXED,---
2002-04-09 14:22:16 EDT,James_Moody@ca.ibm.com,Status,VERIFIED,RESOLVED
