When, Who, What, Added, Removed
2002-02-27 14:16:18 EST,darin.eclipse@gmail.com,Assignee,Darin_Swanson@oti.com,Darin_Wright@oti.com
2002-02-27 14:16:18 EST,darin.eclipse@gmail.com,Severity,critical,normal
2002-02-27 14:16:18 EST,darin.eclipse@gmail.com,Target Milestone,2.0 M4,---
2002-02-27 14:16:24 EST,darin.eclipse@gmail.com,Status,ASSIGNED,NEW
2002-02-27 16:51:54 EST,darin.eclipse@gmail.com,CC,Andre_Weinand@oti.com,
2002-02-27 17:20:46 EST,Darin_Swanson@us.ibm.com,Assignee,Darin_Wright@oti.com,Darin_Swanson@oti.com
2002-02-27 17:20:46 EST,Darin_Swanson@us.ibm.com,Status,NEW,ASSIGNED
2002-02-27 17:21:00 EST,Darin_Swanson@us.ibm.com,Status,RESOLVED,NEW
2002-02-27 17:21:00 EST,Darin_Swanson@us.ibm.com,Resolution,FIXED,---
2002-02-28 10:43:27 EST,darin.eclipse@gmail.com,Status,VERIFIED,RESOLVED
