When, Who, What, Added, Removed
2002-02-27 15:18:21 EST,Kevin_McGuire@ca.ibm.com,Summary,Change text/bin pattern to be non-extension based,Change text/bin pattern to be regular expression
2002-03-01 15:23:11 EST,Kevin_McGuire@ca.ibm.com,Status,ASSIGNED,NEW
2002-03-01 15:23:11 EST,Kevin_McGuire@ca.ibm.com,Priority,P5,P3
2002-05-07 14:07:18 EDT,Kevin_McGuire@ca.ibm.com,Assignee,Jean-Michel_Lemieux@oti.com,Kevin_McGuire@oti.com
2002-05-07 14:07:18 EDT,Kevin_McGuire@ca.ibm.com,Status,NEW,ASSIGNED
2002-05-07 14:07:18 EDT,Kevin_McGuire@ca.ibm.com,Priority,P3,P5
2002-05-07 14:07:18 EDT,Kevin_McGuire@ca.ibm.com,Target Milestone,2.0 M6,---
2002-05-07 16:47:52 EDT,Kevin_McGuire@ca.ibm.com,Status,RESOLVED,NEW
2002-05-07 16:47:52 EDT,Kevin_McGuire@ca.ibm.com,Resolution,LATER,---
2002-05-07 16:47:52 EDT,Kevin_McGuire@ca.ibm.com,Target Milestone,---,2.0 M6
2002-09-09 14:43:00 EDT,Michael_Valenta@ca.ibm.com,Status,REOPENED,RESOLVED
2002-09-09 14:43:00 EDT,Michael_Valenta@ca.ibm.com,Resolution,---,LATER
2002-09-09 14:43:23 EDT,Michael_Valenta@ca.ibm.com,Assignee,Kevin_McGuire@oti.com,Jean-Michel_Lemieux@oti.com
2002-09-09 14:43:23 EDT,Michael_Valenta@ca.ibm.com,Status,NEW,REOPENED
2002-09-09 14:43:23 EDT,Michael_Valenta@ca.ibm.com,Summary,[Team Core] Change text/bin pattern to be non-extension based,Change text/bin pattern to be non-extension based
2002-09-09 14:43:35 EDT,Michael_Valenta@ca.ibm.com,Status,ASSIGNED,NEW
2002-09-24 14:41:11 EDT,Kevin_McGuire@ca.ibm.com,Assignee,platform-vcm-inbox@eclipse.org,Kevin_McGuire@oti.com
2002-09-24 14:41:11 EDT,Kevin_McGuire@ca.ibm.com,Status,NEW,ASSIGNED
2002-09-24 14:50:35 EDT,Kevin_McGuire@ca.ibm.com,Status,ASSIGNED,NEW
2004-12-07 05:09:36 EST,Michael_Valenta@ca.ibm.com,Assignee,silvio_boehler@ca.ibm.com,platform-vcm-inbox@eclipse.org
2004-12-07 05:09:36 EST,Michael_Valenta@ca.ibm.com,Status,NEW,ASSIGNED
2004-12-13 22:12:05 EST,jean-michel_lemieux@ca.ibm.com,Status,RESOLVED,NEW
2004-12-13 22:12:05 EST,jean-michel_lemieux@ca.ibm.com,Resolution,FIXED,---
2004-12-13 22:12:05 EST,jean-michel_lemieux@ca.ibm.com,Target Milestone,3.1 M4,---
2004-12-15 10:52:49 EST,Michael_Valenta@ca.ibm.com,Status,VERIFIED,RESOLVED
