When, Who, What, Added, Removed
2002-02-27 15:13:19 EST,darin.eclipse@gmail.com,Status,RESOLVED,NEW
2002-02-27 15:13:19 EST,darin.eclipse@gmail.com,Resolution,LATER,---
2002-08-28 11:10:16 EDT,darin.eclipse@gmail.com,Severity,enhancement,normal
2003-03-20 22:13:53 EST,darin.eclipse@gmail.com,Status,REOPENED,RESOLVED
2003-03-20 22:13:53 EST,darin.eclipse@gmail.com,Resolution,---,LATER
2003-03-20 22:14:52 EST,darin.eclipse@gmail.com,Status,RESOLVED,REOPENED
2003-03-20 22:14:52 EST,darin.eclipse@gmail.com,Resolution,FIXED,---
2003-03-20 22:14:52 EST,darin.eclipse@gmail.com,Target Milestone,2.1,---
2003-03-20 22:15:03 EST,darin.eclipse@gmail.com,Status,VERIFIED,RESOLVED
