When, Who, What, Added, Removed
2002-03-06 09:34:35 EST,veronika_irvine@yahoo.com,Priority,P2,P3
2002-03-07 06:30:53 EST,andre_weinand@ch.ibm.com,Assignee,Andre_Weinand@oti.com,Erich_Gamma@oti.com
2002-03-07 07:19:06 EST,andre_weinand@ch.ibm.com,Status,ASSIGNED,NEW
2002-03-07 07:19:06 EST,andre_weinand@ch.ibm.com,Priority,P5,P2
2002-03-07 07:19:06 EST,andre_weinand@ch.ibm.com,Target Milestone,2.0 M5,---
2002-03-07 07:22:17 EST,andre_weinand@ch.ibm.com,Priority,P1,P5
2002-04-09 11:18:09 EDT,andre_weinand@ch.ibm.com,Status,RESOLVED,ASSIGNED
2002-04-09 11:18:09 EDT,andre_weinand@ch.ibm.com,Resolution,FIXED,---
