When, Who, What, Added, Removed
2002-02-27 16:19:40 EST,Darin_Swanson@us.ibm.com,Status,RESOLVED,NEW
2002-02-27 16:19:40 EST,Darin_Swanson@us.ibm.com,Resolution,FIXED,---
2002-02-28 11:01:44 EST,jared_burns@us.ibm.com,Status,VERIFIED,RESOLVED
2002-03-19 11:20:37 EST,jared_burns@us.ibm.com,Status,REOPENED,VERIFIED
2002-03-19 11:20:37 EST,jared_burns@us.ibm.com,Resolution,---,FIXED
2002-03-19 12:00:18 EST,jared_burns@us.ibm.com,Assignee,Darin_Swanson@oti.com,jared-eclipse@mn.rr.com
2002-03-19 12:00:18 EST,jared_burns@us.ibm.com,Status,NEW,REOPENED
2002-03-19 12:00:30 EST,jared_burns@us.ibm.com,Status,RESOLVED,NEW
2002-03-19 12:00:30 EST,jared_burns@us.ibm.com,Resolution,FIXED,---
2002-03-25 11:33:47 EST,Darin_Swanson@us.ibm.com,Status,VERIFIED,RESOLVED
