When, Who, What, Added, Removed
2002-02-27 15:36:02 EST,Kevin_McGuire@ca.ibm.com,Target Milestone,2.0 M4,---
2002-03-01 15:23:19 EST,Kevin_McGuire@ca.ibm.com,Status,ASSIGNED,NEW
2002-03-01 15:23:19 EST,Kevin_McGuire@ca.ibm.com,Priority,P5,P3
2002-03-01 15:34:34 EST,Kevin_McGuire@ca.ibm.com,Assignee,Jean-Michel_Lemieux@oti.com,Kevin_McGuire@oti.com
2002-03-01 15:34:34 EST,Kevin_McGuire@ca.ibm.com,Status,NEW,ASSIGNED
2002-03-14 15:49:44 EST,jean-michel_lemieux@ca.ibm.com,Status,RESOLVED,NEW
2002-03-14 15:49:44 EST,jean-michel_lemieux@ca.ibm.com,Resolution,FIXED,---
