When, Who, What, Added, Removed
2002-02-27 18:12:00 EST,darin.eclipse@gmail.com,Target Milestone,2.0 M6,---
2002-04-03 20:57:48 EST,darin.eclipse@gmail.com,CC,hudsonr@us.ibm.com,
2002-04-16 14:57:35 EDT,darin.eclipse@gmail.com,CC,support@oti.com,
2002-04-20 15:16:33 EDT,darin.eclipse@gmail.com,Priority,P2,P3
2002-04-22 12:24:05 EDT,darin.eclipse@gmail.com,Status,ASSIGNED,NEW
2002-04-22 16:30:11 EDT,eduardo_pereira@ca.ibm.com,CC,eduardo_pereira@oti.com,
2002-04-22 18:48:37 EDT,darin.eclipse@gmail.com,Assignee,Darin_Swanson@oti.com,Darin_Wright@oti.com
2002-04-22 18:48:37 EDT,darin.eclipse@gmail.com,Status,NEW,ASSIGNED
2002-04-22 18:48:47 EDT,darin.eclipse@gmail.com,Status,RESOLVED,NEW
2002-04-22 18:48:47 EDT,darin.eclipse@gmail.com,Resolution,FIXED,---
2002-04-23 11:15:03 EDT,Darin_Swanson@us.ibm.com,Status,VERIFIED,RESOLVED
