When, Who, What, Added, Removed
2002-02-27 17:11:32 EST,turnham@ca.ibm.com,Assignee,dmcknigh@ca.ibm.com,turnham@ca.ibm.com
2002-02-28 17:37:29 EST,dmcknigh@ca.ibm.com,Status,RESOLVED,NEW
2002-02-28 17:37:29 EST,dmcknigh@ca.ibm.com,Resolution,FIXED,---
2002-04-05 14:39:02 EST,enriquev@ca.ibm.com,Status,REOPENED,RESOLVED
2002-04-05 14:39:02 EST,enriquev@ca.ibm.com,Resolution,---,FIXED
2002-04-05 14:39:02 EST,enriquev@ca.ibm.com,Version,2.0,1.0
2002-05-10 11:10:39 EDT,dmcknigh@ca.ibm.com,Status,RESOLVED,REOPENED
2002-05-10 11:10:39 EDT,dmcknigh@ca.ibm.com,Resolution,FIXED,---
2009-01-09 14:08:16 EST,dschaefer@qnx.com,Component,cdt-other,deprecated4
