When, Who, What, Added, Removed
2002-02-27 21:21:29 EST,Michael_Valenta@ca.ibm.com,CC,Michael_Valenta@oti.com,
2002-03-01 15:23:36 EST,Kevin_McGuire@ca.ibm.com,Status,ASSIGNED,NEW
2002-03-01 15:23:36 EST,Kevin_McGuire@ca.ibm.com,Priority,P5,P3
2002-04-01 21:29:55 EST,Michael_Valenta@ca.ibm.com,Assignee,Michael_Valenta@oti.com,Kevin_McGuire@oti.com
2002-04-01 21:29:55 EST,Michael_Valenta@ca.ibm.com,Status,NEW,ASSIGNED
2002-04-01 21:29:55 EST,Michael_Valenta@ca.ibm.com,Target Milestone,2.0 M5,---
2002-04-05 14:16:41 EST,Michael_Valenta@ca.ibm.com,CC,Philippe_Mulet@oti.com,
2002-04-08 11:01:14 EDT,Michael_Valenta@ca.ibm.com,Status,RESOLVED,NEW
2002-04-08 11:01:14 EDT,Michael_Valenta@ca.ibm.com,Resolution,FIXED,---
2005-07-22 15:17:52 EDT,jstinton@us.ibm.com,CC,jdstinto@us.ibm.com,
2005-07-22 16:47:30 EDT,jstinton@us.ibm.com,CC,,jdstinto@us.ibm.com
