When, Who, What, Added, Removed
2002-03-11 09:44:21 EST,john_arthorne@ca.ibm.com,Assignee,Mike_Wilson@oti.com,DJ_Houghton@oti.com
2002-03-11 09:44:21 EST,john_arthorne@ca.ibm.com,Component,SWT,Core
2002-03-13 14:20:27 EST,Mike_Wilson@ca.ibm.com,Assignee,Steve_Northover@oti.com,Mike_Wilson@oti.com
2002-03-13 18:57:27 EST,snorthov@ca.ibm.com,Version,2.0,1.0
2002-05-15 23:25:47 EDT,snorthov@ca.ibm.com,Assignee,Silenio_Quarti@oti.com,Steve_Northover@oti.com
2002-05-15 23:25:47 EDT,Silenio_Quarti@ca.ibm.com,CC,Felipe_Heidrich@oti.com,
2002-09-27 12:40:29 EDT,Silenio_Quarti@ca.ibm.com,CC,kongh@alibaba-inc.com,
2002-09-27 17:15:23 EDT,Silenio_Quarti@ca.ibm.com,Status,RESOLVED,NEW
2002-09-27 17:15:23 EDT,Silenio_Quarti@ca.ibm.com,Resolution,FIXED,---
2002-10-16 10:06:12 EDT,eclipse.felipe@gmail.com,CC,asahata@us.ibm.com,
2003-08-26 14:13:33 EDT,veronika_irvine@yahoo.com,OS,Linux-Motif,Linux
