When, Who, What, Added, Removed
2002-02-28 09:22:17 EST,birsan@ca.ibm.com,Assignee,John_Wiegand@oti.com,birsan@ca.ibm.com
2002-02-28 09:22:17 EST,birsan@ca.ibm.com,Component,Doc,Help
2002-06-25 13:57:08 EDT,Kevin_Haaland@ca.ibm.com,Assignee,Mike_Wilson@oti.com,John_Wiegand@oti.com
2002-06-25 13:57:08 EDT,Kevin_Haaland@ca.ibm.com,Component,SWT,Doc
2002-06-26 09:16:10 EDT,Mike_Wilson@ca.ibm.com,Assignee,Veronika_Irvine@oti.com,Mike_Wilson@oti.com
2004-09-24 10:41:26 EDT,veronika_irvine@yahoo.com,CC,steve_northover@ca.ibm.com,
2004-09-24 11:12:17 EDT,veronika_irvine@yahoo.com,Target Milestone,3.1,---
2005-06-15 14:50:45 EDT,veronika_irvine@yahoo.com,Target Milestone,3.1 RC4,3.1
2005-06-23 15:53:40 EDT,snorthov@ca.ibm.com,CC,Carolyn_MacLeod@ca.ibm.com,
2005-06-23 16:02:08 EDT,carolynmacleod4@gmail.com,Target Milestone,---,3.1 RC4
2006-04-24 16:32:28 EDT,veronika_irvine@yahoo.com,Assignee,Carolyn_MacLeod@ca.ibm.com,veronika_irvine@ca.ibm.com
2008-06-04 13:45:39 EDT,carolynmacleod4@gmail.com,Status,RESOLVED,NEW
2008-06-04 13:45:39 EDT,carolynmacleod4@gmail.com,Resolution,FIXED,---
2008-06-04 13:45:39 EDT,carolynmacleod4@gmail.com,Target Milestone,3.4 RC4,---
