When, Who, What, Added, Removed
2002-03-01 10:14:46 EST,justin@ics.com,Severity,major,normal
2002-03-01 10:14:46 EST,justin@ics.com,Priority,P2,P3
2002-03-06 20:20:09 EST,Kevin_Haaland@ca.ibm.com,Assignee,Tod_Creasey@oti.com,Kevin_Haaland@oti.com
2002-03-07 12:09:14 EST,Tod_Creasey@ca.ibm.com,Assignee,Mike_Wilson@oti.com,Tod_Creasey@oti.com
2002-03-07 12:09:14 EST,Tod_Creasey@ca.ibm.com,Component,SWT,UI
2002-03-07 12:09:14 EST,Tod_Creasey@ca.ibm.com,Depends on,10974,
2002-03-07 12:45:30 EST,Mike_Wilson@ca.ibm.com,Assignee,Grant_Gayed@oti.com,Mike_Wilson@oti.com
2002-03-08 16:30:56 EST,grant_gayed@ca.ibm.com,CC,Tod_Creasey@oti.com,
2002-03-08 16:30:57 EST,sridhar@ics.com,CC,sridhar@ics.com,
2002-03-13 15:14:47 EST,grant_gayed@ca.ibm.com,Status,RESOLVED,NEW
2002-03-13 15:14:47 EST,grant_gayed@ca.ibm.com,Resolution,FIXED,---
2002-03-13 15:14:47 EST,grant_gayed@ca.ibm.com,Summary,View will not Size via Pull Down,Fast View will not Size via Pull Down
2002-04-09 11:52:36 EDT,grant_gayed@ca.ibm.com,Target Milestone,2.0 M4,---
