When, Who, What, Added, Removed
2002-03-01 10:15:07 EST,justin@ics.com,Severity,major,normal
2002-03-01 10:15:07 EST,justin@ics.com,Priority,P2,P3
2002-03-06 20:21:10 EST,Kevin_Haaland@ca.ibm.com,Assignee,Tod_Creasey@oti.com,Kevin_Haaland@oti.com
2002-03-07 12:11:02 EST,Tod_Creasey@ca.ibm.com,Assignee,Mike_Wilson@oti.com,Tod_Creasey@oti.com
2002-03-07 12:11:02 EST,Tod_Creasey@ca.ibm.com,Component,SWT,UI
2002-03-07 14:22:07 EST,Mike_Wilson@ca.ibm.com,Assignee,Grant_Gayed@oti.com,Mike_Wilson@oti.com
2002-03-11 12:19:54 EST,grant_gayed@ca.ibm.com,Assignee,Tod_Creasey@oti.com,Grant_Gayed@oti.com
2002-03-11 12:37:05 EST,Tod_Creasey@ca.ibm.com,Assignee,Grant_Gayed@oti.com,Tod_Creasey@oti.com
2002-03-11 12:53:56 EST,grant_gayed@ca.ibm.com,Status,RESOLVED,NEW
2002-03-11 12:53:56 EST,grant_gayed@ca.ibm.com,Resolution,FIXED,---
2002-03-11 12:53:56 EST,grant_gayed@ca.ibm.com,Summary,View will not Move via Pull Down,Fast View will not Move via Pull Down
2002-04-09 11:52:19 EDT,grant_gayed@ca.ibm.com,Target Milestone,2.0 M4,---
