When, Who, What, Added, Removed
2002-02-28 11:05:20 EST,darin.eclipse@gmail.com,Priority,P1,P3
2002-02-28 11:05:20 EST,darin.eclipse@gmail.com,Target Milestone,2.0 M4,---
2002-02-28 21:40:29 EST,Darin_Swanson@us.ibm.com,Status,RESOLVED,NEW
2002-02-28 21:40:29 EST,Darin_Swanson@us.ibm.com,Resolution,FIXED,---
2002-03-01 11:03:16 EST,Darin_Swanson@us.ibm.com,Status,REOPENED,RESOLVED
2002-03-01 11:03:16 EST,Darin_Swanson@us.ibm.com,Resolution,---,FIXED
2002-03-01 11:03:26 EST,Darin_Swanson@us.ibm.com,Status,ASSIGNED,REOPENED
2002-03-04 10:13:07 EST,darin.eclipse@gmail.com,Assignee,Darin_Swanson@oti.com,Darin_Wright@oti.com
2002-03-04 10:13:07 EST,darin.eclipse@gmail.com,Status,NEW,ASSIGNED
2002-03-04 10:13:23 EST,darin.eclipse@gmail.com,Status,RESOLVED,NEW
2002-03-04 10:13:23 EST,darin.eclipse@gmail.com,Resolution,FIXED,---
2002-03-05 10:50:15 EST,Darin_Swanson@us.ibm.com,Status,REOPENED,RESOLVED
2002-03-05 10:50:15 EST,Darin_Swanson@us.ibm.com,Resolution,---,FIXED
2002-03-05 10:50:27 EST,Darin_Swanson@us.ibm.com,Assignee,Darin_Wright@oti.com,Darin_Swanson@oti.com
2002-03-05 10:50:27 EST,Darin_Swanson@us.ibm.com,Status,NEW,REOPENED
2002-03-05 10:50:36 EST,Darin_Swanson@us.ibm.com,Status,ASSIGNED,NEW
2002-03-05 17:45:08 EST,darin.eclipse@gmail.com,Assignee,Darin_Swanson@oti.com,Darin_Wright@oti.com
2002-03-05 17:45:08 EST,darin.eclipse@gmail.com,Status,NEW,ASSIGNED
2002-03-05 17:45:18 EST,darin.eclipse@gmail.com,Status,RESOLVED,NEW
2002-03-05 17:45:18 EST,darin.eclipse@gmail.com,Resolution,FIXED,---
2002-03-07 11:41:03 EST,Darin_Swanson@us.ibm.com,Status,VERIFIED,RESOLVED
