When, Who, What, Added, Removed
2002-02-28 10:39:53 EST,dj_houghton@ca.ibm.com,Assignee,Kevin_Haaland@oti.com,DJ_Houghton@oti.com
2002-02-28 10:39:53 EST,dj_houghton@ca.ibm.com,Component,UI,Core
2002-03-01 10:14:08 EST,justin@ics.com,Severity,minor,normal
2002-03-01 10:14:08 EST,justin@ics.com,Priority,P2,P3
2002-03-06 22:26:26 EST,Kevin_Haaland@ca.ibm.com,Assignee,Mike_Wilson@oti.com,Kevin_Haaland@oti.com
2002-03-06 22:26:26 EST,Kevin_Haaland@ca.ibm.com,Component,SWT,UI
2002-03-07 08:50:43 EST,Mike_Wilson@ca.ibm.com,CC,kcornell@rational.com,
2002-03-07 08:50:43 EST,Mike_Wilson@ca.ibm.com,Assignee,Grant_Gayed@oti.com,Mike_Wilson@oti.com
2002-03-08 12:25:19 EST,grant_gayed@ca.ibm.com,Status,RESOLVED,NEW
2002-03-08 12:25:19 EST,grant_gayed@ca.ibm.com,Resolution,FIXED,---
2002-03-08 12:25:19 EST,grant_gayed@ca.ibm.com,Target Milestone,2.0 M4,---
2002-04-23 12:56:51 EDT,kcornell@ca.ibm.com,CC,rhartley@ics.com,
