When, Who, What, Added, Removed
2002-02-28 11:17:08 EST,Mike_Wilson@ca.ibm.com,Assignee,Grant_Gayed@oti.com,Mike_Wilson@oti.com
2002-02-28 13:08:13 EST,grant_gayed@ca.ibm.com,Priority,P5,P3
2002-03-01 10:18:33 EST,justin@ics.com,Severity,blocker,normal
2002-03-04 11:30:14 EST,grant_gayed@ca.ibm.com,Keywords,helpwanted,
2002-03-13 10:42:03 EST,sridhar@ics.com,CC,sridhar@ics.com,
2002-03-14 10:33:57 EST,grant_gayed@ca.ibm.com,Assignee,Mike_Wilson@oti.com,Grant_Gayed@oti.com
2002-03-14 15:58:31 EST,Mike_Wilson@ca.ibm.com,CC,kcornell@rational.com,
2002-03-14 15:58:31 EST,Mike_Wilson@ca.ibm.com,Assignee,sridhar@ics.com,Mike_Wilson@oti.com
2002-03-15 10:35:28 EST,veronika_irvine@yahoo.com,CC,grant_gayed@oti.com, mike_wilson@oti.com,
2002-03-28 10:30:12 EST,sridhar@ics.com,Assignee,kcornell@rational.com,sridhar@ics.com
2002-03-28 10:45:17 EST,kcornell@ca.ibm.com,Status,RESOLVED,NEW
2002-03-28 10:45:17 EST,kcornell@ca.ibm.com,Resolution,FIXED,---
