When, Who, What, Added, Removed
2002-02-28 13:06:07 EST,Mike_Wilson@ca.ibm.com,Assignee,Silenio_Quarti@oti.com,Mike_Wilson@oti.com
2002-02-28 13:06:07 EST,Mike_Wilson@ca.ibm.com,Summary,Bold button will not bold text in SWT TextEditor Example,Bold button will not bold text in SWT TextEditor Example
2002-03-01 10:16:29 EST,justin@ics.com,Severity,major,normal
2002-05-15 14:39:42 EDT,Silenio_Quarti@ca.ibm.com,Status,RESOLVED,NEW
2002-05-15 14:39:42 EDT,Silenio_Quarti@ca.ibm.com,Resolution,FIXED,---
