When, Who, What, Added, Removed
2002-02-28 14:45:36 EST,James_Moody@ca.ibm.com,CC,Nick_Edgar@oti.com,
2002-02-28 14:45:36 EST,James_Moody@ca.ibm.com,Assignee,James_Moody@oti.com,Kevin_McGuire@oti.com
2002-02-28 14:45:52 EST,James_Moody@ca.ibm.com,CC,Jean-Michel_Lemieux@oti.com,
2002-02-28 14:45:52 EST,James_Moody@ca.ibm.com,Status,ASSIGNED,NEW
2002-02-28 14:46:04 EST,James_Moody@ca.ibm.com,CC,Randy_Giffen@oti.com,
2002-02-28 14:46:04 EST,James_Moody@ca.ibm.com,Target Milestone,2.0 M4,---
2002-02-28 15:13:47 EST,James_Moody@ca.ibm.com,Status,RESOLVED,ASSIGNED
2002-02-28 15:13:47 EST,James_Moody@ca.ibm.com,Resolution,FIXED,---
