When, Who, What, Added, Removed
2002-02-28 13:37:17 EST,darin.eclipse@gmail.com,Target Milestone,2.0 M6,---
2002-03-04 11:12:56 EST,darin.eclipse@gmail.com,Status,ASSIGNED,NEW
2002-03-06 12:50:55 EST,darin.eclipse@gmail.com,Assignee,Darin_Swanson@oti.com,Darin_Wright@oti.com
2002-03-06 12:50:55 EST,darin.eclipse@gmail.com,Status,NEW,ASSIGNED
2002-03-06 12:51:05 EST,darin.eclipse@gmail.com,Status,RESOLVED,NEW
2002-03-06 12:51:05 EST,darin.eclipse@gmail.com,Resolution,FIXED,---
2002-03-07 11:50:29 EST,Darin_Swanson@us.ibm.com,Status,VERIFIED,RESOLVED
