When, Who, What, Added, Removed
2002-03-03 18:54:20 EST,erich_gamma@ch.ibm.com,Assignee,Martin_Aeschlimann@oti.com,Erich_Gamma@oti.com
2002-04-02 07:50:07 EST,aeschli@gmail.com,Status,ASSIGNED,NEW
2002-04-22 10:54:07 EDT,aeschli@gmail.com,Assignee,jennifer_thorsley@oti.com,Martin_Aeschlimann@oti.com
2002-04-22 10:54:07 EDT,aeschli@gmail.com,Status,NEW,ASSIGNED
2002-04-23 05:34:09 EDT,unknown@eclipse.org,Status,ASSIGNED,NEW
2002-04-26 10:13:28 EDT,unknown@eclipse.org,Status,RESOLVED,ASSIGNED
2002-04-26 10:13:28 EDT,unknown@eclipse.org,Resolution,FIXED,---
