When, Who, What, Added, Removed
2001-10-16 10:23:05 EDT,jean-michel_lemieux@ca.ibm.com,Assignee,Kevin_McGuire@oti.com,Jean-Michel_Lemieux@oti.com
2001-10-16 10:23:05 EDT,jean-michel_lemieux@ca.ibm.com,Status,NEW,ASSIGNED
2002-01-03 16:42:13 EST,James_Moody@ca.ibm.com,Priority,P5,P3
2002-02-01 14:17:13 EST,Kevin_McGuire@ca.ibm.com,Assignee,Jean-Michel_Lemieux@oti.com,Kevin_McGuire@oti.com
2002-02-01 14:48:44 EST,Kevin_McGuire@ca.ibm.com,Status,ASSIGNED,NEW
2002-03-20 13:59:52 EST,jean-michel_lemieux@ca.ibm.com,Status,RESOLVED,ASSIGNED
2002-03-20 13:59:52 EST,jean-michel_lemieux@ca.ibm.com,Resolution,FIXED,---
2002-04-09 09:16:09 EDT,jean-michel_lemieux@ca.ibm.com,Status,VERIFIED,RESOLVED
