When, Who, What, Added, Removed
2002-02-28 13:25:26 EST,Mike_Wilson@ca.ibm.com,Assignee,Steve_Northover@oti.com,Mike_Wilson@oti.com
2002-02-28 13:25:26 EST,Mike_Wilson@ca.ibm.com,Priority,P4,P3
2004-05-25 12:47:05 EDT,grant_gayed@ca.ibm.com,CC,colonel@rts-ukraine.com,
2004-09-29 16:35:33 EDT,eclipse.felipe@gmail.com,OS,QNX-Photon,All
2004-09-29 16:35:33 EDT,eclipse.felipe@gmail.com,Summary,Implement Verify listener for Combo on Photon,DCR: Combos should fire SWT.Verify
2004-09-30 10:13:57 EDT,snorthov@ca.ibm.com,Status,RESOLVED,NEW
2004-09-30 10:13:57 EDT,snorthov@ca.ibm.com,Resolution,FIXED,---
