When, Who, What, Added, Removed
2002-03-11 10:28:38 EST,dmcknigh@ca.ibm.com,Priority,P3,P4
2002-05-14 17:16:39 EDT,dmcknigh@ca.ibm.com,Target Milestone,2.0 - Release,---
2002-05-14 17:16:39 EDT,dmcknigh@ca.ibm.com,Version,2.0,1.0
2002-05-30 12:43:36 EDT,dmcknigh@ca.ibm.com,Status,RESOLVED,NEW
2002-05-30 12:43:36 EDT,dmcknigh@ca.ibm.com,Resolution,FIXED,---
2003-10-16 16:35:07 EDT,khapitas@ca.ibm.com,Target Milestone,---,2.0 - Release
2009-01-12 09:19:55 EST,dschaefer@qnx.com,Component,cdt-other,deprecated6
