When, Who, What, Added, Removed
2002-02-28 16:19:54 EST,Kevin_McGuire@ca.ibm.com,Assignee,James_Moody@oti.com,Kevin_McGuire@oti.com
2002-02-28 16:19:54 EST,Kevin_McGuire@ca.ibm.com,Target Milestone,2.0 M4,---
2002-02-28 16:56:39 EST,James_Moody@ca.ibm.com,Status,ASSIGNED,NEW
2002-03-04 15:43:59 EST,James_Moody@ca.ibm.com,Assignee,Jean-Michel_Lemieux@oti.com,James_Moody@oti.com
2002-03-04 15:43:59 EST,James_Moody@ca.ibm.com,Status,NEW,ASSIGNED
2002-03-05 11:04:30 EST,James_Moody@ca.ibm.com,CC,Kevin_McGuire@oti.com,
2002-03-19 17:49:00 EST,Kevin_McGuire@ca.ibm.com,Target Milestone,2.0 M5,2.0 M4
2002-03-20 09:40:19 EST,jean-michel_lemieux@ca.ibm.com,CC,Erich_Gamma@oti.com,
2002-03-20 17:10:56 EST,Kevin_McGuire@ca.ibm.com,Assignee,Michael_Valenta@oti.com,Jean-Michel_Lemieux@oti.com
2002-03-27 15:10:04 EST,Michael_Valenta@ca.ibm.com,Status,RESOLVED,NEW
2002-03-27 15:10:04 EST,Michael_Valenta@ca.ibm.com,Resolution,FIXED,---
2002-04-09 14:38:18 EDT,James_Moody@ca.ibm.com,Status,VERIFIED,RESOLVED
