When, Who, What, Added, Removed
2002-02-28 18:11:51 EST,john_arthorne@ca.ibm.com,Assignee,Kevin_Haaland@oti.com,DJ_Houghton@oti.com
2002-02-28 18:11:51 EST,john_arthorne@ca.ibm.com,Component,UI,Core
2002-03-01 10:17:15 EST,justin@ics.com,Severity,major,normal
2002-03-01 10:17:15 EST,justin@ics.com,Priority,P2,P3
2002-03-06 20:21:41 EST,Kevin_Haaland@ca.ibm.com,Assignee,Simon_Arsenault@oti.com,Kevin_Haaland@oti.com
2002-03-07 11:14:07 EST,simon_arsenault@ca.ibm.com,Status,RESOLVED,NEW
2002-03-07 11:14:07 EST,simon_arsenault@ca.ibm.com,Resolution,FIXED,---
