When, Who, What, Added, Removed
2002-02-28 15:15:03 EST,James_Moody@ca.ibm.com,CC,Nick_Edgar@oti.com,
2002-02-28 15:15:03 EST,Kevin_McGuire@ca.ibm.com,CC,jean-michel_lemieux@oti.com,
2002-02-28 16:37:30 EST,Kevin_McGuire@ca.ibm.com,Depends on,10526,
2002-03-01 15:23:29 EST,Kevin_McGuire@ca.ibm.com,Status,ASSIGNED,NEW
2002-03-01 15:23:29 EST,Kevin_McGuire@ca.ibm.com,Priority,P5,P3
2002-05-14 16:54:38 EDT,Kevin_McGuire@ca.ibm.com,Target Milestone,2.0 M6,---
2002-05-14 16:54:56 EDT,Kevin_McGuire@ca.ibm.com,Status,RESOLVED,ASSIGNED
2002-05-14 16:54:56 EDT,Kevin_McGuire@ca.ibm.com,Resolution,FIXED,---
