When, Who, What, Added, Removed
2002-02-28 16:20:52 EST,jared_burns@us.ibm.com,Assignee,jared-eclipse@mn.rr.com,Darin_Wright@oti.com
2002-02-28 16:24:47 EST,jared_burns@us.ibm.com,Assignee,Darin_Wright@oti.com,jared-eclipse@mn.rr.com
2002-02-28 16:24:47 EST,jared_burns@us.ibm.com,Summary,Provide default label provider API,Provide default label provider
2002-02-28 16:27:35 EST,jared_burns@us.ibm.com,Status,RESOLVED,NEW
2002-02-28 16:27:35 EST,jared_burns@us.ibm.com,Resolution,FIXED,---
2002-03-04 17:43:45 EST,darin.eclipse@gmail.com,Status,VERIFIED,RESOLVED
