When, Who, What, Added, Removed
2002-02-28 16:42:33 EST,nick_edgar@ca.ibm.com,Keywords,accessibility,
2002-03-06 10:32:14 EST,Tod_Creasey@ca.ibm.com,Keywords,usability,accessibility
2002-03-25 15:07:55 EST,simon_arsenault@ca.ibm.com,CC,Simon_Arsenault@oti.com,
2002-03-25 15:07:55 EST,simon_arsenault@ca.ibm.com,Assignee,ryan_cooper@oti.com,Simon_Arsenault@oti.com
2002-04-08 16:03:06 EDT,simon_arsenault@ca.ibm.com,Status,RESOLVED,NEW
2002-04-08 16:03:06 EDT,simon_arsenault@ca.ibm.com,Resolution,FIXED,---
