When, Who, What, Added, Removed
2002-03-04 09:03:03 EST,turnham@ca.ibm.com,Severity,normal,minor
2002-03-04 09:03:03 EST,turnham@ca.ibm.com,Target Milestone,1.0 - Release,---
2002-03-19 15:51:42 EST,turnham@ca.ibm.com,Severity,major,normal
2002-03-20 20:13:45 EST,turnham@ca.ibm.com,CC,turnham@ca.ibm.com,
2002-03-25 09:00:52 EST,turnham@ca.ibm.com,Assignee,dmcknigh@ca.ibm.com,turnham@ca.ibm.com
2002-03-25 17:11:54 EST,dmcknigh@ca.ibm.com,Status,RESOLVED,NEW
2002-03-25 17:11:54 EST,dmcknigh@ca.ibm.com,Resolution,FIXED,---
2002-03-26 15:08:14 EST,enriquev@ca.ibm.com,Status,REOPENED,RESOLVED
2002-03-26 15:08:14 EST,enriquev@ca.ibm.com,Resolution,---,FIXED
2002-03-27 11:51:45 EST,dmcknigh@ca.ibm.com,Status,RESOLVED,REOPENED
2002-03-27 11:51:45 EST,dmcknigh@ca.ibm.com,Resolution,FIXED,---
2003-09-10 15:09:50 EDT,dschaefer@qnx.com,Status,CLOSED,RESOLVED
2009-01-09 16:56:01 EST,dschaefer@qnx.com,Component,cdt-core,deprecated7
