When, Who, What, Added, Removed
2002-05-31 16:14:45 EDT,carolynmacleod4@gmail.com,Assignee,Carolyn_MacLeod@oti.com,Mike_Wilson@oti.com
2002-06-06 18:08:30 EDT,carolynmacleod4@gmail.com,Status,RESOLVED,NEW
2002-06-06 18:08:30 EDT,carolynmacleod4@gmail.com,Resolution,LATER,---
2002-06-06 18:08:30 EDT,carolynmacleod4@gmail.com,Summary,DCR: Table.setSelection(int, int) -- order matters,Table.setSelection(int, int) -- order matters
2002-09-10 10:26:20 EDT,veronika_irvine@yahoo.com,Status,REOPENED,RESOLVED
2002-09-10 10:26:20 EDT,veronika_irvine@yahoo.com,Resolution,---,LATER
2002-09-10 11:37:21 EDT,veronika_irvine@yahoo.com,Assignee,Felipe_Heidrich@oti.com,Carolyn_MacLeod@oti.com
2002-09-10 11:37:21 EDT,veronika_irvine@yahoo.com,Status,NEW,REOPENED
2002-09-11 18:03:57 EDT,Silenio_Quarti@ca.ibm.com,Status,RESOLVED,NEW
2002-09-11 18:03:57 EDT,Silenio_Quarti@ca.ibm.com,Resolution,FIXED,---
