When, Who, What, Added, Removed
2002-03-01 14:13:00 EST,philippe_mulet@fr.ibm.com,Assignee,Erich_Gamma@oti.com,Philippe_Mulet@oti.com
2002-03-01 14:13:00 EST,philippe_mulet@fr.ibm.com,Component,UI,Core
2002-03-03 18:51:06 EST,erich_gamma@ch.ibm.com,Assignee,Philippe_Mulet@oti.com,Erich_Gamma@oti.com
2002-03-03 18:51:06 EST,erich_gamma@ch.ibm.com,Component,Core,UI
2002-03-05 17:08:15 EST,philippe_mulet@fr.ibm.com,Assignee,Olivier_Thomann@oti.com,Philippe_Mulet@oti.com
2002-03-05 17:08:15 EST,philippe_mulet@fr.ibm.com,Priority,P2,P3
2002-03-05 17:08:15 EST,philippe_mulet@fr.ibm.com,Target Milestone,2.0 M4,---
2002-03-06 11:37:58 EST,Olivier_Thomann@ca.ibm.com,Status,ASSIGNED,NEW
2002-03-11 13:57:20 EST,Olivier_Thomann@ca.ibm.com,Assignee,Erich_Gamma@oti.com,Olivier_Thomann@oti.com
2002-03-11 13:57:20 EST,Olivier_Thomann@ca.ibm.com,Status,NEW,ASSIGNED
2002-03-11 13:57:20 EST,Olivier_Thomann@ca.ibm.com,Component,UI,Core
2002-03-21 02:26:15 EST,erich_gamma@ch.ibm.com,Assignee,Martin_Aeschlimann@oti.com,Erich_Gamma@oti.com
2002-03-21 02:26:15 EST,erich_gamma@ch.ibm.com,Target Milestone,2.0 M5,2.0 M4
2002-03-21 03:55:34 EST,aeschli@gmail.com,Assignee,Philippe_Mulet@oti.com,Martin_Aeschlimann@oti.com
2002-03-21 03:55:34 EST,aeschli@gmail.com,Component,Core,UI
2002-03-21 10:54:26 EST,philippe_mulet@fr.ibm.com,Assignee,Olivier_Thomann@oti.com,Philippe_Mulet@oti.com
2002-03-21 11:00:32 EST,Olivier_Thomann@ca.ibm.com,Status,ASSIGNED,NEW
2002-03-25 11:30:57 EST,Olivier_Thomann@ca.ibm.com,Status,RESOLVED,ASSIGNED
2002-03-25 11:30:57 EST,Olivier_Thomann@ca.ibm.com,Resolution,FIXED,---
