When, Who, What, Added, Removed
2002-03-01 15:18:42 EST,Kevin_McGuire@ca.ibm.com,Target Milestone,2.0 M4,---
2002-03-01 15:18:52 EST,Kevin_McGuire@ca.ibm.com,Assignee,James_Moody@oti.com,Kevin_McGuire@oti.com
2002-03-05 13:06:12 EST,James_Moody@ca.ibm.com,Status,ASSIGNED,NEW
2002-03-19 17:34:22 EST,Kevin_McGuire@ca.ibm.com,Summary,We should add "Add" to the sync view,Synchronizing new file in new package results in error
2002-03-19 17:34:22 EST,Kevin_McGuire@ca.ibm.com,Target Milestone,2.0 M5,2.0 M4
2002-04-08 18:27:16 EDT,Kevin_McGuire@ca.ibm.com,Target Milestone,2.0 M6,2.0 M5
2002-05-07 17:02:36 EDT,Kevin_McGuire@ca.ibm.com,Assignee,Jean-Michel_Lemieux@oti.com,James_Moody@oti.com
2002-05-07 17:02:36 EDT,Kevin_McGuire@ca.ibm.com,Status,NEW,ASSIGNED
2002-05-09 00:27:44 EDT,jean-michel_lemieux@ca.ibm.com,Status,RESOLVED,NEW
2002-05-09 00:27:44 EDT,jean-michel_lemieux@ca.ibm.com,Resolution,FIXED,---
