When, Who, What, Added, Removed
2002-03-03 18:45:57 EST,erich_gamma@ch.ibm.com,Assignee,Kai-Uwe_Maetzel@oti.com,Erich_Gamma@oti.com
2002-03-03 18:45:57 EST,erich_gamma@ch.ibm.com,Keywords,accessibility,
2002-03-12 10:17:13 EST,kai-uwe_maetzel@ch.ibm.com,Status,RESOLVED,NEW
2002-03-12 10:17:13 EST,kai-uwe_maetzel@ch.ibm.com,Resolution,FIXED,---
2002-03-12 10:17:13 EST,kai-uwe_maetzel@ch.ibm.com,Target Milestone,2.0 M4,---
2002-03-20 06:45:47 EST,Claude_Knaus@oti.com,Status,VERIFIED,RESOLVED
