When, Who, What, Added, Removed
2002-03-01 15:20:29 EST,Kevin_McGuire@ca.ibm.com,Status,RESOLVED,NEW
2002-03-01 15:20:29 EST,Kevin_McGuire@ca.ibm.com,Resolution,LATER,---
2002-09-09 14:36:14 EDT,Michael_Valenta@ca.ibm.com,Status,REOPENED,RESOLVED
2002-09-09 14:36:14 EDT,Michael_Valenta@ca.ibm.com,Resolution,---,LATER
2002-09-09 14:36:35 EDT,Michael_Valenta@ca.ibm.com,Status,ASSIGNED,REOPENED
2002-09-09 14:36:35 EDT,Michael_Valenta@ca.ibm.com,Keywords,usability,
2002-09-09 14:36:35 EDT,Michael_Valenta@ca.ibm.com,Summary,[CVS Sync View] Synchronize View is dangerous,Synchronize View is dangerous
2002-09-24 14:42:07 EDT,Kevin_McGuire@ca.ibm.com,Assignee,platform-vcm-inbox@eclipse.org,Kevin_McGuire@oti.com
2002-09-24 14:42:07 EDT,Kevin_McGuire@ca.ibm.com,Status,NEW,ASSIGNED
2002-09-24 14:52:30 EDT,Kevin_McGuire@ca.ibm.com,Status,ASSIGNED,NEW
2003-06-16 15:06:39 EDT,jean-michel_lemieux@ca.ibm.com,Assignee,jean-michel_lemieux@ca.ibm.com,platform-vcm-inbox@eclipse.org
2003-06-16 15:06:39 EDT,jean-michel_lemieux@ca.ibm.com,Status,NEW,ASSIGNED
2003-06-16 15:06:39 EDT,jean-michel_lemieux@ca.ibm.com,Target Milestone,3.0 M2,---
2003-06-25 08:52:45 EDT,daniel_megert@ch.ibm.com,CC,daniel_megert@ch.ibm.com,
2003-07-11 15:55:20 EDT,jean-michel_lemieux@ca.ibm.com,Status,ASSIGNED,NEW
2003-07-11 15:55:20 EDT,jean-michel_lemieux@ca.ibm.com,Target Milestone,3.0 M4,3.0 M2
2003-09-10 15:35:56 EDT,jean-michel_lemieux@ca.ibm.com,Status,RESOLVED,ASSIGNED
2003-09-10 15:35:56 EDT,jean-michel_lemieux@ca.ibm.com,Resolution,FIXED,---
2004-04-16 15:19:26 EDT,hudsonr@us.ibm.com,Status,REOPENED,RESOLVED
2004-04-16 15:19:26 EDT,hudsonr@us.ibm.com,Resolution,---,FIXED
2004-04-16 15:19:26 EDT,hudsonr@us.ibm.com,Summary,Leapfrog Synchronization UI was better,[CVS Sync View] Synchronize View is dangerous
2004-04-16 16:41:08 EDT,nitind@us.ibm.com,CC,nitind@us.ibm.com,
2004-05-06 01:02:59 EDT,jean-michel_lemieux@ca.ibm.com,Status,RESOLVED,REOPENED
2004-05-06 01:02:59 EDT,jean-michel_lemieux@ca.ibm.com,Resolution,FIXED,---
2004-05-06 01:02:59 EDT,jean-michel_lemieux@ca.ibm.com,Target Milestone,3.0 M9,3.0 M4
