When, Who, What, Added, Removed
2002-03-04 13:08:32 EST,kai-uwe_maetzel@ch.ibm.com,Assignee,Martin_Aeschlimann@oti.com,Kai-Uwe_Maetzel@oti.com
2002-03-04 13:34:07 EST,aeschli@gmail.com,CC,martin_aeschlimann@oti.com,
2002-03-04 13:34:07 EST,aeschli@gmail.com,Assignee,Philippe_Mulet@oti.com,Martin_Aeschlimann@oti.com
2002-03-04 13:34:07 EST,aeschli@gmail.com,Component,Core,UI
2002-03-04 13:34:07 EST,aeschli@gmail.com,Product,JDT,Platform
2002-03-04 13:34:07 EST,kai-uwe_maetzel@ch.ibm.com,CC,kai-uwe_maetzel@oti.com,
2002-03-04 13:52:30 EST,kai-uwe_maetzel@ch.ibm.com,CC,channing.walton@capco.com,
2002-03-05 04:40:21 EST,philippe_mulet@fr.ibm.com,Assignee,Olivier_Thomann@oti.com,Philippe_Mulet@oti.com
2002-03-05 04:40:21 EST,philippe_mulet@fr.ibm.com,Priority,P2,P3
2002-03-05 09:53:17 EST,Olivier_Thomann@ca.ibm.com,Status,ASSIGNED,NEW
2002-03-05 09:53:17 EST,channingwalton@mac.com,CC,,channing.walton@capco.com
2002-06-11 11:25:19 EDT,Olivier_Thomann@ca.ibm.com,Status,RESOLVED,ASSIGNED
2002-06-11 11:25:19 EDT,Olivier_Thomann@ca.ibm.com,Resolution,LATER,---
2002-10-22 12:17:19 EDT,Olivier_Thomann@ca.ibm.com,Status,REOPENED,RESOLVED
2002-10-22 12:17:19 EDT,Olivier_Thomann@ca.ibm.com,Resolution,---,LATER
2002-10-22 12:17:26 EDT,Olivier_Thomann@ca.ibm.com,Status,ASSIGNED,REOPENED
2002-10-22 12:21:39 EDT,Olivier_Thomann@ca.ibm.com,Target Milestone,2.1 M3,---
2002-10-22 14:38:43 EDT,Olivier_Thomann@ca.ibm.com,Assignee,jdt-ui-inbox@eclipse.org,Olivier_Thomann@oti.com
2002-10-22 14:38:43 EDT,Olivier_Thomann@ca.ibm.com,Status,NEW,ASSIGNED
2002-10-22 14:38:43 EDT,Olivier_Thomann@ca.ibm.com,Component,UI,Core
2002-10-23 04:52:29 EDT,aeschli@gmail.com,Assignee,Martin_Aeschlimann@oti.com,jdt-ui-inbox@eclipse.org
2002-10-23 05:57:16 EDT,aeschli@gmail.com,Status,RESOLVED,NEW
2002-10-23 05:57:16 EDT,aeschli@gmail.com,Resolution,FIXED,---
2002-11-14 06:28:43 EST,dirk_baeumer@ch.ibm.com,Status,VERIFIED,RESOLVED
