When, Who, What, Added, Removed
2002-03-01 06:52:06 EST,dj_houghton@ca.ibm.com,Assignee,Erich_Gamma@oti.com,DJ_Houghton@oti.com
2002-03-01 06:52:06 EST,dj_houghton@ca.ibm.com,Component,UI,Core
2002-03-01 06:52:06 EST,dj_houghton@ca.ibm.com,Product,JDT,Platform
2002-03-03 18:43:25 EST,erich_gamma@ch.ibm.com,Assignee,Kai-Uwe_Maetzel@oti.com,Erich_Gamma@oti.com
2002-03-04 11:35:44 EST,kai-uwe_maetzel@ch.ibm.com,Status,RESOLVED,NEW
2002-03-04 11:35:44 EST,kai-uwe_maetzel@ch.ibm.com,Resolution,FIXED,---
2002-03-04 11:35:44 EST,kai-uwe_maetzel@ch.ibm.com,Target Milestone,2.0 M4,---
2002-03-14 16:30:19 EST,tdefusco@metatomix.com,Status,REOPENED,RESOLVED
2002-03-14 16:30:19 EST,tdefusco@metatomix.com,Resolution,---,FIXED
2002-03-17 10:04:21 EST,kai-uwe_maetzel@ch.ibm.com,Assignee,Claude_Knaus@oti.com,Kai-Uwe_Maetzel@oti.com
2002-03-17 10:04:21 EST,kai-uwe_maetzel@ch.ibm.com,Status,NEW,REOPENED
2002-03-17 10:04:40 EST,kai-uwe_maetzel@ch.ibm.com,Priority,P2,P3
2002-03-18 02:50:01 EST,Claude_Knaus@oti.com,Status,ASSIGNED,NEW
2002-03-19 04:19:32 EST,Claude_Knaus@oti.com,Status,RESOLVED,ASSIGNED
2002-03-19 04:19:32 EST,Claude_Knaus@oti.com,Resolution,FIXED,---
2002-03-20 09:28:30 EST,aeschli@gmail.com,Status,VERIFIED,RESOLVED
2002-03-20 10:20:56 EST,aeschli@gmail.com,Status,REOPENED,VERIFIED
2002-03-20 10:20:56 EST,aeschli@gmail.com,Resolution,---,FIXED
2002-03-20 10:41:06 EST,Claude_Knaus@oti.com,Status,RESOLVED,REOPENED
2002-03-20 10:41:06 EST,Claude_Knaus@oti.com,Resolution,FIXED,---
