When, Who, What, Added, Removed
2002-03-01 10:28:59 EST,James_Moody@ca.ibm.com,Status,ASSIGNED,NEW
2002-04-18 16:44:27 EDT,jean-michel_lemieux@ca.ibm.com,Assignee,Jean-Michel_Lemieux@oti.com,James_Moody@oti.com
2002-04-18 16:44:27 EDT,jean-michel_lemieux@ca.ibm.com,Status,NEW,ASSIGNED
2002-04-18 16:44:27 EDT,jean-michel_lemieux@ca.ibm.com,Target Milestone,2.0 M6,---
2002-04-18 23:30:11 EDT,jean-michel_lemieux@ca.ibm.com,Status,RESOLVED,NEW
2002-04-18 23:30:11 EDT,jean-michel_lemieux@ca.ibm.com,Resolution,FIXED,---
