When, Who, What, Added, Removed
2002-04-03 20:54:08 EST,dejan@ca.ibm.com,Status,RESOLVED,NEW
2002-04-03 20:54:08 EST,dejan@ca.ibm.com,Resolution,FIXED,---
2002-04-17 03:17:51 EDT,daniel_megert@ch.ibm.com,Status,REOPENED,RESOLVED
2002-04-17 03:17:51 EDT,daniel_megert@ch.ibm.com,Resolution,---,FIXED
2002-04-17 09:15:23 EDT,dejan@ca.ibm.com,Priority,P1,P3
2002-04-17 13:38:54 EDT,dejan@ca.ibm.com,Target Milestone,2.0 M6,---
2002-05-06 11:09:12 EDT,dejan@ca.ibm.com,Status,RESOLVED,REOPENED
2002-05-06 11:09:12 EDT,dejan@ca.ibm.com,Resolution,FIXED,---
