When, Who, What, Added, Removed
2002-03-11 11:02:56 EST,aeschli@gmail.com,Status,ASSIGNED,NEW
2002-03-29 11:04:05 EST,aeschli@gmail.com,Assignee,Dirk_Baeumer@oti.com,Martin_Aeschlimann@oti.com
2002-03-29 11:04:05 EST,aeschli@gmail.com,Status,NEW,ASSIGNED
2002-03-29 11:04:05 EST,aeschli@gmail.com,Priority,P2,P1
2002-04-17 11:07:10 EDT,dirk_baeumer@ch.ibm.com,Assignee,Martin_Aeschlimann@oti.com,Dirk_Baeumer@oti.com
2002-04-22 11:36:16 EDT,aeschli@gmail.com,Status,RESOLVED,NEW
2002-04-22 11:36:16 EDT,aeschli@gmail.com,Resolution,FIXED,---
