When, Who, What, Added, Removed
2002-03-18 14:53:35 EST,klicnik@ca.ibm.com,Status,ASSIGNED,NEW
2002-03-18 14:53:35 EST,klicnik@ca.ibm.com,Target Milestone,2.0 M5,---
2002-04-04 09:07:44 EST,celek@ca.ibm.com,Assignee,celek@ca.ibm.com,dejan@ca.ibm.com
2002-04-04 09:07:44 EST,celek@ca.ibm.com,Status,NEW,ASSIGNED
2002-04-04 09:07:44 EST,celek@ca.ibm.com,Priority,P2,P3
2002-04-04 14:55:34 EST,celek@ca.ibm.com,Status,ASSIGNED,NEW
2002-04-05 13:05:24 EST,dejan@ca.ibm.com,Status,RESOLVED,ASSIGNED
2002-04-05 13:05:24 EST,dejan@ca.ibm.com,Resolution,FIXED,---
