When, Who, What, Added, Removed
2002-03-18 14:19:06 EST,klicnik@ca.ibm.com,Status,ASSIGNED,NEW
2002-03-18 14:19:06 EST,klicnik@ca.ibm.com,Target Milestone,2.0 M5,---
2002-04-04 09:07:00 EST,celek@ca.ibm.com,Assignee,celek@ca.ibm.com,dejan@ca.ibm.com
2002-04-04 09:07:00 EST,celek@ca.ibm.com,Status,NEW,ASSIGNED
2002-04-04 09:07:00 EST,celek@ca.ibm.com,Priority,P2,P3
2002-04-04 14:55:19 EST,celek@ca.ibm.com,Status,ASSIGNED,NEW
2002-04-04 22:21:37 EST,dejan@ca.ibm.com,Status,RESOLVED,ASSIGNED
2002-04-04 22:21:37 EST,dejan@ca.ibm.com,Resolution,FIXED,---
2002-04-04 22:21:37 EST,manahan@ca.ibm.com,CC,manahan@ca.ibm.com,
