When, Who, What, Added, Removed
2002-03-01 10:45:17 EST,darin.eclipse@gmail.com,Summary,Use new workbench selection service,Use new workbench selection service
2002-03-01 10:45:17 EST,darin.eclipse@gmail.com,Target Milestone,2.0 M5,---
2002-03-12 19:54:10 EST,Darin_Swanson@us.ibm.com,Assignee,Darin_Swanson@oti.com,Darin_Wright@oti.com
2002-03-12 19:54:19 EST,Darin_Swanson@us.ibm.com,Status,ASSIGNED,NEW
2002-03-13 10:35:13 EST,Darin_Swanson@us.ibm.com,Assignee,Darin_Wright@oti.com,Darin_Swanson@oti.com
2002-03-13 10:35:13 EST,Darin_Swanson@us.ibm.com,Status,NEW,ASSIGNED
2002-03-13 10:35:38 EST,Darin_Swanson@us.ibm.com,Status,RESOLVED,NEW
2002-03-13 10:35:38 EST,Darin_Swanson@us.ibm.com,Resolution,FIXED,---
2002-03-15 11:45:53 EST,darin.eclipse@gmail.com,Status,VERIFIED,RESOLVED
