When, Who, What, Added, Removed
2002-03-01 12:11:14 EST,Darin_Swanson@us.ibm.com,Assignee,Darin_Swanson@oti.com,Darin_Wright@oti.com
2002-03-01 12:11:20 EST,Darin_Swanson@us.ibm.com,Status,ASSIGNED,NEW
2002-03-04 09:25:22 EST,Darin_Swanson@us.ibm.com,Priority,P2,P3
2002-03-04 09:25:22 EST,Darin_Swanson@us.ibm.com,Target Milestone,2.0 M4,---
2002-03-04 10:01:24 EST,Darin_Swanson@us.ibm.com,Assignee,Darin_Wright@oti.com,Darin_Swanson@oti.com
2002-03-04 10:01:24 EST,Darin_Swanson@us.ibm.com,Status,NEW,ASSIGNED
2002-03-04 10:01:39 EST,Darin_Swanson@us.ibm.com,Status,RESOLVED,NEW
2002-03-04 10:01:39 EST,Darin_Swanson@us.ibm.com,Resolution,FIXED,---
2002-03-05 10:20:02 EST,darin.eclipse@gmail.com,Status,VERIFIED,RESOLVED
