When, Who, What, Added, Removed
2002-03-01 14:24:03 EST,darin.eclipse@gmail.com,Priority,P1,P3
2002-03-01 14:24:03 EST,darin.eclipse@gmail.com,Target Milestone,2.0 M4,---
2002-03-04 11:11:06 EST,Darin_Swanson@us.ibm.com,Assignee,Darin_Swanson@oti.com,Darin_Wright@oti.com
2002-03-04 11:11:15 EST,Darin_Swanson@us.ibm.com,Status,ASSIGNED,NEW
2002-03-04 12:29:03 EST,Darin_Swanson@us.ibm.com,Assignee,Darin_Wright@oti.com,Darin_Swanson@oti.com
2002-03-04 12:29:03 EST,Darin_Swanson@us.ibm.com,Status,NEW,ASSIGNED
2002-03-04 13:57:20 EST,darin.eclipse@gmail.com,Status,ASSIGNED,NEW
2002-03-08 15:51:10 EST,darin.eclipse@gmail.com,CC,peter_burka@oti.com,
2002-03-13 15:40:20 EST,darin.eclipse@gmail.com,Assignee,Darin_Swanson@oti.com,Darin_Wright@oti.com
2002-03-13 15:40:20 EST,darin.eclipse@gmail.com,Status,NEW,ASSIGNED
2002-03-13 15:40:36 EST,darin.eclipse@gmail.com,Status,RESOLVED,NEW
2002-03-13 15:40:36 EST,darin.eclipse@gmail.com,Resolution,FIXED,---
2002-03-18 10:59:45 EST,Darin_Swanson@us.ibm.com,Status,VERIFIED,RESOLVED
