When, Who, What, Added, Removed
2002-03-01 15:23:31 EST,Kevin_McGuire@ca.ibm.com,Status,ASSIGNED,NEW
2002-03-01 15:23:31 EST,Kevin_McGuire@ca.ibm.com,Priority,P5,P3
2002-03-01 15:33:54 EST,Kevin_McGuire@ca.ibm.com,Assignee,Michael_Valenta@oti.com,Kevin_McGuire@oti.com
2002-03-01 15:33:54 EST,Kevin_McGuire@ca.ibm.com,Severity,major,normal
2002-03-01 15:33:54 EST,Kevin_McGuire@ca.ibm.com,Status,NEW,ASSIGNED
2002-03-01 15:33:54 EST,Kevin_McGuire@ca.ibm.com,Priority,P1,P5
2002-03-01 15:33:54 EST,Kevin_McGuire@ca.ibm.com,Target Milestone,2.0 M5,---
2002-03-04 15:00:51 EST,Michael_Valenta@ca.ibm.com,Status,RESOLVED,NEW
2002-03-04 15:00:51 EST,Michael_Valenta@ca.ibm.com,Resolution,FIXED,---
2002-03-04 15:39:23 EST,Michael_Valenta@ca.ibm.com,CC,jeff_brown@oti.com,
