When, Who, What, Added, Removed
2002-03-01 13:32:06 EST,darin.eclipse@gmail.com,Target Milestone,2.0 M6,---
2002-03-22 09:51:56 EST,darin.eclipse@gmail.com,Assignee,Darin_Swanson@oti.com,Darin_Wright@oti.com
2002-03-22 09:52:09 EST,darin.eclipse@gmail.com,Status,ASSIGNED,NEW
2002-04-23 14:57:45 EDT,Darin_Swanson@us.ibm.com,Assignee,Erich_Gamma@oti.com,Darin_Swanson@oti.com
2002-04-23 14:57:45 EDT,Darin_Swanson@us.ibm.com,Status,NEW,ASSIGNED
2002-04-23 14:57:45 EDT,Darin_Swanson@us.ibm.com,Component,UI,Debug
2002-05-11 15:23:11 EDT,erich_gamma@ch.ibm.com,Status,ASSIGNED,NEW
2002-05-19 19:51:08 EDT,erich_gamma@ch.ibm.com,Status,RESOLVED,ASSIGNED
2002-05-19 19:51:08 EDT,erich_gamma@ch.ibm.com,Resolution,FIXED,---
