When, Who, What, Added, Removed
2002-03-01 13:32:39 EST,darin.eclipse@gmail.com,Priority,P1,P3
2002-03-01 13:32:39 EST,darin.eclipse@gmail.com,Target Milestone,2.0 M4,---
2002-03-01 13:32:39 EST,darin.eclipse@gmail.com,Version,2.0,1.0
2002-03-08 11:59:33 EST,Darin_Swanson@us.ibm.com,Assignee,Darin_Swanson@oti.com,Darin_Wright@oti.com
2002-03-08 11:59:40 EST,Darin_Swanson@us.ibm.com,Status,ASSIGNED,NEW
2002-03-08 11:59:40 EST,Darin_Swanson@us.ibm.com,CC,Nick_Edgar@oti.com,
2002-03-11 09:36:44 EST,nick_edgar@ca.ibm.com,Component,UI,Debug
2002-03-11 09:36:44 EST,nick_edgar@ca.ibm.com,Product,Platform,JDT
2002-03-11 09:37:12 EST,nick_edgar@ca.ibm.com,Assignee,Mike_Wilson@oti.com,Darin_Swanson@oti.com
2002-03-11 09:37:12 EST,nick_edgar@ca.ibm.com,Status,NEW,ASSIGNED
2002-03-11 09:37:12 EST,nick_edgar@ca.ibm.com,Component,SWT,UI
2002-03-13 14:18:51 EST,Mike_Wilson@ca.ibm.com,OS,All,Linux
2002-03-13 14:19:05 EST,Mike_Wilson@ca.ibm.com,Assignee,Steve_Northover@oti.com,Mike_Wilson@oti.com
2002-04-09 10:36:26 EDT,snorthov@ca.ibm.com,Status,RESOLVED,NEW
2002-04-09 10:36:26 EDT,snorthov@ca.ibm.com,Resolution,FIXED,---
2002-04-09 10:36:26 EDT,christophe.cornu+eclipse@gmail.com,CC,christophe_cornu@oti.com,
