When, Who, What, Added, Removed
2002-03-03 18:05:40 EST,erich_gamma@ch.ibm.com,Assignee,Claude_Knaus@oti.com,Erich_Gamma@oti.com
2002-03-03 18:05:40 EST,erich_gamma@ch.ibm.com,Priority,P1,P3
2002-03-04 04:43:30 EST,Claude_Knaus@oti.com,Status,ASSIGNED,NEW
2002-03-12 04:36:03 EST,Claude_Knaus@oti.com,Assignee,Philippe_Mulet@oti.com,Claude_Knaus@oti.com
2002-03-12 04:36:03 EST,Claude_Knaus@oti.com,Status,NEW,ASSIGNED
2002-03-12 04:36:03 EST,Claude_Knaus@oti.com,Component,Core,UI
2002-03-12 04:44:09 EST,Claude_Knaus@oti.com,Severity,major,normal
2002-03-12 08:04:34 EST,philippe_mulet@fr.ibm.com,Status,RESOLVED,NEW
2002-03-12 08:04:34 EST,philippe_mulet@fr.ibm.com,Resolution,FIXED,---
2002-03-12 08:04:34 EST,philippe_mulet@fr.ibm.com,Target Milestone,2.0 M4,---
2002-03-12 12:03:05 EST,philippe_mulet@fr.ibm.com,CC,Martin_Aeschlimann@oti.com,
