When, Who, What, Added, Removed
2002-03-20 10:22:45 EST,dmcknigh@ca.ibm.com,Priority,P4,P3
2002-05-14 16:50:17 EDT,dmcknigh@ca.ibm.com,Status,RESOLVED,NEW
2002-05-14 16:50:17 EDT,dmcknigh@ca.ibm.com,Resolution,FIXED,---
2002-05-14 16:50:17 EDT,dmcknigh@ca.ibm.com,Target Milestone,2.0 - Release,---
2002-05-14 16:50:17 EDT,dmcknigh@ca.ibm.com,Version,2.0,1.0
2003-10-16 16:35:18 EDT,khapitas@ca.ibm.com,Target Milestone,---,2.0 - Release
2009-01-09 16:56:04 EST,dschaefer@qnx.com,Component,cdt-core,deprecated7
