When, Who, What, Added, Removed
2002-09-11 17:19:50 EDT,dj_houghton@ca.ibm.com,Assignee,platform-core-inbox@eclipse.org,DJ_Houghton@oti.com
2002-09-11 17:19:55 EDT,dj_houghton@ca.ibm.com,Status,ASSIGNED,NEW
2002-12-03 11:31:47 EST,john_arthorne@ca.ibm.com,Assignee,John_Arthorne@oti.com,platform-core-inbox@eclipse.org
2002-12-03 11:31:47 EST,john_arthorne@ca.ibm.com,Status,NEW,ASSIGNED
2002-12-03 15:53:55 EST,john_arthorne@ca.ibm.com,Status,RESOLVED,NEW
2002-12-03 15:53:55 EST,john_arthorne@ca.ibm.com,Resolution,FIXED,---
2002-12-03 15:53:55 EST,john_arthorne@ca.ibm.com,Target Milestone,2.1 M4,---
