When, Who, What, Added, Removed
2002-05-01 17:37:51 EDT,Kevin_Haaland@ca.ibm.com,Status,ASSIGNED,NEW
2002-09-05 13:43:37 EDT,Kevin_Haaland@ca.ibm.com,Status,RESOLVED,ASSIGNED
2002-09-05 13:43:37 EDT,Kevin_Haaland@ca.ibm.com,Resolution,INVALID,---
2003-01-16 08:58:35 EST,eric.jain@gmail.com,Status,REOPENED,RESOLVED
2003-01-16 08:58:35 EST,eric.jain@gmail.com,Resolution,---,INVALID
2003-01-16 09:43:56 EST,Kevin_Haaland@ca.ibm.com,Assignee,Platform-UI-Inbox@eclipse.org,Kevin_Haaland@oti.com
2003-01-16 09:43:56 EST,Kevin_Haaland@ca.ibm.com,Status,NEW,REOPENED
2003-01-20 09:57:45 EST,Tod_Creasey@ca.ibm.com,Assignee,eduardo_pereira@ca.ibm.com,Platform-UI-Inbox@eclipse.org
2003-01-20 10:47:56 EST,eduardo_pereira@ca.ibm.com,CC,eduardo_pereira@ca.ibm.com,
2003-01-20 10:47:56 EST,eduardo_pereira@ca.ibm.com,Assignee,platform-swt-inbox@eclipse.org,eduardo_pereira@ca.ibm.com
2003-01-20 10:47:56 EST,eduardo_pereira@ca.ibm.com,Component,SWT,UI
2003-01-20 14:10:02 EST,snorthov@ca.ibm.com,Assignee,Platform-UI-Inbox@eclipse.org,platform-swt-inbox@eclipse.org
2003-01-20 14:10:02 EST,snorthov@ca.ibm.com,Component,UI,SWT
2003-01-21 10:05:10 EST,sonia_dimitrov@ca.ibm.com,Assignee,eduardo_pereira@ca.ibm.com,Platform-UI-Inbox@eclipse.org
2003-01-21 10:16:14 EST,eduardo_pereira@ca.ibm.com,Status,ASSIGNED,NEW
2003-01-21 10:16:14 EST,eduardo_pereira@ca.ibm.com,Target Milestone,2.1 M5,---
2003-01-27 16:53:47 EST,eduardo_pereira@ca.ibm.com,Status,RESOLVED,ASSIGNED
2003-01-27 16:53:47 EST,eduardo_pereira@ca.ibm.com,Resolution,FIXED,---
