When, Who, What, Added, Removed
2002-03-01 17:00:41 EST,Kevin_McGuire@ca.ibm.com,Target Milestone,2.0 M4,---
2002-03-04 10:55:02 EST,James_Moody@ca.ibm.com,CC,Claude_Knaus@oti.com,
2002-03-05 13:06:11 EST,James_Moody@ca.ibm.com,Status,ASSIGNED,NEW
2002-03-19 17:34:59 EST,Kevin_McGuire@ca.ibm.com,Target Milestone,2.0 M5,2.0 M4
2002-04-08 18:18:33 EDT,James_Moody@ca.ibm.com,Blocks,230,
2002-04-10 16:30:31 EDT,Kevin_McGuire@ca.ibm.com,Target Milestone,2.0 M6,2.0 M5
2002-04-29 16:50:04 EDT,Kevin_McGuire@ca.ibm.com,Assignee,Michael_Valenta@oti.com,James_Moody@oti.com
2002-04-29 16:50:04 EDT,Kevin_McGuire@ca.ibm.com,Status,NEW,ASSIGNED
2002-04-30 16:44:53 EDT,Michael_Valenta@ca.ibm.com,Status,ASSIGNED,NEW
2002-05-02 17:28:35 EDT,Michael_Valenta@ca.ibm.com,Status,RESOLVED,ASSIGNED
2002-05-02 17:28:35 EDT,Michael_Valenta@ca.ibm.com,Resolution,FIXED,---
