When, Who, What, Added, Removed
2002-03-04 19:04:27 EST,Kevin_McGuire@ca.ibm.com,Assignee,Jean-Michel_Lemieux@oti.com,Kevin_McGuire@oti.com
2002-03-14 18:02:15 EST,James_Moody@ca.ibm.com,Assignee,James_Moody@oti.com,Jean-Michel_Lemieux@oti.com
2002-03-14 18:02:15 EST,James_Moody@ca.ibm.com,Target Milestone,2.0 M4,---
2002-03-18 15:19:44 EST,James_Moody@ca.ibm.com,Status,ASSIGNED,NEW
2002-03-18 15:54:23 EST,James_Moody@ca.ibm.com,Status,RESOLVED,ASSIGNED
2002-03-18 15:54:23 EST,James_Moody@ca.ibm.com,Resolution,FIXED,---
