When, Who, What, Added, Removed
2002-03-04 09:55:59 EST,dj_houghton@ca.ibm.com,Assignee,Darin_Wright@oti.com,DJ_Houghton@oti.com
2002-03-04 09:55:59 EST,dj_houghton@ca.ibm.com,Component,Debug,Core
2002-03-04 09:55:59 EST,dj_houghton@ca.ibm.com,Product,JDT,Platform
2002-03-04 10:06:25 EST,darin.eclipse@gmail.com,Target Milestone,2.0 M4,---
2002-03-04 11:08:00 EST,darin.eclipse@gmail.com,Status,ASSIGNED,NEW
2002-03-07 12:06:44 EST,darin.eclipse@gmail.com,CC,Darin_Swanson@oti.com,
2002-03-07 19:30:12 EST,jcompagner@j-com.nl,CC,jcompagner@j-com.nl,
2002-03-15 14:14:53 EST,darin.eclipse@gmail.com,Assignee,jared-eclipse@mn.rr.com,Darin_Wright@oti.com
2002-03-15 14:14:53 EST,darin.eclipse@gmail.com,Status,NEW,ASSIGNED
2002-03-15 14:15:10 EST,darin.eclipse@gmail.com,Status,RESOLVED,NEW
2002-03-15 14:15:10 EST,darin.eclipse@gmail.com,Resolution,FIXED,---
2002-03-18 09:59:22 EST,jared_burns@us.ibm.com,Severity,normal,critical
2002-03-18 10:31:59 EST,jared_burns@us.ibm.com,Status,VERIFIED,RESOLVED
