When, Who, What, Added, Removed
2002-03-03 18:04:37 EST,erich_gamma@ch.ibm.com,Assignee,Martin_Aeschlimann@oti.com,Erich_Gamma@oti.com
2002-03-07 12:19:54 EST,aeschli@gmail.com,Assignee,Philippe_Mulet@oti.com,Martin_Aeschlimann@oti.com
2002-03-07 12:19:54 EST,aeschli@gmail.com,Component,Core,UI
2002-03-08 04:19:59 EST,philippe_mulet@fr.ibm.com,Assignee,Jerome_Lanneluc@oti.com,Philippe_Mulet@oti.com
2002-03-08 04:19:59 EST,philippe_mulet@fr.ibm.com,Priority,P2,P3
2002-03-08 04:19:59 EST,philippe_mulet@fr.ibm.com,Target Milestone,2.0 M4,---
2002-03-08 09:55:16 EST,jerome_lanneluc@fr.ibm.com,Status,RESOLVED,NEW
2002-03-08 09:55:16 EST,jerome_lanneluc@fr.ibm.com,Resolution,FIXED,---
