When, Who, What, Added, Removed
2002-03-03 15:59:55 EST,Darin_Swanson@us.ibm.com,Summary,Can add an empty environment variable for launch configurations,Can add an empty environment variable
2002-03-04 09:04:06 EST,darin.eclipse@gmail.com,Status,ASSIGNED,NEW
2002-03-04 09:04:06 EST,darin.eclipse@gmail.com,Target Milestone,2.0 M4,---
2002-03-04 10:57:50 EST,darin.eclipse@gmail.com,Assignee,Darin_Swanson@oti.com,Darin_Wright@oti.com
2002-03-04 10:57:50 EST,darin.eclipse@gmail.com,Status,NEW,ASSIGNED
2002-03-04 10:58:12 EST,darin.eclipse@gmail.com,Status,RESOLVED,NEW
2002-03-04 10:58:12 EST,darin.eclipse@gmail.com,Resolution,FIXED,---
2002-03-05 11:10:28 EST,Darin_Swanson@us.ibm.com,Status,VERIFIED,RESOLVED
