When, Who, What, Added, Removed
2002-03-04 09:04:53 EST,darin.eclipse@gmail.com,Status,ASSIGNED,NEW
2002-03-04 09:04:53 EST,darin.eclipse@gmail.com,Priority,P1,P3
2002-03-04 09:04:53 EST,darin.eclipse@gmail.com,Target Milestone,2.0 M4,---
2002-03-04 10:39:15 EST,darin.eclipse@gmail.com,Assignee,Darin_Swanson@oti.com,Darin_Wright@oti.com
2002-03-04 10:39:15 EST,darin.eclipse@gmail.com,Status,NEW,ASSIGNED
2002-03-04 10:39:23 EST,darin.eclipse@gmail.com,Status,RESOLVED,NEW
2002-03-04 10:39:23 EST,darin.eclipse@gmail.com,Resolution,FIXED,---
2002-03-05 11:02:02 EST,Darin_Swanson@us.ibm.com,Status,VERIFIED,RESOLVED
