When, Who, What, Added, Removed
2002-03-13 13:32:41 EST,darin.eclipse@gmail.com,Status,RESOLVED,NEW
2002-03-13 13:32:41 EST,darin.eclipse@gmail.com,Resolution,LATER,---
2002-08-15 17:11:12 EDT,Darin_Swanson@us.ibm.com,Status,REOPENED,RESOLVED
2002-08-15 17:11:12 EDT,Darin_Swanson@us.ibm.com,Resolution,---,LATER
2002-08-19 15:02:01 EDT,Darin_Swanson@us.ibm.com,Assignee,Darin_Swanson@oti.com,Darin_Wright@oti.com
2002-08-19 15:02:01 EDT,Darin_Swanson@us.ibm.com,Status,NEW,REOPENED
2002-08-19 15:02:01 EDT,Darin_Swanson@us.ibm.com,Target Milestone,2.1,---
2002-08-19 15:02:07 EDT,Darin_Swanson@us.ibm.com,Status,ASSIGNED,NEW
2002-08-27 10:06:13 EDT,jared_burns@us.ibm.com,Severity,enhancement,normal
2002-09-04 15:40:00 EDT,Darin_Swanson@us.ibm.com,Assignee,Luc_Bourlier@oti.com,Darin_Swanson@oti.com
2002-09-04 15:40:00 EDT,Darin_Swanson@us.ibm.com,Status,NEW,ASSIGNED
2002-09-04 15:42:18 EDT,Darin_Swanson@us.ibm.com,Status,RESOLVED,NEW
2002-09-04 15:42:18 EDT,Darin_Swanson@us.ibm.com,Resolution,FIXED,---
2002-09-05 08:54:12 EDT,eclipse@skyluc.org,Status,VERIFIED,RESOLVED
