When, Who, What, Added, Removed
2002-03-04 16:13:10 EST,Darin_Swanson@us.ibm.com,Assignee,Darin_Swanson@oti.com,Darin_Wright@oti.com
2002-03-04 16:13:17 EST,Darin_Swanson@us.ibm.com,Status,ASSIGNED,NEW
2002-03-04 16:29:08 EST,Darin_Swanson@us.ibm.com,Priority,P2,P3
2002-03-04 16:29:08 EST,Darin_Swanson@us.ibm.com,Target Milestone,2.0 M4,---
2002-03-04 18:29:50 EST,Darin_Swanson@us.ibm.com,Assignee,jared-eclipse@mn.rr.com,Darin_Swanson@oti.com
2002-03-04 18:29:50 EST,Darin_Swanson@us.ibm.com,Status,NEW,ASSIGNED
2002-03-04 18:30:10 EST,Darin_Swanson@us.ibm.com,Status,RESOLVED,NEW
2002-03-04 18:30:10 EST,Darin_Swanson@us.ibm.com,Resolution,FIXED,---
2002-03-05 10:19:56 EST,jared_burns@us.ibm.com,Status,VERIFIED,RESOLVED
