When, Who, What, Added, Removed
2002-03-04 06:21:48 EST,philippe_mulet@fr.ibm.com,Assignee,Erich_Gamma@oti.com,Philippe_Mulet@oti.com
2002-03-04 06:21:48 EST,philippe_mulet@fr.ibm.com,Component,UI,Core
2002-03-07 05:54:07 EST,erich_gamma@ch.ibm.com,Assignee,Martin_Aeschlimann@oti.com,Erich_Gamma@oti.com
2002-03-29 12:30:44 EST,aeschli@gmail.com,CC,bslesins@best.com,
2002-04-02 07:50:07 EST,aeschli@gmail.com,Status,ASSIGNED,NEW
2002-04-15 12:40:34 EDT,aeschli@gmail.com,Status,RESOLVED,ASSIGNED
2002-04-15 12:40:34 EDT,aeschli@gmail.com,Resolution,FIXED,---
