When, Who, What, Added, Removed
2002-03-04 06:22:06 EST,philippe_mulet@fr.ibm.com,Assignee,Erich_Gamma@oti.com,Philippe_Mulet@oti.com
2002-03-04 06:22:06 EST,philippe_mulet@fr.ibm.com,Component,UI,Core
2002-03-07 05:55:32 EST,erich_gamma@ch.ibm.com,Assignee,Dirk_Baeumer@oti.com,Erich_Gamma@oti.com
2002-03-07 05:55:32 EST,erich_gamma@ch.ibm.com,Priority,P4,P3
2002-06-17 10:25:35 EDT,dirk_baeumer@ch.ibm.com,Status,RESOLVED,NEW
2002-06-17 10:25:35 EDT,dirk_baeumer@ch.ibm.com,Resolution,LATER,---
2002-07-26 06:19:06 EDT,dirk_baeumer@ch.ibm.com,CC,tammo.freese@offis.de,
2002-08-13 10:57:11 EDT,dirk_baeumer@ch.ibm.com,Status,REOPENED,RESOLVED
2002-08-13 10:57:11 EDT,dirk_baeumer@ch.ibm.com,Resolution,---,LATER
2002-08-13 10:57:11 EDT,dirk_baeumer@ch.ibm.com,Summary,provide "inline method call" refactoring [refactoring],provide "inline method call" refactoring
2003-02-12 13:16:39 EST,dirk_baeumer@ch.ibm.com,Status,RESOLVED,REOPENED
2003-02-12 13:16:39 EST,dirk_baeumer@ch.ibm.com,Resolution,FIXED,---
2003-02-12 13:16:39 EST,dirk_baeumer@ch.ibm.com,Target Milestone,2.1 M5,---
