When, Who, What, Added, Removed
2002-03-04 03:38:55 EST,preuss@disy.net,Summary,provide "anonymous inner to named inner class" refactoring,provide "anonymous inner to named inner class"
2002-03-04 06:28:13 EST,philippe_mulet@fr.ibm.com,Assignee,Erich_Gamma@oti.com,Philippe_Mulet@oti.com
2002-03-04 06:28:13 EST,philippe_mulet@fr.ibm.com,Component,UI,Core
2002-03-04 18:27:34 EST,erich_gamma@ch.ibm.com,CC,dirk_baeumer@oti.com,
2002-03-04 18:27:34 EST,erich_gamma@ch.ibm.com,Status,RESOLVED,NEW
2002-03-04 18:27:34 EST,erich_gamma@ch.ibm.com,Resolution,LATER,---
2002-03-04 18:27:34 EST,nickell@parc.com,CC,nickell@parc.com,
2002-07-23 09:18:09 EDT,dirk_baeumer@ch.ibm.com,Target Milestone,2.1,---
2002-07-24 08:36:04 EDT,dirk_baeumer@ch.ibm.com,Summary,provide "anonymous inner to named inner class" refactoring [refactoring],provide "anonymous inner to named inner class" refactoring
2002-07-25 05:03:03 EDT,dirk_baeumer@ch.ibm.com,Keywords,investigate,
2002-07-25 05:03:03 EDT,dirk_baeumer@ch.ibm.com,Target Milestone,---,2.1
2002-09-12 09:42:11 EDT,dirk_baeumer@ch.ibm.com,Assignee,jdt-ui-inbox@eclipse.org,Erich_Gamma@oti.com
2002-09-12 09:42:11 EDT,dirk_baeumer@ch.ibm.com,Status,NEW,RESOLVED
2002-09-12 10:10:37 EDT,dirk_baeumer@ch.ibm.com,Status,ASSIGNED,NEW
2003-02-22 14:19:58 EST,akiezun@gmail.com,Status,RESOLVED,ASSIGNED
2003-02-22 14:19:58 EST,akiezun@gmail.com,Resolution,FIXED,LATER
2003-02-22 14:19:58 EST,akiezun@gmail.com,Target Milestone,2.1,---
