When, Who, What, Added, Removed
2002-03-04 06:28:43 EST,philippe_mulet@fr.ibm.com,Assignee,Erich_Gamma@oti.com,Philippe_Mulet@oti.com
2002-03-04 06:28:43 EST,philippe_mulet@fr.ibm.com,Component,UI,Core
2002-03-05 09:23:55 EST,erich_gamma@ch.ibm.com,Assignee,Adam_Kiezun@oti.com,Erich_Gamma@oti.com
2002-03-05 09:23:55 EST,erich_gamma@ch.ibm.com,Priority,P2,P3
2002-03-05 10:52:40 EST,akiezun@gmail.com,Status,ASSIGNED,NEW
2002-03-05 10:52:40 EST,akiezun@gmail.com,Target Milestone,2.0 M6,---
2002-03-12 08:49:09 EST,akiezun@gmail.com,OS,All,Linux
2002-03-12 13:06:03 EST,akiezun@gmail.com,Target Milestone,2.0 M5,2.0 M6
2002-03-13 08:42:05 EST,akiezun@gmail.com,Status,RESOLVED,ASSIGNED
2002-03-13 08:42:05 EST,akiezun@gmail.com,Resolution,FIXED,---
