When, Who, What, Added, Removed
2002-04-08 21:22:07 EDT,darin.eclipse@gmail.com,Status,RESOLVED,NEW
2002-04-08 21:22:07 EDT,darin.eclipse@gmail.com,Resolution,LATER,---
2002-08-28 13:40:14 EDT,darin.eclipse@gmail.com,Severity,enhancement,normal
2003-05-12 15:13:37 EDT,darin.eclipse@gmail.com,Status,REOPENED,RESOLVED
2003-05-12 15:13:37 EDT,darin.eclipse@gmail.com,Resolution,---,LATER
2003-05-12 15:13:37 EDT,darin.eclipse@gmail.com,Target Milestone,3.0,---
2003-05-12 15:13:43 EDT,darin.eclipse@gmail.com,Assignee,jdt-debug-inbox@eclipse.org,Darin_Wright@ca.ibm.com
2003-05-12 15:13:43 EDT,darin.eclipse@gmail.com,Status,NEW,REOPENED
2003-09-11 16:54:26 EDT,darin.eclipse@gmail.com,Assignee,Darin_Wright@ca.ibm.com,jdt-debug-inbox@eclipse.org
2003-09-11 16:54:32 EDT,darin.eclipse@gmail.com,Status,ASSIGNED,NEW
2003-09-12 12:53:07 EDT,darin.eclipse@gmail.com,Assignee,jaredburns@acm.org,Darin_Wright@ca.ibm.com
2003-09-12 12:53:07 EDT,darin.eclipse@gmail.com,Status,NEW,ASSIGNED
2003-09-12 12:53:22 EDT,darin.eclipse@gmail.com,Status,RESOLVED,NEW
2003-09-12 12:53:22 EDT,darin.eclipse@gmail.com,Resolution,FIXED,---
2003-09-12 12:53:22 EDT,darin.eclipse@gmail.com,Target Milestone,3.0 M4,3.0
2003-09-12 13:50:20 EDT,jared_burns@us.ibm.com,Status,VERIFIED,RESOLVED
