When, Who, What, Added, Removed
2002-03-04 08:24:01 EST,Olivier_Thomann@ca.ibm.com,Status,ASSIGNED,NEW
2002-03-04 09:15:17 EST,Olivier_Thomann@ca.ibm.com,Status,RESOLVED,ASSIGNED
2002-03-04 09:15:17 EST,Olivier_Thomann@ca.ibm.com,Resolution,WORKSFORME,---
2002-03-04 09:17:19 EST,Olivier_Thomann@ca.ibm.com,Target Milestone,2.0 M4,---
2002-03-05 12:38:06 EST,Olivier_Thomann@ca.ibm.com,Status,REOPENED,RESOLVED
2002-03-05 12:38:06 EST,Olivier_Thomann@ca.ibm.com,Resolution,---,WORKSFORME
2002-03-05 12:38:20 EST,Olivier_Thomann@ca.ibm.com,Status,ASSIGNED,REOPENED
2002-03-05 13:05:09 EST,Olivier_Thomann@ca.ibm.com,Status,RESOLVED,ASSIGNED
2002-03-05 13:05:09 EST,Olivier_Thomann@ca.ibm.com,Resolution,FIXED,---
