When, Who, What, Added, Removed
2002-03-04 04:43:34 EST,akiezun@gmail.com,Assignee,Adam_Kiezun@oti.com,Philippe_Mulet@oti.com
2002-03-04 04:43:34 EST,akiezun@gmail.com,Component,UI,Core
2002-03-04 09:00:13 EST,akiezun@gmail.com,Status,ASSIGNED,NEW
2002-03-04 09:00:13 EST,akiezun@gmail.com,Priority,P4,P3
2002-03-22 08:53:55 EST,akiezun@gmail.com,CC,dcorbin@ieee.org,
2002-03-22 09:08:59 EST,akiezun@gmail.com,Status,RESOLVED,ASSIGNED
2002-03-22 09:08:59 EST,akiezun@gmail.com,Resolution,FIXED,---
