When, Who, What, Added, Removed
2002-03-04 09:30:40 EST,smcclenahan@gmail.com,CC,smcclenahan@stellent.com,
2002-03-05 09:02:55 EST,darin.eclipse@gmail.com,Status,RESOLVED,NEW
2002-03-05 09:02:55 EST,darin.eclipse@gmail.com,Resolution,LATER,---
2002-03-11 23:21:21 EST,valentinbaciu@hotmail.com,CC,valentin.baciu@solcorp.com,
2002-08-28 11:11:27 EDT,darin.eclipse@gmail.com,Severity,enhancement,major
2002-08-28 11:11:46 EDT,darin.eclipse@gmail.com,Summary,Support for JDI v 1.3,NoSuchMethodError on launching debugger
2002-08-28 11:11:46 EDT,valentinbaciu@hotmail.com,CC,,valentin.baciu@solcorp.com
2002-09-03 13:32:50 EDT,darin.eclipse@gmail.com,Status,REOPENED,RESOLVED
2002-09-03 13:32:50 EDT,darin.eclipse@gmail.com,Resolution,---,LATER
2002-09-03 13:32:50 EDT,darin.eclipse@gmail.com,Target Milestone,2.1,---
2002-09-03 16:02:59 EDT,darin.eclipse@gmail.com,CC,Andre_Weinand@oti.com,
2002-09-03 16:03:00 EDT,smcclenahan@gmail.com,CC,,SMcClenahan@Stellent.com
2002-09-03 17:48:53 EDT,jared_burns@us.ibm.com,Status,RESOLVED,REOPENED
2002-09-03 17:48:53 EDT,jared_burns@us.ibm.com,Resolution,FIXED,---
2002-09-04 09:32:56 EDT,darin.eclipse@gmail.com,Status,VERIFIED,RESOLVED
