When, Who, What, Added, Removed
2002-03-04 09:14:37 EST,darin.eclipse@gmail.com,Status,RESOLVED,NEW
2002-03-04 09:14:37 EST,darin.eclipse@gmail.com,Resolution,INVALID,---
2002-03-04 09:14:37 EST,darin.eclipse@gmail.com,Summary,Need callback by LaunchManager to listeners when a thread terminates,Need callback by LaunchManager to listeners when a thread terminates
2002-03-04 09:52:44 EST,aeschli@gmail.com,Status,REOPENED,RESOLVED
2002-03-04 09:52:44 EST,aeschli@gmail.com,Resolution,---,INVALID
2002-03-04 09:57:03 EST,darin.eclipse@gmail.com,Target Milestone,2.0 M6,---
2002-03-04 11:13:40 EST,darin.eclipse@gmail.com,Status,ASSIGNED,REOPENED
2002-03-04 11:18:06 EST,darin.eclipse@gmail.com,Assignee,Darin_Swanson@oti.com,Darin_Wright@oti.com
2002-03-04 11:18:06 EST,darin.eclipse@gmail.com,Status,NEW,ASSIGNED
2002-03-04 11:18:17 EST,darin.eclipse@gmail.com,Status,RESOLVED,NEW
2002-03-04 11:18:17 EST,darin.eclipse@gmail.com,Resolution,FIXED,---
2002-03-04 12:40:52 EST,Darin_Swanson@us.ibm.com,Status,VERIFIED,RESOLVED
