When, Who, What, Added, Removed
2002-03-04 09:30:47 EST,darin.eclipse@gmail.com,Status,RESOLVED,NEW
2002-03-04 09:30:47 EST,darin.eclipse@gmail.com,Resolution,WONTFIX,---
2002-03-04 11:26:28 EST,darin.eclipse@gmail.com,Status,REOPENED,RESOLVED
2002-03-04 11:26:28 EST,darin.eclipse@gmail.com,Resolution,---,WONTFIX
2002-03-04 11:28:43 EST,darin.eclipse@gmail.com,Assignee,Darin_Swanson@oti.com,Darin_Wright@oti.com
2002-03-04 11:28:43 EST,darin.eclipse@gmail.com,Status,NEW,REOPENED
2002-03-04 11:28:59 EST,darin.eclipse@gmail.com,Status,RESOLVED,NEW
2002-03-04 11:28:59 EST,darin.eclipse@gmail.com,Resolution,FIXED,---
2002-03-04 11:57:36 EST,unknown@eclipse.org,Status,VERIFIED,RESOLVED
