When, Who, What, Added, Removed
2002-03-04 10:47:51 EST,nick_edgar@ca.ibm.com,CC,dj_houghton@oti.com,
2002-03-04 10:47:51 EST,nick_edgar@ca.ibm.com,Assignee,Lynne_Kues@oti.com,Kevin_Haaland@oti.com
2002-03-04 11:10:46 EST,nick_edgar@ca.ibm.com,Priority,P2,P1
2002-03-04 11:10:46 EST,nick_edgar@ca.ibm.com,Summary,Ensure local history is used for UI operations,Local history improvements in UI
2002-03-04 11:10:46 EST,nick_edgar@ca.ibm.com,Target Milestone,2.0 M4,---
2002-03-04 11:10:46 EST,lynne_kues@us.ibm.com,CC,Knut_Radloff@oti.com,
2002-03-04 11:10:46 EST,nick_edgar@ca.ibm.com,Depends on,10696,
2002-03-12 16:00:20 EST,lynne_kues@us.ibm.com,Status,RESOLVED,NEW
2002-03-12 16:00:20 EST,lynne_kues@us.ibm.com,Resolution,FIXED,---
