When, Who, What, Added, Removed
2002-03-04 14:48:16 EST,dejan@ca.ibm.com,CC,Kevin_McGuire@oti.com,
2002-04-18 00:19:49 EDT,dejan@ca.ibm.com,Priority,P2,P3
2002-05-16 09:47:43 EDT,dejan@ca.ibm.com,CC,Nick_Edgar@oti.com,
2002-05-17 17:52:28 EDT,dejan@ca.ibm.com,CC,Luc_Bourlier@oti.com,
2002-05-24 19:57:43 EDT,dejan@ca.ibm.com,Assignee,Nick_Edgar@oti.com,dejan@ca.ibm.com
2002-05-24 19:57:43 EDT,dejan@ca.ibm.com,Product,Platform,PDE
2002-05-28 20:05:40 EDT,nick_edgar@ca.ibm.com,Assignee,Tod_Creasey@oti.com,Nick_Edgar@oti.com
2002-05-29 08:27:18 EDT,Tod_Creasey@ca.ibm.com,Assignee,dejan@ca.ibm.com,Tod_Creasey@oti.com
2002-05-29 08:27:18 EDT,Tod_Creasey@ca.ibm.com,Product,PDE,Platform
2002-05-29 10:19:49 EDT,dejan@ca.ibm.com,Status,RESOLVED,NEW
2002-05-29 10:19:49 EDT,dejan@ca.ibm.com,Resolution,FIXED,---
2002-05-29 10:19:49 EDT,dejan@ca.ibm.com,Target Milestone,2.0 F2,---
