When, Who, What, Added, Removed
2002-03-04 12:22:12 EST,darin.eclipse@gmail.com,Severity,critical,normal
2002-03-04 12:22:12 EST,darin.eclipse@gmail.com,Priority,P1,P3
2002-03-04 12:22:12 EST,darin.eclipse@gmail.com,Target Milestone,2.0 M4,---
2002-03-04 13:29:53 EST,Darin_Swanson@us.ibm.com,Assignee,Darin_Swanson@oti.com,Darin_Wright@oti.com
2002-03-04 13:30:02 EST,Darin_Swanson@us.ibm.com,Status,ASSIGNED,NEW
2002-03-04 13:55:36 EST,Darin_Swanson@us.ibm.com,Assignee,jared-eclipse@mn.rr.com,Darin_Swanson@oti.com
2002-03-04 13:55:36 EST,Darin_Swanson@us.ibm.com,Status,NEW,ASSIGNED
2002-03-04 13:55:50 EST,Darin_Swanson@us.ibm.com,Status,RESOLVED,NEW
2002-03-04 13:55:50 EST,Darin_Swanson@us.ibm.com,Resolution,FIXED,---
2002-03-05 10:23:27 EST,jared_burns@us.ibm.com,Status,VERIFIED,RESOLVED
