When, Who, What, Added, Removed
2002-03-04 12:18:40 EST,john_arthorne@ca.ibm.com,Version,2.0,1.0
2002-03-18 11:30:55 EST,john_arthorne@ca.ibm.com,CC,Kevin_Haaland@oti.com,
2002-03-22 14:09:42 EST,john_arthorne@ca.ibm.com,Assignee,John_Arthorne@oti.com,DJ_Houghton@oti.com
2002-03-22 14:09:42 EST,john_arthorne@ca.ibm.com,Target Milestone,2.0 M5,---
2002-03-27 13:14:07 EST,john_arthorne@ca.ibm.com,Status,RESOLVED,NEW
2002-03-27 13:14:07 EST,john_arthorne@ca.ibm.com,Resolution,FIXED,---
2002-04-12 11:09:28 EDT,James_Moody@ca.ibm.com,Status,REOPENED,RESOLVED
2002-04-12 11:09:28 EDT,James_Moody@ca.ibm.com,Resolution,---,FIXED
2002-04-12 17:09:08 EDT,James_Moody@ca.ibm.com,Assignee,Nick_Edgar@oti.com,John_Arthorne@oti.com
2002-04-12 17:09:08 EDT,James_Moody@ca.ibm.com,Status,NEW,REOPENED
2002-04-12 17:09:08 EDT,James_Moody@ca.ibm.com,Component,UI,Core
2002-04-12 17:15:37 EDT,nick_edgar@ca.ibm.com,CC,Mike_Wilson@oti.com,
2002-04-12 23:27:12 EDT,nick_edgar@ca.ibm.com,Target Milestone,2.0 M6,2.0 M5
2002-04-15 15:17:05 EDT,nick_edgar@ca.ibm.com,Status,RESOLVED,NEW
2002-04-15 15:17:05 EDT,nick_edgar@ca.ibm.com,Resolution,FIXED,---
