When, Who, What, Added, Removed
2002-03-04 11:07:27 EST,nick_edgar@ca.ibm.com,Depends on,10696,
2002-03-07 03:41:10 EST,erich_gamma@ch.ibm.com,Assignee,Andre_Weinand@oti.com,Erich_Gamma@oti.com
2002-03-07 03:41:10 EST,erich_gamma@ch.ibm.com,Target Milestone,2.0 M5,---
2002-03-07 06:43:10 EST,andre_weinand@ch.ibm.com,Status,ASSIGNED,NEW
2002-03-26 08:52:44 EST,nick_edgar@ca.ibm.com,CC,Jim_des_Rivieres@oti.com,
2002-04-08 11:51:51 EDT,andre_weinand@ch.ibm.com,Status,RESOLVED,ASSIGNED
2002-04-08 11:51:51 EDT,andre_weinand@ch.ibm.com,Resolution,FIXED,---
