When, Who, What, Added, Removed
2002-03-06 20:25:06 EST,Kevin_Haaland@ca.ibm.com,Assignee,Nick_Edgar@oti.com,Kevin_Haaland@oti.com
2002-03-06 21:55:52 EST,hudsonr@us.ibm.com,Priority,P3,P2
2002-05-26 14:50:30 EDT,nick_edgar@ca.ibm.com,Status,ASSIGNED,NEW
2002-05-26 14:50:30 EDT,nick_edgar@ca.ibm.com,Priority,P2,P3
2002-05-26 14:50:30 EDT,nick_edgar@ca.ibm.com,Depends on,15923,
2002-08-13 11:45:07 EDT,eduardo_pereira@ca.ibm.com,Summary,[Cell Editors] CellEditor class is hard to use outside of Tables,CellEditor class is hard to use outside of Tables
2002-09-03 12:39:53 EDT,simon_arsenault@ca.ibm.com,Assignee,andrew_irvine@oti.com,Nick_Edgar@oti.com
2002-09-03 12:39:53 EDT,simon_arsenault@ca.ibm.com,Status,NEW,ASSIGNED
2002-09-04 15:27:53 EDT,eduardo_pereira@ca.ibm.com,Status,ASSIGNED,NEW
2002-11-22 11:14:12 EST,airvine@ca.ibm.com,Status,RESOLVED,ASSIGNED
2002-11-22 11:14:12 EST,airvine@ca.ibm.com,Resolution,FIXED,---
