When, Who, What, Added, Removed
2002-03-05 06:15:48 EST,philippe_mulet@fr.ibm.com,Assignee,Olivier_Thomann@oti.com,Philippe_Mulet@oti.com
2002-03-05 06:15:48 EST,philippe_mulet@fr.ibm.com,Priority,P2,P1
2002-03-05 06:15:48 EST,philippe_mulet@fr.ibm.com,Summary,Performance - Binary model should not cache the classfile bytes,Binary model should not cache the classfile bytes
2002-03-05 09:52:39 EST,Olivier_Thomann@ca.ibm.com,Status,ASSIGNED,NEW
2002-03-08 13:04:42 EST,Olivier_Thomann@ca.ibm.com,Status,RESOLVED,ASSIGNED
2002-03-08 13:04:42 EST,Olivier_Thomann@ca.ibm.com,Resolution,FIXED,---
2002-03-08 13:05:18 EST,Olivier_Thomann@ca.ibm.com,Target Milestone,2.0 M4,---
