When, Who, What, Added, Removed
2002-03-04 18:21:22 EST,erich_gamma@ch.ibm.com,Assignee,Claude_Knaus@oti.com,Erich_Gamma@oti.com
2002-03-04 18:21:22 EST,erich_gamma@ch.ibm.com,Priority,P4,P3
2002-03-05 04:10:30 EST,Claude_Knaus@oti.com,Status,ASSIGNED,NEW
2002-10-28 06:37:11 EST,Claude_Knaus@oti.com,CC,brettkotch@hotmail.com,
2003-02-24 05:15:17 EST,kai-uwe_maetzel@ch.ibm.com,Assignee,jdt-text-inbox@eclipse.org,Claude_Knaus@oti.com
2003-02-24 05:15:17 EST,kai-uwe_maetzel@ch.ibm.com,Status,NEW,ASSIGNED
2003-02-24 05:15:17 EST,kai-uwe_maetzel@ch.ibm.com,Component,Text,UI
2004-11-10 08:22:48 EST,eclipse@tom.hofmann.name,CC,dev.tom.menzel@gmx.net,
2004-11-10 08:25:10 EST,eclipse@tom.hofmann.name,Status,ASSIGNED,NEW
2004-11-10 08:25:10 EST,eclipse@tom.hofmann.name,Summary,[templates] need more flexible type mechanism,Template - need more flexible type mechanism
2004-12-17 04:38:42 EST,preuss@disy.net,CC,preuss@disy.net,
2005-01-07 13:08:42 EST,goerge@a1.net,CC,goerge@a1.net,
2005-11-13 07:09:39 EST,g.albrecht@mobilkom.at,CC,eclipse@anz.at,
2006-02-08 17:01:36 EST,mail@roland-stuehmer.de,CC,eclipse-bugs@atrus.info,
2006-05-02 09:51:11 EDT,ole.d@lgaard.dk,CC,ole.d@lgaard.dk,
2006-06-23 06:25:47 EDT,eclipse@tom.hofmann.name,Status,RESOLVED,ASSIGNED
2006-06-23 06:25:47 EDT,eclipse@tom.hofmann.name,OS,All,Windows NT
2006-06-23 06:25:47 EDT,eclipse@tom.hofmann.name,Resolution,FIXED,---
2006-06-23 06:25:47 EDT,eclipse@tom.hofmann.name,Target Milestone,3.3 M1,---
2006-10-19 18:29:49 EDT,bigguy@bokski.com,CC,wojtek.bok@rcmp-grc.gc.ca,
2006-10-20 02:35:30 EDT,daniel_megert@ch.ibm.com,Status,CLOSED,RESOLVED
