When, Who, What, Added, Removed
2002-03-04 18:21:55 EST,erich_gamma@ch.ibm.com,Assignee,Claude_Knaus@oti.com,Erich_Gamma@oti.com
2002-03-04 18:21:55 EST,erich_gamma@ch.ibm.com,Priority,P2,P3
2002-03-05 04:11:16 EST,Claude_Knaus@oti.com,Status,ASSIGNED,NEW
2002-03-08 04:16:18 EST,Claude_Knaus@oti.com,Status,RESOLVED,ASSIGNED
2002-03-08 04:16:18 EST,Claude_Knaus@oti.com,Resolution,FIXED,---
2002-03-08 04:16:18 EST,Claude_Knaus@oti.com,Summary,Templates - JavaDoc should not be default type,Tepmplates - JavaDoc should not be default type
2002-03-08 04:16:18 EST,Claude_Knaus@oti.com,Target Milestone,2.0 M4,---
