When, Who, What, Added, Removed
2002-03-05 14:32:56 EST,Kevin_McGuire@ca.ibm.com,Status,ASSIGNED,NEW
2002-03-05 14:32:56 EST,Kevin_McGuire@ca.ibm.com,Priority,P5,P3
2002-04-08 15:33:40 EDT,jean-michel_lemieux@ca.ibm.com,Assignee,Jean-Michel_Lemieux@oti.com,Kevin_McGuire@oti.com
2002-04-08 15:33:40 EDT,jean-michel_lemieux@ca.ibm.com,Status,NEW,ASSIGNED
2002-04-08 18:32:25 EDT,jean-michel_lemieux@ca.ibm.com,Status,RESOLVED,NEW
2002-04-08 18:32:25 EDT,jean-michel_lemieux@ca.ibm.com,Resolution,FIXED,---
2002-04-08 18:32:25 EDT,jean-michel_lemieux@ca.ibm.com,Target Milestone,2.0 M5,---
2002-04-09 15:01:43 EDT,Michael_Valenta@ca.ibm.com,Status,VERIFIED,RESOLVED
