When, Who, What, Added, Removed
2002-03-06 14:11:37 EST,nick_edgar@ca.ibm.com,Assignee,Nick_Edgar@oti.com,Kevin_Haaland@oti.com
2002-03-28 22:00:43 EST,nick_edgar@ca.ibm.com,Assignee,Tod_Creasey@oti.com,Nick_Edgar@oti.com
2002-03-28 22:00:43 EST,nick_edgar@ca.ibm.com,Target Milestone,2.0 M5,---
2002-04-01 09:39:59 EST,Tod_Creasey@ca.ibm.com,Status,RESOLVED,NEW
2002-04-01 09:39:59 EST,Tod_Creasey@ca.ibm.com,Resolution,FIXED,---
2005-05-10 14:54:07 EDT,Tod_Creasey@ca.ibm.com,Status,CLOSED,RESOLVED
