When, Who, What, Added, Removed
2002-03-05 09:22:19 EST,erich_gamma@ch.ibm.com,Status,RESOLVED,NEW
2002-03-05 09:22:19 EST,erich_gamma@ch.ibm.com,Resolution,WORKSFORME,---
2002-03-05 09:22:19 EST,erich_gamma@ch.ibm.com,Summary,indicate overriden methods,indicate overriden methods
2002-03-05 12:41:29 EST,ryc@mail.utexas.edu,Status,REOPENED,RESOLVED
2002-03-05 12:41:29 EST,ryc@mail.utexas.edu,Resolution,---,WORKSFORME
2002-03-11 08:41:17 EST,erich_gamma@ch.ibm.com,Status,RESOLVED,REOPENED
2002-03-11 08:41:17 EST,erich_gamma@ch.ibm.com,Resolution,LATER,---
2002-07-23 09:22:31 EDT,dirk_baeumer@ch.ibm.com,Status,REOPENED,RESOLVED
2002-07-23 09:22:31 EDT,dirk_baeumer@ch.ibm.com,Resolution,---,LATER
2002-07-23 09:22:42 EDT,dirk_baeumer@ch.ibm.com,Assignee,Kai-Uwe_Maetzel@oti.com,Erich_Gamma@oti.com
2002-07-23 09:22:42 EDT,dirk_baeumer@ch.ibm.com,Status,NEW,REOPENED
2002-08-20 11:49:51 EDT,kai-uwe_maetzel@ch.ibm.com,Component,Text,UI
2002-09-12 13:17:25 EDT,kai-uwe_maetzel@ch.ibm.com,Assignee,jdt-text-inbox@eclipse.org,Kai-Uwe_Maetzel@oti.com
2002-09-12 13:23:35 EDT,kai-uwe_maetzel@ch.ibm.com,Status,ASSIGNED,NEW
2004-03-23 11:21:35 EST,daniel_megert@ch.ibm.com,Assignee,daniel_megert@ch.ibm.com,jdt-text-inbox@eclipse.org
2004-03-23 11:21:35 EST,daniel_megert@ch.ibm.com,Status,NEW,ASSIGNED
2004-03-23 11:21:35 EST,daniel_megert@ch.ibm.com,Target Milestone,3.0 M9,---
2004-03-23 11:23:46 EST,daniel_megert@ch.ibm.com,CC,gpothier@free.fr,
2004-04-07 05:57:49 EDT,daniel_megert@ch.ibm.com,Status,RESOLVED,NEW
2004-04-07 05:57:49 EDT,daniel_megert@ch.ibm.com,Resolution,FIXED,---
