When, Who, What, Added, Removed
2002-03-05 09:13:43 EST,darin.eclipse@gmail.com,Target Milestone,2.0 M5,---
2002-03-05 16:24:10 EST,Darin_Swanson@us.ibm.com,Assignee,Darin_Swanson@oti.com,Darin_Wright@oti.com
2002-03-05 16:24:18 EST,Darin_Swanson@us.ibm.com,Status,ASSIGNED,NEW
2002-03-15 00:16:52 EST,Darin_Swanson@us.ibm.com,CC,Erich_Gamma@oti.com,
2002-03-26 08:46:16 EST,darin.eclipse@gmail.com,CC,fkirill@lieks.com,
2002-03-28 13:22:32 EST,Darin_Swanson@us.ibm.com,CC,Eduardo_Pereira@oti.com,
2002-04-02 16:43:20 EST,Darin_Swanson@us.ibm.com,Assignee,Darin_Wright@oti.com,Darin_Swanson@oti.com
2002-04-02 16:43:20 EST,Darin_Swanson@us.ibm.com,Status,NEW,ASSIGNED
2002-04-02 16:52:14 EST,Darin_Swanson@us.ibm.com,Status,RESOLVED,NEW
2002-04-02 16:52:14 EST,Darin_Swanson@us.ibm.com,Resolution,FIXED,---
2002-04-09 10:01:50 EDT,darin.eclipse@gmail.com,Status,VERIFIED,RESOLVED
