When, Who, What, Added, Removed
2002-03-07 06:38:25 EST,andre_weinand@ch.ibm.com,Assignee,Andre_Weinand@oti.com,Erich_Gamma@oti.com
2002-03-07 06:38:35 EST,andre_weinand@ch.ibm.com,Status,ASSIGNED,NEW
2003-02-10 09:18:52 EST,andre_weinand@ch.ibm.com,CC,veronika_irvine@ca.ibm.com,
2003-02-14 02:48:15 EST,andre_weinand@ch.ibm.com,Assignee,platform-vcm-inbox@eclipse.org,andre_weinand@ch.ibm.com
2003-02-14 02:48:15 EST,andre_weinand@ch.ibm.com,Status,NEW,ASSIGNED
2003-02-14 02:48:15 EST,andre_weinand@ch.ibm.com,Component,VCM,Compare
2003-02-14 02:48:15 EST,andre_weinand@ch.ibm.com,Target Milestone,2.1 RC1,---
2003-02-14 11:28:45 EST,sonia_dimitrov@ca.ibm.com,Assignee,Michael_Valenta@ca.ibm.com,platform-vcm-inbox@eclipse.org
2003-02-18 15:12:43 EST,Kevin_McGuire@ca.ibm.com,Assignee,Jean-Michel_Lemieux@oti.com,Michael_Valenta@ca.ibm.com
2003-03-02 20:41:34 EST,jean-michel_lemieux@ca.ibm.com,Status,RESOLVED,NEW
2003-03-02 20:41:34 EST,jean-michel_lemieux@ca.ibm.com,Resolution,FIXED,---
2003-03-02 20:41:34 EST,jean-michel_lemieux@ca.ibm.com,Target Milestone,2.1 RC2,2.1 RC1
