When, Who, What, Added, Removed
2002-03-05 09:38:15 EST,rodrigo@peretti.ca,CC,rodrigo_peretti@oti.com,
2002-03-05 09:38:15 EST,rodrigo@peretti.ca,Assignee,Erich_Gamma@oti.com,DJ_Houghton@oti.com
2002-03-05 09:38:15 EST,rodrigo@peretti.ca,Component,UI,Core
2002-03-05 09:38:15 EST,rodrigo@peretti.ca,Product,JDT,Platform
2002-03-07 06:03:02 EST,erich_gamma@ch.ibm.com,Assignee,Martin_Aeschlimann@oti.com,Erich_Gamma@oti.com
2002-03-07 06:03:02 EST,erich_gamma@ch.ibm.com,Priority,P2,P3
2002-03-07 12:07:25 EST,aeschli@gmail.com,Status,RESOLVED,NEW
2002-03-07 12:07:25 EST,aeschli@gmail.com,Resolution,FIXED,---
