When, Who, What, Added, Removed
2002-03-05 21:03:44 EST,Kevin_McGuire@ca.ibm.com,Status,ASSIGNED,NEW
2002-03-05 21:03:44 EST,Kevin_McGuire@ca.ibm.com,Priority,P5,P3
2002-03-05 21:05:34 EST,Kevin_McGuire@ca.ibm.com,Assignee,Jean-Michel_Lemieux@oti.com,Kevin_McGuire@oti.com
2002-03-05 21:05:34 EST,Kevin_McGuire@ca.ibm.com,Status,NEW,ASSIGNED
2002-03-05 21:40:09 EST,Kevin_McGuire@ca.ibm.com,Priority,P3,P5
2002-03-05 21:40:09 EST,Kevin_McGuire@ca.ibm.com,Target Milestone,2.0 M4,---
2002-03-08 16:23:08 EST,jean-michel_lemieux@ca.ibm.com,Status,RESOLVED,NEW
2002-03-08 16:23:08 EST,jean-michel_lemieux@ca.ibm.com,Resolution,FIXED,---
