When, Who, What, Added, Removed
2002-03-05 10:50:05 EST,darin.eclipse@gmail.com,Status,ASSIGNED,NEW
2002-03-05 10:50:05 EST,darin.eclipse@gmail.com,Priority,P1,P3
2002-03-05 10:50:05 EST,darin.eclipse@gmail.com,Target Milestone,2.0 M4,---
2002-03-05 11:10:04 EST,darin.eclipse@gmail.com,Assignee,jared-eclipse@mn.rr.com,Darin_Wright@oti.com
2002-03-05 11:10:04 EST,darin.eclipse@gmail.com,Status,NEW,ASSIGNED
2002-03-05 11:10:13 EST,darin.eclipse@gmail.com,Status,RESOLVED,NEW
2002-03-05 11:10:13 EST,darin.eclipse@gmail.com,Resolution,FIXED,---
2002-03-05 11:26:04 EST,jared_burns@us.ibm.com,Status,VERIFIED,RESOLVED
