When, Who, What, Added, Removed
2002-03-05 15:42:07 EST,Kevin_McGuire@ca.ibm.com,Status,ASSIGNED,NEW
2002-03-05 15:42:07 EST,Kevin_McGuire@ca.ibm.com,Priority,P5,P3
2002-04-08 15:35:53 EDT,jean-michel_lemieux@ca.ibm.com,Assignee,James_Moody@oti.com,Kevin_McGuire@oti.com
2002-04-08 15:35:53 EDT,jean-michel_lemieux@ca.ibm.com,Status,NEW,ASSIGNED
2002-04-08 17:08:26 EDT,James_Moody@ca.ibm.com,Status,RESOLVED,NEW
2002-04-08 17:08:26 EDT,James_Moody@ca.ibm.com,Resolution,FIXED,---
2002-04-09 13:38:51 EDT,jean-michel_lemieux@ca.ibm.com,Target Milestone,2.0 M5,---
2002-04-09 15:09:48 EDT,Michael_Valenta@ca.ibm.com,Status,VERIFIED,RESOLVED
