When, Who, What, Added, Removed
2002-03-05 11:04:10 EST,darin.eclipse@gmail.com,Status,ASSIGNED,NEW
2002-03-05 11:04:10 EST,darin.eclipse@gmail.com,Priority,P1,P3
2002-03-05 11:04:10 EST,darin.eclipse@gmail.com,Target Milestone,2.0 M4,---
2002-03-05 11:08:17 EST,darin.eclipse@gmail.com,Assignee,Darin_Swanson@oti.com,Darin_Wright@oti.com
2002-03-05 11:08:17 EST,darin.eclipse@gmail.com,Status,NEW,ASSIGNED
2002-03-05 11:08:27 EST,darin.eclipse@gmail.com,Status,RESOLVED,NEW
2002-03-05 11:08:27 EST,darin.eclipse@gmail.com,Resolution,FIXED,---
2002-03-05 11:08:27 EST,Darin_Swanson@us.ibm.com,CC,Darin_Wright@oti.com,
2002-03-05 12:08:59 EST,darin.eclipse@gmail.com,Status,REOPENED,RESOLVED
2002-03-05 12:08:59 EST,darin.eclipse@gmail.com,Resolution,---,FIXED
2002-03-05 12:09:09 EST,darin.eclipse@gmail.com,Status,ASSIGNED,REOPENED
2002-03-05 12:09:09 EST,darin.eclipse@gmail.com,Priority,P2,P1
2002-03-05 19:05:26 EST,darin.eclipse@gmail.com,Status,RESOLVED,ASSIGNED
2002-03-05 19:05:26 EST,darin.eclipse@gmail.com,Resolution,FIXED,---
2002-03-07 11:45:58 EST,Darin_Swanson@us.ibm.com,Status,VERIFIED,RESOLVED
