When, Who, What, Added, Removed
2002-03-05 11:13:02 EST,darin.eclipse@gmail.com,Status,ASSIGNED,NEW
2002-03-05 11:13:02 EST,darin.eclipse@gmail.com,Priority,P1,P3
2002-03-05 11:13:02 EST,darin.eclipse@gmail.com,Target Milestone,2.0 M4,---
2002-03-05 19:17:29 EST,darin.eclipse@gmail.com,Assignee,Darin_Swanson@oti.com,Darin_Wright@oti.com
2002-03-05 19:17:29 EST,darin.eclipse@gmail.com,Status,NEW,ASSIGNED
2002-03-05 19:18:00 EST,darin.eclipse@gmail.com,Status,RESOLVED,NEW
2002-03-05 19:18:00 EST,darin.eclipse@gmail.com,Resolution,FIXED,---
2002-03-07 11:43:17 EST,Darin_Swanson@us.ibm.com,Status,VERIFIED,RESOLVED
