When, Who, What, Added, Removed
2002-03-05 11:13:20 EST,darin.eclipse@gmail.com,Severity,critical,normal
2002-03-05 11:13:20 EST,darin.eclipse@gmail.com,Status,ASSIGNED,NEW
2002-03-05 11:13:20 EST,darin.eclipse@gmail.com,Priority,P1,P3
2002-03-05 11:13:20 EST,darin.eclipse@gmail.com,Target Milestone,2.0 M4,---
2002-03-05 11:21:37 EST,darin.eclipse@gmail.com,Assignee,Darin_Swanson@oti.com,Darin_Wright@oti.com
2002-03-05 11:21:37 EST,darin.eclipse@gmail.com,Status,NEW,ASSIGNED
2002-03-05 11:21:48 EST,darin.eclipse@gmail.com,Status,RESOLVED,NEW
2002-03-05 11:21:48 EST,darin.eclipse@gmail.com,Resolution,FIXED,---
2002-03-05 11:32:08 EST,Darin_Swanson@us.ibm.com,Status,VERIFIED,RESOLVED
