When, Who, What, Added, Removed
2002-03-06 09:46:12 EST,debbie_wilson@ca.ibm.com,URL,Debbie_Wilson@oti.com,
2002-03-06 09:46:12 EST,debbie_wilson@ca.ibm.com,Status,ASSIGNED,NEW
2002-03-06 09:46:56 EST,debbie_wilson@ca.ibm.com,Assignee,Debbie_Wilson@oti.com,DJ_Houghton@oti.com
2002-03-06 09:46:56 EST,debbie_wilson@ca.ibm.com,URL,,Debbie_Wilson@oti.com
2002-03-06 09:46:56 EST,debbie_wilson@ca.ibm.com,Status,NEW,ASSIGNED
2002-03-06 09:47:23 EST,debbie_wilson@ca.ibm.com,Status,ASSIGNED,NEW
2002-03-06 11:21:05 EST,debbie_wilson@ca.ibm.com,CC,dj_houghton@oti.com,
2002-03-12 10:16:17 EST,debbie_wilson@ca.ibm.com,Status,RESOLVED,ASSIGNED
2002-03-12 10:16:17 EST,debbie_wilson@ca.ibm.com,Resolution,FIXED,---
2002-03-12 10:20:23 EST,dj_houghton@ca.ibm.com,Target Milestone,2.0 M4,---
