When, Who, What, Added, Removed
2002-03-05 15:42:54 EST,Kevin_McGuire@ca.ibm.com,Status,ASSIGNED,NEW
2002-03-05 15:42:54 EST,Kevin_McGuire@ca.ibm.com,Priority,P5,P3
2002-03-05 21:05:07 EST,Kevin_McGuire@ca.ibm.com,Assignee,Jean-Michel_Lemieux@oti.com,Kevin_McGuire@oti.com
2002-03-05 21:05:07 EST,Kevin_McGuire@ca.ibm.com,Status,NEW,ASSIGNED
2002-03-05 21:47:55 EST,Kevin_McGuire@ca.ibm.com,Target Milestone,2.0 M4,---
2002-03-05 21:48:05 EST,Kevin_McGuire@ca.ibm.com,Priority,P3,P5
2002-03-06 12:59:24 EST,James_Moody@ca.ibm.com,CC,Adam_Kiezun@oti.com,
2002-03-07 16:29:01 EST,Michael_Valenta@ca.ibm.com,Assignee,Michael_Valenta@oti.com,Jean-Michel_Lemieux@oti.com
2002-03-08 20:08:06 EST,Michael_Valenta@ca.ibm.com,Status,ASSIGNED,NEW
2002-03-11 09:10:00 EST,Michael_Valenta@ca.ibm.com,Status,RESOLVED,ASSIGNED
2002-03-11 09:10:00 EST,Michael_Valenta@ca.ibm.com,Resolution,FIXED,---
