When, Who, What, Added, Removed
2002-03-05 12:20:40 EST,Darin_Swanson@us.ibm.com,Blocks,8590,
2002-03-07 22:11:50 EST,Kevin_Haaland@ca.ibm.com,Assignee,Nick_Edgar@oti.com,Kevin_Haaland@oti.com
2002-03-07 22:11:50 EST,Kevin_Haaland@ca.ibm.com,Severity,enhancement,normal
2002-03-07 22:11:50 EST,Kevin_Haaland@ca.ibm.com,Priority,P2,P3
2002-03-11 14:53:59 EST,nick_edgar@ca.ibm.com,Status,ASSIGNED,NEW
2002-03-11 14:53:59 EST,nick_edgar@ca.ibm.com,Target Milestone,2.0 M5,---
2002-04-03 16:17:39 EST,nick_edgar@ca.ibm.com,Assignee,Eduardo_Pereira@oti.com,Nick_Edgar@oti.com
2002-04-03 16:17:39 EST,nick_edgar@ca.ibm.com,Status,NEW,ASSIGNED
2002-04-08 18:25:33 EDT,eduardo_pereira@ca.ibm.com,Status,RESOLVED,NEW
2002-04-08 18:25:33 EDT,eduardo_pereira@ca.ibm.com,Resolution,FIXED,---
2002-04-12 22:49:10 EDT,nick_edgar@ca.ibm.com,Status,REOPENED,RESOLVED
2002-04-12 22:49:10 EDT,nick_edgar@ca.ibm.com,Resolution,---,FIXED
2002-04-12 22:49:25 EDT,nick_edgar@ca.ibm.com,Target Milestone,2.0 M6,2.0 M5
2002-04-12 22:49:25 EDT,eduardo_pereira@ca.ibm.com,CC,Nick_Edgar@oti.com,
2002-04-15 09:29:49 EDT,eduardo_pereira@ca.ibm.com,Status,RESOLVED,REOPENED
2002-04-15 09:29:49 EDT,eduardo_pereira@ca.ibm.com,Resolution,FIXED,---
