When, Who, What, Added, Removed
2002-03-05 20:18:13 EST,James_Moody@ca.ibm.com,Assignee,Erich_Gamma@oti.com,Kevin_McGuire@oti.com
2002-03-05 20:18:13 EST,James_Moody@ca.ibm.com,Component,Compare,VCM
2002-03-07 06:34:55 EST,andre_weinand@ch.ibm.com,Assignee,Andre_Weinand@oti.com,Erich_Gamma@oti.com
2002-03-07 06:35:11 EST,andre_weinand@ch.ibm.com,Status,ASSIGNED,NEW
2002-06-01 05:12:57 EDT,andre_weinand@ch.ibm.com,Status,RESOLVED,ASSIGNED
2002-06-01 05:12:57 EDT,andre_weinand@ch.ibm.com,Resolution,FIXED,---
2002-06-01 05:12:57 EDT,andre_weinand@ch.ibm.com,Target Milestone,2.0 F2,---
2002-06-02 17:48:49 EDT,erich_gamma@ch.ibm.com,Assignee,Adam_Kiezun@oti.com,Andre_Weinand@oti.com
2002-06-02 17:48:49 EDT,erich_gamma@ch.ibm.com,Status,NEW,RESOLVED
2002-06-03 09:51:04 EDT,akiezun@gmail.com,Status,RESOLVED,NEW
2002-06-03 09:51:12 EDT,akiezun@gmail.com,Status,VERIFIED,RESOLVED
