When, Who, What, Added, Removed
2002-03-05 14:27:37 EST,john_arthorne@ca.ibm.com,Assignee,Darin_Wright@oti.com,DJ_Houghton@oti.com
2002-03-05 14:27:37 EST,john_arthorne@ca.ibm.com,Component,Debug,Core
2002-03-05 14:27:37 EST,john_arthorne@ca.ibm.com,Product,JDT,Platform
2002-03-05 14:34:43 EST,Darin_Swanson@us.ibm.com,CC,Darin_Swanson@oti.com,
2002-03-05 14:46:57 EST,darin.eclipse@gmail.com,Priority,P2,P3
2002-03-05 14:46:57 EST,darin.eclipse@gmail.com,Target Milestone,2.0 M5,---
2002-03-25 09:10:03 EST,darin.eclipse@gmail.com,Assignee,Joe_Szurszewski@oti.com,Darin_Wright@oti.com
2002-03-25 09:10:13 EST,darin.eclipse@gmail.com,Status,ASSIGNED,NEW
2002-03-26 17:04:11 EST,eclipse@szurszewski.com,Status,RESOLVED,ASSIGNED
2002-03-26 17:04:11 EST,eclipse@szurszewski.com,Resolution,LATER,---
2002-03-26 17:04:49 EST,eclipse@szurszewski.com,CC,amanji@ca.ibm.com,
2002-06-26 10:05:05 EDT,Darin_Swanson@us.ibm.com,Target Milestone,---,2.0 M5
2002-06-26 10:15:35 EDT,Darin_Swanson@us.ibm.com,Assignee,Darin_Wright@oti.com,Joe_Szurszewski@oti.com
2002-06-26 10:15:35 EDT,Darin_Swanson@us.ibm.com,Status,NEW,RESOLVED
2002-06-26 11:16:36 EDT,Darin_Swanson@us.ibm.com,Status,RESOLVED,NEW
2004-07-29 13:49:25 EDT,darin.eclipse@gmail.com,Status,REOPENED,RESOLVED
2004-07-29 13:49:25 EDT,darin.eclipse@gmail.com,Resolution,---,LATER
2004-07-29 13:49:42 EDT,darin.eclipse@gmail.com,Status,RESOLVED,REOPENED
2004-07-29 13:49:42 EDT,darin.eclipse@gmail.com,Resolution,FIXED,---
2004-07-29 13:49:42 EDT,darin.eclipse@gmail.com,Target Milestone,3.0,---
2004-07-29 13:49:54 EDT,darin.eclipse@gmail.com,Status,VERIFIED,RESOLVED
