When, Who, What, Added, Removed
2002-03-05 15:26:02 EST,jb6494@momail.sbc.com,CC,jb6494@momail.sbc.com,
2002-03-06 22:33:51 EST,darin.eclipse@gmail.com,Priority,P1,P3
2002-03-06 22:33:51 EST,darin.eclipse@gmail.com,Target Milestone,2.0 M4,---
2002-03-13 15:38:08 EST,Darin_Swanson@us.ibm.com,CC,jbo@neurosoft.net,
2002-03-13 16:02:53 EST,darin.eclipse@gmail.com,Status,ASSIGNED,NEW
2002-03-13 16:31:16 EST,darin.eclipse@gmail.com,Assignee,Darin_Swanson@oti.com,Darin_Wright@oti.com
2002-03-13 16:31:16 EST,darin.eclipse@gmail.com,Status,NEW,ASSIGNED
2002-03-13 16:32:44 EST,darin.eclipse@gmail.com,Status,RESOLVED,NEW
2002-03-13 16:32:44 EST,darin.eclipse@gmail.com,Resolution,FIXED,---
2002-03-17 12:50:34 EST,Darin_Swanson@us.ibm.com,Status,VERIFIED,RESOLVED
2009-10-28 04:32:50 EDT,jones2544@gmail.com,CC,jones2544@gmail.com,
