When, Who, What, Added, Removed
2002-03-05 15:48:44 EST,Kevin_McGuire@ca.ibm.com,CC,kevin_mcguire@oti.com,
2002-03-05 15:48:44 EST,Kevin_McGuire@ca.ibm.com,Assignee,Kai-Uwe_Maetzel@oti.com,Kevin_McGuire@oti.com
2002-03-05 15:48:44 EST,Kevin_McGuire@ca.ibm.com,Component,UI,VCM
2002-03-05 15:48:44 EST,Kevin_McGuire@ca.ibm.com,Priority,P3,P1
2002-04-08 05:28:01 EDT,kai-uwe_maetzel@ch.ibm.com,Status,RESOLVED,NEW
2002-04-08 05:28:01 EDT,kai-uwe_maetzel@ch.ibm.com,Resolution,FIXED,---
2002-04-08 05:28:01 EDT,kai-uwe_maetzel@ch.ibm.com,Target Milestone,2.0 M5,---
