When, Who, What, Added, Removed
2002-03-06 07:07:39 EST,philippe_mulet@fr.ibm.com,Assignee,Kent_Johnson@oti.com,Philippe_Mulet@oti.com
2002-03-06 07:07:39 EST,philippe_mulet@fr.ibm.com,Priority,P2,P3
2002-03-06 07:07:39 EST,philippe_mulet@fr.ibm.com,Target Milestone,2.0 M4,---
2002-03-06 11:15:53 EST,kent_johnson@ca.ibm.com,Status,RESOLVED,NEW
2002-03-06 11:15:53 EST,kent_johnson@ca.ibm.com,Resolution,FIXED,---
2002-03-07 06:30:14 EST,philippe_mulet@fr.ibm.com,CC,Tod_Creasey@oti.com,
2002-03-08 12:14:32 EST,kent_johnson@ca.ibm.com,CC,James_Moody@oti.com,
