When, Who, What, Added, Removed
2002-03-05 19:20:26 EST,darin.eclipse@gmail.com,Priority,P1,P3
2002-03-05 19:20:26 EST,darin.eclipse@gmail.com,Target Milestone,2.0 M4,---
2002-03-06 08:34:24 EST,darin.eclipse@gmail.com,CC,Kevin_McGuire@oti.com,
2002-03-06 08:55:29 EST,Darin_Swanson@us.ibm.com,Assignee,Darin_Swanson@oti.com,Darin_Wright@oti.com
2002-03-06 08:55:37 EST,Darin_Swanson@us.ibm.com,Status,ASSIGNED,NEW
2002-03-06 10:05:30 EST,Darin_Swanson@us.ibm.com,Assignee,Darin_Wright@oti.com,Darin_Swanson@oti.com
2002-03-06 10:05:30 EST,Darin_Swanson@us.ibm.com,Status,NEW,ASSIGNED
2002-03-06 10:07:00 EST,Darin_Swanson@us.ibm.com,CC,Erich_Gamma@oti.com,
2002-03-06 10:07:00 EST,Darin_Swanson@us.ibm.com,Status,RESOLVED,NEW
2002-03-06 10:07:00 EST,Darin_Swanson@us.ibm.com,Resolution,FIXED,---
2002-03-06 10:35:23 EST,darin.eclipse@gmail.com,Status,VERIFIED,RESOLVED
2002-03-06 12:15:00 EST,darin.eclipse@gmail.com,CC,jim@scolamoore.com,
2002-03-06 16:45:06 EST,darin.eclipse@gmail.com,CC,Veronika_Irvine@oti.com,
