When, Who, What, Added, Removed
2002-03-13 13:27:15 EST,darin.eclipse@gmail.com,Target Milestone,2.0 M5,---
2002-03-19 14:59:16 EST,eclipse@szurszewski.com,Status,ASSIGNED,NEW
2002-03-20 17:24:01 EST,darin.eclipse@gmail.com,Assignee,Darin_Swanson@oti.com,Darin_Wright@oti.com
2002-03-20 17:24:01 EST,darin.eclipse@gmail.com,Status,NEW,ASSIGNED
2002-03-20 17:24:09 EST,darin.eclipse@gmail.com,Status,ASSIGNED,NEW
2002-03-21 13:14:47 EST,Darin_Swanson@us.ibm.com,Assignee,Darin_Wright@oti.com,Darin_Swanson@oti.com
2002-03-21 13:14:47 EST,Darin_Swanson@us.ibm.com,Status,NEW,ASSIGNED
2002-03-21 13:15:05 EST,Darin_Swanson@us.ibm.com,Status,RESOLVED,NEW
2002-03-21 13:15:05 EST,Darin_Swanson@us.ibm.com,Resolution,FIXED,---
2002-03-25 12:29:24 EST,darin.eclipse@gmail.com,Status,VERIFIED,RESOLVED
