When, Who, What, Added, Removed
2002-03-05 22:02:28 EST,Kevin_McGuire@ca.ibm.com,Summary,"Update" should not appear in outgoing mode,"Update" should not appear in outgoing mode
2002-03-05 22:02:28 EST,Kevin_McGuire@ca.ibm.com,Target Milestone,2.0 M4,---
2002-03-05 22:02:28 EST,Kevin_McGuire@ca.ibm.com,Blocks,10823,
2002-03-06 11:47:59 EST,James_Moody@ca.ibm.com,Status,ASSIGNED,NEW
2002-03-11 17:26:45 EST,James_Moody@ca.ibm.com,Status,RESOLVED,ASSIGNED
2002-03-11 17:26:45 EST,James_Moody@ca.ibm.com,Resolution,FIXED,---
