When, Who, What, Added, Removed
2002-03-05 22:05:17 EST,celek@ca.ibm.com,Assignee,celek@ca.ibm.com,klicnik@ca.ibm.com
2002-03-05 22:05:17 EST,celek@ca.ibm.com,Summary,[NPE] Internal error opening feature archive.,Internal error opening feature archive.
2002-03-18 14:23:17 EST,klicnik@ca.ibm.com,Status,ASSIGNED,NEW
2002-03-18 14:23:17 EST,klicnik@ca.ibm.com,Target Milestone,2.0 M5,---
2002-03-26 15:18:06 EST,celek@ca.ibm.com,Status,RESOLVED,ASSIGNED
2002-03-26 15:18:06 EST,celek@ca.ibm.com,Resolution,FIXED,---
