When, Who, What, Added, Removed
2002-03-06 08:36:24 EST,darin.eclipse@gmail.com,Status,ASSIGNED,NEW
2002-03-06 08:36:24 EST,darin.eclipse@gmail.com,Priority,P2,P3
2002-03-06 08:36:24 EST,darin.eclipse@gmail.com,Target Milestone,2.0 M4,---
2002-03-13 15:54:54 EST,darin.eclipse@gmail.com,Assignee,Darin_Swanson@oti.com,Darin_Wright@oti.com
2002-03-13 15:54:54 EST,darin.eclipse@gmail.com,Status,NEW,ASSIGNED
2002-03-13 15:57:41 EST,darin.eclipse@gmail.com,Status,RESOLVED,NEW
2002-03-13 15:57:41 EST,darin.eclipse@gmail.com,Resolution,FIXED,---
2002-03-17 12:52:30 EST,Darin_Swanson@us.ibm.com,Status,VERIFIED,RESOLVED
2002-05-08 18:24:03 EDT,erich_gamma@ch.ibm.com,Status,REOPENED,VERIFIED
2002-05-08 18:24:03 EDT,erich_gamma@ch.ibm.com,Resolution,---,FIXED
2002-05-14 10:44:48 EDT,darin.eclipse@gmail.com,CC,Darin_Wright@oti.com,
2002-05-14 10:54:46 EDT,Darin_Swanson@us.ibm.com,Status,ASSIGNED,REOPENED
2002-05-14 11:04:03 EDT,darin.eclipse@gmail.com,Assignee,Joe_Szurszewski@oti.com,Darin_Swanson@oti.com
2002-05-14 11:04:03 EDT,darin.eclipse@gmail.com,Status,NEW,ASSIGNED
2002-05-14 11:04:12 EDT,darin.eclipse@gmail.com,Status,ASSIGNED,NEW
2002-05-14 11:04:31 EDT,darin.eclipse@gmail.com,Target Milestone,2.0 M6,2.0 M4
2002-05-14 16:21:38 EDT,eclipse@szurszewski.com,Assignee,Darin_Wright@oti.com,Joe_Szurszewski@oti.com
2002-05-14 16:21:38 EDT,eclipse@szurszewski.com,Status,NEW,ASSIGNED
2002-05-14 16:21:49 EDT,eclipse@szurszewski.com,Status,RESOLVED,NEW
2002-05-14 16:21:49 EDT,eclipse@szurszewski.com,Resolution,FIXED,---
2002-05-14 18:10:31 EDT,darin.eclipse@gmail.com,Status,VERIFIED,RESOLVED
