When, Who, What, Added, Removed
2002-03-07 05:14:43 EST,erich_gamma@ch.ibm.com,Assignee,Kevin_Haaland@oti.com,Erich_Gamma@oti.com
2002-03-07 05:14:43 EST,erich_gamma@ch.ibm.com,Product,Platform,JDT
2002-03-07 22:09:04 EST,Kevin_Haaland@ca.ibm.com,Assignee,Simon_Arsenault@oti.com,Kevin_Haaland@oti.com
2002-03-07 22:09:04 EST,Kevin_Haaland@ca.ibm.com,Priority,P2,P3
2002-03-08 08:27:40 EST,simon_arsenault@ca.ibm.com,Status,RESOLVED,NEW
2002-03-08 08:27:40 EST,simon_arsenault@ca.ibm.com,Resolution,FIXED,---
2002-03-08 08:27:40 EST,simon_arsenault@ca.ibm.com,Target Milestone,2.0 M4,---
