When, Who, What, Added, Removed
2002-03-11 05:40:57 EST,philippe_mulet@fr.ibm.com,Assignee,Jerome_Lanneluc@oti.com,Philippe_Mulet@oti.com
2002-03-11 05:40:57 EST,philippe_mulet@fr.ibm.com,Priority,P2,P3
2002-03-11 05:40:57 EST,philippe_mulet@fr.ibm.com,Target Milestone,2.0 M6,---
2002-03-11 05:44:18 EST,jerome_lanneluc@fr.ibm.com,Status,ASSIGNED,NEW
2002-03-13 11:02:52 EST,jerome_lanneluc@fr.ibm.com,Status,RESOLVED,ASSIGNED
2002-03-13 11:02:52 EST,jerome_lanneluc@fr.ibm.com,Resolution,FIXED,---
2002-03-13 11:02:52 EST,jerome_lanneluc@fr.ibm.com,Target Milestone,2.0 M4,2.0 M6
2002-03-14 08:50:56 EST,jerome_lanneluc@fr.ibm.com,CC,Nick_Edgar@oti.com,
2002-03-25 05:12:26 EST,philippe_mulet@fr.ibm.com,CC,Dirk_Baeumer@oti.com,
2002-03-28 05:37:40 EST,philippe_mulet@fr.ibm.com,CC,peter_burka@oti.com,
