When, Who, What, Added, Removed
2002-03-06 08:52:31 EST,darin.eclipse@gmail.com,Status,ASSIGNED,NEW
2002-03-06 08:52:31 EST,darin.eclipse@gmail.com,Target Milestone,2.0 M4,---
2002-03-06 11:06:38 EST,darin.eclipse@gmail.com,Assignee,Darin_Swanson@oti.com,Darin_Wright@oti.com
2002-03-06 11:06:38 EST,darin.eclipse@gmail.com,Status,NEW,ASSIGNED
2002-03-06 11:09:08 EST,darin.eclipse@gmail.com,Status,RESOLVED,NEW
2002-03-06 11:09:08 EST,darin.eclipse@gmail.com,Resolution,FIXED,---
2002-03-12 10:35:59 EST,Darin_Swanson@us.ibm.com,Status,VERIFIED,RESOLVED
