When, Who, What, Added, Removed
2002-03-06 08:50:29 EST,Tod_Creasey@ca.ibm.com,Keywords,accessibility,
2002-03-07 22:05:21 EST,Kevin_Haaland@ca.ibm.com,Assignee,Tod_Creasey@oti.com,Kevin_Haaland@oti.com
2002-03-07 22:05:21 EST,Kevin_Haaland@ca.ibm.com,Severity,enhancement,normal
2002-03-19 13:46:54 EST,Tod_Creasey@ca.ibm.com,Status,RESOLVED,NEW
2002-03-19 13:46:54 EST,Tod_Creasey@ca.ibm.com,Resolution,LATER,---
2002-07-25 09:11:14 EDT,Tod_Creasey@ca.ibm.com,Status,REOPENED,RESOLVED
2002-07-25 09:11:14 EDT,Tod_Creasey@ca.ibm.com,Resolution,---,LATER
2002-07-25 09:17:25 EDT,nick_edgar@ca.ibm.com,Keywords,investigate,
2002-07-25 09:17:25 EDT,Tod_Creasey@ca.ibm.com,Depends on,21771,
2002-07-25 12:56:10 EDT,for.work.things@gmail.com,CC,amywu@us.ibm.com,
2002-08-08 16:04:39 EDT,eduardo_pereira@ca.ibm.com,Summary,[View Mgmt] View titles not read by JAWS,View titles not read by JAWS
2002-08-27 09:10:00 EDT,Tod_Creasey@ca.ibm.com,Status,ASSIGNED,REOPENED
2002-08-27 09:10:00 EDT,Tod_Creasey@ca.ibm.com,Summary,View titles not read by JAWS,[View Mgmt] View titles not read by JAWS
2002-09-03 13:05:54 EDT,Tod_Creasey@ca.ibm.com,Assignee,Kevin_Haaland@oti.com,Tod_Creasey@oti.com
2002-09-03 13:05:54 EDT,Tod_Creasey@ca.ibm.com,Status,NEW,ASSIGNED
2002-09-03 13:05:54 EDT,Tod_Creasey@ca.ibm.com,Summary,[Viewers] View titles not read by JAWS,View titles not read by JAWS
2002-09-05 10:47:41 EDT,Kevin_Haaland@ca.ibm.com,Assignee,Platform-UI-Inbox@eclipse.org,Kevin_Haaland@oti.com
2002-09-05 10:50:55 EDT,Kevin_Haaland@ca.ibm.com,Status,ASSIGNED,NEW
2003-10-16 09:15:03 EDT,veronika_irvine@yahoo.com,CC,carolyn_macleod@ca.ibm.com,
2004-01-19 11:55:21 EST,dipalerm@us.ibm.com,CC,dipalerm@us.ibm.com,
2004-03-05 10:37:13 EST,Tod_Creasey@ca.ibm.com,Assignee,Tod_Creasey@ca.ibm.com,Platform-UI-Inbox@eclipse.org
2004-03-05 10:37:13 EST,Tod_Creasey@ca.ibm.com,Status,NEW,ASSIGNED
2004-03-05 10:43:23 EST,Tod_Creasey@ca.ibm.com,Assignee,platform-swt-inbox@eclipse.org,Tod_Creasey@ca.ibm.com
2004-03-05 10:43:23 EST,Tod_Creasey@ca.ibm.com,Component,SWT,UI
2004-03-05 10:43:23 EST,Tod_Creasey@ca.ibm.com,Summary,Tab  titles not read by JAWS,[Viewers] View titles not read by JAWS
2004-03-05 10:47:40 EST,Tod_Creasey@ca.ibm.com,Depends on,48846,
2004-03-08 14:23:50 EST,grant_gayed@ca.ibm.com,Assignee,Carolyn_MacLeod@ca.ibm.com,platform-swt-inbox@eclipse.org
2004-03-29 14:16:40 EST,carolynmacleod4@gmail.com,Priority,P1,P3
2004-04-27 16:45:20 EDT,carolynmacleod4@gmail.com,CC,mattking@us.ibm.com,
2004-04-27 16:45:20 EDT,carolynmacleod4@gmail.com,Assignee,sxenos@ca.ibm.com,Carolyn_MacLeod@ca.ibm.com
2004-04-29 15:23:50 EDT,carolynmacleod4@gmail.com,Status,RESOLVED,NEW
2004-04-29 15:23:50 EDT,carolynmacleod4@gmail.com,Resolution,FIXED,---
