When, Who, What, Added, Removed
2002-03-06 09:00:56 EST,darin.eclipse@gmail.com,Status,ASSIGNED,NEW
2002-03-06 09:00:56 EST,darin.eclipse@gmail.com,Target Milestone,2.0 M4,---
2002-03-14 13:16:48 EST,darin.eclipse@gmail.com,Summary,move JRE to environment tab,move JRE to environment tab and make tabs API
2002-03-14 13:21:20 EST,darin.eclipse@gmail.com,Assignee,Darin_Swanson@oti.com,Darin_Wright@oti.com
2002-03-14 13:21:20 EST,darin.eclipse@gmail.com,Status,NEW,ASSIGNED
2002-03-14 13:21:38 EST,darin.eclipse@gmail.com,Status,RESOLVED,NEW
2002-03-14 13:21:38 EST,darin.eclipse@gmail.com,Resolution,FIXED,---
2002-03-17 12:40:10 EST,Darin_Swanson@us.ibm.com,Status,VERIFIED,RESOLVED
