When, Who, What, Added, Removed
2002-03-07 22:00:02 EST,Kevin_Haaland@ca.ibm.com,Assignee,Lynne_Kues@oti.com,Kevin_Haaland@oti.com
2002-03-07 22:00:02 EST,Kevin_Haaland@ca.ibm.com,Severity,enhancement,normal
2002-03-08 10:43:59 EST,lynne_kues@us.ibm.com,Assignee,Knut_Radloff@oti.com,Lynne_Kues@oti.com
2002-05-10 18:20:27 EDT,knut_radloff@us.ibm.com,Status,ASSIGNED,NEW
2002-05-14 15:41:35 EDT,knut_radloff@us.ibm.com,Status,RESOLVED,ASSIGNED
2002-05-14 15:41:35 EDT,knut_radloff@us.ibm.com,Resolution,FIXED,---
2002-05-14 15:41:35 EDT,knut_radloff@us.ibm.com,Target Milestone,2.0 M6,---
