When, Who, What, Added, Removed
2002-03-06 09:42:50 EST,darin.eclipse@gmail.com,Assignee,Darin_Swanson@oti.com,Darin_Wright@oti.com
2002-03-06 09:42:50 EST,darin.eclipse@gmail.com,Target Milestone,2.0 M4,---
2002-03-06 09:42:54 EST,darin.eclipse@gmail.com,Status,ASSIGNED,NEW
2002-03-06 10:40:21 EST,Darin_Swanson@us.ibm.com,Assignee,Darin_Wright@oti.com,Darin_Swanson@oti.com
2002-03-06 10:40:21 EST,Darin_Swanson@us.ibm.com,Status,NEW,ASSIGNED
2002-03-06 10:42:55 EST,Darin_Swanson@us.ibm.com,Status,RESOLVED,NEW
2002-03-06 10:42:55 EST,Darin_Swanson@us.ibm.com,Resolution,FIXED,---
2002-03-11 09:31:51 EST,darin.eclipse@gmail.com,Status,VERIFIED,RESOLVED
