When, Who, What, Added, Removed
2002-03-07 22:02:22 EST,Kevin_Haaland@ca.ibm.com,Assignee,Nick_Edgar@oti.com,Kevin_Haaland@oti.com
2002-03-07 22:02:22 EST,Kevin_Haaland@ca.ibm.com,Severity,enhancement,normal
2002-03-07 22:02:22 EST,Kevin_Haaland@ca.ibm.com,Priority,P2,P3
2002-03-08 11:01:51 EST,nick_edgar@ca.ibm.com,Target Milestone,2.0 M5,---
2002-03-11 18:37:13 EST,erich_gamma@ch.ibm.com,Keywords,api,
2002-03-11 19:35:43 EST,erich_gamma@ch.ibm.com,CC,Erich_Gamma@oti.com,
2002-03-11 19:35:44 EST,aeschli@gmail.com,CC,claude_knaus@oti.com,
2002-03-12 06:31:48 EST,victor.ng@clarica.com,CC,victor.ng@clarica.com,
2002-03-12 06:31:48 EST,jfifield@programmerplanet.org,CC,jfifield@programmerplanet.org,
2002-04-09 12:12:37 EDT,erich_gamma@ch.ibm.com,CC,eharris@ca.ibm.com,
2002-04-16 11:24:51 EDT,nick_edgar@ca.ibm.com,Target Milestone,2.0 M6,2.0 M5
2002-04-18 00:43:02 EDT,nick_edgar@ca.ibm.com,Status,ASSIGNED,NEW
2002-05-13 12:31:27 EDT,nick_edgar@ca.ibm.com,Status,RESOLVED,ASSIGNED
2002-05-13 12:31:27 EDT,nick_edgar@ca.ibm.com,Resolution,FIXED,---
