When, Who, What, Added, Removed
2002-03-06 14:12:16 EST,Kevin_McGuire@ca.ibm.com,Status,ASSIGNED,NEW
2002-03-06 14:12:35 EST,Kevin_McGuire@ca.ibm.com,Assignee,James_Moody@oti.com,Kevin_McGuire@oti.com
2002-03-06 14:12:35 EST,Kevin_McGuire@ca.ibm.com,Status,NEW,ASSIGNED
2002-03-11 23:24:41 EST,James_Moody@ca.ibm.com,Status,ASSIGNED,NEW
2002-05-08 17:04:39 EDT,James_Moody@ca.ibm.com,Target Milestone,2.0 M6,---
2002-05-13 15:35:42 EDT,James_Moody@ca.ibm.com,Status,RESOLVED,ASSIGNED
2002-05-13 15:35:42 EDT,James_Moody@ca.ibm.com,Resolution,FIXED,---
