When, Who, What, Added, Removed
2002-03-11 11:13:52 EST,Kevin_McGuire@ca.ibm.com,Status,ASSIGNED,NEW
2002-03-11 11:13:52 EST,Kevin_McGuire@ca.ibm.com,Target Milestone,2.0 M4,---
2002-03-11 11:20:16 EST,Kevin_McGuire@ca.ibm.com,Assignee,James_Moody@oti.com,Kevin_McGuire@oti.com
2002-03-11 11:20:16 EST,Kevin_McGuire@ca.ibm.com,Status,NEW,ASSIGNED
2002-03-11 23:24:41 EST,James_Moody@ca.ibm.com,Status,ASSIGNED,NEW
2002-03-14 16:42:11 EST,James_Moody@ca.ibm.com,Status,RESOLVED,ASSIGNED
2002-03-14 16:42:11 EST,James_Moody@ca.ibm.com,Resolution,FIXED,---
