When, Who, What, Added, Removed
2002-03-06 11:08:44 EST,akiezun@gmail.com,Severity,major,normal
2002-03-06 14:22:21 EST,Kevin_McGuire@ca.ibm.com,Assignee,Michael_Valenta@oti.com,Kevin_McGuire@oti.com
2002-03-06 14:22:21 EST,Kevin_McGuire@ca.ibm.com,Summary,RemoveEntryHandler fails on delete+rename to deleted+release,assertion failed no releasing
2002-03-06 14:22:21 EST,Kevin_McGuire@ca.ibm.com,Target Milestone,2.0 M4,---
2002-03-06 16:52:43 EST,Michael_Valenta@ca.ibm.com,Status,RESOLVED,NEW
2002-03-06 16:52:43 EST,Michael_Valenta@ca.ibm.com,Resolution,FIXED,---
2002-03-08 20:01:42 EST,Michael_Valenta@ca.ibm.com,CC,Veronika_Irvine@oti.com,
