When, Who, What, Added, Removed
2002-03-06 15:25:41 EST,jon_eschinger@us.ibm.com,CC,jon_eschinger@oti.com,
2002-03-12 09:00:14 EST,philippe_mulet@fr.ibm.com,Status,RESOLVED,NEW
2002-03-12 09:00:14 EST,philippe_mulet@fr.ibm.com,Resolution,WONTFIX,---
2002-03-12 09:01:28 EST,philippe_mulet@fr.ibm.com,Status,REOPENED,RESOLVED
2002-03-12 09:01:28 EST,philippe_mulet@fr.ibm.com,Component,UI,Core
2002-03-12 09:01:28 EST,philippe_mulet@fr.ibm.com,Resolution,---,WONTFIX
2002-03-12 09:01:36 EST,philippe_mulet@fr.ibm.com,Assignee,Erich_Gamma@oti.com,Philippe_Mulet@oti.com
2002-03-12 09:01:36 EST,philippe_mulet@fr.ibm.com,Status,NEW,REOPENED
2002-03-25 06:11:29 EST,erich_gamma@ch.ibm.com,Priority,P3,P1
2002-05-12 07:57:37 EDT,erich_gamma@ch.ibm.com,Status,RESOLVED,NEW
2002-05-12 07:57:37 EDT,erich_gamma@ch.ibm.com,Resolution,FIXED,---
2006-11-06 11:25:10 EST,searle@ca.ibm.com,Status,VERIFIED,RESOLVED
