When, Who, What, Added, Removed
2002-03-06 13:10:46 EST,dj_houghton@ca.ibm.com,Assignee,Kevin_Haaland@oti.com,DJ_Houghton@oti.com
2002-03-06 13:10:46 EST,dj_houghton@ca.ibm.com,Component,UI,Core
2002-03-07 21:57:53 EST,Kevin_Haaland@ca.ibm.com,Priority,P4,P3
2002-03-20 14:40:42 EST,Kevin_Haaland@ca.ibm.com,Status,RESOLVED,NEW
2002-03-20 14:40:42 EST,Kevin_Haaland@ca.ibm.com,Resolution,LATER,---
2002-08-09 15:37:28 EDT,Randy_Giffen@oti.com,Status,REOPENED,RESOLVED
2002-08-09 15:37:28 EDT,Randy_Giffen@oti.com,Keywords,investigate,
2002-08-09 15:37:28 EDT,Randy_Giffen@oti.com,Resolution,---,LATER
2002-08-09 15:37:28 EDT,Randy_Giffen@oti.com,Summary,[Tasks] There doesn't appear to be a mechanism to assign newly created tasks to a resource/project,There doesn't appear to be a mechanism to assign newly created tasks to a resource/project
2002-09-03 10:23:19 EDT,simon_arsenault@ca.ibm.com,Assignee,Chris_McLaren@oti.com,Kevin_Haaland@oti.com
2002-09-03 10:23:19 EDT,simon_arsenault@ca.ibm.com,Status,NEW,REOPENED
2002-09-05 09:52:41 EDT,csmclaren@andelain.com,Severity,enhancement,minor
2002-09-05 09:52:41 EDT,csmclaren@andelain.com,Status,ASSIGNED,NEW
2003-05-20 16:29:00 EDT,csmclaren@andelain.com,Status,RESOLVED,ASSIGNED
2003-05-20 16:29:00 EDT,csmclaren@andelain.com,Resolution,FIXED,---
