When, Who, What, Added, Removed
2002-03-06 15:48:36 EST,Darin_Swanson@us.ibm.com,Status,RESOLVED,NEW
2002-03-06 15:48:36 EST,Darin_Swanson@us.ibm.com,Resolution,FIXED,---
2002-03-12 10:17:41 EST,darin.eclipse@gmail.com,CC,Darin_Swanson@oti.com,
2002-03-12 10:17:41 EST,darin.eclipse@gmail.com,Status,REOPENED,RESOLVED
2002-03-12 10:17:41 EST,darin.eclipse@gmail.com,Resolution,---,FIXED
2002-03-12 10:17:49 EST,darin.eclipse@gmail.com,Assignee,Darin_Swanson@oti.com,Darin_Wright@oti.com
2002-03-12 10:17:49 EST,darin.eclipse@gmail.com,Status,NEW,REOPENED
2002-03-12 10:17:58 EST,darin.eclipse@gmail.com,Status,RESOLVED,NEW
2002-03-12 10:17:58 EST,darin.eclipse@gmail.com,Resolution,FIXED,---
2002-03-12 10:30:15 EST,Darin_Swanson@us.ibm.com,Status,VERIFIED,RESOLVED
