When, Who, What, Added, Removed
2002-03-06 23:07:30 EST,darin.eclipse@gmail.com,Status,RESOLVED,NEW
2002-03-06 23:07:30 EST,darin.eclipse@gmail.com,Resolution,WORKSFORME,---
2002-03-07 10:19:44 EST,darin.eclipse@gmail.com,Status,REOPENED,RESOLVED
2002-03-07 10:19:44 EST,darin.eclipse@gmail.com,Priority,P2,P3
2002-03-07 10:19:44 EST,darin.eclipse@gmail.com,Resolution,---,WORKSFORME
2002-03-07 10:19:44 EST,darin.eclipse@gmail.com,Target Milestone,2.0 M4,---
2002-03-07 10:19:55 EST,darin.eclipse@gmail.com,Status,ASSIGNED,REOPENED
2002-03-07 12:35:18 EST,darin.eclipse@gmail.com,Assignee,jared-eclipse@mn.rr.com,Darin_Wright@oti.com
2002-03-07 12:35:18 EST,darin.eclipse@gmail.com,Status,NEW,ASSIGNED
2002-03-07 12:35:26 EST,darin.eclipse@gmail.com,Status,ASSIGNED,NEW
2002-03-07 13:08:41 EST,jared_burns@us.ibm.com,Assignee,Darin_Wright@oti.com,jared-eclipse@mn.rr.com
2002-03-07 13:08:41 EST,jared_burns@us.ibm.com,Status,NEW,ASSIGNED
2002-03-07 13:08:51 EST,jared_burns@us.ibm.com,Status,RESOLVED,NEW
2002-03-07 13:08:51 EST,jared_burns@us.ibm.com,Resolution,FIXED,---
2002-03-11 10:12:55 EST,darin.eclipse@gmail.com,Status,VERIFIED,RESOLVED
2002-03-11 14:48:35 EST,jared_burns@us.ibm.com,Status,REOPENED,VERIFIED
2002-03-11 14:48:35 EST,jared_burns@us.ibm.com,Resolution,---,FIXED
2002-03-11 14:49:50 EST,jared_burns@us.ibm.com,Status,RESOLVED,REOPENED
2002-03-11 14:49:50 EST,jared_burns@us.ibm.com,Resolution,FIXED,---
2002-03-12 09:46:23 EST,darin.eclipse@gmail.com,Status,VERIFIED,RESOLVED
