When, Who, What, Added, Removed
2002-03-08 06:49:23 EST,erich_gamma@ch.ibm.com,Assignee,Philippe_Mulet@oti.com,Erich_Gamma@oti.com
2002-03-08 06:49:23 EST,erich_gamma@ch.ibm.com,Component,Core,UI
2002-03-11 05:34:53 EST,philippe_mulet@fr.ibm.com,Assignee,David_Audel@oti.com,Philippe_Mulet@oti.com
2002-03-11 05:34:53 EST,philippe_mulet@fr.ibm.com,Priority,P2,P3
2002-03-11 05:34:53 EST,philippe_mulet@fr.ibm.com,Target Milestone,2.0 M5,---
2002-03-11 05:47:47 EST,david_audel@fr.ibm.com,Status,ASSIGNED,NEW
2002-03-25 05:30:50 EST,david_audel@fr.ibm.com,Status,RESOLVED,ASSIGNED
2002-03-25 05:30:50 EST,david_audel@fr.ibm.com,Resolution,FIXED,---
