When, Who, What, Added, Removed
2002-03-19 16:48:01 EST,Kevin_McGuire@ca.ibm.com,Status,ASSIGNED,NEW
2002-03-19 16:48:01 EST,Kevin_McGuire@ca.ibm.com,Target Milestone,2.0 M5,---
2002-04-12 16:19:57 EDT,Michael_Valenta@ca.ibm.com,Assignee,Michael_Valenta@oti.com,Kevin_McGuire@oti.com
2002-04-12 16:19:57 EDT,Michael_Valenta@ca.ibm.com,Status,NEW,ASSIGNED
2002-04-12 16:19:57 EDT,Michael_Valenta@ca.ibm.com,Target Milestone,2.0 M6,2.0 M5
2002-04-18 11:12:59 EDT,Michael_Valenta@ca.ibm.com,Status,ASSIGNED,NEW
2002-04-29 10:00:06 EDT,Michael_Valenta@ca.ibm.com,Status,RESOLVED,ASSIGNED
2002-04-29 10:00:06 EDT,Michael_Valenta@ca.ibm.com,Resolution,FIXED,---
