When, Who, What, Added, Removed
2002-03-06 23:09:14 EST,darin.eclipse@gmail.com,Status,RESOLVED,NEW
2002-03-06 23:09:14 EST,darin.eclipse@gmail.com,Resolution,LATER,---
2002-08-28 11:13:12 EDT,darin.eclipse@gmail.com,Severity,enhancement,normal
2003-05-12 15:15:25 EDT,darin.eclipse@gmail.com,Status,REOPENED,RESOLVED
2003-05-12 15:15:25 EDT,darin.eclipse@gmail.com,Resolution,---,LATER
2003-05-12 15:15:25 EDT,darin.eclipse@gmail.com,Summary,Improve breapoint properties dialog,Thread filter viewer should be realized as a dialog
2003-05-12 15:16:05 EDT,darin.eclipse@gmail.com,Assignee,jdt-debug-inbox@eclipse.org,Darin_Wright@ca.ibm.com
2003-05-12 15:16:05 EDT,darin.eclipse@gmail.com,Status,NEW,REOPENED
2003-05-12 15:16:05 EDT,darin.eclipse@gmail.com,Target Milestone,3.0,---
2003-05-12 16:16:16 EDT,darin.eclipse@gmail.com,Summary,Improve breakpoint properties dialog,Improve breapoint properties dialog
2003-06-10 15:50:23 EDT,darin.eclipse@gmail.com,Assignee,jaredburns@acm.org,jdt-debug-inbox@eclipse.org
2003-06-10 15:50:23 EDT,darin.eclipse@gmail.com,Target Milestone,3.0 M2,3.0
2003-06-10 15:51:41 EDT,darin.eclipse@gmail.com,Status,ASSIGNED,NEW
2003-07-18 14:10:22 EDT,Darin_Swanson@us.ibm.com,Target Milestone,3.0 M3,3.0 M2
2003-07-23 17:26:36 EDT,jared_burns@us.ibm.com,Assignee,Darin_Wright@ca.ibm.com,jaredburns@acm.org
2003-07-23 17:26:36 EDT,jared_burns@us.ibm.com,Status,NEW,ASSIGNED
2003-07-23 17:27:04 EDT,jared_burns@us.ibm.com,Status,RESOLVED,NEW
2003-07-23 17:27:04 EDT,jared_burns@us.ibm.com,Resolution,FIXED,---
2003-07-24 09:09:29 EDT,darin.eclipse@gmail.com,Status,VERIFIED,RESOLVED
