When, Who, What, Added, Removed
2002-03-06 16:56:46 EST,Kevin_McGuire@ca.ibm.com,Assignee,Jean-Michel_Lemieux@oti.com,Kevin_McGuire@oti.com
2002-03-06 16:58:10 EST,Kevin_McGuire@ca.ibm.com,Priority,P2,P3
2002-03-06 16:58:10 EST,Kevin_McGuire@ca.ibm.com,Target Milestone,2.0 M4,---
2002-03-06 16:58:50 EST,Kevin_McGuire@ca.ibm.com,CC,Randy_Giffen@oti.com,
2002-03-07 17:10:49 EST,James_Moody@ca.ibm.com,CC,Nick_Edgar@oti.com,
2002-03-07 17:10:49 EST,James_Moody@ca.ibm.com,Assignee,Tod_Creasey@oti.com,Jean-Michel_Lemieux@oti.com
2002-03-07 17:10:49 EST,James_Moody@ca.ibm.com,Component,UI,VCM
2002-03-07 17:10:49 EST,James_Moody@ca.ibm.com,CC,James_Moody@oti.com,
2002-03-25 14:06:07 EST,Tod_Creasey@ca.ibm.com,Depends on,12315,
2002-03-26 16:24:25 EST,Tod_Creasey@ca.ibm.com,Depends on,12320,
2002-05-06 11:23:57 EDT,Tod_Creasey@ca.ibm.com,Status,RESOLVED,NEW
2002-05-06 11:23:57 EDT,Tod_Creasey@ca.ibm.com,Resolution,FIXED,---
2005-05-10 14:54:06 EDT,Tod_Creasey@ca.ibm.com,Status,CLOSED,RESOLVED
