When, Who, What, Added, Removed
2002-03-06 17:22:44 EST,Kevin_McGuire@ca.ibm.com,Assignee,James_Moody@oti.com,Kevin_McGuire@oti.com
2002-03-11 23:24:39 EST,James_Moody@ca.ibm.com,Status,ASSIGNED,NEW
2002-04-04 09:13:58 EST,Michael_Valenta@ca.ibm.com,Assignee,Michael_Valenta@oti.com,James_Moody@oti.com
2002-04-04 09:13:58 EST,Michael_Valenta@ca.ibm.com,Status,NEW,ASSIGNED
2002-04-04 09:13:58 EST,Michael_Valenta@ca.ibm.com,Target Milestone,2.0 M5,---
2002-04-04 11:02:55 EST,Michael_Valenta@ca.ibm.com,Status,RESOLVED,NEW
2002-04-04 11:02:55 EST,Michael_Valenta@ca.ibm.com,Resolution,FIXED,---
