When, Who, What, Added, Removed
2002-03-07 04:51:17 EST,erich_gamma@ch.ibm.com,Assignee,Darin_Wright@oti.com,Erich_Gamma@oti.com
2002-03-07 04:51:17 EST,erich_gamma@ch.ibm.com,Component,Debug,UI
2002-03-07 08:47:29 EST,darin.eclipse@gmail.com,Priority,P2,P3
2002-03-07 08:47:29 EST,darin.eclipse@gmail.com,Target Milestone,2.0 M6,---
2002-03-11 16:50:32 EST,darin.eclipse@gmail.com,Assignee,jared-eclipse@mn.rr.com,Darin_Wright@oti.com
2002-03-11 16:50:41 EST,darin.eclipse@gmail.com,Status,ASSIGNED,NEW
2002-03-12 11:19:52 EST,darin.eclipse@gmail.com,CC,Luc_Bourlier@oti.com,
2002-03-12 12:17:07 EST,jared_burns@us.ibm.com,Assignee,Darin_Wright@oti.com,jared-eclipse@mn.rr.com
2002-03-12 12:17:07 EST,jared_burns@us.ibm.com,Status,NEW,ASSIGNED
2002-03-12 12:17:25 EST,jared_burns@us.ibm.com,Status,RESOLVED,NEW
2002-03-12 12:17:25 EST,jared_burns@us.ibm.com,Resolution,FIXED,---
2002-03-15 12:07:41 EST,darin.eclipse@gmail.com,Status,VERIFIED,RESOLVED
