When, Who, What, Added, Removed
2002-03-06 21:40:01 EST,nick_edgar@ca.ibm.com,Keywords,accessibility,
2002-03-07 06:33:29 EST,andre_weinand@ch.ibm.com,Assignee,Andre_Weinand@oti.com,Erich_Gamma@oti.com
2002-03-07 06:33:37 EST,andre_weinand@ch.ibm.com,Status,ASSIGNED,NEW
2002-05-29 06:32:34 EDT,andre_weinand@ch.ibm.com,Status,RESOLVED,ASSIGNED
2002-05-29 06:32:34 EDT,andre_weinand@ch.ibm.com,Resolution,FIXED,---
2002-05-29 06:32:34 EDT,andre_weinand@ch.ibm.com,Target Milestone,2.0 F2,---
2002-06-02 17:48:47 EDT,erich_gamma@ch.ibm.com,Assignee,Adam_Kiezun@oti.com,Andre_Weinand@oti.com
2002-06-02 17:48:47 EDT,erich_gamma@ch.ibm.com,Status,NEW,RESOLVED
2002-06-03 08:01:51 EDT,akiezun@gmail.com,Status,RESOLVED,NEW
2002-06-03 08:01:57 EDT,akiezun@gmail.com,Status,VERIFIED,RESOLVED
