When, Who, What, Added, Removed
2002-03-07 21:45:00 EST,Kevin_Haaland@ca.ibm.com,Assignee,Tod_Creasey@oti.com,Kevin_Haaland@oti.com
2002-03-11 12:41:48 EST,Tod_Creasey@ca.ibm.com,CC,Kevin_Haaland@oti.com,
2002-03-11 12:41:48 EST,Tod_Creasey@ca.ibm.com,Assignee,dean_roberts@oti.com,Tod_Creasey@oti.com
2002-03-11 12:41:48 EST,Tod_Creasey@ca.ibm.com,Component,Releng,UI
2002-07-23 14:58:16 EDT,dean_roberts@ca.ibm.com,Assignee,camle@us.ibm.com,dean_roberts@oti.com
2002-08-01 14:00:26 EDT,nick_edgar@ca.ibm.com,Status,RESOLVED,NEW
2002-08-01 14:00:26 EDT,nick_edgar@ca.ibm.com,Resolution,FIXED,---
