When, Who, What, Added, Removed
2002-03-07 10:39:59 EST,simon_arsenault@ca.ibm.com,CC,Simon_Arsenault@oti.com,
2002-03-07 10:39:59 EST,simon_arsenault@ca.ibm.com,Assignee,Kevin_McGuire@oti.com,Simon_Arsenault@oti.com
2002-03-07 10:39:59 EST,simon_arsenault@ca.ibm.com,Component,VCM,UI
2002-03-07 11:27:06 EST,Kevin_McGuire@ca.ibm.com,Assignee,James_Moody@oti.com,Kevin_McGuire@oti.com
2002-03-07 11:27:06 EST,Kevin_McGuire@ca.ibm.com,Target Milestone,2.0 M4,---
2002-03-08 11:22:48 EST,James_Moody@ca.ibm.com,Status,RESOLVED,NEW
2002-03-08 11:22:48 EST,James_Moody@ca.ibm.com,Resolution,FIXED,---
